Workbook
Name CARI_BAKIYE: MUSTERI_360!$J$7:$J$156
Name EKSTRE: OFFSET(CARI_EKSTRE!$A$1,0,0,15+COUNT(CARI_EKSTRE!$C$12:$C$311)+4,8)
Name EKSTRE_BAKIYE: CARI_EKSTRE!$F$9
Name EKSTRE_TABLO: OFFSET(CARI_EKSTRE!$B$11,0,0,1+COUNT(CARI_EKSTRE!$C$12:$C$311),7)
Name GECIKMIS_29: MUSTERI_360!$N$7:$N$156
Name Gelir: SISTEM!$K$36:$K$60
Name Gider: SISTEM!$K$8:$K$32
Name LST_HESAP: HESAPLAR!$B$7:$B$16
Name LST_MUSTERI_ADI: MUSTERILER!$C$7:$C$156
Name LST_ORTAK: ORTAKLAR!$B$7:$B$10
Name NAKIT_POZISYON: HESAPLAR!$K$18
Name SISTEM_SONUC: SISTEM!$F$23:$F$91

Sheet PANO
A1: ◈ RAPOR EKRANI — KAYIT GİRİLMEZ | F1: KILIÇ MUHASEBE │ YÖNETİM PANOSU
A2: ="BU EKRANA KAYIT GİRİLMEZ │ SİSTEM DURUMU: "&IF(COUNTIFS(SISTEM!$C$23:$C$91,"KRİTİK",SISTEM!$F$23:$F$91,"KALDI")>0,"KRİTİK HATA – AY KAPATILAMAZ",IF(COUNTIF(SISTEM!$F$23:$F$91,"KALDI")=0,"KULLANIMA UYGUN","UYARI VAR – İNCELEYİN"))&" │ "&COUNTIF(SISTEM!$F$23:$F$91,"GEÇTİ")&" / "&COUNTIF(SISTEM!$F$23:$F$91,"<>BİLGİ")&" kontrol geçti" -> BU EKRANA KAYIT GİRİLMEZ │ SİSTEM DURUMU: KULLANIMA UYGUN │ 52 / 52 kontrol geçti
B4: =RIGHT("0"&DAY(TODAY()),2)&"."&RIGHT("0"&MONTH(TODAY()),2)&"."&YEAR(TODAY())&" │ "&SISTEM!$C$7 -> 26.08.2026 │ KILIÇ MUHASEBE
B5: MENÜ | D5: AKTİF MÜŞTERİ | G5: TOPLAM CARİ ALACAK | J5: 29+ GÜN GECİKMİŞ | M5: KASA + BANKA (GERÇEK NAKİT)
B6: =HYPERLINK("#PANO!A1"," PANO") -> PANO | D6: =COUNTIF(MUSTERILER!$D$7:$D$156,"Aktif") -> 52 | G6: =SUM(MUSTERI_360!$J$7:$J$156) -> 1105507 | J6: =SUM(MUSTERI_360!$N$7:$N$156) -> 878506 | M6: =HESAPLAR!$K$18 -> -419100.02
B7: =HYPERLINK("#MUSTERILER!A1"," Müşteriler") -> Müşteriler | D7: =COUNTA(MUSTERILER!$C$7:$C$156)&" kayıtlı müşteri" -> 55 kayıtlı müşteri | G7: =COUNTIF(MUSTERI_360!$J$7:$J$156,">0")&" müşteride açık bakiye" -> 31 müşteride açık bakiye | J7: =ROUND(IFERROR(SUM(MUSTERI_360!$N$7:$N$156)/SUM(MUSTERI_360!$J$7:$J$156),0)*100,1)&"% toplam alacağın payı" -> 79,5% toplam alacağın payı | M7: Yalnız gerçek kasa/banka • nakitsiz tahakkuk hariç
B8: =HYPERLINK("#UCRETLER!A1"," Haftalık Ücretler") -> Haftalık Ücretler
B9: =HYPERLINK("#TAHSILAT!A1"," Tahsilat") -> Tahsilat | D9: BU AY NAKİT KÂR | G9: BU AY TAHSİLAT | J9: HAFTALIK TAHAKKUK | M9: ORTAKLARA KALAN BORÇ
B10: =HYPERLINK("#GELIR_GIDER!A1"," Gelir / Gider") -> Gelir / Gider | D10: =SUMIFS(AY_SONU!$I$7:$I$42,AY_SONU!$B$7:$B$42,">="&EOMONTH(TODAY(),-1)+1,AY_SONU!$B$7:$B$42,"<="&EOMONTH(TODAY(),0)) -> 277600 | G10: =SUMIFS(AY_SONU!$D$7:$D$42,AY_SONU!$B$7:$B$42,">="&EOMONTH(TODAY(),-1)+1,AY_SONU!$B$7:$B$42,"<="&EOMONTH(TODAY(),0)) -> 334400 | J10: =SUMIFS(UCRETLER!$G$7:$G$606,UCRETLER!$H$7:$H$606,"Aktif",UCRETLER!$F$7:$F$606,"Haftalık") -> 79750 | M10: =SUM(ORTAKLAR!$I$7:$I$10) -> 457050.02
B11: =HYPERLINK("#VIRMAN!A1"," Virman") -> Virman | D11: =CHOOSE(MONTH(TODAY()),"Ocak","Şubat","Mart","Nisan","Mayıs","Haziran","Temmuz","Ağustos","Eylül","Ekim","Kasım","Aralık")&" "&YEAR(TODAY())&" dönemi" -> Ağustos 2026 dönemi | G11: ="Ay tahakkuku "&TEXT(SUMIFS(AY_SONU!$C$7:$C$42,AY_SONU!$B$7:$B$42,">="&EOMONTH(TODAY(),-1)+1,AY_SONU!$B$7:$B$42,"<="&EOMONTH(TODAY(),0)),"#,##0")&" ₺" -> Ay tahakkuku 516751,0 ₺ | J11: ="Aylık: "&TEXT(SUMIFS(UCRETLER!$G$7:$G$606,UCRETLER!$H$7:$H$606,"Aktif",UCRETLER!$F$7:$F$606,"Aylık"),"#,##0")&" ₺ │ "&COUNTIFS(UCRETLER!$H$7:$H$606,"Aktif")&" aktif dönem" -> Aylık: 131001,0 ₺ │ 53 aktif dönem | M11: =COUNTIF(ORTAKLAR!$B$7:$B$10,"<>")&" ortak │ Detay: ORTAK_EKSTRE" -> 2 ortak │ Detay: ORTAK_EKSTRE
B12: =HYPERLINK("#ORTAK_EKSTRE!A1"," Ortak Ekstre") -> Ortak Ekstre
B13: =HYPERLINK("#MUSTERI_360!A1"," Müşteri 360") -> Müşteri 360 | D13: AYLIK NAKİT KÂR EĞRİSİ | H13: TAHAKKUK ↔ TAHSİLAT | L13: ALACAK YAŞLANDIRMASI
B14: =HYPERLINK("#CARI_EKSTRE!A1"," Cari Ekstre") -> Cari Ekstre
B15: =HYPERLINK("#HESAPLAR!A1"," Hesaplar") -> Hesaplar
B16: =HYPERLINK("#ORTAKLAR!A1"," Ortaklar") -> Ortaklar
B17: =HYPERLINK("#AY_SONU!A1"," Ay Sonu") -> Ay Sonu
B18: =HYPERLINK("#KAR!A1"," Kâr / T Cetveli") -> Kâr / T Cetveli
B19: =HYPERLINK("#SISTEM!A1"," Sistem & Kontrol") -> Sistem & Kontrol
B20: =HYPERLINK("#BASLANGIC!A1"," Başlangıç") -> Başlangıç
D23: MÜŞTERİ HIZLI KARTI | J23: BUGÜNÜN UYARILARI
D24: Müşteri seçin | F24: ANKARA HAVANA LTD.ŞTİ. | J24: Ortaklara toplam kalan alacak | O24: =SUM(ORTAKLAR!$I$7:$I$10) -> 457050.02
D25: Müşteri No | F25: =IF($F$24="","",IFERROR(INDEX(MUSTERI_360!$B$7:$B$156,MATCH($F$24,MUSTERI_360!$C$7:$C$156,0)),"")) -> M001 | J25: Ödenen toplam kâr payı | O25: =SUM(ORTAKLAR!$H$7:$H$10) -> 1547062
D26: Borç Durumu | F26: =IF($F$24="","",IFERROR(INDEX(MUSTERI_360!$Q$7:$Q$156,MATCH($F$24,MUSTERI_360!$C$7:$C$156,0)),"")) -> KRİTİK | J26: Birikimli kâr payı hak edişi | O26: =SUM(ORTAKLAR!$G$7:$G$10) -> 47000
D27: Haftalık Ücret | F27: =IF($F$24="","",IFERROR(INDEX(MUSTERI_360!$D$7:$D$156,MATCH($F$24,MUSTERI_360!$C$7:$C$156,0)),"")) -> 4000 | J27: Ortakların elindeki ofis kasası | O27: =SUM(ORTAKLAR!$E$7:$E$10) -> 536650
D28: Aylık Ücret | F28: =IF($F$24="","",IFERROR(INDEX(MUSTERI_360!$E$7:$E$156,MATCH($F$24,MUSTERI_360!$C$7:$C$156,0)),"")) -> 0 | J28: Kritik borç durumundaki müşteri | O28: =COUNTIF(MUSTERI_360!$Q$7:$Q$156,"KRİTİK") -> 27
D29: Devir Alacağı | F29: =IF($F$24="","",IFERROR(INDEX(MUSTERI_360!$F$7:$F$156,MATCH($F$24,MUSTERI_360!$C$7:$C$156,0)),"")) -> 0 | J29: Bilgisi eksik müşteri kaydı | O29: =COUNTIF(MUSTERILER!$P$7:$P$156,"EKSİK") -> 0
D30: Yeni Tahakkuk | F30: =IF($F$24="","",IFERROR(INDEX(MUSTERI_360!$G$7:$G$156,MATCH($F$24,MUSTERI_360!$C$7:$C$156,0)),"")) -> 136000 | J30: Aktif ama ücretsiz müşteri | O30: =COUNTIFS(MUSTERILER!$D$7:$D$156,"Aktif",MUSTERILER!$O$7:$O$156,"HAYIR") -> 0
D31: Toplam Borç | F31: =IF($F$24="","",IFERROR(INDEX(MUSTERI_360!$H$7:$H$156,MATCH($F$24,MUSTERI_360!$C$7:$C$156,0)),"")) -> 136000 | J31: Eksik tahsilat kaydı | O31: =COUNTIF(TAHSILAT!$M$7:$M$2503,"EKSİK") -> 0
D32: Toplam Tahsilat | F32: =IF($F$24="","",IFERROR(INDEX(MUSTERI_360!$I$7:$I$156,MATCH($F$24,MUSTERI_360!$C$7:$C$156,0)),"")) -> 116000 | J32: Eksik gelir/gider kaydı | O32: =COUNTIF(GELIR_GIDER!$P$7:$P$3001,"EKSİK") -> 0
D33: Cari Bakiye | F33: =IF($F$24="","",IFERROR(INDEX(MUSTERI_360!$J$7:$J$156,MATCH($F$24,MUSTERI_360!$C$7:$C$156,0)),"")) -> 20000 | J33: Fazla ödeme yapan müşteri (avans) | O33: =COUNTIF(MUSTERI_360!$V$7:$V$156,">0") -> 4
D34: 0–7 Gün | F34: =IF($F$24="","",IFERROR(INDEX(MUSTERI_360!$K$7:$K$156,MATCH($F$24,MUSTERI_360!$C$7:$C$156,0)),"")) -> 4000 | J34: Mükerrer kayıt şüphesi | O34: =COUNTIF(TAHSILAT!$M$7:$M$2503,"MÜKERRER?")+COUNTIF(GELIR_GIDER!$P$7:$P$3001,"MÜKERRER?") -> 0
D35: 8–14 Gün | F35: =IF($F$24="","",IFERROR(INDEX(MUSTERI_360!$L$7:$L$156,MATCH($F$24,MUSTERI_360!$C$7:$C$156,0)),"")) -> 4000 | J35: Ödenmemiş gider kaydı | O35: =COUNTIF(GELIR_GIDER!$P$7:$P$3001,"ÖDENECEK") -> 0
D36: 15–28 Gün | F36: =IF($F$24="","",IFERROR(INDEX(MUSTERI_360!$M$7:$M$156,MATCH($F$24,MUSTERI_360!$C$7:$C$156,0)),"")) -> 8000 | J36: Sistem kontrolünde KALDI satırı | O36: =COUNTIF(SISTEM!$F$23:$F$91,"KALDI") -> 0
D37: 29+ Gün | F37: =IF($F$24="","",IFERROR(INDEX(MUSTERI_360!$N$7:$N$156,MATCH($F$24,MUSTERI_360!$C$7:$C$156,0)),"")) -> 4000
D38: Tahsilat Oranı | F38: =IF($F$24="","",IFERROR(INDEX(MUSTERI_360!$O$7:$O$156,MATCH($F$24,MUSTERI_360!$C$7:$C$156,0)),"")) -> 0.85294118
D39: Son Tahsilat | F39: =IF($F$24="","",IFERROR(INDEX(MUSTERI_360!$P$7:$P$156,MATCH($F$24,MUSTERI_360!$C$7:$C$156,0)),"")) -> 46256
D40: Önerilen İşlem | F40: =IF($F$24="","",IFERROR(INDEX(MUSTERI_360!$R$7:$R$156,MATCH($F$24,MUSTERI_360!$C$7:$C$156,0)),"")) -> Acil tahsilat görüşmesi ve cari mutabakat

Sheet BASLANGIC
A1: ◈ RAPOR EKRANI — KAYIT GİRİLMEZ | F1: KILIÇ MUHASEBE │ BAŞLANGIÇ │ AMAÇ, RENK KİLAVUZU, KULLANIM VE RİSKLER
A2: BU EKRANA KAYIT GİRİLMEZ │ Bu ekran sistemin kimlik kartıdır │ İlk kez açıyorsanız baştan sona okuyun
B4: =HYPERLINK("#PANO!A1","⌂") -> ⌂ | C4: =HYPERLINK("#PANO!A1","M E N Ü") -> M E N Ü
B5: KILIÇ MUHASEBE │ OFİS YÖNETİM SİSTEMİ
B6: Enterprise Exclusive sürüm │ Haftalık ve aylık ücretle çalışan muhasebe ofisleri için müşteri, tahakkuk, tahsilat, cari, kasa ve ortak payı yönetimi
B8: İÇİNDEKİLER │ başlığa tıklayın, doğrudan o bölüme gidersiniz
B9: =HYPERLINK("#BASLANGIC!B17","▸ 1. BU EXCEL NE İÇİN ÜRETİLDİ?") -> ▸ 1. BU EXCEL NE İÇİN ÜRETİLDİ? | F9: =HYPERLINK("#BASLANGIC!B88","▸ 7. SENARYO KATALOĞU") -> ▸ 7. SENARYO KATALOĞU
B10: =HYPERLINK("#BASLANGIC!B26","▸ 2. RENK KİLAVUZU") -> ▸ 2. RENK KİLAVUZU | F10: =HYPERLINK("#BASLANGIC!B115","▸ 8. UYARI SÖZLÜĞÜ") -> ▸ 8. UYARI SÖZLÜĞÜ
B11: =HYPERLINK("#BASLANGIC!B40","▸ 3. SEKME HARİTASI") -> ▸ 3. SEKME HARİTASI | F11: =HYPERLINK("#BASLANGIC!B142","▸ 9. EN SIK YAPILAN HATALAR") -> ▸ 9. EN SIK YAPILAN HATALAR
B12: =HYPERLINK("#BASLANGIC!B57","▸ 4. EKRAN MODLARI") -> ▸ 4. EKRAN MODLARI | F12: =HYPERLINK("#BASLANGIC!B155","▸ 10. SORUN GİDERME") -> ▸ 10. SORUN GİDERME
B13: =HYPERLINK("#BASLANGIC!B63","▸ 5. ADIM ADIM KULLANIM") -> ▸ 5. ADIM ADIM KULLANIM | F13: =HYPERLINK("#BASLANGIC!B173","▸ 11. DEĞİŞMEZ KURALLAR") -> ▸ 11. DEĞİŞMEZ KURALLAR
B14: =HYPERLINK("#BASLANGIC!B78","▸ 6. TAHAKKUK MODELLERİ, ZAM VE PARA GİRİŞİ") -> ▸ 6. TAHAKKUK MODELLERİ, ZAM VE PARA GİRİŞİ | F14: =HYPERLINK("#BASLANGIC!B183","▸ 12. KORUMA, YEDEK VE GÜVENLİK") -> ▸ 12. KORUMA, YEDEK VE GÜVENLİK
B17: 1. BU EXCEL NE İÇİN ÜRETİLDİ?
B18: Başlık | D18: Açıklama
B19: Amaç | D19: Haftalık veya aylık ücretle çalışan bir muhasebe ofisinin tüm ticari işleyişini tek dosyada, tek veri girişiyle ve kendi kendini denetleyen bir yapıyla yönetmek.
B20: Neyi çözer? | D20: “Kim ne kadar borçlu, bu borç kaç günlük, kasada ne kadar param var, bu ay gerçekten ne kazandım, ortaklara ne dağıtabilirim” sorularını tahmine dayanmadan cevaplar.
B21: Nasıl çalışır? | D21: Siz yalnızca SARI hücrelere gerçek işlemi girersiniz. Cari hesap, yaşlandırma, kasa bakiyesi, aylık kapanış, ortak payı ve ekstreler otomatik hesaplanır.
B22: Neden güvenilir? | D22: Sistem her açılışta 55 otomatik kontrol çalıştırır. Hata oluşursa SİSTEM ekranındaki “Nerede?” sütunu sayfa + satır/hücre adresini ve ilk hatalı kaydı gösterir. KRİTİK bir kontrol KALDI verirse ay kapatılamaz.
B23: Tahakkuk esası | D23: Haftalık ücret her hafta aynı günde, aylık ücret her ayın son gününde otomatik tahakkuk eder. Ücret değiştiğinde eski dönem kapatılır, yeni dönem açılır.
B24: Kâr esası | D24: Kâr ve ortak hakedişi yalnız TAHSİL EDİLMİŞ nakit sonuçtan oluşur. Tahsil edilmemiş alacak kâr sayılmaz. Ortak hakedişinden fazla para çekerse işlem engellenmez; fark AVANS olarak eksi/kırmızı izlenir.
B26: 2. RENK KİLAVUZU │ EKRANDAKİ RENKLER NE ANLAMA GELİR?
B27: Renk | C27: Ne görünür | E27: Anlamı | G27: Ne yapmanız gerekir
B28: ■ | C28: SARI ZEMİN / MAVİ YAZI | E28: SİZ YAZARSINIZ | G28: Sistemin tek besleme kaynağı bu hücrelerdir. Başka hiçbir yere veri girilmez.
B29: ■ | C29: BEYAZ ZEMİN / SİYAH YAZI | E29: SİSTEM HESAPLAR | G29: Kilitlidir, elle değiştirilemez. Değeri yanlışsa burayı değil KAYNAK defteri düzeltin.
B30: ■ | C30: LACİVERT BANT ✎ | E30: VERİ GİRİŞ EKRANI | G30: Sayfanın üstü LACİVERT ise buraya kayıt girilir. Sağ üstte sarı “VERİ GİRİŞ EKRANI” rozeti vardır.
B31: ■ | C31: SARI/ALTIN ROZET ⚙ | E31: KARMA EKRAN — YALNIZ SARI ALANLAR | G31: SİSTEM, AY SONU ve ORTAKLAR ekranları karmadır: bir kısmı girilir, bir kısmı salt okunur. Her bloğun başlığında ✎ GİRİLEBİLİR veya ◈ SALT OKUNUR yazar.
B32: ■ | C32: KOYU GRİ BANT ◈ | E32: RAPOR EKRANI — KAYIT GİRİLMEZ | G32: Sayfanın üstü KOYU GRİ ise o ekrana KAYIT GİRİLMEZ. Sağ üstte beyaz “RAPOR EKRANI” rozeti vardır. Yalnız müşteri/ortak seçim kutusu yazılabilir.
B33: ■ | C33: SARI HÜCRE YOKSA | E33: O EKRANA VERİ GİRİLMEZ | G33: Kural: bir ekranda hiç sarı hücre görmüyorsanız, o ekran salt okunurdur.
B34: ■ | C34: AÇIK MAVİ SATIR | E34: TOPLAM satırı | G34: Tablo başlığının üstünde durur, aşağı kaydırsanız da ekranda kalır.
B35: ■ | C35: YEŞİL ROZET | E35: UYGUN / GEÇTİ / TEMİZ | G35: Kayıt eksiksiz, kontrol başarılı. İşlem gerekmiyor.
B36: ■ | C36: TURUNCU ROZET | E36: EKSİK / BUGÜN / UYARI | G36: Dikkat gerektirir ama ayı kilitlemez. En kısa sürede tamamlayın.
B37: ■ | C37: KIRMIZI ROZET | E37: HATA / KALDI / KRİTİK | G37: ACIL. Kırmızı KRİTİK satır varken ay sonu kapatılamaz — sistem engeller.
B38: ■ | C38: GRİ ROZET | E38: PASİF / PLANLI / İZLE | G38: Bilgi amaçlıdır, işlem gerektirmez.
B40: 3. SEKME HARİTASI │ HANGİ SEKMEDE NE YAPILIR, NE YAPILMAZ
B41: Renk | C41: Sekme | D41: BURADA NE YAPARSINIZ | G41: ⚠ SAKIN YAPMAYIN — RİSK
B42: ■ | C42: =HYPERLINK("#PANO!A1","PANO") -> PANO | D42: Güne buradan başlayın. Özet rakamlar, grafikler, uyarı listesi ve müşteri hızlı kartı burada. | G42: ⚠ Buraya veri girmeye çalışmayın. Yalnız müşteri seçim kutusu yazılabilir.
B43: ■ | C43: =HYPERLINK("#BASLANGIC!A1","BASLANGIC") -> BASLANGIC | D43: Şu an okuduğunuz ekran. Kural, renk ve riskleri buradan öğrenin. | G43: ⚠ Kuralları okumadan sisteme veri girmeyin. En pahalı hatalar buradan önlenir.
B44: ■ | C44: =HYPERLINK("#MUSTERILER!A1","MUSTERILER") -> MUSTERILER | D44: Yeni müşteri açın: no, unvan, durum ve varsa devir alacağı. | G44: ⚠ AYNI UNVANI İKİ KEZ AÇMAYIN. Tahsilat yanlış müşteriye gider ve cari bozulur.
B45: ■ | C45: =HYPERLINK("#UCRETLER!A1","UCRETLER") -> UCRETLER | D45: Ücret dönemi tanımlayın: başlangıç, model (haftalık/aylık), tutar. | G45: ⚠ ÜCRET DEĞİŞİNCE TUTARI DEĞİŞTİRMEYİN. Eski satırı kapatıp yeni satır açın; yoksa geçmiş tüm aylar geriye dönük bozulur ve GERİ ALINAMAZ.
B46: ■ | C46: =HYPERLINK("#TAHSILAT!A1","TAHSILAT") -> TAHSILAT | D46: Müşteriden gelen her ödemeyi buraya girin. Cari, kasa, ekstre ve ay sonu otomatik güncellenir. | G46: ⚠ AYNI ÖDEMEYİ GELİR/GİDER'E DE YAZMAYIN. Gelir iki kez sayılır, ortak payı şişer.
B47: ■ | C47: =HYPERLINK("#GELIR_GIDER!A1","GELIR_GIDER") -> GELIR_GIDER | D47: Ofis giderleri ve sözleşme dışı gelirler (defter tasdik, kontör, damga). Kâr payı ödemeleri de buradan girilir. | G47: ⚠ SÖZLEŞME ÜCRETİNİ BURAYA YAZMAYIN — TAHSİLAT ekranına girilir. Ayrıca müşteriye borç yazılan satırda Gerçekleşti = Evet SEÇMEYİN.
B48: ■ | C48: =HYPERLINK("#VIRMAN!A1","VIRMAN") -> VIRMAN | D48: Kasa ile banka arasında para taşıdığınızda buraya yazın. | G48: ⚠ TRANSFERİ GELİR VEYA GİDER OLARAK YAZMAYIN. Toplam nakit değişmez ama kâr yanlış çıkar.
B49: ■ | C49: =HYPERLINK("#ORTAK_EKSTRE!A1","ORTAK_EKSTRE") -> ORTAK_EKSTRE | D49: Ortak seçin; müşteriden alınan tahsilat, virman, ofise ödeme ve kâr payı tahakkukundan oluşan ortak carisini tarih sırasıyla izleyin. | G49: ⚠ BURAYA HAREKET GİRMEYİN. Salt okunurdur; yanlış rakam varsa TAHSILAT, VIRMAN, ORTAKLAR veya AY_SONU kaynaklarını düzeltin.
B50: ■ | C50: =HYPERLINK("#CARI_EKSTRE!A1","CARI_EKSTRE") -> CARI_EKSTRE | D50: Müşteri seçin, borç–ödeme–bakiye ekstresini alın, PDF yapıp gönderin. | G50: ⚠ BURAYA KAYIT GİRMEYİN. Salt okunurdur; düzeltme kaynak defterlerden yapılır.
B51: ■ | C51: =HYPERLINK("#MUSTERI_360!A1","MUSTERI_360") -> MUSTERI_360 | D51: Kimden ne kadar alacaklısınız, kaç gün gecikmiş, kim fazla ödeme yapmış — hepsi burada. | G51: ⚠ RAKAMLARI ELLE DÜZELTMEYE ÇALIŞMAYIN. Yanlışsa hata MÜŞTERİLER, ÜCRETLER veya TAHSİLAT ekranındadır.
B52: ■ | C52: =HYPERLINK("#HESAPLAR!A1","HESAPLAR") -> HESAPLAR | D52: Kasa ve banka hesaplarını tanımlayın, açılış bakiyesini girin. | G52: ⚠ HESAP ADINI SONRADAN DEĞİŞTİRMEYİN. Eski kayıtlar hesapsız kalır ve kasa tutmaz.
B53: ■ | C53: =HYPERLINK("#AY_SONU!A1","AY_SONU") -> AY_SONU | D53: KARMA EKRAN. Yalnız “Dönem Kapandı mı?” sütunu girilir; diğer tüm sütunlar otomatiktir. Ortak çekişleri bu ekrana yazılmaz; VIRMAN’dan girilir. | G53: ⚠ KRİTİK HATA VARKEN AYI KAPATMAYIN. “Dönem Durumu” sütunu KAPATILAMAZ diyorsa önce SİSTEM ekranındaki kırmızı satırları düzeltin.
B54: ■ | C54: =HYPERLINK("#ORTAKLAR!A1","ORTAKLAR") -> ORTAKLAR | D54: KARMA EKRAN. Ortak tanımları ve pay oranları GİRİLEBİLİR; cari ekstre SALT OKUNURdur. | G54: ⚠ İKİ ORTAĞA AYNI KÂR PAYI GİDER KALEMİNİ SEÇMEYİN. Ödemeler yanlış ortakta görünür. Ayrıca oran değişince eski satırı kapatın.
B55: ■ | C55: =HYPERLINK("#SISTEM!A1","SISTEM") -> SISTEM | D55: KARMA EKRAN. Parametreler ve kalem listeleri GİRİLEBİLİR; kontrol merkezi SALT OKUNURdur. | G55: ⚠ KALDI YAZAN SATIR VARKEN AY SONU İŞLEMİ YAPMAYIN. “Nerede?” sütunu hatanın satırını yazar.
B56: ■ | C56: =HYPERLINK("#KAR!A1","KAR") -> KAR | D56: Muhasebedeki T cetveli gibi tüm gelir kalemlerini solda, tüm gider kalemlerini sağda birikimli dip toplamlarıyla izleyin. | G56: ⚠ BURAYA VERİ GİRMEYİN. Kategoriler SISTEM, tutarlar GELIR_GIDER defterinden gelir; fark varsa SİSTEM kontrolü adres gösterir.
B57: 4. EKRAN MODLARI │ SOL ÜST KÖŞEDEKİ ROZET NE ANLATIR?
B58: Rozet | C58: Mod | E58: Görünümü | F58: Ne demek? | H58: Hangi ekranlar?
B59: ■ | C59: ✎ VERİ GİRİŞ EKRANI | E59: Lacivert bant │ sarı rozet | F59: Bu ekran bir defterdir, sarı hücrelere kayıt girersiniz. | H59: MÜŞTERİLER · ÜCRETLER · TAHSİLAT · GELİR/GİDER · VİRMAN · HESAPLAR
B60: ■ | C60: ⚙ KARMA EKRAN | E60: Lacivert bant │ altın rozet | F60: Bir kısmı girilir, bir kısmı salt okunur. HER BLOĞUN BAŞLIĞINDA ✎ GİRİLEBİLİR veya ◈ SALT OKUNUR yazar — önce onu okuyun. | H60: SİSTEM · AY SONU · ORTAKLAR
B61: ■ | C61: ◈ RAPOR EKRANI | E61: KOYU GRİ bant │ beyaz rozet | F61: Kayıt girilmez. Yalnız müşteri/ortak seçim kutusu yazılabilir. Rakam yanlışsa KAYNAK deftere gidin. | H61: PANO · BAŞLANGIÇ · ORTAK EKSTRE · CARİ EKSTRE · MÜŞTERİ 360 · KÂR
B63: 5. ADIM ADIM KULLANIM │ HANGİ EKRANA NE GİRİLİR?
B64: Adım | C64: Ne yapılacak? | D64: Hangi ekran? | E64: Ne girilir? | G64: Sistem ne yapar? | I64: Kontrol
B65: 1 | C65: Müşteri kartı aç | D65: =HYPERLINK("#MUSTERILER!A1","MUSTERILER") -> MUSTERILER | E65: No, unvan, durum, varsa devir alacağı | G65: Müşteri tüm ekranlara tanıtılır | I65: Kayıt Kontrolü = UYGUN
B66: 2 | C66: Ücret dönemi tanımla | D66: =HYPERLINK("#UCRETLER!A1","UCRETLER") -> UCRETLER | E66: Başlangıç, model, tutar | G66: Otomatik tahakkuk başlar | I66: Sistem Kontrolü = UYGUN
B67: 3 | C67: Zam / ücret değişikliği | D67: =HYPERLINK("#UCRETLER!A1","UCRETLER") -> UCRETLER | E67: Eski satıra bitiş, yeni satıra yeni tutar | G67: Geçmiş bozulmadan yeni fiyat uygulanır | I67: İki aktif dönem çakışmamalı
B68: 4 | C68: Tahsilat gir | D68: =HYPERLINK("#TAHSILAT!A1","TAHSILAT") -> TAHSILAT | E68: Müşteri, tarih, tutar, kasa/banka | G68: Cari, kasa, ekstre, ay sonu güncellenir | I68: Kayıt Kontrolü = UYGUN
B69: 5 | C69: Gider / ek gelir gir | D69: =HYPERLINK("#GELIR_GIDER!A1","GELIR_GIDER") -> GELIR_GIDER | E69: Tarih, tür, kategori, tutar, hesap | G69: Kasa ve nakit kâr güncellenir | I69: Gerçekleşti = Evet olmalı
B70: 6 | C70: Hesaplar arası transfer | D70: =HYPERLINK("#VIRMAN!A1","VIRMAN") -> VIRMAN | E70: Çıkan hesap, giren hesap, tutar | G70: Yalnız paranın yeri değişir | I70: Sistem Kontrolü = UYGUN
B71: 7 | C71: Ortak carisini izle | D71: =HYPERLINK("#ORTAK_EKSTRE!A1","ORTAK_EKSTRE") -> ORTAK_EKSTRE | E71: Ortağı seçin; veri girişi yapılmaz | G71: Borç/alacak hareketlerini ve net ortak carisini tarih sırasıyla gösterir | I71: SİSTEM ortak ekstre mutabakatı = GEÇTİ
B72: 8 | C72: Alacağı izle | D72: =HYPERLINK("#MUSTERI_360!A1","MUSTERI_360") -> MUSTERI_360 | E72: Veri girilmez, yalnız okunur | G72: Cari, yaşlandırma, avans, öneri | I72: Kontrol = UYGUN
B73: 9 | C73: Ekstre gönder | D73: =HYPERLINK("#CARI_EKSTRE!A1","CARI_EKSTRE") -> CARI_EKSTRE | E73: Müşteriyi seçin | G73: Borç–ödeme–bakiye belgesi üretir | I73: Ctrl+P ile PDF
B74: 10 | C74: Ayı kapat | D74: =HYPERLINK("#AY_SONU!A1","AY_SONU") -> AY_SONU | E74: Ortak çekiş / avans | G74: Nakit kâr ve ortak payları | I74: Dönem Durumu = KAPANABİLİR
B75: 11 | C75: Ortak payı öde | D75: =HYPERLINK("#GELIR_GIDER!A1","GELIR_GIDER") -> GELIR_GIDER | E75: VIRMAN: kasa/banka → ortak hesabı | G75: Ortak carisine işlenir, kasadan düşer | I75: Ortak Kontrol = UYGUN
B76: 12 | C76: Sistemi denetle | D76: =HYPERLINK("#SISTEM!A1","SISTEM") -> SISTEM | E76: Parametre ve kalem listeleri | G76: 55 otomatik kontrol çalışır | I76: Tüm satırlar GEÇTİ
B78: 6. TAHAKKUK MODELLERİ, ZAM VE PARA GİRİŞİ
B79: Konu | D79: Kural | G79: Açıklama ve örnek
B80: Haftalık model | D80: Ücret her hafta aynı günde tahakkuk eder. | G80: Başlangıç tarihi serbesttir; ilk tahakkuk bu tarihten sonraki ilk tahakkuk gününde oluşur. 4 haftalı ayda 4, 5 haftalı ayda 5 tahakkuk oluşur — aylar arası fark NORMALDİR.
B81: Aylık model | D81: Ücret her ayın SON GÜNÜ tahakkuk eder. | G81: 15.09.2026'da başlasa bile ilk tahakkuk 30.09.2026'da oluşur. Ayın kaçı olduğu önemli değildir.
B82: ZAM / ücret değişikliği | D82: Eski satırı kapat, yeni satır aç. | G82: Örnek: Eylül 4.000 ₺ → Ekim 7.000 ₺. Eski satır 01.09–30.09 · 4.000 · Pasif; yeni satır 01.10 – (bitiş boş) · 7.000 · Aktif. Bitiş tarihi DAHİLdır.
B83: Ortak pay oranı | D83: Aynı mantık ORTAKLAR sayfasında geçerlidir. | G83: %50–%50'den %60–%40'a geçecekseniz eski satırların Bitiş Ayı'na EYLÜL, yeni satırların Başlangıcına EKİM yazın. Geçmiş aylar eski oranla kalır.
B84: Sözleşme ücreti tahsilatı | D84: TAHSİLAT ekranı — başka hiçbir yere girilmez. | G84: Haftalık veya aylık muhasebe ücreti tahsil edildiğinde yalnız buraya girilir.
B85: Ek hizmet bedelleri | D85: GELİR VE GİDER ekranı | G85: Defter tasdik, kontör, damga, danışmanlık. Peşin alındıysa Gerçekleşti = Evet; müşteriye borç yazılacaksa Borçlu Taraf'ta müşteriyi seçin, Gerçekleşti = Hayır yapın.
B86: Kâr payı ödemesi | D86: GELİR VE GİDER — Tür: Gider | G86: Ortağa para verildiğinde GELİR/GİDER’e gider yazmayın. VIRMAN ekranında Para Çıkan Hesap = kasa/banka, Para Giren Hesap = ortak; açıklama “KÂR PAYI / AVANS ÇEKİŞİ” olmalıdır. Hakedişi aşan tutar AVANS olur.
B88: 7. SENARYO KATALOĞU │ ŞUNU YAPMAK İSTİYORUM → NASIL YAPARIM?
B89: Ne yapmak istiyorum? | D89: Hangi ekran? | E89: Adımlar | I89: Kontrol / dikkat
B90: Yeni müşteri geldi | D90: MÜŞTERİLER → ÜCRETLER | E90: 1) MÜŞTERİLER'de boş satıra no, unvan, Durum=Aktif yazın. 2) ÜCRETLER'de yeni satır: müşteriyi listeden seçin, başlangıç tarihi, model, tutar, Durum=Aktif. | I90: İki ekranda da Kontrol = UYGUN
B91: Müşteriye ZAM yaptım | D91: ÜCRETLER | E91: 1) Eski satırın Bitiş Tarihi'ne son geçerli günü yazın, Durum=Pasif yapın. 2) ALTINA yeni satır açın: aynı müşteri, yeni başlangıç, yeni tutar, Durum=Aktif. | I91: Eski tutarı ASLA değiştirmeyin
B92: Model değişti (haftalık→aylık) | D92: ÜCRETLER | E92: Zam ile aynı: eski satırı kapatın, yeni satırda Tahakkuk Modeli'ni Aylık seçin. | I92: İki aktif dönem çakışmamalı
B93: Müşteriden para aldım | D93: TAHSİLAT | E93: Müşteriyi listeden seçin, tarih, tutar, hangi kasa/bankaya girdiğini ve ödeme türünü yazın. | I93: Kayıt Kontrolü = UYGUN
B94: Müşteri KİSMİ ödeme yaptı | D94: TAHSİLAT | E94: Aldığınız tutarı aynen girin. Sistem kalanı otomatik hesaplar, en eski borçtan kapatır. | I94: MÜŞTERİ 360'ta kalan bakiye görünür
B95: Müşteri FAZLA ödeme yaptı | D95: TAHSİLAT | E95: Gelen tutarı aynen girin. Fazlası MÜŞTERİ 360'ta “Avans / Fazla Ödeme” sütununda görünür. | I95: Bu müşteriye fatura kesilmemiş olabilir, kontrol edin
B96: MAHSUPLAŞTIK (nakit girmedi) | D96: TAHSİLAT | E96: Tahsilatı normal girin ama Ödeme Türü = Mahsup seçin. Cari kapanır, kasaya para girmez. | I96: Kasa bakiyesi değişmemeli
B97: Ek hizmet — PARAYI ALDIM | D97: GELİR VE GİDER | E97: Tür=Gelir, Kategori=Defter Tasdik/Kontör/Damga vb., tutar, kasa/banka, Gerçekleşti=Evet. Borçlu Taraf'ı BOŞ bırakın. | I97: Kasaya girer, cariye girmez
B98: Ek hizmet — MÜŞTERİYE BORÇ YAZDIM | D98: GELİR VE GİDER | E98: Tür=Gelir, Kategori, tutar, Gerçekleşti=HAYIR, Borçlu Taraf'ta MÜŞTERİYİ seçin. Para gelince TAHSİLAT'a girersiniz. | I98: Kontrol = TAHAKKUK olmalı
B99: Müşteriyle çalışmayı bıraktık | D99: ÜCRETLER → MÜŞTERİLER | E99: 1) ÜCRETLER'de aktif satıra Bitiş Tarihi yazın, Durum=Pasif. 2) MÜŞTERİLER'de Durum=Pasif yapın. SATIRI SİLMEYİN — geçmiş kayıtlar kopar. | I99: Tahakkuk durur, geçmiş korunur
B100: Ofis gideri ödedim | D100: GELİR VE GİDER | E100: Tür=Gider, Kategori, açıklama, tutar, hangi kasadan ödendi, Gerçekleşti=Evet. | I100: Kasadan düşer, nakit kârı azaltır
... B113: Tahakkuk gününü değiştireceğim | D113: SİSTEM | E113: Tahakkuk Günü parametresini değiştirin (Pazartesi…Pazar). TÜM haftalık müşterileri etkiler — dikkatli olun. | I113: Geçmiş aylar da yeniden hesaplanır
B115: 8. UYARI SÖZLÜĞÜ │ EKRANDA GÖRDÜĞÜNÜZ ROZET NE DEMEK?
B116: Rozet / uyarı | D116: Nerede görünür | F116: Ne demek? | H116: Ne yapmalısınız?
B117: UYGUN | D117: Tüm defterler | F117: Kayıt eksiksiz ve tutarlı. | H117: İşlem gerekmiyor.
B118: EKSİK | D118: Tüm defterler | F118: Zorunlu bir alan boş. | H118: Satırdaki boş sarı hücreleri doldurun.
B119: HATA | D119: Tahsilat / Virman | F119: Kayıt sisteme bağlanamıyor. | H119: Müşteri/hesap adını listeden yeniden seçin.
B120: TANIMSIZ MÜŞTERİ | D120: Tahsilat / Ücretler / Ortak Ekstre | F120: Yazılan ad MÜŞTERİLER listesinde yok. | H120: Listeden seçin veya MÜŞTERİLER'de kartı açın.
B121: MÜKERRER? | D121: Tahsilat / Gelir-Gider | F121: Aynı kayıt ikinci kez girilmiş olabilir. | H121: İki satırı karşılaştırın; fazlaysa içeriğini temizleyin.
B122: KAPALI DÖNEM | D122: Tahsilat / Gelir-Gider | F122: Dağıtımı yapılmış bir aya kayıt girilmiş. | H122: Tarihi kontrol edin; doğruysa AY SONU'nda dağıtımı gözden geçirin.
...

Sheet MUSTERILER
A1: ✎ VERİ GİRİŞ EKRANI — SARI HÜCRELER | F1: KILIÇ MUHASEBE │ MÜŞTERİLER
A2: SARI HÜCRELERE YAZIN │ Ana müşteri kartı │ Her müşteri için tek kayıt │ Devir alacağı bu ekranda tanımlanır
B3: ⚠ SAKIN: aynı müşteriyi iki kez açmayın; unvanı sonradan elle değiştirmeyin — geçmiş tahsilatlar kopar.
B4: =HYPERLINK("#PANO!A1","⌂") -> ⌂ | C4: =HYPERLINK("#PANO!A1","M E N Ü") -> M E N Ü | D4: =HYPERLINK("#UCRETLER!A1","Haftalık Ücretler") -> Haftalık Ücretler | F4: =HYPERLINK("#MUSTERI_360!A1","Müşteri 360") -> Müşteri 360 | H4: Sarı = giriş, beyaz = otomatik (kilitli). Devir Alacak Tarihi yaşlandırmayı belirler — boş bırakılırsa tutar 29+ gün kabul edilir.
C5: TOPLAM │ Aktif müşteri ve devir alacağı | D5: =COUNTIF($D$7:$D$156,"Aktif") -> 52 | J5: =SUM($J$7:$J$156) -> 0
B6: Müşteri No | C6: Müşteri / Mükellef Unvanı | D6: Durum | E6: Sorumlu Kişi | F6: Telefon | G6: Vergi No | H6: Ödeme Şekli | I6: Başlangıç Tarihi | J6: Devir Alacağı | K6: Devir Alacak Tarihi | L6: Devir Kaynağı | M6: Özel Not | N6: Bilgi Durumu | O6: Aktif Ücret Tanımı | P6: Kayıt Kontrolü | U6: Borç Sırası | V6: Cari Bakiye (Sıralama)
B7: M019 | C7: AC OTEL LTD.ŞTİ. | D7: Aktif | H7: Nakit | I7: 46023 | J7: 0 | O7: =IF($C7="","",IF(COUNTIFS(UCRETLER!$B$7:$B$606,$B7,UCRETLER!$H$7:$H$606,"Aktif")>0,"EVET","HAYIR")) -> EVET | P7: =IF($C7="","",IF($B7="","NO EKSİK",IF(COUNTIF($B$7:$B$156,$B7)>1,"NO TEKRARI",IF(COUNTIF($C$7:$C$156,$C7)>1,"UNVAN TEKRARI",IF($D7="","DURUM EKSİK",IF(AND($J7>0,$K7=""),"DEVİR TARİHİ EKSİK","UYGUN")))))) -> UYGUN | T7: =IF($C7="","",UPPER(SUBSTITUTE(SUBSTITUTE(SUBSTITUTE(SUBSTITUTE(SUBSTITUTE(SUBSTITUTE(SUBSTITUTE(SUBSTITUTE(SUBSTITUTE(SUBSTITUTE(SUBSTITUTE(SUBSTITUTE(SUBSTITUTE(SUBSTITUTE(SUBSTITUTE(SUBSTITUTE(SUBSTITUTE(SUBSTITUTE(TRIM($C7),"'",""),"İ","I"),"ı","I"),"i","I"),"Ş","S"),"ş","S"),"Ğ","G"),"ğ","G"),"Ü","U"),"ü","U"),"Ö","O"),"ö","O"),"Ç","C"),"ç","C"),".",""),",","")," ",""),"-",""))) -> ACOTELLTDSTI | U7: =IF($B7="","",COUNTIF($V$7:$V$156,">"&$V7)+COUNTIF($V$7:$V7,$V7)) -> 19 | V7: =IF($B7="","",MAX(0,$J7+SUMIFS(UCRETLER!$I$7:$I$606,UCRETLER!$B$7:$B$606,$B7)+SUMIFS(GELIR_GIDER!$G$7:$G$3001,GELIR_GIDER!$T$7:$T$3001,$B7)-SUMIFS(TAHSILAT!$F$7:$F$2503,TAHSILAT!$C$7:$C$2503,$B7))) -> 10000
B8: M022 | C8: ADEM KARABENLİ | D8: Aktif | H8: Nakit | I8: 46023 | J8: 0 | O8: =IF($C8="","",IF(COUNTIFS(UCRETLER!$B$7:$B$606,$B8,UCRETLER!$H$7:$H$606,"Aktif")>0,"EVET","HAYIR")) -> EVET | P8: =IF($C8="","",IF($B8="","NO EKSİK",IF(COUNTIF($B$7:$B$156,$B8)>1,"NO TEKRARI",IF(COUNTIF($C$7:$C$156,$C8)>1,"UNVAN TEKRARI",IF($D8="","DURUM EKSİK",IF(AND($J8>0,$K8=""),"DEVİR TARİHİ EKSİK","UYGUN")))))) -> UYGUN | T8: =IF($C8="","",UPPER(SUBSTITUTE(SUBSTITUTE(SUBSTITUTE(SUBSTITUTE(SUBSTITUTE(SUBSTITUTE(SUBSTITUTE(SUBSTITUTE(SUBSTITUTE(SUBSTITUTE(SUBSTITUTE(SUBSTITUTE(SUBSTITUTE(SUBSTITUTE(SUBSTITUTE(SUBSTITUTE(SUBSTITUTE(SUBSTITUTE(TRIM($C8),"'",""),"İ","I"),"ı","I"),"i","I"),"Ş","S"),"ş","S"),"Ğ","G"),"ğ","G"),"Ü","U"),"ü","U"),"Ö","O"),"ö","O"),"Ç","C"),"ç","C"),".",""),",","")," ",""),"-",""))) -> ADEMKARABENLI | U8: =IF($B8="","",COUNTIF($V$7:$V$156,">"&$V8)+COUNTIF($V$7:$V8,$V8)) -> 17 | V8: =IF($B8="","",MAX(0,$J8+SUMIFS(UCRETLER!$I$7:$I$606,UCRETLER!$B$7:$B$606,$B8)+SUMIFS(GELIR_GIDER!$G$7:$G$3001,GELIR_GIDER!$T$7:$T$3001,$B8)-SUMIFS(TAHSILAT!$F$7:$F$2503,TAHSILAT!$C$7:$C$2503,$B8))) -> 18000
B9: M023 | C9: ALTINEL LTD.ŞTİ. | D9: Aktif | H9: Nakit | I9: 46023 | J9: 0 | O9: =IF($C9="","",IF(COUNTIFS(UCRETLER!$B$7:$B$606,$B9,UCRETLER!$H$7:$H$606,"Aktif")>0,"EVET","HAYIR")) -> EVET | P9: =IF($C9="","",IF($B9="","NO EKSİK",IF(COUNTIF($B$7:$B$156,$B9)>1,"NO TEKRARI",IF(COUNTIF($C$7:$C$156,$C9)>1,"UNVAN TEKRARI",IF($D9="","DURUM EKSİK",IF(AND($J9>0,$K9=""),"DEVİR TARİHİ EKSİK","UYGUN")))))) -> UYGUN | T9: =IF($C9="","",UPPER(SUBSTITUTE(SUBSTITUTE(SUBSTITUTE(SUBSTITUTE(SUBSTITUTE(SUBSTITUTE(SUBSTITUTE(SUBSTITUTE(SUBSTITUTE(SUBSTITUTE(SUBSTITUTE(SUBSTITUTE(SUBSTITUTE(SUBSTITUTE(SUBSTITUTE(SUBSTITUTE(SUBSTITUTE(SUBSTITUTE(TRIM($C9),"'",""),"İ","I"),"ı","I"),"i","I"),"Ş","S"),"ş","S"),"Ğ","G"),"ğ","G"),"Ü","U"),"ü","U"),"Ö","O"),"ö","O"),"Ç","C"),"ç","C"),".",""),",","")," ",""),"-",""))) -> ALTINELLTDSTI | U9: =IF($B9="","",COUNTIF($V$7:$V$156,">"&$V9)+COUNTIF($V$7:$V9,$V9)) -> 32 | V9: =IF($B9="","",MAX(0,$J9+SUMIFS(UCRETLER!$I$7:$I$606,UCRETLER!$B$7:$B$606,$B9)+SUMIFS(GELIR_GIDER!$G$7:$G$3001,GELIR_GIDER!$T$7:$T$3001,$B9)-SUMIFS(TAHSILAT!$F$7:$F$2503,TAHSILAT!$C$7:$C$2503,$B9))) -> 0
B10: M001 | C10: ANKARA HAVANA LTD.ŞTİ. | D10: Aktif | H10: Nakit | I10: 46023 | J10: 0 | O10: =IF($C10="","",IF(COUNTIFS(UCRETLER!$B$7:$B$606,$B10,UCRETLER!$H$7:$H$606,"Aktif")>0,"EVET","HAYIR")) -> EVET | P10: =IF($C10="","",IF($B10="","NO EKSİK",IF(COUNTIF($B$7:$B$156,$B10)>1,"NO TEKRARI",IF(COUNTIF($C$7:$C$156,$C10)>1,"UNVAN TEKRARI",IF($D10="","DURUM EKSİK",IF(AND($J10>0,$K10=""),"DEVİR TARİHİ EKSİK","UYGUN")))))) -> UYGUN | T10: =IF($C10="","",UPPER(SUBSTITUTE(SUBSTITUTE(SUBSTITUTE(SUBSTITUTE(SUBSTITUTE(SUBSTITUTE(SUBSTITUTE(SUBSTITUTE(SUBSTITUTE(SUBSTITUTE(SUBSTITUTE(SUBSTITUTE(SUBSTITUTE(SUBSTITUTE(SUBSTITUTE(SUBSTITUTE(SUBSTITUTE(SUBSTITUTE(TRIM($C10),"'",""),"İ","I"),"ı","I"),"i","I"),"Ş","S"),"ş","S"),"Ğ","G"),"ğ","G"),"Ü","U"),"ü","U"),"Ö","O"),"ö","O"),"Ç","C"),"ç","C"),".",""),",","")," ",""),"-",""))) -> ANKARAHAVANALTDSTI | U10: =IF($B10="","",COUNTIF($V$7:$V$156,">"&$V10)+COUNTIF($V$7:$V10,$V10)) -> 15 | V10: =IF($B10="","",MAX(0,$J10+SUMIFS(UCRETLER!$I$7:$I$606,UCRETLER!$B$7:$B$606,$B10)+SUMIFS(GELIR_GIDER!$G$7:$G$3001,GELIR_GIDER!$T$7:$T$3001,$B10)-SUMIFS(TAHSILAT!$F$7:$F$2503,TAHSILAT!$C$7:$C$2503,$B10))) -> 20000
B11: M024 | C11: ARMAN DİK | D11: Aktif | H11: Nakit | I11: 46023 | J11: 0 | O11: =IF($C11="","",IF(COUNTIFS(UCRETLER!$B$7:$B$606,$B11,UCRETLER!$H$7:$H$606,"Aktif")>0,"EVET","HAYIR")) -> EVET | P11: =IF($C11="","",IF($B11="","NO EKSİK",IF(COUNTIF($B$7:$B$156,$B11)>1,"NO TEKRARI",IF(COUNTIF($C$7:$C$156,$C11)>1,"UNVAN TEKRARI",IF($D11="","DURUM EKSİK",IF(AND($J11>0,$K11=""),"DEVİR TARİHİ EKSİK","UYGUN")))))) -> UYGUN | T11: =IF($C11="","",UPPER(SUBSTITUTE(SUBSTITUTE(SUBSTITUTE(SUBSTITUTE(SUBSTITUTE(SUBSTITUTE(SUBSTITUTE(SUBSTITUTE(SUBSTITUTE(SUBSTITUTE(SUBSTITUTE(SUBSTITUTE(SUBSTITUTE(SUBSTITUTE(SUBSTITUTE(SUBSTITUTE(SUBSTITUTE(SUBSTITUTE(TRIM($C11),"'",""),"İ","I"),"ı","I"),"i","I"),"Ş","S"),"ş","S"),"Ğ","G"),"ğ","G"),"Ü","U"),"ü","U"),"Ö","O"),"ö","O"),"Ç","C"),"ç","C"),".",""),",","")," ",""),"-",""))) -> ARMANDIK | U11: =IF($B11="","",COUNTIF($V$7:$V$156,">"&$V11)+COUNTIF($V$7:$V11,$V11)) -> 33 | V11: =IF($B11="","",MAX(0,$J11+SUMIFS(UCRETLER!$I$7:$I$606,UCRETLER!$B$7:$B$606,$B11)+SUMIFS(GELIR_GIDER!$G$7:$G$3001,GELIR_GIDER!$T$7:$T$3001,$B11)-SUMIFS(TAHSILAT!$F$7:$F$2503,TAHSILAT!$C$7:$C$2503,$B11))) -> 0
B12: M021 | C12: ARON TOPTAN LTD.ŞTİ. | D12: Aktif | H12: Nakit | I12: 46023 | J12: 0 | O12: =IF($C12="","",IF(COUNTIFS(UCRETLER!$B$7:$B$606,$B12,UCRETLER!$H$7:$H$606,"Aktif")>0,"EVET","HAYIR")) -> EVET | P12: =IF($C12="","",IF($B12="","NO EKSİK",IF(COUNTIF($B$7:$B$156,$B12)>1,"NO TEKRARI",IF(COUNTIF($C$7:$C$156,$C12)>1,"UNVAN TEKRARI",IF($D12="","DURUM EKSİK",IF(AND($J12>0,$K12=""),"DEVİR TARİHİ EKSİK","UYGUN")))))) -> UYGUN | T12: =IF($C12="","",UPPER(SUBSTITUTE(SUBSTITUTE(SUBSTITUTE(SUBSTITUTE(SUBSTITUTE(SUBSTITUTE(SUBSTITUTE(SUBSTITUTE(SUBSTITUTE(SUBSTITUTE(SUBSTITUTE(SUBSTITUTE(SUBSTITUTE(SUBSTITUTE(SUBSTITUTE(SUBSTITUTE(SUBSTITUTE(SUBSTITUTE(TRIM($C12),"'",""),"İ","I"),"ı","I"),"i","I"),"Ş","S"),"ş","S"),"Ğ","G"),"ğ","G"),"Ü","U"),"ü","U"),"Ö","O"),"ö","O"),"Ç","C"),"ç","C"),".",""),",","")," ",""),"-",""))) -> ARONTOPTANLTDSTI | U12: =IF($B12="","",COUNTIF($V$7:$V$156,">"&$V12)+COUNTIF($V$7:$V12,$V12)) -> 34 | V12: =IF($B12="","",MAX(0,$J12+SUMIFS(UCRETLER!$I$7:$I$606,UCRETLER!$B$7:$B$606,$B12)+SUMIFS(GELIR_GIDER!$G$7:$G$3001,GELIR_GIDER!$T$7:$T$3001,$B12)-SUMIFS(TAHSILAT!$F$7:$F$2503,TAHSILAT!$C$7:$C$2503,$B12))) -> 0
B13: M025 | C13: ASIM AÇIKGÖZ | D13: Aktif | H13: Nakit | I13: 46023 | J13: 0 | O13: =IF($C13="","",IF(COUNTIFS(UCRETLER!$B$7:$B$606,$B13,UCRETLER!$H$7:$H$606,"Aktif")>0,"EVET","HAYIR")) -> EVET | P13: =IF($C13="","",IF($B13="","NO EKSİK",IF(COUNTIF($B$7:$B$156,$B13)>1,"NO TEKRARI",IF(COUNTIF($C$7:$C$156,$C13)>1,"UNVAN TEKRARI",IF($D13="","DURUM EKSİK",IF(AND($J13>0,$K13=""),"DEVİR TARİHİ EKSİK","UYGUN")))))) -> UYGUN | T13: =IF($C13="","",UPPER(SUBSTITUTE(SUBSTITUTE(SUBSTITUTE(SUBSTITUTE(SUBSTITUTE(SUBSTITUTE(SUBSTITUTE(SUBSTITUTE(SUBSTITUTE(SUBSTITUTE(SUBSTITUTE(SUBSTITUTE(SUBSTITUTE(SUBSTITUTE(SUBSTITUTE(SUBSTITUTE(SUBSTITUTE(SUBSTITUTE(TRIM($C13),"'",""),"İ","I"),"ı","I"),"i","I"),"Ş","S"),"ş","S"),"Ğ","G"),"ğ","G"),"Ü","U"),"ü","U"),"Ö","O"),"ö","O"),"Ç","C"),"ç","C"),".",""),",","")," ",""),"-",""))) -> ASIMACIKGOZ | U13: =IF($B13="","",COUNTIF($V$7:$V$156,">"&$V13)+COUNTIF($V$7:$V13,$V13)) -> 35 | V13: =IF($B13="","",MAX(0,$J13+SUMIFS(UCRETLER!$I$7:$I$606,UCRETLER!$B$7:$B$606,$B13)+SUMIFS(GELIR_GIDER!$G$7:$G$3001,GELIR_GIDER!$T$7:$T$3001,$B13)-SUMIFS(TAHSILAT!$F$7:$F$2503,TAHSILAT!$C$7:$C$2503,$B13))) -> 0
B14: M017 | C14: ASM EĞLENCE LTD.ŞTİ. | D14: Aktif | H14: Nakit | I14: 46023 | J14: 0 | O14: =IF($C14="","",IF(COUNTIFS(UCRETLER!$B$7:$B$606,$B14,UCRETLER!$H$7:$H$606,"Aktif")>0,"EVET","HAYIR")) -> EVET | P14: =IF($C14="","",IF($B14="","NO EKSİK",IF(COUNTIF($B$7:$B$156,$B14)>1,"NO TEKRARI",IF(COUNTIF($C$7:$C$156,$C14)>1,"UNVAN TEKRARI",IF($D14="","DURUM EKSİK",IF(AND($J14>0,$K14=""),"DEVİR TARİHİ EKSİK","UYGUN")))))) -> UYGUN | T14: =IF($C14="","",UPPER(SUBSTITUTE(SUBSTITUTE(SUBSTITUTE(SUBSTITUTE(SUBSTITUTE(SUBSTITUTE(SUBSTITUTE(SUBSTITUTE(SUBSTITUTE(SUBSTITUTE(SUBSTITUTE(SUBSTITUTE(SUBSTITUTE(SUBSTITUTE(SUBSTITUTE(SUBSTITUTE(SUBSTITUTE(SUBSTITUTE(TRIM($C14),"'",""),"İ","I"),"ı","I"),"i","I"),"Ş","S"),"ş","S"),"Ğ","G"),"ğ","G"),"Ü","U"),"ü","U"),"Ö","O"),"ö","O"),"Ç","C"),"ç","C"),".",""),",","")," ",""),"-",""))) -> ASMEGLENCELTDSTI | U14: =IF($B14="","",COUNTIF($V$7:$V$156,">"&$V14)+COUNTIF($V$7:$V14,$V14)) -> 36 | V14: =IF($B14="","",MAX(0,$J14+SUMIFS(UCRETLER!$I$7:$I$606,UCRETLER!$B$7:$B$606,$B14)+SUMIFS(GELIR_GIDER!$G$7:$G$3001,GELIR_GIDER!$T$7:$T$3001,$B14)-SUMIFS(TAHSILAT!$F$7:$F$2503,TAHSILAT!$C$7:$C$2503,$B14))) -> 0
B15: M026 | C15: AYDES LTD.ŞTİ. | D15: Aktif | H15: Nakit | I15: 46023 | J15: 0 | O15: =IF($C15="","",IF(COUNTIFS(UCRETLER!$B$7:$B$606,$B15,UCRETLER!$H$7:$H$606,"Aktif")>0,"EVET","HAYIR")) -> EVET | P15: =IF($C15="","",IF($B15="","NO EKSİK",IF(COUNTIF($B$7:$B$156,$B15)>1,"NO TEKRARI",IF(COUNTIF($C$7:$C$156,$C15)>1,"UNVAN TEKRARI",IF($D15="","DURUM EKSİK",IF(AND($J15>0,$K15=""),"DEVİR TARİHİ EKSİK","UYGUN")))))) -> UYGUN | T15: =IF($C15="","",UPPER(SUBSTITUTE(SUBSTITUTE(SUBSTITUTE(SUBSTITUTE(SUBSTITUTE(SUBSTITUTE(SUBSTITUTE(SUBSTITUTE(SUBSTITUTE(SUBSTITUTE(SUBSTITUTE(SUBSTITUTE(SUBSTITUTE(SUBSTITUTE(SUBSTITUTE(SUBSTITUTE(SUBSTITUTE(SUBSTITUTE(TRIM($C15),"'",""),"İ","I"),"ı","I"),"i","I"),"Ş","S"),"ş","S"),"Ğ","G"),"ğ","G"),"Ü","U"),"ü","U"),"Ö","O"),"ö","O"),"Ç","C"),"ç","C"),".",""),",","")," ",""),"-",""))) -> AYDESLTDSTI | U15: =IF($B15="","",COUNTIF($V$7:$V$156,">"&$V15)+COUNTIF($V$7:$V15,$V15)) -> 9 | V15: =IF($B15="","",MAX(0,$J15+SUMIFS(UCRETLER!$I$7:$I$606,UCRETLER!$B$7:$B$606,$B15)+SUMIFS(GELIR_GIDER!$G$7:$G$3001,GELIR_GIDER!$T$7:$T$3001,$B15)-SUMIFS(TAHSILAT!$F$7:$F$2503,TAHSILAT!$C$7:$C$2503,$B15))) -> 52500
B16: M015 | C16: ÇAYIRALAN LTD.ŞTİ. | D16: Aktif | H16: Nakit | I16: 46023 | J16: 0 | O16: =IF($C16="","",IF(COUNTIFS(UCRETLER!$B$7:$B$606,$B16,UCRETLER!$H$7:$H$606,"Aktif")>0,"EVET","HAYIR")) -> EVET | P16: =IF($C16="","",IF($B16="","NO EKSİK",IF(COUNTIF($B$7:$B$156,$B16)>1,"NO TEKRARI",IF(COUNTIF($C$7:$C$156,$C16)>1,"UNVAN TEKRARI",IF($D16="","DURUM EKSİK",IF(AND($J16>0,$K16=""),"DEVİR TARİHİ EKSİK","UYGUN")))))) -> UYGUN | T16: =IF($C16="","",UPPER(SUBSTITUTE(SUBSTITUTE(SUBSTITUTE(SUBSTITUTE(SUBSTITUTE(SUBSTITUTE(SUBSTITUTE(SUBSTITUTE(SUBSTITUTE(SUBSTITUTE(SUBSTITUTE(SUBSTITUTE(SUBSTITUTE(SUBSTITUTE(SUBSTITUTE(SUBSTITUTE(SUBSTITUTE(SUBSTITUTE(TRIM($C16),"'",""),"İ","I"),"ı","I"),"i","I"),"Ş","S"),"ş","S"),"Ğ","G"),"ğ","G"),"Ü","U"),"ü","U"),"Ö","O"),"ö","O"),"Ç","C"),"ç","C"),".",""),",","")," ",""),"-",""))) -> CAYIRALANLTDSTI | U16: =IF($B16="","",COUNTIF($V$7:$V$156,">"&$V16)+COUNTIF($V$7:$V16,$V16)) -> 37 | V16: =IF($B16="","",MAX(0,$J16+SUMIFS(UCRETLER!$I$7:$I$606,UCRETLER!$B$7:$B$606,$B16)+SUMIFS(GELIR_GIDER!$G$7:$G$3001,GELIR_GIDER!$T$7:$T$3001,$B16)-SUMIFS(TAHSILAT!$F$7:$F$2503,TAHSILAT!$C$7:$C$2503,$B16))) -> 0
B17: M027 | C17: CEREN DEMİRCİ | D17: Aktif | H17: Nakit | I17: 46023 | J17: 0 | O17: =IF($C17="","",IF(COUNTIFS(UCRETLER!$B$7:$B$606,$B17,UCRETLER!$H$7:$H$606,"Aktif")>0,"EVET","HAYIR")) -> EVET | P17: =IF($C17="","",IF($B17="","NO EKSİK",IF(COUNTIF($B$7:$B$156,$B17)>1,"NO TEKRARI",IF(COUNTIF($C$7:$C$156,$C17)>1,"UNVAN TEKRARI",IF($D17="","DURUM EKSİK",IF(AND($J17>0,$K17=""),"DEVİR TARİHİ EKSİK","UYGUN")))))) -> UYGUN | T17: =IF($C17="","",UPPER(SUBSTITUTE(SUBSTITUTE(SUBSTITUTE(SUBSTITUTE(SUBSTITUTE(SUBSTITUTE(SUBSTITUTE(SUBSTITUTE(SUBSTITUTE(SUBSTITUTE(SUBSTITUTE(SUBSTITUTE(SUBSTITUTE(SUBSTITUTE(SUBSTITUTE(SUBSTITUTE(SUBSTITUTE(SUBSTITUTE(TRIM($C17),"'",""),"İ","I"),"ı","I"),"i","I"),"Ş","S"),"ş","S"),"Ğ","G"),"ğ","G"),"Ü","U"),"ü","U"),"Ö","O"),"ö","O"),"Ç","C"),"ç","C"),".",""),",","")," ",""),"-",""))) -> CERENDEMIRCI | U17: =IF($B17="","",COUNTIF($V$7:$V$156,">"&$V17)+COUNTIF($V$7:$V17,$V17)) -> 21 | V17: =IF($B17="","",MAX(0,$J17+SUMIFS(UCRETLER!$I$7:$I$606,UCRETLER!$B$7:$B$606,$B17)+SUMIFS(GELIR_GIDER!$G$7:$G$3001,GELIR_GIDER!$T$7:$T$3001,$B17)-SUMIFS(TAHSILAT!$F$7:$F$2503,TAHSILAT!$C$7:$C$2503,$B17))) -> 8000
B18: M018 | C18: ÇINARHAN LTD.ŞTİ. | D18: Aktif | H18: Nakit | I18: 46023 | J18: 0 | O18: =IF($C18="","",IF(COUNTIFS(UCRETLER!$B$7:$B$606,$B18,UCRETLER!$H$7:$H$606,"Aktif")>0,"EVET","HAYIR")) -> EVET | P18: =IF($C18="","",IF($B18="","NO EKSİK",IF(COUNTIF($B$7:$B$156,$B18)>1,"NO TEKRARI",IF(COUNTIF($C$7:$C$156,$C18)>1,"UNVAN TEKRARI",IF($D18="","DURUM EKSİK",IF(AND($J18>0,$K18=""),"DEVİR TARİHİ EKSİK","UYGUN")))))) -> UYGUN | T18: =IF($C18="","",UPPER(SUBSTITUTE(SUBSTITUTE(SUBSTITUTE(SUBSTITUTE(SUBSTITUTE(SUBSTITUTE(SUBSTITUTE(SUBSTITUTE(SUBSTITUTE(SUBSTITUTE(SUBSTITUTE(SUBSTITUTE(SUBSTITUTE(SUBSTITUTE(SUBSTITUTE(SUBSTITUTE(SUBSTITUTE(SUBSTITUTE(TRIM($C18),"'",""),"İ","I"),"ı","I"),"i","I"),"Ş","S"),"ş","S"),"Ğ","G"),"ğ","G"),"Ü","U"),"ü","U"),"Ö","O"),"ö","O"),"Ç","C"),"ç","C"),".",""),",","")," ",""),"-",""))) -> CINARHANLTDSTI | U18: =IF($B18="","",COUNTIF($V$7:$V$156,">"&$V18)+COUNTIF($V$7:$V18,$V18)) -> 38 | V18: =IF($B18="","",MAX(0,$J18+SUMIFS(UCRETLER!$I$7:$I$606,UCRETLER!$B$7:$B$606,$B18)+SUMIFS(GELIR_GIDER!$G$7:$G$3001,GELIR_GIDER!$T$7:$T$3001,$B18)-SUMIFS(TAHSILAT!$F$7:$F$2503,TAHSILAT!$C$7:$C$2503,$B18))) -> 0
... B50: M016 | C50: RİX ŞOW LTD.ŞTİ. | D50: Aktif | H50: Nakit | I50: 46023 | J50: 0 | O50: =IF($C50="","",IF(COUNTIFS(UCRETLER!$B$7:$B$606,$B50,UCRETLER!$H$7:$H$606,"Aktif")>0,"EVET","HAYIR")) -> EVET | P50: =IF($C50="","",IF($B50="","NO EKSİK",IF(COUNTIF($B$7:$B$156,$B50)>1,"NO TEKRARI",IF(COUNTIF($C$7:$C$156,$C50)>1,"UNVAN TEKRARI",IF($D50="","DURUM EKSİK",IF(AND($J50>0,$K50=""),"DEVİR TARİHİ EKSİK","UYGUN")))))) -> UYGUN | T50: =IF($C50="","",UPPER(SUBSTITUTE(SUBSTITUTE(SUBSTITUTE(SUBSTITUTE(SUBSTITUTE(SUBSTITUTE(SUBSTITUTE(SUBSTITUTE(SUBSTITUTE(SUBSTITUTE(SUBSTITUTE(SUBSTITUTE(SUBSTITUTE(SUBSTITUTE(SUBSTITUTE(SUBSTITUTE(SUBSTITUTE(SUBSTITUTE(TRIM($C50),"'",""),"İ","I"),"ı","I"),"i","I"),"Ş","S"),"ş","S"),"Ğ","G"),"ğ","G"),"Ü","U"),"ü","U"),"Ö","O"),"ö","O"),"Ç","C"),"ç","C"),".",""),",","")," ",""),"-",""))) -> RIXSOWLTDSTI | U50: =IF($B50="","",COUNTIF($V$7:$V$156,">"&$V50)+COUNTIF($V$7:$V50,$V50)) -> 50 | V50: =IF($B50="","",MAX(0,$J50+SUMIFS(UCRETLER!$I$7:$I$606,UCRETLER!$B$7:$B$606,$B50)+SUMIFS(GELIR_GIDER!$G$7:$G$3001,GELIR_GIDER!$T$7:$T$3001,$B50)-SUMIFS(TAHSILAT!$F$7:$F$2503,TAHSILAT!$C$7:$C$2503,$B50))) -> 0
B51: M055 | C51: SEMRA GÜMÜŞ | D51: Pasif | H51: Nakit | I51: 46023 | O51: =IF($C51="","",IF(COUNTIFS(UCRETLER!$B$7:$B$606,$B51,UCRETLER!$H$7:$H$606,"Aktif")>0,"EVET","HAYIR")) -> HAYIR | P51: =IF($C51="","",IF($B51="","NO EKSİK",IF(COUNTIF($B$7:$B$156,$B51)>1,"NO TEKRARI",IF(COUNTIF($C$7:$C$156,$C51)>1,"UNVAN TEKRARI",IF($D51="","DURUM EKSİK",IF(AND($J51>0,$K51=""),"DEVİR TARİHİ EKSİK","UYGUN")))))) -> UYGUN | T51: =IF($C51="","",UPPER(SUBSTITUTE(SUBSTITUTE(SUBSTITUTE(SUBSTITUTE(SUBSTITUTE(SUBSTITUTE(SUBSTITUTE(SUBSTITUTE(SUBSTITUTE(SUBSTITUTE(SUBSTITUTE(SUBSTITUTE(SUBSTITUTE(SUBSTITUTE(SUBSTITUTE(SUBSTITUTE(SUBSTITUTE(SUBSTITUTE(TRIM($C51),"'",""),"İ","I"),"ı","I"),"i","I"),"Ş","S"),"ş","S"),"Ğ","G"),"ğ","G"),"Ü","U"),"ü","U"),"Ö","O"),"ö","O"),"Ç","C"),"ç","C"),".",""),",","")," ",""),"-",""))) -> SEMRAGUMUS | U51: =IF($B51="","",COUNTIF($V$7:$V$156,">"&$V51)+COUNTIF($V$7:$V51,$V51)) -> 51 | V51: =IF($B51="","",MAX(0,$J51+SUMIFS(UCRETLER!$I$7:$I$606,UCRETLER!$B$7:$B$606,$B51)+SUMIFS(GELIR_GIDER!$G$7:$G$3001,GELIR_GIDER!$T$7:$T$3001,$B51)-SUMIFS(TAHSILAT!$F$7:$F$2503,TAHSILAT!$C$7:$C$2503,$B51))) -> 0
B52: M049 | C52: STAR ŞOW LTD.ŞTİ. | D52: Aktif | H52: Nakit | I52: 46023 | J52: 0 | O52: =IF($C52="","",IF(COUNTIFS(UCRETLER!$B$7:$B$606,$B52,UCRETLER!$H$7:$H$606,"Aktif")>0,"EVET","HAYIR")) -> EVET | P52: =IF($C52="","",IF($B52="","NO EKSİK",IF(COUNTIF($B$7:$B$156,$B52)>1,"NO TEKRARI",IF(COUNTIF($C$7:$C$156,$C52)>1,"UNVAN TEKRARI",IF($D52="","DURUM EKSİK",IF(AND($J52>0,$K52=""),"DEVİR TARİHİ EKSİK","UYGUN")))))) -> UYGUN | T52: =IF($C52="","",UPPER(SUBSTITUTE(SUBSTITUTE(SUBSTITUTE(SUBSTITUTE(SUBSTITUTE(SUBSTITUTE(SUBSTITUTE(SUBSTITUTE(SUBSTITUTE(SUBSTITUTE(SUBSTITUTE(SUBSTITUTE(SUBSTITUTE(SUBSTITUTE(SUBSTITUTE(SUBSTITUTE(SUBSTITUTE(SUBSTITUTE(TRIM($C52),"'",""),"İ","I"),"ı","I"),"i","I"),"Ş","S"),"ş","S"),"Ğ","G"),"ğ","G"),"Ü","U"),"ü","U"),"Ö","O"),"ö","O"),"Ç","C"),"ç","C"),".",""),",","")," ",""),"-",""))) -> STARSOWLTDSTI | U52: =IF($B52="","",COUNTIF($V$7:$V$156,">"&$V52)+COUNTIF($V$7:$V52,$V52)) -> 52 | V52: =IF($B52="","",MAX(0,$J52+SUMIFS(UCRETLER!$I$7:$I$606,UCRETLER!$B$7:$B$606,$B52)+SUMIFS(GELIR_GIDER!$G$7:$G$3001,GELIR_GIDER!$T$7:$T$3001,$B52)-SUMIFS(TAHSILAT!$F$7:$F$2503,TAHSILAT!$C$7:$C$2503,$B52))) -> 0
B53: M050 | C53: TANAK LTD.ŞTİ. | D53: Aktif | H53: Nakit | I53: 46023 | J53: 0 | O53: =IF($C53="","",IF(COUNTIFS(UCRETLER!$B$7:$B$606,$B53,UCRETLER!$H$7:$H$606,"Aktif")>0,"EVET","HAYIR")) -> EVET | P53: =IF($C53="","",IF($B53="","NO EKSİK",IF(COUNTIF($B$7:$B$156,$B53)>1,"NO TEKRARI",IF(COUNTIF($C$7:$C$156,$C53)>1,"UNVAN TEKRARI",IF($D53="","DURUM EKSİK",IF(AND($J53>0,$K53=""),"DEVİR TARİHİ EKSİK","UYGUN")))))) -> UYGUN | T53: =IF($C53="","",UPPER(SUBSTITUTE(SUBSTITUTE(SUBSTITUTE(SUBSTITUTE(SUBSTITUTE(SUBSTITUTE(SUBSTITUTE(SUBSTITUTE(SUBSTITUTE(SUBSTITUTE(SUBSTITUTE(SUBSTITUTE(SUBSTITUTE(SUBSTITUTE(SUBSTITUTE(SUBSTITUTE(SUBSTITUTE(SUBSTITUTE(TRIM($C53),"'",""),"İ","I"),"ı","I"),"i","I"),"Ş","S"),"ş","S"),"Ğ","G"),"ğ","G"),"Ü","U"),"ü","U"),"Ö","O"),"ö","O"),"Ç","C"),"ç","C"),".",""),",","")," ",""),"-",""))) -> TANAKLTDSTI | U53: =IF($B53="","",COUNTIF($V$7:$V$156,">"&$V53)+COUNTIF($V$7:$V53,$V53)) -> 1 | V53: =IF($B53="","",MAX(0,$J53+SUMIFS(UCRETLER!$I$7:$I$606,UCRETLER!$B$7:$B$606,$B53)+SUMIFS(GELIR_GIDER!$G$7:$G$3001,GELIR_GIDER!$T$7:$T$3001,$B53)-SUMIFS(TAHSILAT!$F$7:$F$2503,TAHSILAT!$C$7:$C$2503,$B53))) -> 136000
B54: M003 | C54: TYANA LTD.ŞTİ. | D54: Aktif | H54: Nakit | I54: 46023 | J54: 0 | O54: =IF($C54="","",IF(COUNTIFS(UCRETLER!$B$7:$B$606,$B54,UCRETLER!$H$7:$H$606,"Aktif")>0,"EVET","HAYIR")) -> EVET | P54: =IF($C54="","",IF($B54="","NO EKSİK",IF(COUNTIF($B$7:$B$156,$B54)>1,"NO TEKRARI",IF(COUNTIF($C$7:$C$156,$C54)>1,"UNVAN TEKRARI",IF($D54="","DURUM EKSİK",IF(AND($J54>0,$K54=""),"DEVİR TARİHİ EKSİK","UYGUN")))))) -> UYGUN | T54: =IF($C54="","",UPPER(SUBSTITUTE(SUBSTITUTE(SUBSTITUTE(SUBSTITUTE(SUBSTITUTE(SUBSTITUTE(SUBSTITUTE(SUBSTITUTE(SUBSTITUTE(SUBSTITUTE(SUBSTITUTE(SUBSTITUTE(SUBSTITUTE(SUBSTITUTE(SUBSTITUTE(SUBSTITUTE(SUBSTITUTE(SUBSTITUTE(TRIM($C54),"'",""),"İ","I"),"ı","I"),"i","I"),"Ş","S"),"ş","S"),"Ğ","G"),"ğ","G"),"Ü","U"),"ü","U"),"Ö","O"),"ö","O"),"Ç","C"),"ç","C"),".",""),",","")," ",""),"-",""))) -> TYANALTDSTI | U54: =IF($B54="","",COUNTIF($V$7:$V$156,">"&$V54)+COUNTIF($V$7:$V54,$V54)) -> 4 | V54: =IF($B54="","",MAX(0,$J54+SUMIFS(UCRETLER!$I$7:$I$606,UCRETLER!$B$7:$B$606,$B54)+SUMIFS(GELIR_GIDER!$G$7:$G$3001,GELIR_GIDER!$T$7:$T$3001,$B54)-SUMIFS(TAHSILAT!$F$7:$F$2503,TAHSILAT!$C$7:$C$2503,$B54))) -> 99000
B55: M051 | C55: UFUK YILMAZ | D55: Aktif | H55: Nakit | I55: 46023 | J55: 0 | O55: =IF($C55="","",IF(COUNTIFS(UCRETLER!$B$7:$B$606,$B55,UCRETLER!$H$7:$H$606,"Aktif")>0,"EVET","HAYIR")) -> EVET | P55: =IF($C55="","",IF($B55="","NO EKSİK",IF(COUNTIF($B$7:$B$156,$B55)>1,"NO TEKRARI",IF(COUNTIF($C$7:$C$156,$C55)>1,"UNVAN TEKRARI",IF($D55="","DURUM EKSİK",IF(AND($J55>0,$K55=""),"DEVİR TARİHİ EKSİK","UYGUN")))))) -> UYGUN | T55: =IF($C55="","",UPPER(SUBSTITUTE(SUBSTITUTE(SUBSTITUTE(SUBSTITUTE(SUBSTITUTE(SUBSTITUTE(SUBSTITUTE(SUBSTITUTE(SUBSTITUTE(SUBSTITUTE(SUBSTITUTE(SUBSTITUTE(SUBSTITUTE(SUBSTITUTE(SUBSTITUTE(SUBSTITUTE(SUBSTITUTE(SUBSTITUTE(TRIM($C55),"'",""),"İ","I"),"ı","I"),"i","I"),"Ş","S"),"ş","S"),"Ğ","G"),"ğ","G"),"Ü","U"),"ü","U"),"Ö","O"),"ö","O"),"Ç","C"),"ç","C"),".",""),",","")," ",""),"-",""))) -> UFUKYILMAZ | U55: =IF($B55="","",COUNTIF($V$7:$V$156,">"&$V55)+COUNTIF($V$7:$V55,$V55)) -> 53 | V55: =IF($B55="","",MAX(0,$J55+SUMIFS(UCRETLER!$I$7:$I$606,UCRETLER!$B$7:$B$606,$B55)+SUMIFS(GELIR_GIDER!$G$7:$G$3001,GELIR_GIDER!$T$7:$T$3001,$B55)-SUMIFS(TAHSILAT!$F$7:$F$2503,TAHSILAT!$C$7:$C$2503,$B55))) -> 0
B56: M052 | C56: VANOLYA SU LTD.ŞTİ. | D56: Aktif | H56: Nakit | I56: 46023 | J56: 0 | O56: =IF($C56="","",IF(COUNTIFS(UCRETLER!$B$7:$B$606,$B56,UCRETLER!$H$7:$H$606,"Aktif")>0,"EVET","HAYIR")) -> EVET | P56: =IF($C56="","",IF($B56="","NO EKSİK",IF(COUNTIF($B$7:$B$156,$B56)>1,"NO TEKRARI",IF(COUNTIF($C$7:$C$156,$C56)>1,"UNVAN TEKRARI",IF($D56="","DURUM EKSİK",IF(AND($J56>0,$K56=""),"DEVİR TARİHİ EKSİK","UYGUN")))))) -> UYGUN | T56: =IF($C56="","",UPPER(SUBSTITUTE(SUBSTITUTE(SUBSTITUTE(SUBSTITUTE(SUBSTITUTE(SUBSTITUTE(SUBSTITUTE(SUBSTITUTE(SUBSTITUTE(SUBSTITUTE(SUBSTITUTE(SUBSTITUTE(SUBSTITUTE(SUBSTITUTE(SUBSTITUTE(SUBSTITUTE(SUBSTITUTE(SUBSTITUTE(TRIM($C56),"'",""),"İ","I"),"ı","I"),"i","I"),"Ş","S"),"ş","S"),"Ğ","G"),"ğ","G"),"Ü","U"),"ü","U"),"Ö","O"),"ö","O"),"Ç","C"),"ç","C"),".",""),",","")," ",""),"-",""))) -> VANOLYASULTDSTI | U56: =IF($B56="","",COUNTIF($V$7:$V$156,">"&$V56)+COUNTIF($V$7:$V56,$V56)) -> 20 | V56: =IF($B56="","",MAX(0,$J56+SUMIFS(UCRETLER!$I$7:$I$606,UCRETLER!$B$7:$B$606,$B56)+SUMIFS(GELIR_GIDER!$G$7:$G$3001,GELIR_GIDER!$T$7:$T$3001,$B56)-SUMIFS(TAHSILAT!$F$7:$F$2503,TAHSILAT!$C$7:$C$2503,$B56))) -> 10000
B57: M006 | C57: VOLKAN AÇIK | D57: Aktif | H57: Nakit | I57: 46023 | J57: 0 | O57: =IF($C57="","",IF(COUNTIFS(UCRETLER!$B$7:$B$606,$B57,UCRETLER!$H$7:$H$606,"Aktif")>0,"EVET","HAYIR")) -> EVET | P57: =IF($C57="","",IF($B57="","NO EKSİK",IF(COUNTIF($B$7:$B$156,$B57)>1,"NO TEKRARI",IF(COUNTIF($C$7:$C$156,$C57)>1,"UNVAN TEKRARI",IF($D57="","DURUM EKSİK",IF(AND($J57>0,$K57=""),"DEVİR TARİHİ EKSİK","UYGUN")))))) -> UYGUN | T57: =IF($C57="","",UPPER(SUBSTITUTE(SUBSTITUTE(SUBSTITUTE(SUBSTITUTE(SUBSTITUTE(SUBSTITUTE(SUBSTITUTE(SUBSTITUTE(SUBSTITUTE(SUBSTITUTE(SUBSTITUTE(SUBSTITUTE(SUBSTITUTE(SUBSTITUTE(SUBSTITUTE(SUBSTITUTE(SUBSTITUTE(SUBSTITUTE(TRIM($C57),"'",""),"İ","I"),"ı","I"),"i","I"),"Ş","S"),"ş","S"),"Ğ","G"),"ğ","G"),"Ü","U"),"ü","U"),"Ö","O"),"ö","O"),"Ç","C"),"ç","C"),".",""),",","")," ",""),"-",""))) -> VOLKANACIK | U57: =IF($B57="","",COUNTIF($V$7:$V$156,">"&$V57)+COUNTIF($V$7:$V57,$V57)) -> 16 | V57: =IF($B57="","",MAX(0,$J57+SUMIFS(UCRETLER!$I$7:$I$606,UCRETLER!$B$7:$B$606,$B57)+SUMIFS(GELIR_GIDER!$G$7:$G$3001,GELIR_GIDER!$T$7:$T$3001,$B57)-SUMIFS(TAHSILAT!$F$7:$F$2503,TAHSILAT!$C$7:$C$2503,$B57))) -> 19000
B58: M054 | C58: YALIKENT LTD.ŞTİ. | D58: Pasif | H58: Nakit | I58: 46023 | O58: =IF($C58="","",IF(COUNTIFS(UCRETLER!$B$7:$B$606,$B58,UCRETLER!$H$7:$H$606,"Aktif")>0,"EVET","HAYIR")) -> HAYIR | P58: =IF($C58="","",IF($B58="","NO EKSİK",IF(COUNTIF($B$7:$B$156,$B58)>1,"NO TEKRARI",IF(COUNTIF($C$7:$C$156,$C58)>1,"UNVAN TEKRARI",IF($D58="","DURUM EKSİK",IF(AND($J58>0,$K58=""),"DEVİR TARİHİ EKSİK","UYGUN")))))) -> UYGUN | T58: =IF($C58="","",UPPER(SUBSTITUTE(SUBSTITUTE(SUBSTITUTE(SUBSTITUTE(SUBSTITUTE(SUBSTITUTE(SUBSTITUTE(SUBSTITUTE(SUBSTITUTE(SUBSTITUTE(SUBSTITUTE(SUBSTITUTE(SUBSTITUTE(SUBSTITUTE(SUBSTITUTE(SUBSTITUTE(SUBSTITUTE(SUBSTITUTE(TRIM($C58),"'",""),"İ","I"),"ı","I"),"i","I"),"Ş","S"),"ş","S"),"Ğ","G"),"ğ","G"),"Ü","U"),"ü","U"),"Ö","O"),"ö","O"),"Ç","C"),"ç","C"),".",""),",","")," ",""),"-",""))) -> YALIKENTLTDSTI | U58: =IF($B58="","",COUNTIF($V$7:$V$156,">"&$V58)+COUNTIF($V$7:$V58,$V58)) -> 54 | V58: =IF($B58="","",MAX(0,$J58+SUMIFS(UCRETLER!$I$7:$I$606,UCRETLER!$B$7:$B$606,$B58)+SUMIFS(GELIR_GIDER!$G$7:$G$3001,GELIR_GIDER!$T$7:$T$3001,$B58)-SUMIFS(TAHSILAT!$F$7:$F$2503,TAHSILAT!$C$7:$C$2503,$B58))) -> 0
B59: M053 | C59: YEDİYİRMİDÖRT LTD.ŞTİ. | D59: Aktif | H59: Nakit | I59: 46023 | J59: 0 | O59: =IF($C59="","",IF(COUNTIFS(UCRETLER!$B$7:$B$606,$B59,UCRETLER!$H$7:$H$606,"Aktif")>0,"EVET","HAYIR")) -> EVET | P59: =IF($C59="","",IF($B59="","NO EKSİK",IF(COUNTIF($B$7:$B$156,$B59)>1,"NO TEKRARI",IF(COUNTIF($C$7:$C$156,$C59)>1,"UNVAN TEKRARI",IF($D59="","DURUM EKSİK",IF(AND($J59>0,$K59=""),"DEVİR TARİHİ EKSİK","UYGUN")))))) -> UYGUN | T59: =IF($C59="","",UPPER(SUBSTITUTE(SUBSTITUTE(SUBSTITUTE(SUBSTITUTE(SUBSTITUTE(SUBSTITUTE(SUBSTITUTE(SUBSTITUTE(SUBSTITUTE(SUBSTITUTE(SUBSTITUTE(SUBSTITUTE(SUBSTITUTE(SUBSTITUTE(SUBSTITUTE(SUBSTITUTE(SUBSTITUTE(SUBSTITUTE(TRIM($C59),"'",""),"İ","I"),"ı","I"),"i","I"),"Ş","S"),"ş","S"),"Ğ","G"),"ğ","G"),"Ü","U"),"ü","U"),"Ö","O"),"ö","O"),"Ç","C"),"ç","C"),".",""),",","")," ",""),"-",""))) -> YEDIYIRMIDORTLTDSTI | U59: =IF($B59="","",COUNTIF($V$7:$V$156,">"&$V59)+COUNTIF($V$7:$V59,$V59)) -> 13 | V59: =IF($B59="","",MAX(0,$J59+SUMIFS(UCRETLER!$I$7:$I$606,UCRETLER!$B$7:$B$606,$B59)+SUMIFS(GELIR_GIDER!$G$7:$G$3001,GELIR_GIDER!$T$7:$T$3001,$B59)-SUMIFS(TAHSILAT!$F$7:$F$2503,TAHSILAT!$C$7:$C$2503,$B59))) -> 24000
B60: M004 | C60: ZÜMRÜT EĞLENCE LTD.ŞTİ. | D60: Aktif | H60: Nakit | I60: 46023 | J60: 0 | O60: =IF($C60="","",IF(COUNTIFS(UCRETLER!$B$7:$B$606,$B60,UCRETLER!$H$7:$H$606,"Aktif")>0,"EVET","HAYIR")) -> EVET | P60: =IF($C60="","",IF($B60="","NO EKSİK",IF(COUNTIF($B$7:$B$156,$B60)>1,"NO TEKRARI",IF(COUNTIF($C$7:$C$156,$C60)>1,"UNVAN TEKRARI",IF($D60="","DURUM EKSİK",IF(AND($J60>0,$K60=""),"DEVİR TARİHİ EKSİK","UYGUN")))))) -> UYGUN | T60: =IF($C60="","",UPPER(SUBSTITUTE(SUBSTITUTE(SUBSTITUTE(SUBSTITUTE(SUBSTITUTE(SUBSTITUTE(SUBSTITUTE(SUBSTITUTE(SUBSTITUTE(SUBSTITUTE(SUBSTITUTE(SUBSTITUTE(SUBSTITUTE(SUBSTITUTE(SUBSTITUTE(SUBSTITUTE(SUBSTITUTE(SUBSTITUTE(TRIM($C60),"'",""),"İ","I"),"ı","I"),"i","I"),"Ş","S"),"ş","S"),"Ğ","G"),"ğ","G"),"Ü","U"),"ü","U"),"Ö","O"),"ö","O"),"Ç","C"),"ç","C"),".",""),",","")," ",""),"-",""))) -> ZUMRUTEGLENCELTDSTI | U60: =IF($B60="","",COUNTIF($V$7:$V$156,">"&$V60)+COUNTIF($V$7:$V60,$V60)) -> 8 | V60: =IF($B60="","",MAX(0,$J60+SUMIFS(UCRETLER!$I$7:$I$606,UCRETLER!$B$7:$B$606,$B60)+SUMIFS(GELIR_GIDER!$G$7:$G$3001,GELIR_GIDER!$T$7:$T$3001,$B60)-SUMIFS(TAHSILAT!$F$7:$F$2503,TAHSILAT!$C$7:$C$2503,$B60))) -> 66000
B61: M005 | C61: ZÜMRÜT GRUP LTD.ŞTİ. | D61: Aktif | H61: Nakit | I61: 46023 | J61: 0 | O61: =IF($C61="","",IF(COUNTIFS(UCRETLER!$B$7:$B$606,$B61,UCRETLER!$H$7:$H$606,"Aktif")>0,"EVET","HAYIR")) -> EVET | P61: =IF($C61="","",IF($B61="","NO EKSİK",IF(COUNTIF($B$7:$B$156,$B61)>1,"NO TEKRARI",IF(COUNTIF($C$7:$C$156,$C61)>1,"UNVAN TEKRARI",IF($D61="","DURUM EKSİK",IF(AND($J61>0,$K61=""),"DEVİR TARİHİ EKSİK","UYGUN")))))) -> UYGUN | T61: =IF($C61="","",UPPER(SUBSTITUTE(SUBSTITUTE(SUBSTITUTE(SUBSTITUTE(SUBSTITUTE(SUBSTITUTE(SUBSTITUTE(SUBSTITUTE(SUBSTITUTE(SUBSTITUTE(SUBSTITUTE(SUBSTITUTE(SUBSTITUTE(SUBSTITUTE(SUBSTITUTE(SUBSTITUTE(SUBSTITUTE(SUBSTITUTE(TRIM($C61),"'",""),"İ","I"),"ı","I"),"i","I"),"Ş","S"),"ş","S"),"Ğ","G"),"ğ","G"),"Ü","U"),"ü","U"),"Ö","O"),"ö","O"),"Ç","C"),"ç","C"),".",""),",","")," ",""),"-",""))) -> ZUMRUTGRUPLTDSTI | U61: =IF($B61="","",COUNTIF($V$7:$V$156,">"&$V61)+COUNTIF($V$7:$V61,$V61)) -> 55 | V61: =IF($B61="","",MAX(0,$J61+SUMIFS(UCRETLER!$I$7:$I$606,UCRETLER!$B$7:$B$606,$B61)+SUMIFS(GELIR_GIDER!$G$7:$G$3001,GELIR_GIDER!$T$7:$T$3001,$B61)-SUMIFS(TAHSILAT!$F$7:$F$2503,TAHSILAT!$C$7:$C$2503,$B61))) -> 0
O62: =IF($C62="","",IF(COUNTIFS(UCRETLER!$B$7:$B$606,$B62,UCRETLER!$H$7:$H$606,"Aktif")>0,"EVET","HAYIR")) | P62: =IF($C62="","",IF($B62="","NO EKSİK",IF(COUNTIF($B$7:$B$156,$B62)>1,"NO TEKRARI",IF(COUNTIF($C$7:$C$156,$C62)>1,"UNVAN TEKRARI",IF($D62="","DURUM EKSİK",IF(AND($J62>0,$K62=""),"DEVİR TARİHİ EKSİK","UYGUN")))))) | T62: =IF($C62="","",UPPER(SUBSTITUTE(SUBSTITUTE(SUBSTITUTE(SUBSTITUTE(SUBSTITUTE(SUBSTITUTE(SUBSTITUTE(SUBSTITUTE(SUBSTITUTE(SUBSTITUTE(SUBSTITUTE(SUBSTITUTE(SUBSTITUTE(SUBSTITUTE(SUBSTITUTE(SUBSTITUTE(SUBSTITUTE(SUBSTITUTE(TRIM($C62),"'",""),"İ","I"),"ı","I"),"i","I"),"Ş","S"),"ş","S"),"Ğ","G"),"ğ","G"),"Ü","U"),"ü","U"),"Ö","O"),"ö","O"),"Ç","C"),"ç","C"),".",""),",","")," ",""),"-",""))) | U62: =IF($B62="","",COUNTIF($V$7:$V$156,">"&$V62)+COUNTIF($V$7:$V62,$V62)) | V62: =IF($B62="","",MAX(0,$J62+SUMIFS(UCRETLER!$I$7:$I$606,UCRETLER!$B$7:$B$606,$B62)+SUMIFS(GELIR_GIDER!$G$7:$G$3001,GELIR_GIDER!$T$7:$T$3001,$B62)-SUMIFS(TAHSILAT!$F$7:$F$2503,TAHSILAT!$C$7:$C$2503,$B62)))
O63: =IF($C63="","",IF(COUNTIFS(UCRETLER!$B$7:$B$606,$B63,UCRETLER!$H$7:$H$606,"Aktif")>0,"EVET","HAYIR")) | P63: =IF($C63="","",IF($B63="","NO EKSİK",IF(COUNTIF($B$7:$B$156,$B63)>1,"NO TEKRARI",IF(COUNTIF($C$7:$C$156,$C63)>1,"UNVAN TEKRARI",IF($D63="","DURUM EKSİK",IF(AND($J63>0,$K63=""),"DEVİR TARİHİ EKSİK","UYGUN")))))) | T63: =IF($C63="","",UPPER(SUBSTITUTE(SUBSTITUTE(SUBSTITUTE(SUBSTITUTE(SUBSTITUTE(SUBSTITUTE(SUBSTITUTE(SUBSTITUTE(SUBSTITUTE(SUBSTITUTE(SUBSTITUTE(SUBSTITUTE(SUBSTITUTE(SUBSTITUTE(SUBSTITUTE(SUBSTITUTE(SUBSTITUTE(SUBSTITUTE(TRIM($C63),"'",""),"İ","I"),"ı","I"),"i","I"),"Ş","S"),"ş","S"),"Ğ","G"),"ğ","G"),"Ü","U"),"ü","U"),"Ö","O"),"ö","O"),"Ç","C"),"ç","C"),".",""),",","")," ",""),"-",""))) | U63: =IF($B63="","",COUNTIF($V$7:$V$156,">"&$V63)+COUNTIF($V$7:$V63,$V63)) | V63: =IF($B63="","",MAX(0,$J63+SUMIFS(UCRETLER!$I$7:$I$606,UCRETLER!$B$7:$B$606,$B63)+SUMIFS(GELIR_GIDER!$G$7:$G$3001,GELIR_GIDER!$T$7:$T$3001,$B63)-SUMIFS(TAHSILAT!$F$7:$F$2503,TAHSILAT!$C$7:$C$2503,$B63)))
O64: =IF($C64="","",IF(COUNTIFS(UCRETLER!$B$7:$B$606,$B64,UCRETLER!$H$7:$H$606,"Aktif")>0,"EVET","HAYIR")) | P64: =IF($C64="","",IF($B64="","NO EKSİK",IF(COUNTIF($B$7:$B$156,$B64)>1,"NO TEKRARI",IF(COUNTIF($C$7:$C$156,$C64)>1,"UNVAN TEKRARI",IF($D64="","DURUM EKSİK",IF(AND($J64>0,$K64=""),"DEVİR TARİHİ EKSİK","UYGUN")))))) | T64: =IF($C64="","",UPPER(SUBSTITUTE(SUBSTITUTE(SUBSTITUTE(SUBSTITUTE(SUBSTITUTE(SUBSTITUTE(SUBSTITUTE(SUBSTITUTE(SUBSTITUTE(SUBSTITUTE(SUBSTITUTE(SUBSTITUTE(SUBSTITUTE(SUBSTITUTE(SUBSTITUTE(SUBSTITUTE(SUBSTITUTE(SUBSTITUTE(TRIM($C64),"'",""),"İ","I"),"ı","I"),"i","I"),"Ş","S"),"ş","S"),"Ğ","G"),"ğ","G"),"Ü","U"),"ü","U"),"Ö","O"),"ö","O"),"Ç","C"),"ç","C"),".",""),",","")," ",""),"-",""))) | U64: =IF($B64="","",COUNTIF($V$7:$V$156,">"&$V64)+COUNTIF($V$7:$V64,$V64)) | V64: =IF($B64="","",MAX(0,$J64+SUMIFS(UCRETLER!$I$7:$I$606,UCRETLER!$B$7:$B$606,$B64)+SUMIFS(GELIR_GIDER!$G$7:$G$3001,GELIR_GIDER!$T$7:$T$3001,$B64)-SUMIFS(TAHSILAT!$F$7:$F$2503,TAHSILAT!$C$7:$C$2503,$B64)))
O65: =IF($C65="","",IF(COUNTIFS(UCRETLER!$B$7:$B$606,$B65,UCRETLER!$H$7:$H$606,"Aktif")>0,"EVET","HAYIR")) | P65: =IF($C65="","",IF($B65="","NO EKSİK",IF(COUNTIF($B$7:$B$156,$B65)>1,"NO TEKRARI",IF(COUNTIF($C$7:$C$156,$C65)>1,"UNVAN TEKRARI",IF($D65="","DURUM EKSİK",IF(AND($J65>0,$K65=""),"DEVİR TARİHİ EKSİK","UYGUN")))))) | T65: =IF($C65="","",UPPER(SUBSTITUTE(SUBSTITUTE(SUBSTITUTE(SUBSTITUTE(SUBSTITUTE(SUBSTITUTE(SUBSTITUTE(SUBSTITUTE(SUBSTITUTE(SUBSTITUTE(SUBSTITUTE(SUBSTITUTE(SUBSTITUTE(SUBSTITUTE(SUBSTITUTE(SUBSTITUTE(SUBSTITUTE(SUBSTITUTE(TRIM($C65),"'",""),"İ","I"),"ı","I"),"i","I"),"Ş","S"),"ş","S"),"Ğ","G"),"ğ","G"),"Ü","U"),"ü","U"),"Ö","O"),"ö","O"),"Ç","C"),"ç","C"),".",""),",","")," ",""),"-",""))) | U65: =IF($B65="","",COUNTIF($V$7:$V$156,">"&$V65)+COUNTIF($V$7:$V65,$V65)) | V65: =IF($B65="","",MAX(0,$J65+SUMIFS(UCRETLER!$I$7:$I$606,UCRETLER!$B$7:$B$606,$B65)+SUMIFS(GELIR_GIDER!$G$7:$G$3001,GELIR_GIDER!$T$7:$T$3001,$B65)-SUMIFS(TAHSILAT!$F$7:$F$2503,TAHSILAT!$C$7:$C$2503,$B65)))
O66: =IF($C66="","",IF(COUNTIFS(UCRETLER!$B$7:$B$606,$B66,UCRETLER!$H$7:$H$606,"Aktif")>0,"EVET","HAYIR")) | P66: =IF($C66="","",IF($B66="","NO EKSİK",IF(COUNTIF($B$7:$B$156,$B66)>1,"NO TEKRARI",IF(COUNTIF($C$7:$C$156,$C66)>1,"UNVAN TEKRARI",IF($D66="","DURUM EKSİK",IF(AND($J66>0,$K66=""),"DEVİR TARİHİ EKSİK","UYGUN")))))) | T66: =IF($C66="","",UPPER(SUBSTITUTE(SUBSTITUTE(SUBSTITUTE(SUBSTITUTE(SUBSTITUTE(SUBSTITUTE(SUBSTITUTE(SUBSTITUTE(SUBSTITUTE(SUBSTITUTE(SUBSTITUTE(SUBSTITUTE(SUBSTITUTE(SUBSTITUTE(SUBSTITUTE(SUBSTITUTE(SUBSTITUTE(SUBSTITUTE(TRIM($C66),"'",""),"İ","I"),"ı","I"),"i","I"),"Ş","S"),"ş","S"),"Ğ","G"),"ğ","G"),"Ü","U"),"ü","U"),"Ö","O"),"ö","O"),"Ç","C"),"ç","C"),".",""),",","")," ",""),"-",""))) | U66: =IF($B66="","",COUNTIF($V$7:$V$156,">"&$V66)+COUNTIF($V$7:$V66,$V66)) | V66: =IF($B66="","",MAX(0,$J66+SUMIFS(UCRETLER!$I$7:$I$606,UCRETLER!$B$7:$B$606,$B66)+SUMIFS(GELIR_GIDER!$G$7:$G$3001,GELIR_GIDER!$T$7:$T$3001,$B66)-SUMIFS(TAHSILAT!$F$7:$F$2503,TAHSILAT!$C$7:$C$2503,$B66)))
O67: =IF($C67="","",IF(COUNTIFS(UCRETLER!$B$7:$B$606,$B67,UCRETLER!$H$7:$H$606,"Aktif")>0,"EVET","HAYIR")) | P67: =IF($C67="","",IF($B67="","NO EKSİK",IF(COUNTIF($B$7:$B$156,$B67)>1,"NO TEKRARI",IF(COUNTIF($C$7:$C$156,$C67)>1,"UNVAN TEKRARI",IF($D67="","DURUM EKSİK",IF(AND($J67>0,$K67=""),"DEVİR TARİHİ EKSİK","UYGUN")))))) | T67: =IF($C67="","",UPPER(SUBSTITUTE(SUBSTITUTE(SUBSTITUTE(SUBSTITUTE(SUBSTITUTE(SUBSTITUTE(SUBSTITUTE(SUBSTITUTE(SUBSTITUTE(SUBSTITUTE(SUBSTITUTE(SUBSTITUTE(SUBSTITUTE(SUBSTITUTE(SUBSTITUTE(SUBSTITUTE(SUBSTITUTE(SUBSTITUTE(TRIM($C67),"'",""),"İ","I"),"ı","I"),"i","I"),"Ş","S"),"ş","S"),"Ğ","G"),"ğ","G"),"Ü","U"),"ü","U"),"Ö","O"),"ö","O"),"Ç","C"),"ç","C"),".",""),",","")," ",""),"-",""))) | U67: =IF($B67="","",COUNTIF($V$7:$V$156,">"&$V67)+COUNTIF($V$7:$V67,$V67)) | V67: =IF($B67="","",MAX(0,$J67+SUMIFS(UCRETLER!$I$7:$I$606,UCRETLER!$B$7:$B$606,$B67)+SUMIFS(GELIR_GIDER!$G$7:$G$3001,GELIR_GIDER!$T$7:$T$3001,$B67)-SUMIFS(TAHSILAT!$F$7:$F$2503,TAHSILAT!$C$7:$C$2503,$B67)))
O68: =IF($C68="","",IF(COUNTIFS(UCRETLER!$B$7:$B$606,$B68,UCRETLER!$H$7:$H$606,"Aktif")>0,"EVET","HAYIR")) | P68: =IF($C68="","",IF($B68="","NO EKSİK",IF(COUNTIF($B$7:$B$156,$B68)>1,"NO TEKRARI",IF(COUNTIF($C$7:$C$156,$C68)>1,"UNVAN TEKRARI",IF($D68="","DURUM EKSİK",IF(AND($J68>0,$K68=""),"DEVİR TARİHİ EKSİK","UYGUN")))))) | T68: =IF($C68="","",UPPER(SUBSTITUTE(SUBSTITUTE(SUBSTITUTE(SUBSTITUTE(SUBSTITUTE(SUBSTITUTE(SUBSTITUTE(SUBSTITUTE(SUBSTITUTE(SUBSTITUTE(SUBSTITUTE(SUBSTITUTE(SUBSTITUTE(SUBSTITUTE(SUBSTITUTE(SUBSTITUTE(SUBSTITUTE(SUBSTITUTE(TRIM($C68),"'",""),"İ","I"),"ı","I"),"i","I"),"Ş","S"),"ş","S"),"Ğ","G"),"ğ","G"),"Ü","U"),"ü","U"),"Ö","O"),"ö","O"),"Ç","C"),"ç","C"),".",""),",","")," ",""),"-",""))) | U68: =IF($B68="","",COUNTIF($V$7:$V$156,">"&$V68)+COUNTIF($V$7:$V68,$V68)) | V68: =IF($B68="","",MAX(0,$J68+SUMIFS(UCRETLER!$I$7:$I$606,UCRETLER!$B$7:$B$606,$B68)+SUMIFS(GELIR_GIDER!$G$7:$G$3001,GELIR_GIDER!$T$7:$T$3001,$B68)-SUMIFS(TAHSILAT!$F$7:$F$2503,TAHSILAT!$C$7:$C$2503,$B68)))
O69: =IF($C69="","",IF(COUNTIFS(UCRETLER!$B$7:$B$606,$B69,UCRETLER!$H$7:$H$606,"Aktif")>0,"EVET","HAYIR")) | P69: =IF($C69="","",IF($B69="","NO EKSİK",IF(COUNTIF($B$7:$B$156,$B69)>1,"NO TEKRARI",IF(COUNTIF($C$7:$C$156,$C69)>1,"UNVAN TEKRARI",IF($D69="","DURUM EKSİK",IF(AND($J69>0,$K69=""),"DEVİR TARİHİ EKSİK","UYGUN")))))) | T69: =IF($C69="","",UPPER(SUBSTITUTE(SUBSTITUTE(SUBSTITUTE(SUBSTITUTE(SUBSTITUTE(SUBSTITUTE(SUBSTITUTE(SUBSTITUTE(SUBSTITUTE(SUBSTITUTE(SUBSTITUTE(SUBSTITUTE(SUBSTITUTE(SUBSTITUTE(SUBSTITUTE(SUBSTITUTE(SUBSTITUTE(SUBSTITUTE(TRIM($C69),"'",""),"İ","I"),"ı","I"),"i","I"),"Ş","S"),"ş","S"),"Ğ","G"),"ğ","G"),"Ü","U"),"ü","U"),"Ö","O"),"ö","O"),"Ç","C"),"ç","C"),".",""),",","")," ",""),"-",""))) | U69: =IF($B69="","",COUNTIF($V$7:$V$156,">"&$V69)+COUNTIF($V$7:$V69,$V69)) | V69: =IF($B69="","",MAX(0,$J69+SUMIFS(UCRETLER!$I$7:$I$606,UCRETLER!$B$7:$B$606,$B69)+SUMIFS(GELIR_GIDER!$G$7:$G$3001,GELIR_GIDER!$T$7:$T$3001,$B69)-SUMIFS(TAHSILAT!$F$7:$F$2503,TAHSILAT!$C$7:$C$2503,$B69)))
O70: =IF($C70="","",IF(COUNTIFS(UCRETLER!$B$7:$B$606,$B70,UCRETLER!$H$7:$H$606,"Aktif")>0,"EVET","HAYIR")) | P70: =IF($C70="","",IF($B70="","NO EKSİK",IF(COUNTIF($B$7:$B$156,$B70)>1,"NO TEKRARI",IF(COUNTIF($C$7:$C$156,$C70)>1,"UNVAN TEKRARI",IF($D70="","DURUM EKSİK",IF(AND($J70>0,$K70=""),"DEVİR TARİHİ EKSİK","UYGUN")))))) | T70: =IF($C70="","",UPPER(SUBSTITUTE(SUBSTITUTE(SUBSTITUTE(SUBSTITUTE(SUBSTITUTE(SUBSTITUTE(SUBSTITUTE(SUBSTITUTE(SUBSTITUTE(SUBSTITUTE(SUBSTITUTE(SUBSTITUTE(SUBSTITUTE(SUBSTITUTE(SUBSTITUTE(SUBSTITUTE(SUBSTITUTE(SUBSTITUTE(TRIM($C70),"'",""),"İ","I"),"ı","I"),"i","I"),"Ş","S"),"ş","S"),"Ğ","G"),"ğ","G"),"Ü","U"),"ü","U"),"Ö","O"),"ö","O"),"Ç","C"),"ç","C"),".",""),",","")," ",""),"-",""))) | U70: =IF($B70="","",COUNTIF($V$7:$V$156,">"&$V70)+COUNTIF($V$7:$V70,$V70)) | V70: =IF($B70="","",MAX(0,$J70+SUMIFS(UCRETLER!$I$7:$I$606,UCRETLER!$B$7:$B$606,$B70)+SUMIFS(GELIR_GIDER!$G$7:$G$3001,GELIR_GIDER!$T$7:$T$3001,$B70)-SUMIFS(TAHSILAT!$F$7:$F$2503,TAHSILAT!$C$7:$C$2503,$B70)))
O71: =IF($C71="","",IF(COUNTIFS(UCRETLER!$B$7:$B$606,$B71,UCRETLER!$H$7:$H$606,"Aktif")>0,"EVET","HAYIR")) | P71: =IF($C71="","",IF($B71="","NO EKSİK",IF(COUNTIF($B$7:$B$156,$B71)>1,"NO TEKRARI",IF(COUNTIF($C$7:$C$156,$C71)>1,"UNVAN TEKRARI",IF($D71="","DURUM EKSİK",IF(AND($J71>0,$K71=""),"DEVİR TARİHİ EKSİK","UYGUN")))))) | T71: =IF($C71="","",UPPER(SUBSTITUTE(SUBSTITUTE(SUBSTITUTE(SUBSTITUTE(SUBSTITUTE(SUBSTITUTE(SUBSTITUTE(SUBSTITUTE(SUBSTITUTE(SUBSTITUTE(SUBSTITUTE(SUBSTITUTE(SUBSTITUTE(SUBSTITUTE(SUBSTITUTE(SUBSTITUTE(SUBSTITUTE(SUBSTITUTE(TRIM($C71),"'",""),"İ","I"),"ı","I"),"i","I"),"Ş","S"),"ş","S"),"Ğ","G"),"ğ","G"),"Ü","U"),"ü","U"),"Ö","O"),"ö","O"),"Ç","C"),"ç","C"),".",""),",","")," ",""),"-",""))) | U71: =IF($B71="","",COUNTIF($V$7:$V$156,">"&$V71)+COUNTIF($V$7:$V71,$V71)) | V71: =IF($B71="","",MAX(0,$J71+SUMIFS(UCRETLER!$I$7:$I$606,UCRETLER!$B$7:$B$606,$B71)+SUMIFS(GELIR_GIDER!$G$7:$G$3001,GELIR_GIDER!$T$7:$T$3001,$B71)-SUMIFS(TAHSILAT!$F$7:$F$2503,TAHSILAT!$C$7:$C$2503,$B71)))
O72: =IF($C72="","",IF(COUNTIFS(UCRETLER!$B$7:$B$606,$B72,UCRETLER!$H$7:$H$606,"Aktif")>0,"EVET","HAYIR")) | P72: =IF($C72="","",IF($B72="","NO EKSİK",IF(COUNTIF($B$7:$B$156,$B72)>1,"NO TEKRARI",IF(COUNTIF($C$7:$C$156,$C72)>1,"UNVAN TEKRARI",IF($D72="","DURUM EKSİK",IF(AND($J72>0,$K72=""),"DEVİR TARİHİ EKSİK","UYGUN")))))) | T72: =IF($C72="","",UPPER(SUBSTITUTE(SUBSTITUTE(SUBSTITUTE(SUBSTITUTE(SUBSTITUTE(SUBSTITUTE(SUBSTITUTE(SUBSTITUTE(SUBSTITUTE(SUBSTITUTE(SUBSTITUTE(SUBSTITUTE(SUBSTITUTE(SUBSTITUTE(SUBSTITUTE(SUBSTITUTE(SUBSTITUTE(SUBSTITUTE(TRIM($C72),"'",""),"İ","I"),"ı","I"),"i","I"),"Ş","S"),"ş","S"),"Ğ","G"),"ğ","G"),"Ü","U"),"ü","U"),"Ö","O"),"ö","O"),"Ç","C"),"ç","C"),".",""),",","")," ",""),"-",""))) | U72: =IF($B72="","",COUNTIF($V$7:$V$156,">"&$V72)+COUNTIF($V$7:$V72,$V72)) | V72: =IF($B72="","",MAX(0,$J72+SUMIFS(UCRETLER!$I$7:$I$606,UCRETLER!$B$7:$B$606,$B72)+SUMIFS(GELIR_GIDER!$G$7:$G$3001,GELIR_GIDER!$T$7:$T$3001,$B72)-SUMIFS(TAHSILAT!$F$7:$F$2503,TAHSILAT!$C$7:$C$2503,$B72)))
O73: =IF($C73="","",IF(COUNTIFS(UCRETLER!$B$7:$B$606,$B73,UCRETLER!$H$7:$H$606,"Aktif")>0,"EVET","HAYIR")) | P73: =IF($C73="","",IF($B73="","NO EKSİK",IF(COUNTIF($B$7:$B$156,$B73)>1,"NO TEKRARI",IF(COUNTIF($C$7:$C$156,$C73)>1,"UNVAN TEKRARI",IF($D73="","DURUM EKSİK",IF(AND($J73>0,$K73=""),"DEVİR TARİHİ EKSİK","UYGUN")))))) | T73: =IF($C73="","",UPPER(SUBSTITUTE(SUBSTITUTE(SUBSTITUTE(SUBSTITUTE(SUBSTITUTE(SUBSTITUTE(SUBSTITUTE(SUBSTITUTE(SUBSTITUTE(SUBSTITUTE(SUBSTITUTE(SUBSTITUTE(SUBSTITUTE(SUBSTITUTE(SUBSTITUTE(SUBSTITUTE(SUBSTITUTE(SUBSTITUTE(TRIM($C73),"'",""),"İ","I"),"ı","I"),"i","I"),"Ş","S"),"ş","S"),"Ğ","G"),"ğ","G"),"Ü","U"),"ü","U"),"Ö","O"),"ö","O"),"Ç","C"),"ç","C"),".",""),",","")," ",""),"-",""))) | U73: =IF($B73="","",COUNTIF($V$7:$V$156,">"&$V73)+COUNTIF($V$7:$V73,$V73)) | V73: =IF($B73="","",MAX(0,$J73+SUMIFS(UCRETLER!$I$7:$I$606,UCRETLER!$B$7:$B$606,$B73)+SUMIFS(GELIR_GIDER!$G$7:$G$3001,GELIR_GIDER!$T$7:$T$3001,$B73)-SUMIFS(TAHSILAT!$F$7:$F$2503,TAHSILAT!$C$7:$C$2503,$B73)))
... O156: =IF($C156="","",IF(COUNTIFS(UCRETLER!$B$7:$B$606,$B156,UCRETLER!$H$7:$H$606,"Aktif")>0,"EVET","HAYIR")) | P156: =IF($C156="","",IF($B156="","NO EKSİK",IF(COUNTIF($B$7:$B$156,$B156)>1,"NO TEKRARI",IF(COUNTIF($C$7:$C$156,$C156)>1,"UNVAN TEKRARI",IF($D156="","DURUM EKSİK",IF(AND($J156>0,$K156=""),"DEVİR TARİHİ EKSİK","UYGUN")))))) | T156: =IF($C156="","",UPPER(SUBSTITUTE(SUBSTITUTE(SUBSTITUTE(SUBSTITUTE(SUBSTITUTE(SUBSTITUTE(SUBSTITUTE(SUBSTITUTE(SUBSTITUTE(SUBSTITUTE(SUBSTITUTE(SUBSTITUTE(SUBSTITUTE(SUBSTITUTE(SUBSTITUTE(SUBSTITUTE(SUBSTITUTE(SUBSTITUTE(TRIM($C156),"'",""),"İ","I"),"ı","I"),"i","I"),"Ş","S"),"ş","S"),"Ğ","G"),"ğ","G"),"Ü","U"),"ü","U"),"Ö","O"),"ö","O"),"Ç","C"),"ç","C"),".",""),",","")," ",""),"-",""))) | U156: =IF($B156="","",COUNTIF($V$7:$V$156,">"&$V156)+COUNTIF($V$7:$V156,$V156)) | V156: =IF($B156="","",MAX(0,$J156+SUMIFS(UCRETLER!$I$7:$I$606,UCRETLER!$B$7:$B$606,$B156)+SUMIFS(GELIR_GIDER!$G$7:$G$3001,GELIR_GIDER!$T$7:$T$3001,$B156)-SUMIFS(TAHSILAT!$F$7:$F$2503,TAHSILAT!$C$7:$C$2503,$B156)))

Sheet UCRETLER
A1: ✎ VERİ GİRİŞ EKRANI — SARI HÜCRELER | F1: KILIÇ MUHASEBE │ ÜCRET DÖNEMLERİ │ HAFTALIK VE AYLIK TAHAKKUK
A2: SARI HÜCRELERE YAZIN │ Ücret değişinde eski dönemi kapat, yeni satır aç │ Geçmiş tahakkuk asla bozulmaz
B3: ⚠ SAKIN: ücret değişinde TUTARI DEĞİŞTİRMEYİN. Eski satırı kapatıp yeni satır açın — aksi halde geçmiş aylar bozulur ve GERİ ALINAMAZ.
B4: =HYPERLINK("#PANO!A1","⌂") -> ⌂ | C4: =HYPERLINK("#PANO!A1","M E N Ü") -> M E N Ü | D4: =HYPERLINK("#MUSTERILER!A1","Müşteriler") -> Müşteriler | F4: =HYPERLINK("#MUSTERI_360!A1","Müşteri 360") -> Müşteri 360 | H4: Sarı = giriş, beyaz = otomatik (kilitli). Başlangıç tarihi serbesttir: haftalık modelde ilk tahakkuk bu tarihten sonraki ilk tahakkuk gününde, aylık modelde ayın son gününde oluşur.
C5: TOPLAM │ Aktif haftalık + aylık tahakkuk ve oluşan ücret | G5: =SUMIFS($G$7:$G$606,$H$7:$H$606,"Aktif") -> 210751 | I5: =SUM($I$7:$I$606) -> 3298007
B6: Müşteri No | C6: Müşteri (yazın veya seçin) | D6: Ücret Başlangıç Tarihi | E6: Ücret Bitiş Tarihi (bu tarih DAHİL — boş = süresiz) | F6: Tahakkuk Modeli | G6: Ücret Tutarı | H6: Dönem Durumu | I6: Bugüne Kadar Oluşan | J6: 8 Gün Öncesine Kadar | K6: 15 Gün Öncesine Kadar | L6: 29 Gün Öncesine Kadar | M6: Oluşan Dönem | N6: Sistem Kontrolü | O6: İlk Tahakkuk Tarihi | P6: Not
B7: =IF($C7="","",IFERROR(INDEX(MUSTERILER!$B$7:$B$156,MATCH($T7,MUSTERILER!$T$7:$T$156,0)),IFERROR(INDEX(MUSTERILER!$B$7:$B$156,MATCH($C7,MUSTERILER!$B$7:$B$156,0)),IFERROR(INDEX(MUSTERILER!$B$7:$B$156,MATCH($T7&"*",MUSTERILER!$T$7:$T$156,0)),"TANIMSIZ MÜŞTERİ")))) -> M019 | C7: AC OTEL LTD.ŞTİ. | D7: 46023 | F7: Aylık | G7: 4000 | H7: Aktif | I7: =IF(OR($C7="",$D7="",$G7="",$F7=""),0,$G7*(($W7=1)*($U7>0)*(($V7+(TODAY()-$V7)*(TODAY()<$V7))>=$U7)*(INT((($V7+(TODAY()-$V7)*(TODAY()<$V7))-$U7)/7)+1)+($W7=2)*($U7>0)*((($V7<=TODAY())*$Y7+($V7>TODAY())*((YEAR(TODAY())-1900)*12+MONTH(TODAY())))>=$X7)*(((($V7<=TODAY())*$Y7+($V7>TODAY())*((YEAR(TODAY())-1900)*12+MONTH(TODAY())))-$X7+1)-(1-(($V7<=TODAY())*$Z7+($V7>TODAY())*((TODAY())=EOMONTH(TODAY(),0))*1))))) -> 28000 | J7: =IF(OR($C7="",$D7="",$G7="",$F7=""),0,$G7*(($W7=1)*($U7>0)*(($V7+(TODAY()-8-$V7)*(TODAY()-8<$V7))>=$U7)*(INT((($V7+(TODAY()-8-$V7)*(TODAY()-8<$V7))-$U7)/7)+1)+($W7=2)*($U7>0)*((($V7<=TODAY()-8)*$Y7+($V7>TODAY()-8)*((YEAR(TODAY()-8)-1900)*12+MONTH(TODAY()-8)))>=$X7)*(((($V7<=TODAY()-8)*$Y7+($V7>TODAY()-8)*((YEAR(TODAY()-8)-1900)*12+MONTH(TODAY()-8)))-$X7+1)-(1-(($V7<=TODAY()-8)*$Z7+($V7>TODAY()-8)*((TODAY()-8)=EOMONTH(TODAY()-8,0))*1))))) -> 28000 | K7: =IF(OR($C7="",$D7="",$G7="",$F7=""),0,$G7*(($W7=1)*($U7>0)*(($V7+(TODAY()-15-$V7)*(TODAY()-15<$V7))>=$U7)*(INT((($V7+(TODAY()-15-$V7)*(TODAY()-15<$V7))-$U7)/7)+1)+($W7=2)*($U7>0)*((($V7<=TODAY()-15)*$Y7+($V7>TODAY()-15)*((YEAR(TODAY()-15)-1900)*12+MONTH(TODAY()-15)))>=$X7)*(((($V7<=TODAY()-15)*$Y7+($V7>TODAY()-15)*((YEAR(TODAY()-15)-1900)*12+MONTH(TODAY()-15)))-$X7+1)-(1-(($V7<=TODAY()-15)*$Z7+($V7>TODAY()-15)*((TODAY()-15)=EOMONTH(TODAY()-15,0))*1))))) -> 28000 | L7: =IF(OR($C7="",$D7="",$G7="",$F7=""),0,$G7*(($W7=1)*($U7>0)*(($V7+(TODAY()-29-$V7)*(TODAY()-29<$V7))>=$U7)*(INT((($V7+(TODAY()-29-$V7)*(TODAY()-29<$V7))-$U7)/7)+1)+($W7=2)*($U7>0)*((($V7<=TODAY()-29)*$Y7+($V7>TODAY()-29)*((YEAR(TODAY()-29)-1900)*12+MONTH(TODAY()-29)))>=$X7)*(((($V7<=TODAY()-29)*$Y7+($V7>TODAY()-29)*((YEAR(TODAY()-29)-1900)*12+MONTH(TODAY()-29)))-$X7+1)-(1-(($V7<=TODAY()-29)*$Z7+($V7>TODAY()-29)*((TODAY()-29)=EOMONTH(TODAY()-29,0))*1))))) -> 24000 | M7: =IF($G7>0,$I7/$G7,0) -> 7 | N7: =IF($C7="","",IF($B7="TANIMSIZ MÜŞTERİ","TANIMSIZ MÜŞTERİ",IF($F7="","MODEL SEÇİN",IF(OR($D7="",$G7<=0),"EKSİK",IF(AND($E7<>"",$E7<$D7),"TARİH HATASI",IF($H7="Pasif","KAPALI DÖNEM","UYGUN")))))) -> UYGUN | O7: =IF(OR($C7="",$D7="",$F7=""),"",IF($F7="Aylık",EOMONTH($D7,0),($D7+MOD(SISTEM!$F$8-WEEKDAY($D7,2),7)))) -> 46053 | S7: =IF($B7="","",$B7&"|"&COUNTIFS($B$7:$B7,$B7)) -> M019|1 | T7: =IF($C7="","",UPPER(SUBSTITUTE(SUBSTITUTE(SUBSTITUTE(SUBSTITUTE(SUBSTITUTE(SUBSTITUTE(SUBSTITUTE(SUBSTITUTE(SUBSTITUTE(SUBSTITUTE(SUBSTITUTE(SUBSTITUTE(SUBSTITUTE(SUBSTITUTE(SUBSTITUTE(SUBSTITUTE(SUBSTITUTE(SUBSTITUTE(TRIM($C7),"'",""),"İ","I"),"ı","I"),"i","I"),"Ş","S"),"ş","S"),"Ğ","G"),"ğ","G"),"Ü","U"),"ü","U"),"Ö","O"),"ö","O"),"Ç","C"),"ç","C"),".",""),",","")," ",""),"-",""))) -> ACOTELLTDSTI | U7: =IF($O7="",0,$O7) -> 46053 | V7: =IF($E7="",2958465,$E7) -> 2958465 | W7: =IF($F7="Haftalık",1,IF($F7="Aylık",2,0)) -> 2 | X7: =IF($U7=0,0,(YEAR($U7)-1900)*12+MONTH($U7)) -> 1513 | Y7: =(YEAR($V7)-1900)*12+MONTH($V7) -> 97200 | Z7: =IF($V7=EOMONTH($V7,0),1,0) -> 1 | AA7: =IF(OR($B7="",$H7<>"Aktif"),0,COUNTIFS($B$7:$B$606,$B7,$H$7:$H$606,"Aktif")) -> 1
B8: =IF($C8="","",IFERROR(INDEX(MUSTERILER!$B$7:$B$156,MATCH($T8,MUSTERILER!$T$7:$T$156,0)),IFERROR(INDEX(MUSTERILER!$B$7:$B$156,MATCH($C8,MUSTERILER!$B$7:$B$156,0)),IFERROR(INDEX(MUSTERILER!$B$7:$B$156,MATCH($T8&"*",MUSTERILER!$T$7:$T$156,0)),"TANIMSIZ MÜŞTERİ")))) -> M022 | C8: ADEM KARABENLİ | D8: 46023 | F8: Aylık | G8: 3000 | H8: Aktif | I8: =IF(OR($C8="",$D8="",$G8="",$F8=""),0,$G8*(($W8=1)*($U8>0)*(($V8+(TODAY()-$V8)*(TODAY()<$V8))>=$U8)*(INT((($V8+(TODAY()-$V8)*(TODAY()<$V8))-$U8)/7)+1)+($W8=2)*($U8>0)*((($V8<=TODAY())*$Y8+($V8>TODAY())*((YEAR(TODAY())-1900)*12+MONTH(TODAY())))>=$X8)*(((($V8<=TODAY())*$Y8+($V8>TODAY())*((YEAR(TODAY())-1900)*12+MONTH(TODAY())))-$X8+1)-(1-(($V8<=TODAY())*$Z8+($V8>TODAY())*((TODAY())=EOMONTH(TODAY(),0))*1))))) -> 21000 | J8: =IF(OR($C8="",$D8="",$G8="",$F8=""),0,$G8*(($W8=1)*($U8>0)*(($V8+(TODAY()-8-$V8)*(TODAY()-8<$V8))>=$U8)*(INT((($V8+(TODAY()-8-$V8)*(TODAY()-8<$V8))-$U8)/7)+1)+($W8=2)*($U8>0)*((($V8<=TODAY()-8)*$Y8+($V8>TODAY()-8)*((YEAR(TODAY()-8)-1900)*12+MONTH(TODAY()-8)))>=$X8)*(((($V8<=TODAY()-8)*$Y8+($V8>TODAY()-8)*((YEAR(TODAY()-8)-1900)*12+MONTH(TODAY()-8)))-$X8+1)-(1-(($V8<=TODAY()-8)*$Z8+($V8>TODAY()-8)*((TODAY()-8)=EOMONTH(TODAY()-8,0))*1))))) -> 21000 | K8: =IF(OR($C8="",$D8="",$G8="",$F8=""),0,$G8*(($W8=1)*($U8>0)*(($V8+(TODAY()-15-$V8)*(TODAY()-15<$V8))>=$U8)*(INT((($V8+(TODAY()-15-$V8)*(TODAY()-15<$V8))-$U8)/7)+1)+($W8=2)*($U8>0)*((($V8<=TODAY()-15)*$Y8+($V8>TODAY()-15)*((YEAR(TODAY()-15)-1900)*12+MONTH(TODAY()-15)))>=$X8)*(((($V8<=TODAY()-15)*$Y8+($V8>TODAY()-15)*((YEAR(TODAY()-15)-1900)*12+MONTH(TODAY()-15)))-$X8+1)-(1-(($V8<=TODAY()-15)*$Z8+($V8>TODAY()-15)*((TODAY()-15)=EOMONTH(TODAY()-15,0))*1))))) -> 21000 | L8: =IF(OR($C8="",$D8="",$G8="",$F8=""),0,$G8*(($W8=1)*($U8>0)*(($V8+(TODAY()-29-$V8)*(TODAY()-29<$V8))>=$U8)*(INT((($V8+(TODAY()-29-$V8)*(TODAY()-29<$V8))-$U8)/7)+1)+($W8=2)*($U8>0)*((($V8<=TODAY()-29)*$Y8+($V8>TODAY()-29)*((YEAR(TODAY()-29)-1900)*12+MONTH(TODAY()-29)))>=$X8)*(((($V8<=TODAY()-29)*$Y8+($V8>TODAY()-29)*((YEAR(TODAY()-29)-1900)*12+MONTH(TODAY()-29)))-$X8+1)-(1-(($V8<=TODAY()-29)*$Z8+($V8>TODAY()-29)*((TODAY()-29)=EOMONTH(TODAY()-29,0))*1))))) -> 18000 | M8: =IF($G8>0,$I8/$G8,0) -> 7 | N8: =IF($C8="","",IF($B8="TANIMSIZ MÜŞTERİ","TANIMSIZ MÜŞTERİ",IF($F8="","MODEL SEÇİN",IF(OR($D8="",$G8<=0),"EKSİK",IF(AND($E8<>"",$E8<$D8),"TARİH HATASI",IF($H8="Pasif","KAPALI DÖNEM","UYGUN")))))) -> UYGUN | O8: =IF(OR($C8="",$D8="",$F8=""),"",IF($F8="Aylık",EOMONTH($D8,0),($D8+MOD(SISTEM!$F$8-WEEKDAY($D8,2),7)))) -> 46053 | S8: =IF($B8="","",$B8&"|"&COUNTIFS($B$7:$B8,$B8)) -> M022|1 | T8: =IF($C8="","",UPPER(SUBSTITUTE(SUBSTITUTE(SUBSTITUTE(SUBSTITUTE(SUBSTITUTE(SUBSTITUTE(SUBSTITUTE(SUBSTITUTE(SUBSTITUTE(SUBSTITUTE(SUBSTITUTE(SUBSTITUTE(SUBSTITUTE(SUBSTITUTE(SUBSTITUTE(SUBSTITUTE(SUBSTITUTE(SUBSTITUTE(TRIM($C8),"'",""),"İ","I"),"ı","I"),"i","I"),"Ş","S"),"ş","S"),"Ğ","G"),"ğ","G"),"Ü","U"),"ü","U"),"Ö","O"),"ö","O"),"Ç","C"),"ç","C"),".",""),",","")," ",""),"-",""))) -> ADEMKARABENLI | U8: =IF($O8="",0,$O8) -> 46053 | V8: =IF($E8="",2958465,$E8) -> 2958465 | W8: =IF($F8="Haftalık",1,IF($F8="Aylık",2,0)) -> 2 | X8: =IF($U8=0,0,(YEAR($U8)-1900)*12+MONTH($U8)) -> 1513 | Y8: =(YEAR($V8)-1900)*12+MONTH($V8) -> 97200 | Z8: =IF($V8=EOMONTH($V8,0),1,0) -> 1 | AA8: =IF(OR($B8="",$H8<>"Aktif"),0,COUNTIFS($B$7:$B$606,$B8,$H$7:$H$606,"Aktif")) -> 1
B9: =IF($C9="","",IFERROR(INDEX(MUSTERILER!$B$7:$B$156,MATCH($T9,MUSTERILER!$T$7:$T$156,0)),IFERROR(INDEX(MUSTERILER!$B$7:$B$156,MATCH($C9,MUSTERILER!$B$7:$B$156,0)),IFERROR(INDEX(MUSTERILER!$B$7:$B$156,MATCH($T9&"*",MUSTERILER!$T$7:$T$156,0)),"TANIMSIZ MÜŞTERİ")))) -> M023 | C9: ALTINEL LTD.ŞTİ. | D9: 46266 | F9: Aylık | G9: 10000 | H9: Aktif | I9: =IF(OR($C9="",$D9="",$G9="",$F9=""),0,$G9*(($W9=1)*($U9>0)*(($V9+(TODAY()-$V9)*(TODAY()<$V9))>=$U9)*(INT((($V9+(TODAY()-$V9)*(TODAY()<$V9))-$U9)/7)+1)+($W9=2)*($U9>0)*((($V9<=TODAY())*$Y9+($V9>TODAY())*((YEAR(TODAY())-1900)*12+MONTH(TODAY())))>=$X9)*(((($V9<=TODAY())*$Y9+($V9>TODAY())*((YEAR(TODAY())-1900)*12+MONTH(TODAY())))-$X9+1)-(1-(($V9<=TODAY())*$Z9+($V9>TODAY())*((TODAY())=EOMONTH(TODAY(),0))*1))))) -> 0 | J9: =IF(OR($C9="",$D9="",$G9="",$F9=""),0,$G9*(($W9=1)*($U9>0)*(($V9+(TODAY()-8-$V9)*(TODAY()-8<$V9))>=$U9)*(INT((($V9+(TODAY()-8-$V9)*(TODAY()-8<$V9))-$U9)/7)+1)+($W9=2)*($U9>0)*((($V9<=TODAY()-8)*$Y9+($V9>TODAY()-8)*((YEAR(TODAY()-8)-1900)*12+MONTH(TODAY()-8)))>=$X9)*(((($V9<=TODAY()-8)*$Y9+($V9>TODAY()-8)*((YEAR(TODAY()-8)-1900)*12+MONTH(TODAY()-8)))-$X9+1)-(1-(($V9<=TODAY()-8)*$Z9+($V9>TODAY()-8)*((TODAY()-8)=EOMONTH(TODAY()-8,0))*1))))) -> 0 | K9: =IF(OR($C9="",$D9="",$G9="",$F9=""),0,$G9*(($W9=1)*($U9>0)*(($V9+(TODAY()-15-$V9)*(TODAY()-15<$V9))>=$U9)*(INT((($V9+(TODAY()-15-$V9)*(TODAY()-15<$V9))-$U9)/7)+1)+($W9=2)*($U9>0)*((($V9<=TODAY()-15)*$Y9+($V9>TODAY()-15)*((YEAR(TODAY()-15)-1900)*12+MONTH(TODAY()-15)))>=$X9)*(((($V9<=TODAY()-15)*$Y9+($V9>TODAY()-15)*((YEAR(TODAY()-15)-1900)*12+MONTH(TODAY()-15)))-$X9+1)-(1-(($V9<=TODAY()-15)*$Z9+($V9>TODAY()-15)*((TODAY()-15)=EOMONTH(TODAY()-15,0))*1))))) -> 0 | L9: =IF(OR($C9="",$D9="",$G9="",$F9=""),0,$G9*(($W9=1)*($U9>0)*(($V9+(TODAY()-29-$V9)*(TODAY()-29<$V9))>=$U9)*(INT((($V9+(TODAY()-29-$V9)*(TODAY()-29<$V9))-$U9)/7)+1)+($W9=2)*($U9>0)*((($V9<=TODAY()-29)*$Y9+($V9>TODAY()-29)*((YEAR(TODAY()-29)-1900)*12+MONTH(TODAY()-29)))>=$X9)*(((($V9<=TODAY()-29)*$Y9+($V9>TODAY()-29)*((YEAR(TODAY()-29)-1900)*12+MONTH(TODAY()-29)))-$X9+1)-(1-(($V9<=TODAY()-29)*$Z9+($V9>TODAY()-29)*((TODAY()-29)=EOMONTH(TODAY()-29,0))*1))))) -> 0 | M9: =IF($G9>0,$I9/$G9,0) -> 0 | N9: =IF($C9="","",IF($B9="TANIMSIZ MÜŞTERİ","TANIMSIZ MÜŞTERİ",IF($F9="","MODEL SEÇİN",IF(OR($D9="",$G9<=0),"EKSİK",IF(AND($E9<>"",$E9<$D9),"TARİH HATASI",IF($H9="Pasif","KAPALI DÖNEM","UYGUN")))))) -> UYGUN | O9: =IF(OR($C9="",$D9="",$F9=""),"",IF($F9="Aylık",EOMONTH($D9,0),($D9+MOD(SISTEM!$F$8-WEEKDAY($D9,2),7)))) -> 46295 | S9: =IF($B9="","",$B9&"|"&COUNTIFS($B$7:$B9,$B9)) -> M023|1 | T9: =IF($C9="","",UPPER(SUBSTITUTE(SUBSTITUTE(SUBSTITUTE(SUBSTITUTE(SUBSTITUTE(SUBSTITUTE(SUBSTITUTE(SUBSTITUTE(SUBSTITUTE(SUBSTITUTE(SUBSTITUTE(SUBSTITUTE(SUBSTITUTE(SUBSTITUTE(SUBSTITUTE(SUBSTITUTE(SUBSTITUTE(SUBSTITUTE(TRIM($C9),"'",""),"İ","I"),"ı","I"),"i","I"),"Ş","S"),"ş","S"),"Ğ","G"),"ğ","G"),"Ü","U"),"ü","U"),"Ö","O"),"ö","O"),"Ç","C"),"ç","C"),".",""),",","")," ",""),"-",""))) -> ALTINELLTDSTI | U9: =IF($O9="",0,$O9) -> 46295 | V9: =IF($E9="",2958465,$E9) -> 2958465 | W9: =IF($F9="Haftalık",1,IF($F9="Aylık",2,0)) -> 2 | X9: =IF($U9=0,0,(YEAR($U9)-1900)*12+MONTH($U9)) -> 1521 | Y9: =(YEAR($V9)-1900)*12+MONTH($V9) -> 97200 | Z9: =IF($V9=EOMONTH($V9,0),1,0) -> 1 | AA9: =IF(OR($B9="",$H9<>"Aktif"),0,COUNTIFS($B$7:$B$606,$B9,$H$7:$H$606,"Aktif")) -> 1
B10: =IF($C10="","",IFERROR(INDEX(MUSTERILER!$B$7:$B$156,MATCH($T10,MUSTERILER!$T$7:$T$156,0)),IFERROR(INDEX(MUSTERILER!$B$7:$B$156,MATCH($C10,MUSTERILER!$B$7:$B$156,0)),IFERROR(INDEX(MUSTERILER!$B$7:$B$156,MATCH($T10&"*",MUSTERILER!$T$7:$T$156,0)),"TANIMSIZ MÜŞTERİ")))) -> M001 | C10: ANKARA HAVANA LTD.ŞTİ. | D10: 46023 | F10: Haftalık | G10: 4000 | H10: Aktif | I10: =IF(OR($C10="",$D10="",$G10="",$F10=""),0,$G10*(($W10=1)*($U10>0)*(($V10+(TODAY()-$V10)*(TODAY()<$V10))>=$U10)*(INT((($V10+(TODAY()-$V10)*(TODAY()<$V10))-$U10)/7)+1)+($W10=2)*($U10>0)*((($V10<=TODAY())*$Y10+($V10>TODAY())*((YEAR(TODAY())-1900)*12+MONTH(TODAY())))>=$X10)*(((($V10<=TODAY())*$Y10+($V10>TODAY())*((YEAR(TODAY())-1900)*12+MONTH(TODAY())))-$X10+1)-(1-(($V10<=TODAY())*$Z10+($V10>TODAY())*((TODAY())=EOMONTH(TODAY(),0))*1))))) -> 136000 | J10: =IF(OR($C10="",$D10="",$G10="",$F10=""),0,$G10*(($W10=1)*($U10>0)*(($V10+(TODAY()-8-$V10)*(TODAY()-8<$V10))>=$U10)*(INT((($V10+(TODAY()-8-$V10)*(TODAY()-8<$V10))-$U10)/7)+1)+($W10=2)*($U10>0)*((($V10<=TODAY()-8)*$Y10+($V10>TODAY()-8)*((YEAR(TODAY()-8)-1900)*12+MONTH(TODAY()-8)))>=$X10)*(((($V10<=TODAY()-8)*$Y10+($V10>TODAY()-8)*((YEAR(TODAY()-8)-1900)*12+MONTH(TODAY()-8)))-$X10+1)-(1-(($V10<=TODAY()-8)*$Z10+($V10>TODAY()-8)*((TODAY()-8)=EOMONTH(TODAY()-8,0))*1))))) -> 132000 | K10: =IF(OR($C10="",$D10="",$G10="",$F10=""),0,$G10*(($W10=1)*($U10>0)*(($V10+(TODAY()-15-$V10)*(TODAY()-15<$V10))>=$U10)*(INT((($V10+(TODAY()-15-$V10)*(TODAY()-15<$V10))-$U10)/7)+1)+($W10=2)*($U10>0)*((($V10<=TODAY()-15)*$Y10+($V10>TODAY()-15)*((YEAR(TODAY()-15)-1900)*12+MONTH(TODAY()-15)))>=$X10)*(((($V10<=TODAY()-15)*$Y10+($V10>TODAY()-15)*((YEAR(TODAY()-15)-1900)*12+MONTH(TODAY()-15)))-$X10+1)-(1-(($V10<=TODAY()-15)*$Z10+($V10>TODAY()-15)*((TODAY()-15)=EOMONTH(TODAY()-15,0))*1))))) -> 128000 | L10: =IF(OR($C10="",$D10="",$G10="",$F10=""),0,$G10*(($W10=1)*($U10>0)*(($V10+(TODAY()-29-$V10)*(TODAY()-29<$V10))>=$U10)*(INT((($V10+(TODAY()-29-$V10)*(TODAY()-29<$V10))-$U10)/7)+1)+($W10=2)*($U10>0)*((($V10<=TODAY()-29)*$Y10+($V10>TODAY()-29)*((YEAR(TODAY()-29)-1900)*12+MONTH(TODAY()-29)))>=$X10)*(((($V10<=TODAY()-29)*$Y10+($V10>TODAY()-29)*((YEAR(TODAY()-29)-1900)*12+MONTH(TODAY()-29)))-$X10+1)-(1-(($V10<=TODAY()-29)*$Z10+($V10>TODAY()-29)*((TODAY()-29)=EOMONTH(TODAY()-29,0))*1))))) -> 120000 | M10: =IF($G10>0,$I10/$G10,0) -> 34 | N10: =IF($C10="","",IF($B10="TANIMSIZ MÜŞTERİ","TANIMSIZ MÜŞTERİ",IF($F10="","MODEL SEÇİN",IF(OR($D10="",$G10<=0),"EKSİK",IF(AND($E10<>"",$E10<$D10),"TARİH HATASI",IF($H10="Pasif","KAPALI DÖNEM","UYGUN")))))) -> UYGUN | O10: =IF(OR($C10="",$D10="",$F10=""),"",IF($F10="Aylık",EOMONTH($D10,0),($D10+MOD(SISTEM!$F$8-WEEKDAY($D10,2),7)))) -> 46025 | S10: =IF($B10="","",$B10&"|"&COUNTIFS($B$7:$B10,$B10)) -> M001|1 | T10: =IF($C10="","",UPPER(SUBSTITUTE(SUBSTITUTE(SUBSTITUTE(SUBSTITUTE(SUBSTITUTE(SUBSTITUTE(SUBSTITUTE(SUBSTITUTE(SUBSTITUTE(SUBSTITUTE(SUBSTITUTE(SUBSTITUTE(SUBSTITUTE(SUBSTITUTE(SUBSTITUTE(SUBSTITUTE(SUBSTITUTE(SUBSTITUTE(TRIM($C10),"'",""),"İ","I"),"ı","I"),"i","I"),"Ş","S"),"ş","S"),"Ğ","G"),"ğ","G"),"Ü","U"),"ü","U"),"Ö","O"),"ö","O"),"Ç","C"),"ç","C"),".",""),",","")," ",""),"-",""))) -> ANKARAHAVANALTDSTI | U10: =IF($O10="",0,$O10) -> 46025 | V10: =IF($E10="",2958465,$E10) -> 2958465 | W10: =IF($F10="Haftalık",1,IF($F10="Aylık",2,0)) -> 1 | X10: =IF($U10=0,0,(YEAR($U10)-1900)*12+MONTH($U10)) -> 1513 | Y10: =(YEAR($V10)-1900)*12+MONTH($V10) -> 97200 | Z10: =IF($V10=EOMONTH($V10,0),1,0) -> 1 | AA10: =IF(OR($B10="",$H10<>"Aktif"),0,COUNTIFS($B$7:$B$606,$B10,$H$7:$H$606,"Aktif")) -> 1
B11: =IF($C11="","",IFERROR(INDEX(MUSTERILER!$B$7:$B$156,MATCH($T11,MUSTERILER!$T$7:$T$156,0)),IFERROR(INDEX(MUSTERILER!$B$7:$B$156,MATCH($C11,MUSTERILER!$B$7:$B$156,0)),IFERROR(INDEX(MUSTERILER!$B$7:$B$156,MATCH($T11&"*",MUSTERILER!$T$7:$T$156,0)),"TANIMSIZ MÜŞTERİ")))) -> M024 | C11: ARMAN DİK | D11: 46023 | F11: Aylık | G11: 3000 | H11: Aktif | I11: =IF(OR($C11="",$D11="",$G11="",$F11=""),0,$G11*(($W11=1)*($U11>0)*(($V11+(TODAY()-$V11)*(TODAY()<$V11))>=$U11)*(INT((($V11+(TODAY()-$V11)*(TODAY()<$V11))-$U11)/7)+1)+($W11=2)*($U11>0)*((($V11<=TODAY())*$Y11+($V11>TODAY())*((YEAR(TODAY())-1900)*12+MONTH(TODAY())))>=$X11)*(((($V11<=TODAY())*$Y11+($V11>TODAY())*((YEAR(TODAY())-1900)*12+MONTH(TODAY())))-$X11+1)-(1-(($V11<=TODAY())*$Z11+($V11>TODAY())*((TODAY())=EOMONTH(TODAY(),0))*1))))) -> 21000 | J11: =IF(OR($C11="",$D11="",$G11="",$F11=""),0,$G11*(($W11=1)*($U11>0)*(($V11+(TODAY()-8-$V11)*(TODAY()-8<$V11))>=$U11)*(INT((($V11+(TODAY()-8-$V11)*(TODAY()-8<$V11))-$U11)/7)+1)+($W11=2)*($U11>0)*((($V11<=TODAY()-8)*$Y11+($V11>TODAY()-8)*((YEAR(TODAY()-8)-1900)*12+MONTH(TODAY()-8)))>=$X11)*(((($V11<=TODAY()-8)*$Y11+($V11>TODAY()-8)*((YEAR(TODAY()-8)-1900)*12+MONTH(TODAY()-8)))-$X11+1)-(1-(($V11<=TODAY()-8)*$Z11+($V11>TODAY()-8)*((TODAY()-8)=EOMONTH(TODAY()-8,0))*1))))) -> 21000 | K11: =IF(OR($C11="",$D11="",$G11="",$F11=""),0,$G11*(($W11=1)*($U11>0)*(($V11+(TODAY()-15-$V11)*(TODAY()-15<$V11))>=$U11)*(INT((($V11+(TODAY()-15-$V11)*(TODAY()-15<$V11))-$U11)/7)+1)+($W11=2)*($U11>0)*((($V11<=TODAY()-15)*$Y11+($V11>TODAY()-15)*((YEAR(TODAY()-15)-1900)*12+MONTH(TODAY()-15)))>=$X11)*(((($V11<=TODAY()-15)*$Y11+($V11>TODAY()-15)*((YEAR(TODAY()-15)-1900)*12+MONTH(TODAY()-15)))-$X11+1)-(1-(($V11<=TODAY()-15)*$Z11+($V11>TODAY()-15)*((TODAY()-15)=EOMONTH(TODAY()-15,0))*1))))) -> 21000 | L11: =IF(OR($C11="",$D11="",$G11="",$F11=""),0,$G11*(($W11=1)*($U11>0)*(($V11+(TODAY()-29-$V11)*(TODAY()-29<$V11))>=$U11)*(INT((($V11+(TODAY()-29-$V11)*(TODAY()-29<$V11))-$U11)/7)+1)+($W11=2)*($U11>0)*((($V11<=TODAY()-29)*$Y11+($V11>TODAY()-29)*((YEAR(TODAY()-29)-1900)*12+MONTH(TODAY()-29)))>=$X11)*(((($V11<=TODAY()-29)*$Y11+($V11>TODAY()-29)*((YEAR(TODAY()-29)-1900)*12+MONTH(TODAY()-29)))-$X11+1)-(1-(($V11<=TODAY()-29)*$Z11+($V11>TODAY()-29)*((TODAY()-29)=EOMONTH(TODAY()-29,0))*1))))) -> 18000 | M11: =IF($G11>0,$I11/$G11,0) -> 7 | N11: =IF($C11="","",IF($B11="TANIMSIZ MÜŞTERİ","TANIMSIZ MÜŞTERİ",IF($F11="","MODEL SEÇİN",IF(OR($D11="",$G11<=0),"EKSİK",IF(AND($E11<>"",$E11<$D11),"TARİH HATASI",IF($H11="Pasif","KAPALI DÖNEM","UYGUN")))))) -> UYGUN | O11: =IF(OR($C11="",$D11="",$F11=""),"",IF($F11="Aylık",EOMONTH($D11,0),($D11+MOD(SISTEM!$F$8-WEEKDAY($D11,2),7)))) -> 46053 | S11: =IF($B11="","",$B11&"|"&COUNTIFS($B$7:$B11,$B11)) -> M024|1 | T11: =IF($C11="","",UPPER(SUBSTITUTE(SUBSTITUTE(SUBSTITUTE(SUBSTITUTE(SUBSTITUTE(SUBSTITUTE(SUBSTITUTE(SUBSTITUTE(SUBSTITUTE(SUBSTITUTE(SUBSTITUTE(SUBSTITUTE(SUBSTITUTE(SUBSTITUTE(SUBSTITUTE(SUBSTITUTE(SUBSTITUTE(SUBSTITUTE(TRIM($C11),"'",""),"İ","I"),"ı","I"),"i","I"),"Ş","S"),"ş","S"),"Ğ","G"),"ğ","G"),"Ü","U"),"ü","U"),"Ö","O"),"ö","O"),"Ç","C"),"ç","C"),".",""),",","")," ",""),"-",""))) -> ARMANDIK | U11: =IF($O11="",0,$O11) -> 46053 | V11: =IF($E11="",2958465,$E11) -> 2958465 | W11: =IF($F11="Haftalık",1,IF($F11="Aylık",2,0)) -> 2 | X11: =IF($U11=0,0,(YEAR($U11)-1900)*12+MONTH($U11)) -> 1513 | Y11: =(YEAR($V11)-1900)*12+MONTH($V11) -> 97200 | Z11: =IF($V11=EOMONTH($V11,0),1,0) -> 1 | AA11: =IF(OR($B11="",$H11<>"Aktif"),0,COUNTIFS($B$7:$B$606,$B11,$H$7:$H$606,"Aktif")) -> 1
B12: =IF($C12="","",IFERROR(INDEX(MUSTERILER!$B$7:$B$156,MATCH($T12,MUSTERILER!$T$7:$T$156,0)),IFERROR(INDEX(MUSTERILER!$B$7:$B$156,MATCH($C12,MUSTERILER!$B$7:$B$156,0)),IFERROR(INDEX(MUSTERILER!$B$7:$B$156,MATCH($T12&"*",MUSTERILER!$T$7:$T$156,0)),"TANIMSIZ MÜŞTERİ")))) -> M021 | C12: ARON TOPTAN LTD.ŞTİ. | D12: 46023 | F12: Aylık | G12: 10000 | H12: Aktif | I12: =IF(OR($C12="",$D12="",$G12="",$F12=""),0,$G12*(($W12=1)*($U12>0)*(($V12+(TODAY()-$V12)*(TODAY()<$V12))>=$U12)*(INT((($V12+(TODAY()-$V12)*(TODAY()<$V12))-$U12)/7)+1)+($W12=2)*($U12>0)*((($V12<=TODAY())*$Y12+($V12>TODAY())*((YEAR(TODAY())-1900)*12+MONTH(TODAY())))>=$X12)*(((($V12<=TODAY())*$Y12+($V12>TODAY())*((YEAR(TODAY())-1900)*12+MONTH(TODAY())))-$X12+1)-(1-(($V12<=TODAY())*$Z12+($V12>TODAY())*((TODAY())=EOMONTH(TODAY(),0))*1))))) -> 70000 | J12: =IF(OR($C12="",$D12="",$G12="",$F12=""),0,$G12*(($W12=1)*($U12>0)*(($V12+(TODAY()-8-$V12)*(TODAY()-8<$V12))>=$U12)*(INT((($V12+(TODAY()-8-$V12)*(TODAY()-8<$V12))-$U12)/7)+1)+($W12=2)*($U12>0)*((($V12<=TODAY()-8)*$Y12+($V12>TODAY()-8)*((YEAR(TODAY()-8)-1900)*12+MONTH(TODAY()-8)))>=$X12)*(((($V12<=TODAY()-8)*$Y12+($V12>TODAY()-8)*((YEAR(TODAY()-8)-1900)*12+MONTH(TODAY()-8)))-$X12+1)-(1-(($V12<=TODAY()-8)*$Z12+($V12>TODAY()-8)*((TODAY()-8)=EOMONTH(TODAY()-8,0))*1))))) -> 70000 | K12: =IF(OR($C12="",$D12="",$G12="",$F12=""),0,$G12*(($W12=1)*($U12>0)*(($V12+(TODAY()-15-$V12)*(TODAY()-15<$V12))>=$U12)*(INT((($V12+(TODAY()-15-$V12)*(TODAY()-15<$V12))-$U12)/7)+1)+($W12=2)*($U12>0)*((($V12<=TODAY()-15)*$Y12+($V12>TODAY()-15)*((YEAR(TODAY()-15)-1900)*12+MONTH(TODAY()-15)))>=$X12)*(((($V12<=TODAY()-15)*$Y12+($V12>TODAY()-15)*((YEAR(TODAY()-15)-1900)*12+MONTH(TODAY()-15)))-$X12+1)-(1-(($V12<=TODAY()-15)*$Z12+($V12>TODAY()-15)*((TODAY()-15)=EOMONTH(TODAY()-15,0))*1))))) -> 70000 | L12: =IF(OR($C12="",$D12="",$G12="",$F12=""),0,$G12*(($W12=1)*($U12>0)*(($V12+(TODAY()-29-$V12)*(TODAY()-29<$V12))>=$U12)*(INT((($V12+(TODAY()-29-$V12)*(TODAY()-29<$V12))-$U12)/7)+1)+($W12=2)*($U12>0)*((($V12<=TODAY()-29)*$Y12+($V12>TODAY()-29)*((YEAR(TODAY()-29)-1900)*12+MONTH(TODAY()-29)))>=$X12)*(((($V12<=TODAY()-29)*$Y12+($V12>TODAY()-29)*((YEAR(TODAY()-29)-1900)*12+MONTH(TODAY()-29)))-$X12+1)-(1-(($V12<=TODAY()-29)*$Z12+($V12>TODAY()-29)*((TODAY()-29)=EOMONTH(TODAY()-29,0))*1))))) -> 60000 | M12: =IF($G12>0,$I12/$G12,0) -> 7 | N12: =IF($C12="","",IF($B12="TANIMSIZ MÜŞTERİ","TANIMSIZ MÜŞTERİ",IF($F12="","MODEL SEÇİN",IF(OR($D12="",$G12<=0),"EKSİK",IF(AND($E12<>"",$E12<$D12),"TARİH HATASI",IF($H12="Pasif","KAPALI DÖNEM","UYGUN")))))) -> UYGUN | O12: =IF(OR($C12="",$D12="",$F12=""),"",IF($F12="Aylık",EOMONTH($D12,0),($D12+MOD(SISTEM!$F$8-WEEKDAY($D12,2),7)))) -> 46053 | S12: =IF($B12="","",$B12&"|"&COUNTIFS($B$7:$B12,$B12)) -> M021|1 | T12: =IF($C12="","",UPPER(SUBSTITUTE(SUBSTITUTE(SUBSTITUTE(SUBSTITUTE(SUBSTITUTE(SUBSTITUTE(SUBSTITUTE(SUBSTITUTE(SUBSTITUTE(SUBSTITUTE(SUBSTITUTE(SUBSTITUTE(SUBSTITUTE(SUBSTITUTE(SUBSTITUTE(SUBSTITUTE(SUBSTITUTE(SUBSTITUTE(TRIM($C12),"'",""),"İ","I"),"ı","I"),"i","I"),"Ş","S"),"ş","S"),"Ğ","G"),"ğ","G"),"Ü","U"),"ü","U"),"Ö","O"),"ö","O"),"Ç","C"),"ç","C"),".",""),",","")," ",""),"-",""))) -> ARONTOPTANLTDSTI | U12: =IF($O12="",0,$O12) -> 46053 | V12: =IF($E12="",2958465,$E12) -> 2958465 | W12: =IF($F12="Haftalık",1,IF($F12="Aylık",2,0)) -> 2 | X12: =IF($U12=0,0,(YEAR($U12)-1900)*12+MONTH($U12)) -> 1513 | Y12: =(YEAR($V12)-1900)*12+MONTH($V12) -> 97200 | Z12: =IF($V12=EOMONTH($V12,0),1,0) -> 1 | AA12: =IF(OR($B12="",$H12<>"Aktif"),0,COUNTIFS($B$7:$B$606,$B12,$H$7:$H$606,"Aktif")) -> 1
B13: =IF($C13="","",IFERROR(INDEX(MUSTERILER!$B$7:$B$156,MATCH($T13,MUSTERILER!$T$7:$T$156,0)),IFERROR(INDEX(MUSTERILER!$B$7:$B$156,MATCH($C13,MUSTERILER!$B$7:$B$156,0)),IFERROR(INDEX(MUSTERILER!$B$7:$B$156,MATCH($T13&"*",MUSTERILER!$T$7:$T$156,0)),"TANIMSIZ MÜŞTERİ")))) -> M025 | C13: ASIM AÇIKGÖZ | D13: 46023 | F13: Haftalık | G13: 2000 | H13: Aktif | I13: =IF(OR($C13="",$D13="",$G13="",$F13=""),0,$G13*(($W13=1)*($U13>0)*(($V13+(TODAY()-$V13)*(TODAY()<$V13))>=$U13)*(INT((($V13+(TODAY()-$V13)*(TODAY()<$V13))-$U13)/7)+1)+($W13=2)*($U13>0)*((($V13<=TODAY())*$Y13+($V13>TODAY())*((YEAR(TODAY())-1900)*12+MONTH(TODAY())))>=$X13)*(((($V13<=TODAY())*$Y13+($V13>TODAY())*((YEAR(TODAY())-1900)*12+MONTH(TODAY())))-$X13+1)-(1-(($V13<=TODAY())*$Z13+($V13>TODAY())*((TODAY())=EOMONTH(TODAY(),0))*1))))) -> 68000 | J13: =IF(OR($C13="",$D13="",$G13="",$F13=""),0,$G13*(($W13=1)*($U13>0)*(($V13+(TODAY()-8-$V13)*(TODAY()-8<$V13))>=$U13)*(INT((($V13+(TODAY()-8-$V13)*(TODAY()-8<$V13))-$U13)/7)+1)+($W13=2)*($U13>0)*((($V13<=TODAY()-8)*$Y13+($V13>TODAY()-8)*((YEAR(TODAY()-8)-1900)*12+MONTH(TODAY()-8)))>=$X13)*(((($V13<=TODAY()-8)*$Y13+($V13>TODAY()-8)*((YEAR(TODAY()-8)-1900)*12+MONTH(TODAY()-8)))-$X13+1)-(1-(($V13<=TODAY()-8)*$Z13+($V13>TODAY()-8)*((TODAY()-8)=EOMONTH(TODAY()-8,0))*1))))) -> 66000 | K13: =IF(OR($C13="",$D13="",$G13="",$F13=""),0,$G13*(($W13=1)*($U13>0)*(($V13+(TODAY()-15-$V13)*(TODAY()-15<$V13))>=$U13)*(INT((($V13+(TODAY()-15-$V13)*(TODAY()-15<$V13))-$U13)/7)+1)+($W13=2)*($U13>0)*((($V13<=TODAY()-15)*$Y13+($V13>TODAY()-15)*((YEAR(TODAY()-15)-1900)*12+MONTH(TODAY()-15)))>=$X13)*(((($V13<=TODAY()-15)*$Y13+($V13>TODAY()-15)*((YEAR(TODAY()-15)-1900)*12+MONTH(TODAY()-15)))-$X13+1)-(1-(($V13<=TODAY()-15)*$Z13+($V13>TODAY()-15)*((TODAY()-15)=EOMONTH(TODAY()-15,0))*1))))) -> 64000 | L13: =IF(OR($C13="",$D13="",$G13="",$F13=""),0,$G13*(($W13=1)*($U13>0)*(($V13+(TODAY()-29-$V13)*(TODAY()-29<$V13))>=$U13)*(INT((($V13+(TODAY()-29-$V13)*(TODAY()-29<$V13))-$U13)/7)+1)+($W13=2)*($U13>0)*((($V13<=TODAY()-29)*$Y13+($V13>TODAY()-29)*((YEAR(TODAY()-29)-1900)*12+MONTH(TODAY()-29)))>=$X13)*(((($V13<=TODAY()-29)*$Y13+($V13>TODAY()-29)*((YEAR(TODAY()-29)-1900)*12+MONTH(TODAY()-29)))-$X13+1)-(1-(($V13<=TODAY()-29)*$Z13+($V13>TODAY()-29)*((TODAY()-29)=EOMONTH(TODAY()-29,0))*1))))) -> 60000 | M13: =IF($G13>0,$I13/$G13,0) -> 34 | N13: =IF($C13="","",IF($B13="TANIMSIZ MÜŞTERİ","TANIMSIZ MÜŞTERİ",IF($F13="","MODEL SEÇİN",IF(OR($D13="",$G13<=0),"EKSİK",IF(AND($E13<>"",$E13<$D13),"TARİH HATASI",IF($H13="Pasif","KAPALI DÖNEM","UYGUN")))))) -> UYGUN | O13: =IF(OR($C13="",$D13="",$F13=""),"",IF($F13="Aylık",EOMONTH($D13,0),($D13+MOD(SISTEM!$F$8-WEEKDAY($D13,2),7)))) -> 46025 | S13: =IF($B13="","",$B13&"|"&COUNTIFS($B$7:$B13,$B13)) -> M025|1 | T13: =IF($C13="","",UPPER(SUBSTITUTE(SUBSTITUTE(SUBSTITUTE(SUBSTITUTE(SUBSTITUTE(SUBSTITUTE(SUBSTITUTE(SUBSTITUTE(SUBSTITUTE(SUBSTITUTE(SUBSTITUTE(SUBSTITUTE(SUBSTITUTE(SUBSTITUTE(SUBSTITUTE(SUBSTITUTE(SUBSTITUTE(SUBSTITUTE(TRIM($C13),"'",""),"İ","I"),"ı","I"),"i","I"),"Ş","S"),"ş","S"),"Ğ","G"),"ğ","G"),"Ü","U"),"ü","U"),"Ö","O"),"ö","O"),"Ç","C"),"ç","C"),".",""),",","")," ",""),"-",""))) -> ASIMACIKGOZ | U13: =IF($O13="",0,$O13) -> 46025 | V13: =IF($E13="",2958465,$E13) -> 2958465 | W13: =IF($F13="Haftalık",1,IF($F13="Aylık",2,0)) -> 1 | X13: =IF($U13=0,0,(YEAR($U13)-1900)*12+MONTH($U13)) -> 1513 | Y13: =(YEAR($V13)-1900)*12+MONTH($V13) -> 97200 | Z13: =IF($V13=EOMONTH($V13,0),1,0) -> 1 | AA13: =IF(OR($B13="",$H13<>"Aktif"),0,COUNTIFS($B$7:$B$606,$B13,$H$7:$H$606,"Aktif")) -> 1
B14: =IF($C14="","",IFERROR(INDEX(MUSTERILER!$B$7:$B$156,MATCH($T14,MUSTERILER!$T$7:$T$156,0)),IFERROR(INDEX(MUSTERILER!$B$7:$B$156,MATCH($C14,MUSTERILER!$B$7:$B$156,0)),IFERROR(INDEX(MUSTERILER!$B$7:$B$156,MATCH($T14&"*",MUSTERILER!$T$7:$T$156,0)),"TANIMSIZ MÜŞTERİ")))) -> M017 | C14: ASM EĞLENCE LTD.ŞTİ. | D14: 46023 | F14: Haftalık | G14: 2500 | H14: Aktif | I14: =IF(OR($C14="",$D14="",$G14="",$F14=""),0,$G14*(($W14=1)*($U14>0)*(($V14+(TODAY()-$V14)*(TODAY()<$V14))>=$U14)*(INT((($V14+(TODAY()-$V14)*(TODAY()<$V14))-$U14)/7)+1)+($W14=2)*($U14>0)*((($V14<=TODAY())*$Y14+($V14>TODAY())*((YEAR(TODAY())-1900)*12+MONTH(TODAY())))>=$X14)*(((($V14<=TODAY())*$Y14+($V14>TODAY())*((YEAR(TODAY())-1900)*12+MONTH(TODAY())))-$X14+1)-(1-(($V14<=TODAY())*$Z14+($V14>TODAY())*((TODAY())=EOMONTH(TODAY(),0))*1))))) -> 85000 | J14: =IF(OR($C14="",$D14="",$G14="",$F14=""),0,$G14*(($W14=1)*($U14>0)*(($V14+(TODAY()-8-$V14)*(TODAY()-8<$V14))>=$U14)*(INT((($V14+(TODAY()-8-$V14)*(TODAY()-8<$V14))-$U14)/7)+1)+($W14=2)*($U14>0)*((($V14<=TODAY()-8)*$Y14+($V14>TODAY()-8)*((YEAR(TODAY()-8)-1900)*12+MONTH(TODAY()-8)))>=$X14)*(((($V14<=TODAY()-8)*$Y14+($V14>TODAY()-8)*((YEAR(TODAY()-8)-1900)*12+MONTH(TODAY()-8)))-$X14+1)-(1-(($V14<=TODAY()-8)*$Z14+($V14>TODAY()-8)*((TODAY()-8)=EOMONTH(TODAY()-8,0))*1))))) -> 82500 | K14: =IF(OR($C14="",$D14="",$G14="",$F14=""),0,$G14*(($W14=1)*($U14>0)*(($V14+(TODAY()-15-$V14)*(TODAY()-15<$V14))>=$U14)*(INT((($V14+(TODAY()-15-$V14)*(TODAY()-15<$V14))-$U14)/7)+1)+($W14=2)*($U14>0)*((($V14<=TODAY()-15)*$Y14+($V14>TODAY()-15)*((YEAR(TODAY()-15)-1900)*12+MONTH(TODAY()-15)))>=$X14)*(((($V14<=TODAY()-15)*$Y14+($V14>TODAY()-15)*((YEAR(TODAY()-15)-1900)*12+MONTH(TODAY()-15)))-$X14+1)-(1-(($V14<=TODAY()-15)*$Z14+($V14>TODAY()-15)*((TODAY()-15)=EOMONTH(TODAY()-15,0))*1))))) -> 80000 | L14: =IF(OR($C14="",$D14="",$G14="",$F14=""),0,$G14*(($W14=1)*($U14>0)*(($V14+(TODAY()-29-$V14)*(TODAY()-29<$V14))>=$U14)*(INT((($V14+(TODAY()-29-$V14)*(TODAY()-29<$V14))-$U14)/7)+1)+($W14=2)*($U14>0)*((($V14<=TODAY()-29)*$Y14+($V14>TODAY()-29)*((YEAR(TODAY()-29)-1900)*12+MONTH(TODAY()-29)))>=$X14)*(((($V14<=TODAY()-29)*$Y14+($V14>TODAY()-29)*((YEAR(TODAY()-29)-1900)*12+MONTH(TODAY()-29)))-$X14+1)-(1-(($V14<=TODAY()-29)*$Z14+($V14>TODAY()-29)*((TODAY()-29)=EOMONTH(TODAY()-29,0))*1))))) -> 75000 | M14: =IF($G14>0,$I14/$G14,0) -> 34 | N14: =IF($C14="","",IF($B14="TANIMSIZ MÜŞTERİ","TANIMSIZ MÜŞTERİ",IF($F14="","MODEL SEÇİN",IF(OR($D14="",$G14<=0),"EKSİK",IF(AND($E14<>"",$E14<$D14),"TARİH HATASI",IF($H14="Pasif","KAPALI DÖNEM","UYGUN")))))) -> UYGUN | O14: =IF(OR($C14="",$D14="",$F14=""),"",IF($F14="Aylık",EOMONTH($D14,0),($D14+MOD(SISTEM!$F$8-WEEKDAY($D14,2),7)))) -> 46025 | S14: =IF($B14="","",$B14&"|"&COUNTIFS($B$7:$B14,$B14)) -> M017|1 | T14: =IF($C14="","",UPPER(SUBSTITUTE(SUBSTITUTE(SUBSTITUTE(SUBSTITUTE(SUBSTITUTE(SUBSTITUTE(SUBSTITUTE(SUBSTITUTE(SUBSTITUTE(SUBSTITUTE(SUBSTITUTE(SUBSTITUTE(SUBSTITUTE(SUBSTITUTE(SUBSTITUTE(SUBSTITUTE(SUBSTITUTE(SUBSTITUTE(TRIM($C14),"'",""),"İ","I"),"ı","I"),"i","I"),"Ş","S"),"ş","S"),"Ğ","G"),"ğ","G"),"Ü","U"),"ü","U"),"Ö","O"),"ö","O"),"Ç","C"),"ç","C"),".",""),",","")," ",""),"-",""))) -> ASMEGLENCELTDSTI | U14: =IF($O14="",0,$O14) -> 46025 | V14: =IF($E14="",2958465,$E14) -> 2958465 | W14: =IF($F14="Haftalık",1,IF($F14="Aylık",2,0)) -> 1 | X14: =IF($U14=0,0,(YEAR($U14)-1900)*12+MONTH($U14)) -> 1513 | Y14: =(YEAR($V14)-1900)*12+MONTH($V14) -> 97200 | Z14: =IF($V14=EOMONTH($V14,0),1,0) -> 1 | AA14: =IF(OR($B14="",$H14<>"Aktif"),0,COUNTIFS($B$7:$B$606,$B14,$H$7:$H$606,"Aktif")) -> 1
B15: =IF($C15="","",IFERROR(INDEX(MUSTERILER!$B$7:$B$156,MATCH($T15,MUSTERILER!$T$7:$T$156,0)),IFERROR(INDEX(MUSTERILER!$B$7:$B$156,MATCH($C15,MUSTERILER!$B$7:$B$156,0)),IFERROR(INDEX(MUSTERILER!$B$7:$B$156,MATCH($T15&"*",MUSTERILER!$T$7:$T$156,0)),"TANIMSIZ MÜŞTERİ")))) -> M026 | C15: AYDES LTD.ŞTİ. | D15: 46023 | F15: Aylık | G15: 7500 | H15: Aktif | I15: =IF(OR($C15="",$D15="",$G15="",$F15=""),0,$G15*(($W15=1)*($U15>0)*(($V15+(TODAY()-$V15)*(TODAY()<$V15))>=$U15)*(INT((($V15+(TODAY()-$V15)*(TODAY()<$V15))-$U15)/7)+1)+($W15=2)*($U15>0)*((($V15<=TODAY())*$Y15+($V15>TODAY())*((YEAR(TODAY())-1900)*12+MONTH(TODAY())))>=$X15)*(((($V15<=TODAY())*$Y15+($V15>TODAY())*((YEAR(TODAY())-1900)*12+MONTH(TODAY())))-$X15+1)-(1-(($V15<=TODAY())*$Z15+($V15>TODAY())*((TODAY())=EOMONTH(TODAY(),0))*1))))) -> 52500 | J15: =IF(OR($C15="",$D15="",$G15="",$F15=""),0,$G15*(($W15=1)*($U15>0)*(($V15+(TODAY()-8-$V15)*(TODAY()-8<$V15))>=$U15)*(INT((($V15+(TODAY()-8-$V15)*(TODAY()-8<$V15))-$U15)/7)+1)+($W15=2)*($U15>0)*((($V15<=TODAY()-8)*$Y15+($V15>TODAY()-8)*((YEAR(TODAY()-8)-1900)*12+MONTH(TODAY()-8)))>=$X15)*(((($V15<=TODAY()-8)*$Y15+($V15>TODAY()-8)*((YEAR(TODAY()-8)-1900)*12+MONTH(TODAY()-8)))-$X15+1)-(1-(($V15<=TODAY()-8)*$Z15+($V15>TODAY()-8)*((TODAY()-8)=EOMONTH(TODAY()-8,0))*1))))) -> 52500 | K15: =IF(OR($C15="",$D15="",$G15="",$F15=""),0,$G15*(($W15=1)*($U15>0)*(($V15+(TODAY()-15-$V15)*(TODAY()-15<$V15))>=$U15)*(INT((($V15+(TODAY()-15-$V15)*(TODAY()-15<$V15))-$U15)/7)+1)+($W15=2)*($U15>0)*((($V15<=TODAY()-15)*$Y15+($V15>TODAY()-15)*((YEAR(TODAY()-15)-1900)*12+MONTH(TODAY()-15)))>=$X15)*(((($V15<=TODAY()-15)*$Y15+($V15>TODAY()-15)*((YEAR(TODAY()-15)-1900)*12+MONTH(TODAY()-15)))-$X15+1)-(1-(($V15<=TODAY()-15)*$Z15+($V15>TODAY()-15)*((TODAY()-15)=EOMONTH(TODAY()-15,0))*1))))) -> 52500 | L15: =IF(OR($C15="",$D15="",$G15="",$F15=""),0,$G15*(($W15=1)*($U15>0)*(($V15+(TODAY()-29-$V15)*(TODAY()-29<$V15))>=$U15)*(INT((($V15+(TODAY()-29-$V15)*(TODAY()-29<$V15))-$U15)/7)+1)+($W15=2)*($U15>0)*((($V15<=TODAY()-29)*$Y15+($V15>TODAY()-29)*((YEAR(TODAY()-29)-1900)*12+MONTH(TODAY()-29)))>=$X15)*(((($V15<=TODAY()-29)*$Y15+($V15>TODAY()-29)*((YEAR(TODAY()-29)-1900)*12+MONTH(TODAY()-29)))-$X15+1)-(1-(($V15<=TODAY()-29)*$Z15+($V15>TODAY()-29)*((TODAY()-29)=EOMONTH(TODAY()-29,0))*1))))) -> 45000 | M15: =IF($G15>0,$I15/$G15,0) -> 7 | N15: =IF($C15="","",IF($B15="TANIMSIZ MÜŞTERİ","TANIMSIZ MÜŞTERİ",IF($F15="","MODEL SEÇİN",IF(OR($D15="",$G15<=0),"EKSİK",IF(AND($E15<>"",$E15<$D15),"TARİH HATASI",IF($H15="Pasif","KAPALI DÖNEM","UYGUN")))))) -> UYGUN | O15: =IF(OR($C15="",$D15="",$F15=""),"",IF($F15="Aylık",EOMONTH($D15,0),($D15+MOD(SISTEM!$F$8-WEEKDAY($D15,2),7)))) -> 46053 | S15: =IF($B15="","",$B15&"|"&COUNTIFS($B$7:$B15,$B15)) -> M026|1 | T15: =IF($C15="","",UPPER(SUBSTITUTE(SUBSTITUTE(SUBSTITUTE(SUBSTITUTE(SUBSTITUTE(SUBSTITUTE(SUBSTITUTE(SUBSTITUTE(SUBSTITUTE(SUBSTITUTE(SUBSTITUTE(SUBSTITUTE(SUBSTITUTE(SUBSTITUTE(SUBSTITUTE(SUBSTITUTE(SUBSTITUTE(SUBSTITUTE(TRIM($C15),"'",""),"İ","I"),"ı","I"),"i","I"),"Ş","S"),"ş","S"),"Ğ","G"),"ğ","G"),"Ü","U"),"ü","U"),"Ö","O"),"ö","O"),"Ç","C"),"ç","C"),".",""),",","")," ",""),"-",""))) -> AYDESLTDSTI | U15: =IF($O15="",0,$O15) -> 46053 | V15: =IF($E15="",2958465,$E15) -> 2958465 | W15: =IF($F15="Haftalık",1,IF($F15="Aylık",2,0)) -> 2 | X15: =IF($U15=0,0,(YEAR($U15)-1900)*12+MONTH($U15)) -> 1513 | Y15: =(YEAR($V15)-1900)*12+MONTH($V15) -> 97200 | Z15: =IF($V15=EOMONTH($V15,0),1,0) -> 1 | AA15: =IF(OR($B15="",$H15<>"Aktif"),0,COUNTIFS($B$7:$B$606,$B15,$H$7:$H$606,"Aktif")) -> 1
B16: =IF($C16="","",IFERROR(INDEX(MUSTERILER!$B$7:$B$156,MATCH($T16,MUSTERILER!$T$7:$T$156,0)),IFERROR(INDEX(MUSTERILER!$B$7:$B$156,MATCH($C16,MUSTERILER!$B$7:$B$156,0)),IFERROR(INDEX(MUSTERILER!$B$7:$B$156,MATCH($T16&"*",MUSTERILER!$T$7:$T$156,0)),"TANIMSIZ MÜŞTERİ")))) -> M027 | C16: CEREN DEMİRCİ | D16: 46023 | F16: Aylık | G16: 4000 | H16: Aktif | I16: =IF(OR($C16="",$D16="",$G16="",$F16=""),0,$G16*(($W16=1)*($U16>0)*(($V16+(TODAY()-$V16)*(TODAY()<$V16))>=$U16)*(INT((($V16+(TODAY()-$V16)*(TODAY()<$V16))-$U16)/7)+1)+($W16=2)*($U16>0)*((($V16<=TODAY())*$Y16+($V16>TODAY())*((YEAR(TODAY())-1900)*12+MONTH(TODAY())))>=$X16)*(((($V16<=TODAY())*$Y16+($V16>TODAY())*((YEAR(TODAY())-1900)*12+MONTH(TODAY())))-$X16+1)-(1-(($V16<=TODAY())*$Z16+($V16>TODAY())*((TODAY())=EOMONTH(TODAY(),0))*1))))) -> 28000 | J16: =IF(OR($C16="",$D16="",$G16="",$F16=""),0,$G16*(($W16=1)*($U16>0)*(($V16+(TODAY()-8-$V16)*(TODAY()-8<$V16))>=$U16)*(INT((($V16+(TODAY()-8-$V16)*(TODAY()-8<$V16))-$U16)/7)+1)+($W16=2)*($U16>0)*((($V16<=TODAY()-8)*$Y16+($V16>TODAY()-8)*((YEAR(TODAY()-8)-1900)*12+MONTH(TODAY()-8)))>=$X16)*(((($V16<=TODAY()-8)*$Y16+($V16>TODAY()-8)*((YEAR(TODAY()-8)-1900)*12+MONTH(TODAY()-8)))-$X16+1)-(1-(($V16<=TODAY()-8)*$Z16+($V16>TODAY()-8)*((TODAY()-8)=EOMONTH(TODAY()-8,0))*1))))) -> 28000 | K16: =IF(OR($C16="",$D16="",$G16="",$F16=""),0,$G16*(($W16=1)*($U16>0)*(($V16+(TODAY()-15-$V16)*(TODAY()-15<$V16))>=$U16)*(INT((($V16+(TODAY()-15-$V16)*(TODAY()-15<$V16))-$U16)/7)+1)+($W16=2)*($U16>0)*((($V16<=TODAY()-15)*$Y16+($V16>TODAY()-15)*((YEAR(TODAY()-15)-1900)*12+MONTH(TODAY()-15)))>=$X16)*(((($V16<=TODAY()-15)*$Y16+($V16>TODAY()-15)*((YEAR(TODAY()-15)-1900)*12+MONTH(TODAY()-15)))-$X16+1)-(1-(($V16<=TODAY()-15)*$Z16+($V16>TODAY()-15)*((TODAY()-15)=EOMONTH(TODAY()-15,0))*1))))) -> 28000 | L16: =IF(OR($C16="",$D16="",$G16="",$F16=""),0,$G16*(($W16=1)*($U16>0)*(($V16+(TODAY()-29-$V16)*(TODAY()-29<$V16))>=$U16)*(INT((($V16+(TODAY()-29-$V16)*(TODAY()-29<$V16))-$U16)/7)+1)+($W16=2)*($U16>0)*((($V16<=TODAY()-29)*$Y16+($V16>TODAY()-29)*((YEAR(TODAY()-29)-1900)*12+MONTH(TODAY()-29)))>=$X16)*(((($V16<=TODAY()-29)*$Y16+($V16>TODAY()-29)*((YEAR(TODAY()-29)-1900)*12+MONTH(TODAY()-29)))-$X16+1)-(1-(($V16<=TODAY()-29)*$Z16+($V16>TODAY()-29)*((TODAY()-29)=EOMONTH(TODAY()-29,0))*1))))) -> 24000 | M16: =IF($G16>0,$I16/$G16,0) -> 7 | N16: =IF($C16="","",IF($B16="TANIMSIZ MÜŞTERİ","TANIMSIZ MÜŞTERİ",IF($F16="","MODEL SEÇİN",IF(OR($D16="",$G16<=0),"EKSİK",IF(AND($E16<>"",$E16<$D16),"TARİH HATASI",IF($H16="Pasif","KAPALI DÖNEM","UYGUN")))))) -> UYGUN | O16: =IF(OR($C16="",$D16="",$F16=""),"",IF($F16="Aylık",EOMONTH($D16,0),($D16+MOD(SISTEM!$F$8-WEEKDAY($D16,2),7)))) -> 46053 | S16: =IF($B16="","",$B16&"|"&COUNTIFS($B$7:$B16,$B16)) -> M027|1 | T16: =IF($C16="","",UPPER(SUBSTITUTE(SUBSTITUTE(SUBSTITUTE(SUBSTITUTE(SUBSTITUTE(SUBSTITUTE(SUBSTITUTE(SUBSTITUTE(SUBSTITUTE(SUBSTITUTE(SUBSTITUTE(SUBSTITUTE(SUBSTITUTE(SUBSTITUTE(SUBSTITUTE(SUBSTITUTE(SUBSTITUTE(SUBSTITUTE(TRIM($C16),"'",""),"İ","I"),"ı","I"),"i","I"),"Ş","S"),"ş","S"),"Ğ","G"),"ğ","G"),"Ü","U"),"ü","U"),"Ö","O"),"ö","O"),"Ç","C"),"ç","C"),".",""),",","")," ",""),"-",""))) -> CERENDEMIRCI | U16: =IF($O16="",0,$O16) -> 46053 | V16: =IF($E16="",2958465,$E16) -> 2958465 | W16: =IF($F16="Haftalık",1,IF($F16="Aylık",2,0)) -> 2 | X16: =IF($U16=0,0,(YEAR($U16)-1900)*12+MONTH($U16)) -> 1513 | Y16: =(YEAR($V16)-1900)*12+MONTH($V16) -> 97200 | Z16: =IF($V16=EOMONTH($V16,0),1,0) -> 1 | AA16: =IF(OR($B16="",$H16<>"Aktif"),0,COUNTIFS($B$7:$B$606,$B16,$H$7:$H$606,"Aktif")) -> 1
B17: =IF($C17="","",IFERROR(INDEX(MUSTERILER!$B$7:$B$156,MATCH($T17,MUSTERILER!$T$7:$T$156,0)),IFERROR(INDEX(MUSTERILER!$B$7:$B$156,MATCH($C17,MUSTERILER!$B$7:$B$156,0)),IFERROR(INDEX(MUSTERILER!$B$7:$B$156,MATCH($T17&"*",MUSTERILER!$T$7:$T$156,0)),"TANIMSIZ MÜŞTERİ")))) -> M015 | C17: ÇAYIRALAN LTD.ŞTİ. | D17: 46023 | F17: Haftalık | G17: 3000 | H17: Aktif | I17: =IF(OR($C17="",$D17="",$G17="",$F17=""),0,$G17*(($W17=1)*($U17>0)*(($V17+(TODAY()-$V17)*(TODAY()<$V17))>=$U17)*(INT((($V17+(TODAY()-$V17)*(TODAY()<$V17))-$U17)/7)+1)+($W17=2)*($U17>0)*((($V17<=TODAY())*$Y17+($V17>TODAY())*((YEAR(TODAY())-1900)*12+MONTH(TODAY())))>=$X17)*(((($V17<=TODAY())*$Y17+($V17>TODAY())*((YEAR(TODAY())-1900)*12+MONTH(TODAY())))-$X17+1)-(1-(($V17<=TODAY())*$Z17+($V17>TODAY())*((TODAY())=EOMONTH(TODAY(),0))*1))))) -> 102000 | J17: =IF(OR($C17="",$D17="",$G17="",$F17=""),0,$G17*(($W17=1)*($U17>0)*(($V17+(TODAY()-8-$V17)*(TODAY()-8<$V17))>=$U17)*(INT((($V17+(TODAY()-8-$V17)*(TODAY()-8<$V17))-$U17)/7)+1)+($W17=2)*($U17>0)*((($V17<=TODAY()-8)*$Y17+($V17>TODAY()-8)*((YEAR(TODAY()-8)-1900)*12+MONTH(TODAY()-8)))>=$X17)*(((($V17<=TODAY()-8)*$Y17+($V17>TODAY()-8)*((YEAR(TODAY()-8)-1900)*12+MONTH(TODAY()-8)))-$X17+1)-(1-(($V17<=TODAY()-8)*$Z17+($V17>TODAY()-8)*((TODAY()-8)=EOMONTH(TODAY()-8,0))*1))))) -> 99000 | K17: =IF(OR($C17="",$D17="",$G17="",$F17=""),0,$G17*(($W17=1)*($U17>0)*(($V17+(TODAY()-15-$V17)*(TODAY()-15<$V17))>=$U17)*(INT((($V17+(TODAY()-15-$V17)*(TODAY()-15<$V17))-$U17)/7)+1)+($W17=2)*($U17>0)*((($V17<=TODAY()-15)*$Y17+($V17>TODAY()-15)*((YEAR(TODAY()-15)-1900)*12+MONTH(TODAY()-15)))>=$X17)*(((($V17<=TODAY()-15)*$Y17+($V17>TODAY()-15)*((YEAR(TODAY()-15)-1900)*12+MONTH(TODAY()-15)))-$X17+1)-(1-(($V17<=TODAY()-15)*$Z17+($V17>TODAY()-15)*((TODAY()-15)=EOMONTH(TODAY()-15,0))*1))))) -> 96000 | L17: =IF(OR($C17="",$D17="",$G17="",$F17=""),0,$G17*(($W17=1)*($U17>0)*(($V17+(TODAY()-29-$V17)*(TODAY()-29<$V17))>=$U17)*(INT((($V17+(TODAY()-29-$V17)*(TODAY()-29<$V17))-$U17)/7)+1)+($W17=2)*($U17>0)*((($V17<=TODAY()-29)*$Y17+($V17>TODAY()-29)*((YEAR(TODAY()-29)-1900)*12+MONTH(TODAY()-29)))>=$X17)*(((($V17<=TODAY()-29)*$Y17+($V17>TODAY()-29)*((YEAR(TODAY()-29)-1900)*12+MONTH(TODAY()-29)))-$X17+1)-(1-(($V17<=TODAY()-29)*$Z17+($V17>TODAY()-29)*((TODAY()-29)=EOMONTH(TODAY()-29,0))*1))))) -> 90000 | M17: =IF($G17>0,$I17/$G17,0) -> 34 | N17: =IF($C17="","",IF($B17="TANIMSIZ MÜŞTERİ","TANIMSIZ MÜŞTERİ",IF($F17="","MODEL SEÇİN",IF(OR($D17="",$G17<=0),"EKSİK",IF(AND($E17<>"",$E17<$D17),"TARİH HATASI",IF($H17="Pasif","KAPALI DÖNEM","UYGUN")))))) -> UYGUN | O17: =IF(OR($C17="",$D17="",$F17=""),"",IF($F17="Aylık",EOMONTH($D17,0),($D17+MOD(SISTEM!$F$8-WEEKDAY($D17,2),7)))) -> 46025 | S17: =IF($B17="","",$B17&"|"&COUNTIFS($B$7:$B17,$B17)) -> M015|1 | T17: =IF($C17="","",UPPER(SUBSTITUTE(SUBSTITUTE(SUBSTITUTE(SUBSTITUTE(SUBSTITUTE(SUBSTITUTE(SUBSTITUTE(SUBSTITUTE(SUBSTITUTE(SUBSTITUTE(SUBSTITUTE(SUBSTITUTE(SUBSTITUTE(SUBSTITUTE(SUBSTITUTE(SUBSTITUTE(SUBSTITUTE(SUBSTITUTE(TRIM($C17),"'",""),"İ","I"),"ı","I"),"i","I"),"Ş","S"),"ş","S"),"Ğ","G"),"ğ","G"),"Ü","U"),"ü","U"),"Ö","O"),"ö","O"),"Ç","C"),"ç","C"),".",""),",","")," ",""),"-",""))) -> CAYIRALANLTDSTI | U17: =IF($O17="",0,$O17) -> 46025 | V17: =IF($E17="",2958465,$E17) -> 2958465 | W17: =IF($F17="Haftalık",1,IF($F17="Aylık",2,0)) -> 1 | X17: =IF($U17=0,0,(YEAR($U17)-1900)*12+MONTH($U17)) -> 1513 | Y17: =(YEAR($V17)-1900)*12+MONTH($V17) -> 97200 | Z17: =IF($V17=EOMONTH($V17,0),1,0) -> 1 | AA17: =IF(OR($B17="",$H17<>"Aktif"),0,COUNTIFS($B$7:$B$606,$B17,$H$7:$H$606,"Aktif")) -> 1
B18: =IF($C18="","",IFERROR(INDEX(MUSTERILER!$B$7:$B$156,MATCH($T18,MUSTERILER!$T$7:$T$156,0)),IFERROR(INDEX(MUSTERILER!$B$7:$B$156,MATCH($C18,MUSTERILER!$B$7:$B$156,0)),IFERROR(INDEX(MUSTERILER!$B$7:$B$156,MATCH($T18&"*",MUSTERILER!$T$7:$T$156,0)),"TANIMSIZ MÜŞTERİ")))) -> M018 | C18: ÇINARHAN LTD.ŞTİ. | D18: 46023 | E18: 46248 | F18: Haftalık | G18: 2500 | H18: Pasif | I18: =IF(OR($C18="",$D18="",$G18="",$F18=""),0,$G18*(($W18=1)*($U18>0)*(($V18+(TODAY()-$V18)*(TODAY()<$V18))>=$U18)*(INT((($V18+(TODAY()-$V18)*(TODAY()<$V18))-$U18)/7)+1)+($W18=2)*($U18>0)*((($V18<=TODAY())*$Y18+($V18>TODAY())*((YEAR(TODAY())-1900)*12+MONTH(TODAY())))>=$X18)*(((($V18<=TODAY())*$Y18+($V18>TODAY())*((YEAR(TODAY())-1900)*12+MONTH(TODAY())))-$X18+1)-(1-(($V18<=TODAY())*$Z18+($V18>TODAY())*((TODAY())=EOMONTH(TODAY(),0))*1))))) -> 80000 | J18: =IF(OR($C18="",$D18="",$G18="",$F18=""),0,$G18*(($W18=1)*($U18>0)*(($V18+(TODAY()-8-$V18)*(TODAY()-8<$V18))>=$U18)*(INT((($V18+(TODAY()-8-$V18)*(TODAY()-8<$V18))-$U18)/7)+1)+($W18=2)*($U18>0)*((($V18<=TODAY()-8)*$Y18+($V18>TODAY()-8)*((YEAR(TODAY()-8)-1900)*12+MONTH(TODAY()-8)))>=$X18)*(((($V18<=TODAY()-8)*$Y18+($V18>TODAY()-8)*((YEAR(TODAY()-8)-1900)*12+MONTH(TODAY()-8)))-$X18+1)-(1-(($V18<=TODAY()-8)*$Z18+($V18>TODAY()-8)*((TODAY()-8)=EOMONTH(TODAY()-8,0))*1))))) -> 80000 | K18: =IF(OR($C18="",$D18="",$G18="",$F18=""),0,$G18*(($W18=1)*($U18>0)*(($V18+(TODAY()-15-$V18)*(TODAY()-15<$V18))>=$U18)*(INT((($V18+(TODAY()-15-$V18)*(TODAY()-15<$V18))-$U18)/7)+1)+($W18=2)*($U18>0)*((($V18<=TODAY()-15)*$Y18+($V18>TODAY()-15)*((YEAR(TODAY()-15)-1900)*12+MONTH(TODAY()-15)))>=$X18)*(((($V18<=TODAY()-15)*$Y18+($V18>TODAY()-15)*((YEAR(TODAY()-15)-1900)*12+MONTH(TODAY()-15)))-$X18+1)-(1-(($V18<=TODAY()-15)*$Z18+($V18>TODAY()-15)*((TODAY()-15)=EOMONTH(TODAY()-15,0))*1))))) -> 80000 | L18: =IF(OR($C18="",$D18="",$G18="",$F18=""),0,$G18*(($W18=1)*($U18>0)*(($V18+(TODAY()-29-$V18)*(TODAY()-29<$V18))>=$U18)*(INT((($V18+(TODAY()-29-$V18)*(TODAY()-29<$V18))-$U18)/7)+1)+($W18=2)*($U18>0)*((($V18<=TODAY()-29)*$Y18+($V18>TODAY()-29)*((YEAR(TODAY()-29)-1900)*12+MONTH(TODAY()-29)))>=$X18)*(((($V18<=TODAY()-29)*$Y18+($V18>TODAY()-29)*((YEAR(TODAY()-29)-1900)*12+MONTH(TODAY()-29)))-$X18+1)-(1-(($V18<=TODAY()-29)*$Z18+($V18>TODAY()-29)*((TODAY()-29)=EOMONTH(TODAY()-29,0))*1))))) -> 75000 | M18: =IF($G18>0,$I18/$G18,0) -> 32 | N18: =IF($C18="","",IF($B18="TANIMSIZ MÜŞTERİ","TANIMSIZ MÜŞTERİ",IF($F18="","MODEL SEÇİN",IF(OR($D18="",$G18<=0),"EKSİK",IF(AND($E18<>"",$E18<$D18),"TARİH HATASI",IF($H18="Pasif","KAPALI DÖNEM","UYGUN")))))) -> KAPALI DÖNEM | O18: =IF(OR($C18="",$D18="",$F18=""),"",IF($F18="Aylık",EOMONTH($D18,0),($D18+MOD(SISTEM!$F$8-WEEKDAY($D18,2),7)))) -> 46025 | S18: =IF($B18="","",$B18&"|"&COUNTIFS($B$7:$B18,$B18)) -> M018|1 | T18: =IF($C18="","",UPPER(SUBSTITUTE(SUBSTITUTE(SUBSTITUTE(SUBSTITUTE(SUBSTITUTE(SUBSTITUTE(SUBSTITUTE(SUBSTITUTE(SUBSTITUTE(SUBSTITUTE(SUBSTITUTE(SUBSTITUTE(SUBSTITUTE(SUBSTITUTE(SUBSTITUTE(SUBSTITUTE(SUBSTITUTE(SUBSTITUTE(TRIM($C18),"'",""),"İ","I"),"ı","I"),"i","I"),"Ş","S"),"ş","S"),"Ğ","G"),"ğ","G"),"Ü","U"),"ü","U"),"Ö","O"),"ö","O"),"Ç","C"),"ç","C"),".",""),",","")," ",""),"-",""))) -> CINARHANLTDSTI | U18: =IF($O18="",0,$O18) -> 46025 | V18: =IF($E18="",2958465,$E18) -> 46248 | W18: =IF($F18="Haftalık",1,IF($F18="Aylık",2,0)) -> 1 | X18: =IF($U18=0,0,(YEAR($U18)-1900)*12+MONTH($U18)) -> 1513 | Y18: =(YEAR($V18)-1900)*12+MONTH($V18) -> 1520 | Z18: =IF($V18=EOMONTH($V18,0),1,0) -> 0 | AA18: =IF(OR($B18="",$H18<>"Aktif"),0,COUNTIFS($B$7:$B$606,$B18,$H$7:$H$606,"Aktif")) -> 0
B19: =IF($C19="","",IFERROR(INDEX(MUSTERILER!$B$7:$B$156,MATCH($T19,MUSTERILER!$T$7:$T$156,0)),IFERROR(INDEX(MUSTERILER!$B$7:$B$156,MATCH($C19,MUSTERILER!$B$7:$B$156,0)),IFERROR(INDEX(MUSTERILER!$B$7:$B$156,MATCH($T19&"*",MUSTERILER!$T$7:$T$156,0)),"TANIMSIZ MÜŞTERİ")))) -> M028 | C19: DERVİŞHAN LTD.ŞTİ. | D19: 46023 | F19: Aylık | G19: 10000 | H19: Aktif | I19: =IF(OR($C19="",$D19="",$G19="",$F19=""),0,$G19*(($W19=1)*($U19>0)*(($V19+(TODAY()-$V19)*(TODAY()<$V19))>=$U19)*(INT((($V19+(TODAY()-$V19)*(TODAY()<$V19))-$U19)/7)+1)+($W19=2)*($U19>0)*((($V19<=TODAY())*$Y19+($V19>TODAY())*((YEAR(TODAY())-1900)*12+MONTH(TODAY())))>=$X19)*(((($V19<=TODAY())*$Y19+($V19>TODAY())*((YEAR(TODAY())-1900)*12+MONTH(TODAY())))-$X19+1)-(1-(($V19<=TODAY())*$Z19+($V19>TODAY())*((TODAY())=EOMONTH(TODAY(),0))*1))))) -> 70000 | J19: =IF(OR($C19="",$D19="",$G19="",$F19=""),0,$G19*(($W19=1)*($U19>0)*(($V19+(TODAY()-8-$V19)*(TODAY()-8<$V19))>=$U19)*(INT((($V19+(TODAY()-8-$V19)*(TODAY()-8<$V19))-$U19)/7)+1)+($W19=2)*($U19>0)*((($V19<=TODAY()-8)*$Y19+($V19>TODAY()-8)*((YEAR(TODAY()-8)-1900)*12+MONTH(TODAY()-8)))>=$X19)*(((($V19<=TODAY()-8)*$Y19+($V19>TODAY()-8)*((YEAR(TODAY()-8)-1900)*12+MONTH(TODAY()-8)))-$X19+1)-(1-(($V19<=TODAY()-8)*$Z19+($V19>TODAY()-8)*((TODAY()-8)=EOMONTH(TODAY()-8,0))*1))))) -> 70000 | K19: =IF(OR($C19="",$D19="",$G19="",$F19=""),0,$G19*(($W19=1)*($U19>0)*(($V19+(TODAY()-15-$V19)*(TODAY()-15<$V19))>=$U19)*(INT((($V19+(TODAY()-15-$V19)*(TODAY()-15<$V19))-$U19)/7)+1)+($W19=2)*($U19>0)*((($V19<=TODAY()-15)*$Y19+($V19>TODAY()-15)*((YEAR(TODAY()-15)-1900)*12+MONTH(TODAY()-15)))>=$X19)*(((($V19<=TODAY()-15)*$Y19+($V19>TODAY()-15)*((YEAR(TODAY()-15)-1900)*12+MONTH(TODAY()-15)))-$X19+1)-(1-(($V19<=TODAY()-15)*$Z19+($V19>TODAY()-15)*((TODAY()-15)=EOMONTH(TODAY()-15,0))*1))))) -> 70000 | L19: =IF(OR($C19="",$D19="",$G19="",$F19=""),0,$G19*(($W19=1)*($U19>0)*(($V19+(TODAY()-29-$V19)*(TODAY()-29<$V19))>=$U19)*(INT((($V19+(TODAY()-29-$V19)*(TODAY()-29<$V19))-$U19)/7)+1)+($W19=2)*($U19>0)*((($V19<=TODAY()-29)*$Y19+($V19>TODAY()-29)*((YEAR(TODAY()-29)-1900)*12+MONTH(TODAY()-29)))>=$X19)*(((($V19<=TODAY()-29)*$Y19+($V19>TODAY()-29)*((YEAR(TODAY()-29)-1900)*12+MONTH(TODAY()-29)))-$X19+1)-(1-(($V19<=TODAY()-29)*$Z19+($V19>TODAY()-29)*((TODAY()-29)=EOMONTH(TODAY()-29,0))*1))))) -> 60000 | M19: =IF($G19>0,$I19/$G19,0) -> 7 | N19: =IF($C19="","",IF($B19="TANIMSIZ MÜŞTERİ","TANIMSIZ MÜŞTERİ",IF($F19="","MODEL SEÇİN",IF(OR($D19="",$G19<=0),"EKSİK",IF(AND($E19<>"",$E19<$D19),"TARİH HATASI",IF($H19="Pasif","KAPALI DÖNEM","UYGUN")))))) -> UYGUN | O19: =IF(OR($C19="",$D19="",$F19=""),"",IF($F19="Aylık",EOMONTH($D19,0),($D19+MOD(SISTEM!$F$8-WEEKDAY($D19,2),7)))) -> 46053 | S19: =IF($B19="","",$B19&"|"&COUNTIFS($B$7:$B19,$B19)) -> M028|1 | T19: =IF($C19="","",UPPER(SUBSTITUTE(SUBSTITUTE(SUBSTITUTE(SUBSTITUTE(SUBSTITUTE(SUBSTITUTE(SUBSTITUTE(SUBSTITUTE(SUBSTITUTE(SUBSTITUTE(SUBSTITUTE(SUBSTITUTE(SUBSTITUTE(SUBSTITUTE(SUBSTITUTE(SUBSTITUTE(SUBSTITUTE(SUBSTITUTE(TRIM($C19),"'",""),"İ","I"),"ı","I"),"i","I"),"Ş","S"),"ş","S"),"Ğ","G"),"ğ","G"),"Ü","U"),"ü","U"),"Ö","O"),"ö","O"),"Ç","C"),"ç","C"),".",""),",","")," ",""),"-",""))) -> DERVISHANLTDSTI | U19: =IF($O19="",0,$O19) -> 46053 | V19: =IF($E19="",2958465,$E19) -> 2958465 | W19: =IF($F19="Haftalık",1,IF($F19="Aylık",2,0)) -> 2 | X19: =IF($U19=0,0,(YEAR($U19)-1900)*12+MONTH($U19)) -> 1513 | Y19: =(YEAR($V19)-1900)*12+MONTH($V19) -> 97200 | Z19: =IF($V19=EOMONTH($V19,0),1,0) -> 1 | AA19: =IF(OR($B19="",$H19<>"Aktif"),0,COUNTIFS($B$7:$B$606,$B19,$H$7:$H$606,"Aktif")) -> 1
B20: =IF($C20="","",IFERROR(INDEX(MUSTERILER!$B$7:$B$156,MATCH($T20,MUSTERILER!$T$7:$T$156,0)),IFERROR(INDEX(MUSTERILER!$B$7:$B$156,MATCH($C20,MUSTERILER!$B$7:$B$156,0)),IFERROR(INDEX(MUSTERILER!$B$7:$B$156,MATCH($T20&"*",MUSTERILER!$T$7:$T$156,0)),"TANIMSIZ MÜŞTERİ")))) -> M011 | C20: EĞLENGÖR LTD.ŞTİ. | D20: 46039 | E20: 46109 | F20: Haftalık | G20: 3000 | H20: Pasif | I20: =IF(OR($C20="",$D20="",$G20="",$F20=""),0,$G20*(($W20=1)*($U20>0)*(($V20+(TODAY()-$V20)*(TODAY()<$V20))>=$U20)*(INT((($V20+(TODAY()-$V20)*(TODAY()<$V20))-$U20)/7)+1)+($W20=2)*($U20>0)*((($V20<=TODAY())*$Y20+($V20>TODAY())*((YEAR(TODAY())-1900)*12+MONTH(TODAY())))>=$X20)*(((($V20<=TODAY())*$Y20+($V20>TODAY())*((YEAR(TODAY())-1900)*12+MONTH(TODAY())))-$X20+1)-(1-(($V20<=TODAY())*$Z20+($V20>TODAY())*((TODAY())=EOMONTH(TODAY(),0))*1))))) -> 33000 | J20: =IF(OR($C20="",$D20="",$G20="",$F20=""),0,$G20*(($W20=1)*($U20>0)*(($V20+(TODAY()-8-$V20)*(TODAY()-8<$V20))>=$U20)*(INT((($V20+(TODAY()-8-$V20)*(TODAY()-8<$V20))-$U20)/7)+1)+($W20=2)*($U20>0)*((($V20<=TODAY()-8)*$Y20+($V20>TODAY()-8)*((YEAR(TODAY()-8)-1900)*12+MONTH(TODAY()-8)))>=$X20)*(((($V20<=TODAY()-8)*$Y20+($V20>TODAY()-8)*((YEAR(TODAY()-8)-1900)*12+MONTH(TODAY()-8)))-$X20+1)-(1-(($V20<=TODAY()-8)*$Z20+($V20>TODAY()-8)*((TODAY()-8)=EOMONTH(TODAY()-8,0))*1))))) -> 33000 | K20: =IF(OR($C20="",$D20="",$G20="",$F20=""),0,$G20*(($W20=1)*($U20>0)*(($V20+(TODAY()-15-$V20)*(TODAY()-15<$V20))>=$U20)*(INT((($V20+(TODAY()-15-$V20)*(TODAY()-15<$V20))-$U20)/7)+1)+($W20=2)*($U20>0)*((($V20<=TODAY()-15)*$Y20+($V20>TODAY()-15)*((YEAR(TODAY()-15)-1900)*12+MONTH(TODAY()-15)))>=$X20)*(((($V20<=TODAY()-15)*$Y20+($V20>TODAY()-15)*((YEAR(TODAY()-15)-1900)*12+MONTH(TODAY()-15)))-$X20+1)-(1-(($V20<=TODAY()-15)*$Z20+($V20>TODAY()-15)*((TODAY()-15)=EOMONTH(TODAY()-15,0))*1))))) -> 33000 | L20: =IF(OR($C20="",$D20="",$G20="",$F20=""),0,$G20*(($W20=1)*($U20>0)*(($V20+(TODAY()-29-$V20)*(TODAY()-29<$V20))>=$U20)*(INT((($V20+(TODAY()-29-$V20)*(TODAY()-29<$V20))-$U20)/7)+1)+($W20=2)*($U20>0)*((($V20<=TODAY()-29)*$Y20+($V20>TODAY()-29)*((YEAR(TODAY()-29)-1900)*12+MONTH(TODAY()-29)))>=$X20)*(((($V20<=TODAY()-29)*$Y20+($V20>TODAY()-29)*((YEAR(TODAY()-29)-1900)*12+MONTH(TODAY()-29)))-$X20+1)-(1-(($V20<=TODAY()-29)*$Z20+($V20>TODAY()-29)*((TODAY()-29)=EOMONTH(TODAY()-29,0))*1))))) -> 33000 | M20: =IF($G20>0,$I20/$G20,0) -> 11 | N20: =IF($C20="","",IF($B20="TANIMSIZ MÜŞTERİ","TANIMSIZ MÜŞTERİ",IF($F20="","MODEL SEÇİN",IF(OR($D20="",$G20<=0),"EKSİK",IF(AND($E20<>"",$E20<$D20),"TARİH HATASI",IF($H20="Pasif","KAPALI DÖNEM","UYGUN")))))) -> KAPALI DÖNEM | O20: =IF(OR($C20="",$D20="",$F20=""),"",IF($F20="Aylık",EOMONTH($D20,0),($D20+MOD(SISTEM!$F$8-WEEKDAY($D20,2),7)))) -> 46039 | S20: =IF($B20="","",$B20&"|"&COUNTIFS($B$7:$B20,$B20)) -> M011|1 | T20: =IF($C20="","",UPPER(SUBSTITUTE(SUBSTITUTE(SUBSTITUTE(SUBSTITUTE(SUBSTITUTE(SUBSTITUTE(SUBSTITUTE(SUBSTITUTE(SUBSTITUTE(SUBSTITUTE(SUBSTITUTE(SUBSTITUTE(SUBSTITUTE(SUBSTITUTE(SUBSTITUTE(SUBSTITUTE(SUBSTITUTE(SUBSTITUTE(TRIM($C20),"'",""),"İ","I"),"ı","I"),"i","I"),"Ş","S"),"ş","S"),"Ğ","G"),"ğ","G"),"Ü","U"),"ü","U"),"Ö","O"),"ö","O"),"Ç","C"),"ç","C"),".",""),",","")," ",""),"-",""))) -> EGLENGORLTDSTI | U20: =IF($O20="",0,$O20) -> 46039 | V20: =IF($E20="",2958465,$E20) -> 46109 | W20: =IF($F20="Haftalık",1,IF($F20="Aylık",2,0)) -> 1 | X20: =IF($U20=0,0,(YEAR($U20)-1900)*12+MONTH($U20)) -> 1513 | Y20: =(YEAR($V20)-1900)*12+MONTH($V20) -> 1515 | Z20: =IF($V20=EOMONTH($V20,0),1,0) -> 0 | AA20: =IF(OR($B20="",$H20<>"Aktif"),0,COUNTIFS($B$7:$B$606,$B20,$H$7:$H$606,"Aktif")) -> 0
B21: =IF($C21="","",IFERROR(INDEX(MUSTERILER!$B$7:$B$156,MATCH($T21,MUSTERILER!$T$7:$T$156,0)),IFERROR(INDEX(MUSTERILER!$B$7:$B$156,MATCH($C21,MUSTERILER!$B$7:$B$156,0)),IFERROR(INDEX(MUSTERILER!$B$7:$B$156,MATCH($T21&"*",MUSTERILER!$T$7:$T$156,0)),"TANIMSIZ MÜŞTERİ")))) -> M029 | C21: EMRAH SAVURKAN | D21: 46023 | F21: Aylık | G21: 2000 | H21: Aktif | I21: =IF(OR($C21="",$D21="",$G21="",$F21=""),0,$G21*(($W21=1)*($U21>0)*(($V21+(TODAY()-$V21)*(TODAY()<$V21))>=$U21)*(INT((($V21+(TODAY()-$V21)*(TODAY()<$V21))-$U21)/7)+1)+($W21=2)*($U21>0)*((($V21<=TODAY())*$Y21+($V21>TODAY())*((YEAR(TODAY())-1900)*12+MONTH(TODAY())))>=$X21)*(((($V21<=TODAY())*$Y21+($V21>TODAY())*((YEAR(TODAY())-1900)*12+MONTH(TODAY())))-$X21+1)-(1-(($V21<=TODAY())*$Z21+($V21>TODAY())*((TODAY())=EOMONTH(TODAY(),0))*1))))) -> 14000 | J21: =IF(OR($C21="",$D21="",$G21="",$F21=""),0,$G21*(($W21=1)*($U21>0)*(($V21+(TODAY()-8-$V21)*(TODAY()-8<$V21))>=$U21)*(INT((($V21+(TODAY()-8-$V21)*(TODAY()-8<$V21))-$U21)/7)+1)+($W21=2)*($U21>0)*((($V21<=TODAY()-8)*$Y21+($V21>TODAY()-8)*((YEAR(TODAY()-8)-1900)*12+MONTH(TODAY()-8)))>=$X21)*(((($V21<=TODAY()-8)*$Y21+($V21>TODAY()-8)*((YEAR(TODAY()-8)-1900)*12+MONTH(TODAY()-8)))-$X21+1)-(1-(($V21<=TODAY()-8)*$Z21+($V21>TODAY()-8)*((TODAY()-8)=EOMONTH(TODAY()-8,0))*1))))) -> 14000 | K21: =IF(OR($C21="",$D21="",$G21="",$F21=""),0,$G21*(($W21=1)*($U21>0)*(($V21+(TODAY()-15-$V21)*(TODAY()-15<$V21))>=$U21)*(INT((($V21+(TODAY()-15-$V21)*(TODAY()-15<$V21))-$U21)/7)+1)+($W21=2)*($U21>0)*((($V21<=TODAY()-15)*$Y21+($V21>TODAY()-15)*((YEAR(TODAY()-15)-1900)*12+MONTH(TODAY()-15)))>=$X21)*(((($V21<=TODAY()-15)*$Y21+($V21>TODAY()-15)*((YEAR(TODAY()-15)-1900)*12+MONTH(TODAY()-15)))-$X21+1)-(1-(($V21<=TODAY()-15)*$Z21+($V21>TODAY()-15)*((TODAY()-15)=EOMONTH(TODAY()-15,0))*1))))) -> 14000 | L21: =IF(OR($C21="",$D21="",$G21="",$F21=""),0,$G21*(($W21=1)*($U21>0)*(($V21+(TODAY()-29-$V21)*(TODAY()-29<$V21))>=$U21)*(INT((($V21+(TODAY()-29-$V21)*(TODAY()-29<$V21))-$U21)/7)+1)+($W21=2)*($U21>0)*((($V21<=TODAY()-29)*$Y21+($V21>TODAY()-29)*((YEAR(TODAY()-29)-1900)*12+MONTH(TODAY()-29)))>=$X21)*(((($V21<=TODAY()-29)*$Y21+($V21>TODAY()-29)*((YEAR(TODAY()-29)-1900)*12+MONTH(TODAY()-29)))-$X21+1)-(1-(($V21<=TODAY()-29)*$Z21+($V21>TODAY()-29)*((TODAY()-29)=EOMONTH(TODAY()-29,0))*1))))) -> 12000 | M21: =IF($G21>0,$I21/$G21,0) -> 7 | N21: =IF($C21="","",IF($B21="TANIMSIZ MÜŞTERİ","TANIMSIZ MÜŞTERİ",IF($F21="","MODEL SEÇİN",IF(OR($D21="",$G21<=0),"EKSİK",IF(AND($E21<>"",$E21<$D21),"TARİH HATASI",IF($H21="Pasif","KAPALI DÖNEM","UYGUN")))))) -> UYGUN | O21: =IF(OR($C21="",$D21="",$F21=""),"",IF($F21="Aylık",EOMONTH($D21,0),($D21+MOD(SISTEM!$F$8-WEEKDAY($D21,2),7)))) -> 46053 | S21: =IF($B21="","",$B21&"|"&COUNTIFS($B$7:$B21,$B21)) -> M029|1 | T21: =IF($C21="","",UPPER(SUBSTITUTE(SUBSTITUTE(SUBSTITUTE(SUBSTITUTE(SUBSTITUTE(SUBSTITUTE(SUBSTITUTE(SUBSTITUTE(SUBSTITUTE(SUBSTITUTE(SUBSTITUTE(SUBSTITUTE(SUBSTITUTE(SUBSTITUTE(SUBSTITUTE(SUBSTITUTE(SUBSTITUTE(SUBSTITUTE(TRIM($C21),"'",""),"İ","I"),"ı","I"),"i","I"),"Ş","S"),"ş","S"),"Ğ","G"),"ğ","G"),"Ü","U"),"ü","U"),"Ö","O"),"ö","O"),"Ç","C"),"ç","C"),".",""),",","")," ",""),"-",""))) -> EMRAHSAVURKAN | U21: =IF($O21="",0,$O21) -> 46053 | V21: =IF($E21="",2958465,$E21) -> 2958465 | W21: =IF($F21="Haftalık",1,IF($F21="Aylık",2,0)) -> 2 | X21: =IF($U21=0,0,(YEAR($U21)-1900)*12+MONTH($U21)) -> 1513 | Y21: =(YEAR($V21)-1900)*12+MONTH($V21) -> 97200 | Z21: =IF($V21=EOMONTH($V21,0),1,0) -> 1 | AA21: =IF(OR($B21="",$H21<>"Aktif"),0,COUNTIFS($B$7:$B$606,$B21,$H$7:$H$606,"Aktif")) -> 1
B22: =IF($C22="","",IFERROR(INDEX(MUSTERILER!$B$7:$B$156,MATCH($T22,MUSTERILER!$T$7:$T$156,0)),IFERROR(INDEX(MUSTERILER!$B$7:$B$156,MATCH($C22,MUSTERILER!$B$7:$B$156,0)),IFERROR(INDEX(MUSTERILER!$B$7:$B$156,MATCH($T22&"*",MUSTERILER!$T$7:$T$156,0)),"TANIMSIZ MÜŞTERİ")))) -> M002 | C22: ESERLİ LTD.ŞTİ. | D22: 46023 | F22: Haftalık | G22: 3500 | H22: Aktif | I22: =IF(OR($C22="",$D22="",$G22="",$F22=""),0,$G22*(($W22=1)*($U22>0)*(($V22+(TODAY()-$V22)*(TODAY()<$V22))>=$U22)*(INT((($V22+(TODAY()-$V22)*(TODAY()<$V22))-$U22)/7)+1)+($W22=2)*($U22>0)*((($V22<=TODAY())*$Y22+($V22>TODAY())*((YEAR(TODAY())-1900)*12+MONTH(TODAY())))>=$X22)*(((($V22<=TODAY())*$Y22+($V22>TODAY())*((YEAR(TODAY())-1900)*12+MONTH(TODAY())))-$X22+1)-(1-(($V22<=TODAY())*$Z22+($V22>TODAY())*((TODAY())=EOMONTH(TODAY(),0))*1))))) -> 119000 | J22: =IF(OR($C22="",$D22="",$G22="",$F22=""),0,$G22*(($W22=1)*($U22>0)*(($V22+(TODAY()-8-$V22)*(TODAY()-8<$V22))>=$U22)*(INT((($V22+(TODAY()-8-$V22)*(TODAY()-8<$V22))-$U22)/7)+1)+($W22=2)*($U22>0)*((($V22<=TODAY()-8)*$Y22+($V22>TODAY()-8)*((YEAR(TODAY()-8)-1900)*12+MONTH(TODAY()-8)))>=$X22)*(((($V22<=TODAY()-8)*$Y22+($V22>TODAY()-8)*((YEAR(TODAY()-8)-1900)*12+MONTH(TODAY()-8)))-$X22+1)-(1-(($V22<=TODAY()-8)*$Z22+($V22>TODAY()-8)*((TODAY()-8)=EOMONTH(TODAY()-8,0))*1))))) -> 115500 | K22: =IF(OR($C22="",$D22="",$G22="",$F22=""),0,$G22*(($W22=1)*($U22>0)*(($V22+(TODAY()-15-$V22)*(TODAY()-15<$V22))>=$U22)*(INT((($V22+(TODAY()-15-$V22)*(TODAY()-15<$V22))-$U22)/7)+1)+($W22=2)*($U22>0)*((($V22<=TODAY()-15)*$Y22+($V22>TODAY()-15)*((YEAR(TODAY()-15)-1900)*12+MONTH(TODAY()-15)))>=$X22)*(((($V22<=TODAY()-15)*$Y22+($V22>TODAY()-15)*((YEAR(TODAY()-15)-1900)*12+MONTH(TODAY()-15)))-$X22+1)-(1-(($V22<=TODAY()-15)*$Z22+($V22>TODAY()-15)*((TODAY()-15)=EOMONTH(TODAY()-15,0))*1))))) -> 112000 | L22: =IF(OR($C22="",$D22="",$G22="",$F22=""),0,$G22*(($W22=1)*($U22>0)*(($V22+(TODAY()-29-$V22)*(TODAY()-29<$V22))>=$U22)*(INT((($V22+(TODAY()-29-$V22)*(TODAY()-29<$V22))-$U22)/7)+1)+($W22=2)*($U22>0)*((($V22<=TODAY()-29)*$Y22+($V22>TODAY()-29)*((YEAR(TODAY()-29)-1900)*12+MONTH(TODAY()-29)))>=$X22)*(((($V22<=TODAY()-29)*$Y22+($V22>TODAY()-29)*((YEAR(TODAY()-29)-1900)*12+MONTH(TODAY()-29)))-$X22+1)-(1-(($V22<=TODAY()-29)*$Z22+($V22>TODAY()-29)*((TODAY()-29)=EOMONTH(TODAY()-29,0))*1))))) -> 105000 | M22: =IF($G22>0,$I22/$G22,0) -> 34 | N22: =IF($C22="","",IF($B22="TANIMSIZ MÜŞTERİ","TANIMSIZ MÜŞTERİ",IF($F22="","MODEL SEÇİN",IF(OR($D22="",$G22<=0),"EKSİK",IF(AND($E22<>"",$E22<$D22),"TARİH HATASI",IF($H22="Pasif","KAPALI DÖNEM","UYGUN")))))) -> UYGUN | O22: =IF(OR($C22="",$D22="",$F22=""),"",IF($F22="Aylık",EOMONTH($D22,0),($D22+MOD(SISTEM!$F$8-WEEKDAY($D22,2),7)))) -> 46025 | S22: =IF($B22="","",$B22&"|"&COUNTIFS($B$7:$B22,$B22)) -> M002|1 | T22: =IF($C22="","",UPPER(SUBSTITUTE(SUBSTITUTE(SUBSTITUTE(SUBSTITUTE(SUBSTITUTE(SUBSTITUTE(SUBSTITUTE(SUBSTITUTE(SUBSTITUTE(SUBSTITUTE(SUBSTITUTE(SUBSTITUTE(SUBSTITUTE(SUBSTITUTE(SUBSTITUTE(SUBSTITUTE(SUBSTITUTE(SUBSTITUTE(TRIM($C22),"'",""),"İ","I"),"ı","I"),"i","I"),"Ş","S"),"ş","S"),"Ğ","G"),"ğ","G"),"Ü","U"),"ü","U"),"Ö","O"),"ö","O"),"Ç","C"),"ç","C"),".",""),",","")," ",""),"-",""))) -> ESERLILTDSTI | U22: =IF($O22="",0,$O22) -> 46025 | V22: =IF($E22="",2958465,$E22) -> 2958465 | W22: =IF($F22="Haftalık",1,IF($F22="Aylık",2,0)) -> 1 | X22: =IF($U22=0,0,(YEAR($U22)-1900)*12+MONTH($U22)) -> 1513 | Y22: =(YEAR($V22)-1900)*12+MONTH($V22) -> 97200 | Z22: =IF($V22=EOMONTH($V22,0),1,0) -> 1 | AA22: =IF(OR($B22="",$H22<>"Aktif"),0,COUNTIFS($B$7:$B$606,$B22,$H$7:$H$606,"Aktif")) -> 1
B23: =IF($C23="","",IFERROR(INDEX(MUSTERILER!$B$7:$B$156,MATCH($T23,MUSTERILER!$T$7:$T$156,0)),IFERROR(INDEX(MUSTERILER!$B$7:$B$156,MATCH($C23,MUSTERILER!$B$7:$B$156,0)),IFERROR(INDEX(MUSTERILER!$B$7:$B$156,MATCH($T23&"*",MUSTERILER!$T$7:$T$156,0)),"TANIMSIZ MÜŞTERİ")))) -> M030 | C23: FARUK DEMİRCİ | D23: 46023 | F23: Aylık | G23: 2000 | H23: Aktif | I23: =IF(OR($C23="",$D23="",$G23="",$F23=""),0,$G23*(($W23=1)*($U23>0)*(($V23+(TODAY()-$V23)*(TODAY()<$V23))>=$U23)*(INT((($V23+(TODAY()-$V23)*(TODAY()<$V23))-$U23)/7)+1)+($W23=2)*($U23>0)*((($V23<=TODAY())*$Y23+($V23>TODAY())*((YEAR(TODAY())-1900)*12+MONTH(TODAY())))>=$X23)*(((($V23<=TODAY())*$Y23+($V23>TODAY())*((YEAR(TODAY())-1900)*12+MONTH(TODAY())))-$X23+1)-(1-(($V23<=TODAY())*$Z23+($V23>TODAY())*((TODAY())=EOMONTH(TODAY(),0))*1))))) -> 14000 | J23: =IF(OR($C23="",$D23="",$G23="",$F23=""),0,$G23*(($W23=1)*($U23>0)*(($V23+(TODAY()-8-$V23)*(TODAY()-8<$V23))>=$U23)*(INT((($V23+(TODAY()-8-$V23)*(TODAY()-8<$V23))-$U23)/7)+1)+($W23=2)*($U23>0)*((($V23<=TODAY()-8)*$Y23+($V23>TODAY()-8)*((YEAR(TODAY()-8)-1900)*12+MONTH(TODAY()-8)))>=$X23)*(((($V23<=TODAY()-8)*$Y23+($V23>TODAY()-8)*((YEAR(TODAY()-8)-1900)*12+MONTH(TODAY()-8)))-$X23+1)-(1-(($V23<=TODAY()-8)*$Z23+($V23>TODAY()-8)*((TODAY()-8)=EOMONTH(TODAY()-8,0))*1))))) -> 14000 | K23: =IF(OR($C23="",$D23="",$G23="",$F23=""),0,$G23*(($W23=1)*($U23>0)*(($V23+(TODAY()-15-$V23)*(TODAY()-15<$V23))>=$U23)*(INT((($V23+(TODAY()-15-$V23)*(TODAY()-15<$V23))-$U23)/7)+1)+($W23=2)*($U23>0)*((($V23<=TODAY()-15)*$Y23+($V23>TODAY()-15)*((YEAR(TODAY()-15)-1900)*12+MONTH(TODAY()-15)))>=$X23)*(((($V23<=TODAY()-15)*$Y23+($V23>TODAY()-15)*((YEAR(TODAY()-15)-1900)*12+MONTH(TODAY()-15)))-$X23+1)-(1-(($V23<=TODAY()-15)*$Z23+($V23>TODAY()-15)*((TODAY()-15)=EOMONTH(TODAY()-15,0))*1))))) -> 14000 | L23: =IF(OR($C23="",$D23="",$G23="",$F23=""),0,$G23*(($W23=1)*($U23>0)*(($V23+(TODAY()-29-$V23)*(TODAY()-29<$V23))>=$U23)*(INT((($V23+(TODAY()-29-$V23)*(TODAY()-29<$V23))-$U23)/7)+1)+($W23=2)*($U23>0)*((($V23<=TODAY()-29)*$Y23+($V23>TODAY()-29)*((YEAR(TODAY()-29)-1900)*12+MONTH(TODAY()-29)))>=$X23)*(((($V23<=TODAY()-29)*$Y23+($V23>TODAY()-29)*((YEAR(TODAY()-29)-1900)*12+MONTH(TODAY()-29)))-$X23+1)-(1-(($V23<=TODAY()-29)*$Z23+($V23>TODAY()-29)*((TODAY()-29)=EOMONTH(TODAY()-29,0))*1))))) -> 12000 | M23: =IF($G23>0,$I23/$G23,0) -> 7 | N23: =IF($C23="","",IF($B23="TANIMSIZ MÜŞTERİ","TANIMSIZ MÜŞTERİ",IF($F23="","MODEL SEÇİN",IF(OR($D23="",$G23<=0),"EKSİK",IF(AND($E23<>"",$E23<$D23),"TARİH HATASI",IF($H23="Pasif","KAPALI DÖNEM","UYGUN")))))) -> UYGUN | O23: =IF(OR($C23="",$D23="",$F23=""),"",IF($F23="Aylık",EOMONTH($D23,0),($D23+MOD(SISTEM!$F$8-WEEKDAY($D23,2),7)))) -> 46053 | S23: =IF($B23="","",$B23&"|"&COUNTIFS($B$7:$B23,$B23)) -> M030|1 | T23: =IF($C23="","",UPPER(SUBSTITUTE(SUBSTITUTE(SUBSTITUTE(SUBSTITUTE(SUBSTITUTE(SUBSTITUTE(SUBSTITUTE(SUBSTITUTE(SUBSTITUTE(SUBSTITUTE(SUBSTITUTE(SUBSTITUTE(SUBSTITUTE(SUBSTITUTE(SUBSTITUTE(SUBSTITUTE(SUBSTITUTE(SUBSTITUTE(TRIM($C23),"'",""),"İ","I"),"ı","I"),"i","I"),"Ş","S"),"ş","S"),"Ğ","G"),"ğ","G"),"Ü","U"),"ü","U"),"Ö","O"),"ö","O"),"Ç","C"),"ç","C"),".",""),",","")," ",""),"-",""))) -> FARUKDEMIRCI | U23: =IF($O23="",0,$O23) -> 46053 | V23: =IF($E23="",2958465,$E23) -> 2958465 | W23: =IF($F23="Haftalık",1,IF($F23="Aylık",2,0)) -> 2 | X23: =IF($U23=0,0,(YEAR($U23)-1900)*12+MONTH($U23)) -> 1513 | Y23: =(YEAR($V23)-1900)*12+MONTH($V23) -> 97200 | Z23: =IF($V23=EOMONTH($V23,0),1,0) -> 1 | AA23: =IF(OR($B23="",$H23<>"Aktif"),0,COUNTIFS($B$7:$B$606,$B23,$H$7:$H$606,"Aktif")) -> 1
B24: =IF($C24="","",IFERROR(INDEX(MUSTERILER!$B$7:$B$156,MATCH($T24,MUSTERILER!$T$7:$T$156,0)),IFERROR(INDEX(MUSTERILER!$B$7:$B$156,MATCH($C24,MUSTERILER!$B$7:$B$156,0)),IFERROR(INDEX(MUSTERILER!$B$7:$B$156,MATCH($T24&"*",MUSTERILER!$T$7:$T$156,0)),"TANIMSIZ MÜŞTERİ")))) -> M014 | C24: FİNAL SİYAH BEYAZ LTD.ŞTİ. | D24: 46023 | E24: 46115 | F24: Haftalık | G24: 2000 | H24: Pasif | I24: =IF(OR($C24="",$D24="",$G24="",$F24=""),0,$G24*(($W24=1)*($U24>0)*(($V24+(TODAY()-$V24)*(TODAY()<$V24))>=$U24)*(INT((($V24+(TODAY()-$V24)*(TODAY()<$V24))-$U24)/7)+1)+($W24=2)*($U24>0)*((($V24<=TODAY())*$Y24+($V24>TODAY())*((YEAR(TODAY())-1900)*12+MONTH(TODAY())))>=$X24)*(((($V24<=TODAY())*$Y24+($V24>TODAY())*((YEAR(TODAY())-1900)*12+MONTH(TODAY())))-$X24+1)-(1-(($V24<=TODAY())*$Z24+($V24>TODAY())*((TODAY())=EOMONTH(TODAY(),0))*1))))) -> 26000 | J24: =IF(OR($C24="",$D24="",$G24="",$F24=""),0,$G24*(($W24=1)*($U24>0)*(($V24+(TODAY()-8-$V24)*(TODAY()-8<$V24))>=$U24)*(INT((($V24+(TODAY()-8-$V24)*(TODAY()-8<$V24))-$U24)/7)+1)+($W24=2)*($U24>0)*((($V24<=TODAY()-8)*$Y24+($V24>TODAY()-8)*((YEAR(TODAY()-8)-1900)*12+MONTH(TODAY()-8)))>=$X24)*(((($V24<=TODAY()-8)*$Y24+($V24>TODAY()-8)*((YEAR(TODAY()-8)-1900)*12+MONTH(TODAY()-8)))-$X24+1)-(1-(($V24<=TODAY()-8)*$Z24+($V24>TODAY()-8)*((TODAY()-8)=EOMONTH(TODAY()-8,0))*1))))) -> 26000 | K24: =IF(OR($C24="",$D24="",$G24="",$F24=""),0,$G24*(($W24=1)*($U24>0)*(($V24+(TODAY()-15-$V24)*(TODAY()-15<$V24))>=$U24)*(INT((($V24+(TODAY()-15-$V24)*(TODAY()-15<$V24))-$U24)/7)+1)+($W24=2)*($U24>0)*((($V24<=TODAY()-15)*$Y24+($V24>TODAY()-15)*((YEAR(TODAY()-15)-1900)*12+MONTH(TODAY()-15)))>=$X24)*(((($V24<=TODAY()-15)*$Y24+($V24>TODAY()-15)*((YEAR(TODAY()-15)-1900)*12+MONTH(TODAY()-15)))-$X24+1)-(1-(($V24<=TODAY()-15)*$Z24+($V24>TODAY()-15)*((TODAY()-15)=EOMONTH(TODAY()-15,0))*1))))) -> 26000 | L24: =IF(OR($C24="",$D24="",$G24="",$F24=""),0,$G24*(($W24=1)*($U24>0)*(($V24+(TODAY()-29-$V24)*(TODAY()-29<$V24))>=$U24)*(INT((($V24+(TODAY()-29-$V24)*(TODAY()-29<$V24))-$U24)/7)+1)+($W24=2)*($U24>0)*((($V24<=TODAY()-29)*$Y24+($V24>TODAY()-29)*((YEAR(TODAY()-29)-1900)*12+MONTH(TODAY()-29)))>=$X24)*(((($V24<=TODAY()-29)*$Y24+($V24>TODAY()-29)*((YEAR(TODAY()-29)-1900)*12+MONTH(TODAY()-29)))-$X24+1)-(1-(($V24<=TODAY()-29)*$Z24+($V24>TODAY()-29)*((TODAY()-29)=EOMONTH(TODAY()-29,0))*1))))) -> 26000 | M24: =IF($G24>0,$I24/$G24,0) -> 13 | N24: =IF($C24="","",IF($B24="TANIMSIZ MÜŞTERİ","TANIMSIZ MÜŞTERİ",IF($F24="","MODEL SEÇİN",IF(OR($D24="",$G24<=0),"EKSİK",IF(AND($E24<>"",$E24<$D24),"TARİH HATASI",IF($H24="Pasif","KAPALI DÖNEM","UYGUN")))))) -> KAPALI DÖNEM | O24: =IF(OR($C24="",$D24="",$F24=""),"",IF($F24="Aylık",EOMONTH($D24,0),($D24+MOD(SISTEM!$F$8-WEEKDAY($D24,2),7)))) -> 46025 | S24: =IF($B24="","",$B24&"|"&COUNTIFS($B$7:$B24,$B24)) -> M014|1 | T24: =IF($C24="","",UPPER(SUBSTITUTE(SUBSTITUTE(SUBSTITUTE(SUBSTITUTE(SUBSTITUTE(SUBSTITUTE(SUBSTITUTE(SUBSTITUTE(SUBSTITUTE(SUBSTITUTE(SUBSTITUTE(SUBSTITUTE(SUBSTITUTE(SUBSTITUTE(SUBSTITUTE(SUBSTITUTE(SUBSTITUTE(SUBSTITUTE(TRIM($C24),"'",""),"İ","I"),"ı","I"),"i","I"),"Ş","S"),"ş","S"),"Ğ","G"),"ğ","G"),"Ü","U"),"ü","U"),"Ö","O"),"ö","O"),"Ç","C"),"ç","C"),".",""),",","")," ",""),"-",""))) -> FINALSIYAHBEYAZLTDSTI | U24: =IF($O24="",0,$O24) -> 46025 | V24: =IF($E24="",2958465,$E24) -> 46115 | W24: =IF($F24="Haftalık",1,IF($F24="Aylık",2,0)) -> 1 | X24: =IF($U24=0,0,(YEAR($U24)-1900)*12+MONTH($U24)) -> 1513 | Y24: =(YEAR($V24)-1900)*12+MONTH($V24) -> 1516 | Z24: =IF($V24=EOMONTH($V24,0),1,0) -> 0 | AA24: =IF(OR($B24="",$H24<>"Aktif"),0,COUNTIFS($B$7:$B$606,$B24,$H$7:$H$606,"Aktif")) -> 0
B25: =IF($C25="","",IFERROR(INDEX(MUSTERILER!$B$7:$B$156,MATCH($T25,MUSTERILER!$T$7:$T$156,0)),IFERROR(INDEX(MUSTERILER!$B$7:$B$156,MATCH($C25,MUSTERILER!$B$7:$B$156,0)),IFERROR(INDEX(MUSTERILER!$B$7:$B$156,MATCH($T25&"*",MUSTERILER!$T$7:$T$156,0)),"TANIMSIZ MÜŞTERİ")))) -> M031 | C25: HALİL AVŞAR | D25: 46023 | F25: Aylık | G25: 3000 | H25: Aktif | I25: =IF(OR($C25="",$D25="",$G25="",$F25=""),0,$G25*(($W25=1)*($U25>0)*(($V25+(TODAY()-$V25)*(TODAY()<$V25))>=$U25)*(INT((($V25+(TODAY()-$V25)*(TODAY()<$V25))-$U25)/7)+1)+($W25=2)*($U25>0)*((($V25<=TODAY())*$Y25+($V25>TODAY())*((YEAR(TODAY())-1900)*12+MONTH(TODAY())))>=$X25)*(((($V25<=TODAY())*$Y25+($V25>TODAY())*((YEAR(TODAY())-1900)*12+MONTH(TODAY())))-$X25+1)-(1-(($V25<=TODAY())*$Z25+($V25>TODAY())*((TODAY())=EOMONTH(TODAY(),0))*1))))) -> 21000 | J25: =IF(OR($C25="",$D25="",$G25="",$F25=""),0,$G25*(($W25=1)*($U25>0)*(($V25+(TODAY()-8-$V25)*(TODAY()-8<$V25))>=$U25)*(INT((($V25+(TODAY()-8-$V25)*(TODAY()-8<$V25))-$U25)/7)+1)+($W25=2)*($U25>0)*((($V25<=TODAY()-8)*$Y25+($V25>TODAY()-8)*((YEAR(TODAY()-8)-1900)*12+MONTH(TODAY()-8)))>=$X25)*(((($V25<=TODAY()-8)*$Y25+($V25>TODAY()-8)*((YEAR(TODAY()-8)-1900)*12+MONTH(TODAY()-8)))-$X25+1)-(1-(($V25<=TODAY()-8)*$Z25+($V25>TODAY()-8)*((TODAY()-8)=EOMONTH(TODAY()-8,0))*1))))) -> 21000 | K25: =IF(OR($C25="",$D25="",$G25="",$F25=""),0,$G25*(($W25=1)*($U25>0)*(($V25+(TODAY()-15-$V25)*(TODAY()-15<$V25))>=$U25)*(INT((($V25+(TODAY()-15-$V25)*(TODAY()-15<$V25))-$U25)/7)+1)+($W25=2)*($U25>0)*((($V25<=TODAY()-15)*$Y25+($V25>TODAY()-15)*((YEAR(TODAY()-15)-1900)*12+MONTH(TODAY()-15)))>=$X25)*(((($V25<=TODAY()-15)*$Y25+($V25>TODAY()-15)*((YEAR(TODAY()-15)-1900)*12+MONTH(TODAY()-15)))-$X25+1)-(1-(($V25<=TODAY()-15)*$Z25+($V25>TODAY()-15)*((TODAY()-15)=EOMONTH(TODAY()-15,0))*1))))) -> 21000 | L25: =IF(OR($C25="",$D25="",$G25="",$F25=""),0,$G25*(($W25=1)*($U25>0)*(($V25+(TODAY()-29-$V25)*(TODAY()-29<$V25))>=$U25)*(INT((($V25+(TODAY()-29-$V25)*(TODAY()-29<$V25))-$U25)/7)+1)+($W25=2)*($U25>0)*((($V25<=TODAY()-29)*$Y25+($V25>TODAY()-29)*((YEAR(TODAY()-29)-1900)*12+MONTH(TODAY()-29)))>=$X25)*(((($V25<=TODAY()-29)*$Y25+($V25>TODAY()-29)*((YEAR(TODAY()-29)-1900)*12+MONTH(TODAY()-29)))-$X25+1)-(1-(($V25<=TODAY()-29)*$Z25+($V25>TODAY()-29)*((TODAY()-29)=EOMONTH(TODAY()-29,0))*1))))) -> 18000 | M25: =IF($G25>0,$I25/$G25,0) -> 7 | N25: =IF($C25="","",IF($B25="TANIMSIZ MÜŞTERİ","TANIMSIZ MÜŞTERİ",IF($F25="","MODEL SEÇİN",IF(OR($D25="",$G25<=0),"EKSİK",IF(AND($E25<>"",$E25<$D25),"TARİH HATASI",IF($H25="Pasif","KAPALI DÖNEM","UYGUN")))))) -> UYGUN | O25: =IF(OR($C25="",$D25="",$F25=""),"",IF($F25="Aylık",EOMONTH($D25,0),($D25+MOD(SISTEM!$F$8-WEEKDAY($D25,2),7)))) -> 46053 | S25: =IF($B25="","",$B25&"|"&COUNTIFS($B$7:$B25,$B25)) -> M031|1 | T25: =IF($C25="","",UPPER(SUBSTITUTE(SUBSTITUTE(SUBSTITUTE(SUBSTITUTE(SUBSTITUTE(SUBSTITUTE(SUBSTITUTE(SUBSTITUTE(SUBSTITUTE(SUBSTITUTE(SUBSTITUTE(SUBSTITUTE(SUBSTITUTE(SUBSTITUTE(SUBSTITUTE(SUBSTITUTE(SUBSTITUTE(SUBSTITUTE(TRIM($C25),"'",""),"İ","I"),"ı","I"),"i","I"),"Ş","S"),"ş","S"),"Ğ","G"),"ğ","G"),"Ü","U"),"ü","U"),"Ö","O"),"ö","O"),"Ç","C"),"ç","C"),".",""),",","")," ",""),"-",""))) -> HALILAVSAR | U25: =IF($O25="",0,$O25) -> 46053 | V25: =IF($E25="",2958465,$E25) -> 2958465 | W25: =IF($F25="Haftalık",1,IF($F25="Aylık",2,0)) -> 2 | X25: =IF($U25=0,0,(YEAR($U25)-1900)*12+MONTH($U25)) -> 1513 | Y25: =(YEAR($V25)-1900)*12+MONTH($V25) -> 97200 | Z25: =IF($V25=EOMONTH($V25,0),1,0) -> 1 | AA25: =IF(OR($B25="",$H25<>"Aktif"),0,COUNTIFS($B$7:$B$606,$B25,$H$7:$H$606,"Aktif")) -> 1
B26: =IF($C26="","",IFERROR(INDEX(MUSTERILER!$B$7:$B$156,MATCH($T26,MUSTERILER!$T$7:$T$156,0)),IFERROR(INDEX(MUSTERILER!$B$7:$B$156,MATCH($C26,MUSTERILER!$B$7:$B$156,0)),IFERROR(INDEX(MUSTERILER!$B$7:$B$156,MATCH($T26&"*",MUSTERILER!$T$7:$T$156,0)),"TANIMSIZ MÜŞTERİ")))) -> M032 | C26: HAYDAR KAYA | D26: 46023 | F26: Aylık | G26: 1000 | H26: Aktif | I26: =IF(OR($C26="",$D26="",$G26="",$F26=""),0,$G26*(($W26=1)*($U26>0)*(($V26+(TODAY()-$V26)*(TODAY()<$V26))>=$U26)*(INT((($V26+(TODAY()-$V26)*(TODAY()<$V26))-$U26)/7)+1)+($W26=2)*($U26>0)*((($V26<=TODAY())*$Y26+($V26>TODAY())*((YEAR(TODAY())-1900)*12+MONTH(TODAY())))>=$X26)*(((($V26<=TODAY())*$Y26+($V26>TODAY())*((YEAR(TODAY())-1900)*12+MONTH(TODAY())))-$X26+1)-(1-(($V26<=TODAY())*$Z26+($V26>TODAY())*((TODAY())=EOMONTH(TODAY(),0))*1))))) -> 7000 | J26: =IF(OR($C26="",$D26="",$G26="",$F26=""),0,$G26*(($W26=1)*($U26>0)*(($V26+(TODAY()-8-$V26)*(TODAY()-8<$V26))>=$U26)*(INT((($V26+(TODAY()-8-$V26)*(TODAY()-8<$V26))-$U26)/7)+1)+($W26=2)*($U26>0)*((($V26<=TODAY()-8)*$Y26+($V26>TODAY()-8)*((YEAR(TODAY()-8)-1900)*12+MONTH(TODAY()-8)))>=$X26)*(((($V26<=TODAY()-8)*$Y26+($V26>TODAY()-8)*((YEAR(TODAY()-8)-1900)*12+MONTH(TODAY()-8)))-$X26+1)-(1-(($V26<=TODAY()-8)*$Z26+($V26>TODAY()-8)*((TODAY()-8)=EOMONTH(TODAY()-8,0))*1))))) -> 7000 | K26: =IF(OR($C26="",$D26="",$G26="",$F26=""),0,$G26*(($W26=1)*($U26>0)*(($V26+(TODAY()-15-$V26)*(TODAY()-15<$V26))>=$U26)*(INT((($V26+(TODAY()-15-$V26)*(TODAY()-15<$V26))-$U26)/7)+1)+($W26=2)*($U26>0)*((($V26<=TODAY()-15)*$Y26+($V26>TODAY()-15)*((YEAR(TODAY()-15)-1900)*12+MONTH(TODAY()-15)))>=$X26)*(((($V26<=TODAY()-15)*$Y26+($V26>TODAY()-15)*((YEAR(TODAY()-15)-1900)*12+MONTH(TODAY()-15)))-$X26+1)-(1-(($V26<=TODAY()-15)*$Z26+($V26>TODAY()-15)*((TODAY()-15)=EOMONTH(TODAY()-15,0))*1))))) -> 7000 | L26: =IF(OR($C26="",$D26="",$G26="",$F26=""),0,$G26*(($W26=1)*($U26>0)*(($V26+(TODAY()-29-$V26)*(TODAY()-29<$V26))>=$U26)*(INT((($V26+(TODAY()-29-$V26)*(TODAY()-29<$V26))-$U26)/7)+1)+($W26=2)*($U26>0)*((($V26<=TODAY()-29)*$Y26+($V26>TODAY()-29)*((YEAR(TODAY()-29)-1900)*12+MONTH(TODAY()-29)))>=$X26)*(((($V26<=TODAY()-29)*$Y26+($V26>TODAY()-29)*((YEAR(TODAY()-29)-1900)*12+MONTH(TODAY()-29)))-$X26+1)-(1-(($V26<=TODAY()-29)*$Z26+($V26>TODAY()-29)*((TODAY()-29)=EOMONTH(TODAY()-29,0))*1))))) -> 6000 | M26: =IF($G26>0,$I26/$G26,0) -> 7 | N26: =IF($C26="","",IF($B26="TANIMSIZ MÜŞTERİ","TANIMSIZ MÜŞTERİ",IF($F26="","MODEL SEÇİN",IF(OR($D26="",$G26<=0),"EKSİK",IF(AND($E26<>"",$E26<$D26),"TARİH HATASI",IF($H26="Pasif","KAPALI DÖNEM","UYGUN")))))) -> UYGUN | O26: =IF(OR($C26="",$D26="",$F26=""),"",IF($F26="Aylık",EOMONTH($D26,0),($D26+MOD(SISTEM!$F$8-WEEKDAY($D26,2),7)))) -> 46053 | S26: =IF($B26="","",$B26&"|"&COUNTIFS($B$7:$B26,$B26)) -> M032|1 | T26: =IF($C26="","",UPPER(SUBSTITUTE(SUBSTITUTE(SUBSTITUTE(SUBSTITUTE(SUBSTITUTE(SUBSTITUTE(SUBSTITUTE(SUBSTITUTE(SUBSTITUTE(SUBSTITUTE(SUBSTITUTE(SUBSTITUTE(SUBSTITUTE(SUBSTITUTE(SUBSTITUTE(SUBSTITUTE(SUBSTITUTE(SUBSTITUTE(TRIM($C26),"'",""),"İ","I"),"ı","I"),"i","I"),"Ş","S"),"ş","S"),"Ğ","G"),"ğ","G"),"Ü","U"),"ü","U"),"Ö","O"),"ö","O"),"Ç","C"),"ç","C"),".",""),",","")," ",""),"-",""))) -> HAYDARKAYA | U26: =IF($O26="",0,$O26) -> 46053 | V26: =IF($E26="",2958465,$E26) -> 2958465 | W26: =IF($F26="Haftalık",1,IF($F26="Aylık",2,0)) -> 2 | X26: =IF($U26=0,0,(YEAR($U26)-1900)*12+MONTH($U26)) -> 1513 | Y26: =(YEAR($V26)-1900)*12+MONTH($V26) -> 97200 | Z26: =IF($V26=EOMONTH($V26,0),1,0) -> 1 | AA26: =IF(OR($B26="",$H26<>"Aktif"),0,COUNTIFS($B$7:$B$606,$B26,$H$7:$H$606,"Aktif")) -> 1
B27: =IF($C27="","",IFERROR(INDEX(MUSTERILER!$B$7:$B$156,MATCH($T27,MUSTERILER!$T$7:$T$156,0)),IFERROR(INDEX(MUSTERILER!$B$7:$B$156,MATCH($C27,MUSTERILER!$B$7:$B$156,0)),IFERROR(INDEX(MUSTERILER!$B$7:$B$156,MATCH($T27&"*",MUSTERILER!$T$7:$T$156,0)),"TANIMSIZ MÜŞTERİ")))) -> M033 | C27: IŞIL GRUP LTD.ŞTİ. | D27: 46023 | F27: Aylık | G27: 7500 | H27: Aktif | I27: =IF(OR($C27="",$D27="",$G27="",$F27=""),0,$G27*(($W27=1)*($U27>0)*(($V27+(TODAY()-$V27)*(TODAY()<$V27))>=$U27)*(INT((($V27+(TODAY()-$V27)*(TODAY()<$V27))-$U27)/7)+1)+($W27=2)*($U27>0)*((($V27<=TODAY())*$Y27+($V27>TODAY())*((YEAR(TODAY())-1900)*12+MONTH(TODAY())))>=$X27)*(((($V27<=TODAY())*$Y27+($V27>TODAY())*((YEAR(TODAY())-1900)*12+MONTH(TODAY())))-$X27+1)-(1-(($V27<=TODAY())*$Z27+($V27>TODAY())*((TODAY())=EOMONTH(TODAY(),0))*1))))) -> 52500 | J27: =IF(OR($C27="",$D27="",$G27="",$F27=""),0,$G27*(($W27=1)*($U27>0)*(($V27+(TODAY()-8-$V27)*(TODAY()-8<$V27))>=$U27)*(INT((($V27+(TODAY()-8-$V27)*(TODAY()-8<$V27))-$U27)/7)+1)+($W27=2)*($U27>0)*((($V27<=TODAY()-8)*$Y27+($V27>TODAY()-8)*((YEAR(TODAY()-8)-1900)*12+MONTH(TODAY()-8)))>=$X27)*(((($V27<=TODAY()-8)*$Y27+($V27>TODAY()-8)*((YEAR(TODAY()-8)-1900)*12+MONTH(TODAY()-8)))-$X27+1)-(1-(($V27<=TODAY()-8)*$Z27+($V27>TODAY()-8)*((TODAY()-8)=EOMONTH(TODAY()-8,0))*1))))) -> 52500 | K27: =IF(OR($C27="",$D27="",$G27="",$F27=""),0,$G27*(($W27=1)*($U27>0)*(($V27+(TODAY()-15-$V27)*(TODAY()-15<$V27))>=$U27)*(INT((($V27+(TODAY()-15-$V27)*(TODAY()-15<$V27))-$U27)/7)+1)+($W27=2)*($U27>0)*((($V27<=TODAY()-15)*$Y27+($V27>TODAY()-15)*((YEAR(TODAY()-15)-1900)*12+MONTH(TODAY()-15)))>=$X27)*(((($V27<=TODAY()-15)*$Y27+($V27>TODAY()-15)*((YEAR(TODAY()-15)-1900)*12+MONTH(TODAY()-15)))-$X27+1)-(1-(($V27<=TODAY()-15)*$Z27+($V27>TODAY()-15)*((TODAY()-15)=EOMONTH(TODAY()-15,0))*1))))) -> 52500 | L27: =IF(OR($C27="",$D27="",$G27="",$F27=""),0,$G27*(($W27=1)*($U27>0)*(($V27+(TODAY()-29-$V27)*(TODAY()-29<$V27))>=$U27)*(INT((($V27+(TODAY()-29-$V27)*(TODAY()-29<$V27))-$U27)/7)+1)+($W27=2)*($U27>0)*((($V27<=TODAY()-29)*$Y27+($V27>TODAY()-29)*((YEAR(TODAY()-29)-1900)*12+MONTH(TODAY()-29)))>=$X27)*(((($V27<=TODAY()-29)*$Y27+($V27>TODAY()-29)*((YEAR(TODAY()-29)-1900)*12+MONTH(TODAY()-29)))-$X27+1)-(1-(($V27<=TODAY()-29)*$Z27+($V27>TODAY()-29)*((TODAY()-29)=EOMONTH(TODAY()-29,0))*1))))) -> 45000 | M27: =IF($G27>0,$I27/$G27,0) -> 7 | N27: =IF($C27="","",IF($B27="TANIMSIZ MÜŞTERİ","TANIMSIZ MÜŞTERİ",IF($F27="","MODEL SEÇİN",IF(OR($D27="",$G27<=0),"EKSİK",IF(AND($E27<>"",$E27<$D27),"TARİH HATASI",IF($H27="Pasif","KAPALI DÖNEM","UYGUN")))))) -> UYGUN | O27: =IF(OR($C27="",$D27="",$F27=""),"",IF($F27="Aylık",EOMONTH($D27,0),($D27+MOD(SISTEM!$F$8-WEEKDAY($D27,2),7)))) -> 46053 | S27: =IF($B27="","",$B27&"|"&COUNTIFS($B$7:$B27,$B27)) -> M033|1 | T27: =IF($C27="","",UPPER(SUBSTITUTE(SUBSTITUTE(SUBSTITUTE(SUBSTITUTE(SUBSTITUTE(SUBSTITUTE(SUBSTITUTE(SUBSTITUTE(SUBSTITUTE(SUBSTITUTE(SUBSTITUTE(SUBSTITUTE(SUBSTITUTE(SUBSTITUTE(SUBSTITUTE(SUBSTITUTE(SUBSTITUTE(SUBSTITUTE(TRIM($C27),"'",""),"İ","I"),"ı","I"),"i","I"),"Ş","S"),"ş","S"),"Ğ","G"),"ğ","G"),"Ü","U"),"ü","U"),"Ö","O"),"ö","O"),"Ç","C"),"ç","C"),".",""),",","")," ",""),"-",""))) -> ISILGRUPLTDSTI | U27: =IF($O27="",0,$O27) -> 46053 | V27: =IF($E27="",2958465,$E27) -> 2958465 | W27: =IF($F27="Haftalık",1,IF($F27="Aylık",2,0)) -> 2 | X27: =IF($U27=0,0,(YEAR($U27)-1900)*12+MONTH($U27)) -> 1513 | Y27: =(YEAR($V27)-1900)*12+MONTH($V27) -> 97200 | Z27: =IF($V27=EOMONTH($V27,0),1,0) -> 1 | AA27: =IF(OR($B27="",$H27<>"Aktif"),0,COUNTIFS($B$7:$B$606,$B27,$H$7:$H$606,"Aktif")) -> 1
B28: =IF($C28="","",IFERROR(INDEX(MUSTERILER!$B$7:$B$156,MATCH($T28,MUSTERILER!$T$7:$T$156,0)),IFERROR(INDEX(MUSTERILER!$B$7:$B$156,MATCH($C28,MUSTERILER!$B$7:$B$156,0)),IFERROR(INDEX(MUSTERILER!$B$7:$B$156,MATCH($T28&"*",MUSTERILER!$T$7:$T$156,0)),"TANIMSIZ MÜŞTERİ")))) -> M034 | C28: İBRAHİM MALDAN | D28: 46023 | E28: 46081 | F28: Haftalık | G28: 1500 | H28: Pasif | I28: =IF(OR($C28="",$D28="",$G28="",$F28=""),0,$G28*(($W28=1)*($U28>0)*(($V28+(TODAY()-$V28)*(TODAY()<$V28))>=$U28)*(INT((($V28+(TODAY()-$V28)*(TODAY()<$V28))-$U28)/7)+1)+($W28=2)*($U28>0)*((($V28<=TODAY())*$Y28+($V28>TODAY())*((YEAR(TODAY())-1900)*12+MONTH(TODAY())))>=$X28)*(((($V28<=TODAY())*$Y28+($V28>TODAY())*((YEAR(TODAY())-1900)*12+MONTH(TODAY())))-$X28+1)-(1-(($V28<=TODAY())*$Z28+($V28>TODAY())*((TODAY())=EOMONTH(TODAY(),0))*1))))) -> 13500 | J28: =IF(OR($C28="",$D28="",$G28="",$F28=""),0,$G28*(($W28=1)*($U28>0)*(($V28+(TODAY()-8-$V28)*(TODAY()-8<$V28))>=$U28)*(INT((($V28+(TODAY()-8-$V28)*(TODAY()-8<$V28))-$U28)/7)+1)+($W28=2)*($U28>0)*((($V28<=TODAY()-8)*$Y28+($V28>TODAY()-8)*((YEAR(TODAY()-8)-1900)*12+MONTH(TODAY()-8)))>=$X28)*(((($V28<=TODAY()-8)*$Y28+($V28>TODAY()-8)*((YEAR(TODAY()-8)-1900)*12+MONTH(TODAY()-8)))-$X28+1)-(1-(($V28<=TODAY()-8)*$Z28+($V28>TODAY()-8)*((TODAY()-8)=EOMONTH(TODAY()-8,0))*1))))) -> 13500 | K28: =IF(OR($C28="",$D28="",$G28="",$F28=""),0,$G28*(($W28=1)*($U28>0)*(($V28+(TODAY()-15-$V28)*(TODAY()-15<$V28))>=$U28)*(INT((($V28+(TODAY()-15-$V28)*(TODAY()-15<$V28))-$U28)/7)+1)+($W28=2)*($U28>0)*((($V28<=TODAY()-15)*$Y28+($V28>TODAY()-15)*((YEAR(TODAY()-15)-1900)*12+MONTH(TODAY()-15)))>=$X28)*(((($V28<=TODAY()-15)*$Y28+($V28>TODAY()-15)*((YEAR(TODAY()-15)-1900)*12+MONTH(TODAY()-15)))-$X28+1)-(1-(($V28<=TODAY()-15)*$Z28+($V28>TODAY()-15)*((TODAY()-15)=EOMONTH(TODAY()-15,0))*1))))) -> 13500 | L28: =IF(OR($C28="",$D28="",$G28="",$F28=""),0,$G28*(($W28=1)*($U28>0)*(($V28+(TODAY()-29-$V28)*(TODAY()-29<$V28))>=$U28)*(INT((($V28+(TODAY()-29-$V28)*(TODAY()-29<$V28))-$U28)/7)+1)+($W28=2)*($U28>0)*((($V28<=TODAY()-29)*$Y28+($V28>TODAY()-29)*((YEAR(TODAY()-29)-1900)*12+MONTH(TODAY()-29)))>=$X28)*(((($V28<=TODAY()-29)*$Y28+($V28>TODAY()-29)*((YEAR(TODAY()-29)-1900)*12+MONTH(TODAY()-29)))-$X28+1)-(1-(($V28<=TODAY()-29)*$Z28+($V28>TODAY()-29)*((TODAY()-29)=EOMONTH(TODAY()-29,0))*1))))) -> 13500 | M28: =IF($G28>0,$I28/$G28,0) -> 9 | N28: =IF($C28="","",IF($B28="TANIMSIZ MÜŞTERİ","TANIMSIZ MÜŞTERİ",IF($F28="","MODEL SEÇİN",IF(OR($D28="",$G28<=0),"EKSİK",IF(AND($E28<>"",$E28<$D28),"TARİH HATASI",IF($H28="Pasif","KAPALI DÖNEM","UYGUN")))))) -> KAPALI DÖNEM | O28: =IF(OR($C28="",$D28="",$F28=""),"",IF($F28="Aylık",EOMONTH($D28,0),($D28+MOD(SISTEM!$F$8-WEEKDAY($D28,2),7)))) -> 46025 | S28: =IF($B28="","",$B28&"|"&COUNTIFS($B$7:$B28,$B28)) -> M034|1 | T28: =IF($C28="","",UPPER(SUBSTITUTE(SUBSTITUTE(SUBSTITUTE(SUBSTITUTE(SUBSTITUTE(SUBSTITUTE(SUBSTITUTE(SUBSTITUTE(SUBSTITUTE(SUBSTITUTE(SUBSTITUTE(SUBSTITUTE(SUBSTITUTE(SUBSTITUTE(SUBSTITUTE(SUBSTITUTE(SUBSTITUTE(SUBSTITUTE(TRIM($C28),"'",""),"İ","I"),"ı","I"),"i","I"),"Ş","S"),"ş","S"),"Ğ","G"),"ğ","G"),"Ü","U"),"ü","U"),"Ö","O"),"ö","O"),"Ç","C"),"ç","C"),".",""),",","")," ",""),"-",""))) -> IBRAHIMMALDAN | U28: =IF($O28="",0,$O28) -> 46025 | V28: =IF($E28="",2958465,$E28) -> 46081 | W28: =IF($F28="Haftalık",1,IF($F28="Aylık",2,0)) -> 1 | X28: =IF($U28=0,0,(YEAR($U28)-1900)*12+MONTH($U28)) -> 1513 | Y28: =(YEAR($V28)-1900)*12+MONTH($V28) -> 1514 | Z28: =IF($V28=EOMONTH($V28,0),1,0) -> 1 | AA28: =IF(OR($B28="",$H28<>"Aktif"),0,COUNTIFS($B$7:$B$606,$B28,$H$7:$H$606,"Aktif")) -> 0
B29: =IF($C29="","",IFERROR(INDEX(MUSTERILER!$B$7:$B$156,MATCH($T29,MUSTERILER!$T$7:$T$156,0)),IFERROR(INDEX(MUSTERILER!$B$7:$B$156,MATCH($C29,MUSTERILER!$B$7:$B$156,0)),IFERROR(INDEX(MUSTERILER!$B$7:$B$156,MATCH($T29&"*",MUSTERILER!$T$7:$T$156,0)),"TANIMSIZ MÜŞTERİ")))) -> M012 | C29: İLDEŞ LTD.ŞTİ. | D29: 46023 | E29: 46112 | F29: Haftalık | G29: 2000 | H29: Pasif | I29: =IF(OR($C29="",$D29="",$G29="",$F29=""),0,$G29*(($W29=1)*($U29>0)*(($V29+(TODAY()-$V29)*(TODAY()<$V29))>=$U29)*(INT((($V29+(TODAY()-$V29)*(TODAY()<$V29))-$U29)/7)+1)+($W29=2)*($U29>0)*((($V29<=TODAY())*$Y29+($V29>TODAY())*((YEAR(TODAY())-1900)*12+MONTH(TODAY())))>=$X29)*(((($V29<=TODAY())*$Y29+($V29>TODAY())*((YEAR(TODAY())-1900)*12+MONTH(TODAY())))-$X29+1)-(1-(($V29<=TODAY())*$Z29+($V29>TODAY())*((TODAY())=EOMONTH(TODAY(),0))*1))))) -> 26000 | J29: =IF(OR($C29="",$D29="",$G29="",$F29=""),0,$G29*(($W29=1)*($U29>0)*(($V29+(TODAY()-8-$V29)*(TODAY()-8<$V29))>=$U29)*(INT((($V29+(TODAY()-8-$V29)*(TODAY()-8<$V29))-$U29)/7)+1)+($W29=2)*($U29>0)*((($V29<=TODAY()-8)*$Y29+($V29>TODAY()-8)*((YEAR(TODAY()-8)-1900)*12+MONTH(TODAY()-8)))>=$X29)*(((($V29<=TODAY()-8)*$Y29+($V29>TODAY()-8)*((YEAR(TODAY()-8)-1900)*12+MONTH(TODAY()-8)))-$X29+1)-(1-(($V29<=TODAY()-8)*$Z29+($V29>TODAY()-8)*((TODAY()-8)=EOMONTH(TODAY()-8,0))*1))))) -> 26000 | K29: =IF(OR($C29="",$D29="",$G29="",$F29=""),0,$G29*(($W29=1)*($U29>0)*(($V29+(TODAY()-15-$V29)*(TODAY()-15<$V29))>=$U29)*(INT((($V29+(TODAY()-15-$V29)*(TODAY()-15<$V29))-$U29)/7)+1)+($W29=2)*($U29>0)*((($V29<=TODAY()-15)*$Y29+($V29>TODAY()-15)*((YEAR(TODAY()-15)-1900)*12+MONTH(TODAY()-15)))>=$X29)*(((($V29<=TODAY()-15)*$Y29+($V29>TODAY()-15)*((YEAR(TODAY()-15)-1900)*12+MONTH(TODAY()-15)))-$X29+1)-(1-(($V29<=TODAY()-15)*$Z29+($V29>TODAY()-15)*((TODAY()-15)=EOMONTH(TODAY()-15,0))*1))))) -> 26000 | L29: =IF(OR($C29="",$D29="",$G29="",$F29=""),0,$G29*(($W29=1)*($U29>0)*(($V29+(TODAY()-29-$V29)*(TODAY()-29<$V29))>=$U29)*(INT((($V29+(TODAY()-29-$V29)*(TODAY()-29<$V29))-$U29)/7)+1)+($W29=2)*($U29>0)*((($V29<=TODAY()-29)*$Y29+($V29>TODAY()-29)*((YEAR(TODAY()-29)-1900)*12+MONTH(TODAY()-29)))>=$X29)*(((($V29<=TODAY()-29)*$Y29+($V29>TODAY()-29)*((YEAR(TODAY()-29)-1900)*12+MONTH(TODAY()-29)))-$X29+1)-(1-(($V29<=TODAY()-29)*$Z29+($V29>TODAY()-29)*((TODAY()-29)=EOMONTH(TODAY()-29,0))*1))))) -> 26000 | M29: =IF($G29>0,$I29/$G29,0) -> 13 | N29: =IF($C29="","",IF($B29="TANIMSIZ MÜŞTERİ","TANIMSIZ MÜŞTERİ",IF($F29="","MODEL SEÇİN",IF(OR($D29="",$G29<=0),"EKSİK",IF(AND($E29<>"",$E29<$D29),"TARİH HATASI",IF($H29="Pasif","KAPALI DÖNEM","UYGUN")))))) -> KAPALI DÖNEM | O29: =IF(OR($C29="",$D29="",$F29=""),"",IF($F29="Aylık",EOMONTH($D29,0),($D29+MOD(SISTEM!$F$8-WEEKDAY($D29,2),7)))) -> 46025 | S29: =IF($B29="","",$B29&"|"&COUNTIFS($B$7:$B29,$B29)) -> M012|1 | T29: =IF($C29="","",UPPER(SUBSTITUTE(SUBSTITUTE(SUBSTITUTE(SUBSTITUTE(SUBSTITUTE(SUBSTITUTE(SUBSTITUTE(SUBSTITUTE(SUBSTITUTE(SUBSTITUTE(SUBSTITUTE(SUBSTITUTE(SUBSTITUTE(SUBSTITUTE(SUBSTITUTE(SUBSTITUTE(SUBSTITUTE(SUBSTITUTE(TRIM($C29),"'",""),"İ","I"),"ı","I"),"i","I"),"Ş","S"),"ş","S"),"Ğ","G"),"ğ","G"),"Ü","U"),"ü","U"),"Ö","O"),"ö","O"),"Ç","C"),"ç","C"),".",""),",","")," ",""),"-",""))) -> ILDESLTDSTI | U29: =IF($O29="",0,$O29) -> 46025 | V29: =IF($E29="",2958465,$E29) -> 46112 | W29: =IF($F29="Haftalık",1,IF($F29="Aylık",2,0)) -> 1 | X29: =IF($U29=0,0,(YEAR($U29)-1900)*12+MONTH($U29)) -> 1513 | Y29: =(YEAR($V29)-1900)*12+MONTH($V29) -> 1515 | Z29: =IF($V29=EOMONTH($V29,0),1,0) -> 1 | AA29: =IF(OR($B29="",$H29<>"Aktif"),0,COUNTIFS($B$7:$B$606,$B29,$H$7:$H$606,"Aktif")) -> 0
B30: =IF($C30="","",IFERROR(INDEX(MUSTERILER!$B$7:$B$156,MATCH($T30,MUSTERILER!$T$7:$T$156,0)),IFERROR(INDEX(MUSTERILER!$B$7:$B$156,MATCH($C30,MUSTERILER!$B$7:$B$156,0)),IFERROR(INDEX(MUSTERILER!$B$7:$B$156,MATCH($T30&"*",MUSTERILER!$T$7:$T$156,0)),"TANIMSIZ MÜŞTERİ")))) -> M035 | C30: İSA DEMİRCİ | D30: 46023 | F30: Aylık | G30: 3500 | H30: Aktif | I30: =IF(OR($C30="",$D30="",$G30="",$F30=""),0,$G30*(($W30=1)*($U30>0)*(($V30+(TODAY()-$V30)*(TODAY()<$V30))>=$U30)*(INT((($V30+(TODAY()-$V30)*(TODAY()<$V30))-$U30)/7)+1)+($W30=2)*($U30>0)*((($V30<=TODAY())*$Y30+($V30>TODAY())*((YEAR(TODAY())-1900)*12+MONTH(TODAY())))>=$X30)*(((($V30<=TODAY())*$Y30+($V30>TODAY())*((YEAR(TODAY())-1900)*12+MONTH(TODAY())))-$X30+1)-(1-(($V30<=TODAY())*$Z30+($V30>TODAY())*((TODAY())=EOMONTH(TODAY(),0))*1))))) -> 24500 | J30: =IF(OR($C30="",$D30="",$G30="",$F30=""),0,$G30*(($W30=1)*($U30>0)*(($V30+(TODAY()-8-$V30)*(TODAY()-8<$V30))>=$U30)*(INT((($V30+(TODAY()-8-$V30)*(TODAY()-8<$V30))-$U30)/7)+1)+($W30=2)*($U30>0)*((($V30<=TODAY()-8)*$Y30+($V30>TODAY()-8)*((YEAR(TODAY()-8)-1900)*12+MONTH(TODAY()-8)))>=$X30)*(((($V30<=TODAY()-8)*$Y30+($V30>TODAY()-8)*((YEAR(TODAY()-8)-1900)*12+MONTH(TODAY()-8)))-$X30+1)-(1-(($V30<=TODAY()-8)*$Z30+($V30>TODAY()-8)*((TODAY()-8)=EOMONTH(TODAY()-8,0))*1))))) -> 24500 | K30: =IF(OR($C30="",$D30="",$G30="",$F30=""),0,$G30*(($W30=1)*($U30>0)*(($V30+(TODAY()-15-$V30)*(TODAY()-15<$V30))>=$U30)*(INT((($V30+(TODAY()-15-$V30)*(TODAY()-15<$V30))-$U30)/7)+1)+($W30=2)*($U30>0)*((($V30<=TODAY()-15)*$Y30+($V30>TODAY()-15)*((YEAR(TODAY()-15)-1900)*12+MONTH(TODAY()-15)))>=$X30)*(((($V30<=TODAY()-15)*$Y30+($V30>TODAY()-15)*((YEAR(TODAY()-15)-1900)*12+MONTH(TODAY()-15)))-$X30+1)-(1-(($V30<=TODAY()-15)*$Z30+($V30>TODAY()-15)*((TODAY()-15)=EOMONTH(TODAY()-15,0))*1))))) -> 24500 | L30: =IF(OR($C30="",$D30="",$G30="",$F30=""),0,$G30*(($W30=1)*($U30>0)*(($V30+(TODAY()-29-$V30)*(TODAY()-29<$V30))>=$U30)*(INT((($V30+(TODAY()-29-$V30)*(TODAY()-29<$V30))-$U30)/7)+1)+($W30=2)*($U30>0)*((($V30<=TODAY()-29)*$Y30+($V30>TODAY()-29)*((YEAR(TODAY()-29)-1900)*12+MONTH(TODAY()-29)))>=$X30)*(((($V30<=TODAY()-29)*$Y30+($V30>TODAY()-29)*((YEAR(TODAY()-29)-1900)*12+MONTH(TODAY()-29)))-$X30+1)-(1-(($V30<=TODAY()-29)*$Z30+($V30>TODAY()-29)*((TODAY()-29)=EOMONTH(TODAY()-29,0))*1))))) -> 21000 | M30: =IF($G30>0,$I30/$G30,0) -> 7 | N30: =IF($C30="","",IF($B30="TANIMSIZ MÜŞTERİ","TANIMSIZ MÜŞTERİ",IF($F30="","MODEL SEÇİN",IF(OR($D30="",$G30<=0),"EKSİK",IF(AND($E30<>"",$E30<$D30),"TARİH HATASI",IF($H30="Pasif","KAPALI DÖNEM","UYGUN")))))) -> UYGUN | O30: =IF(OR($C30="",$D30="",$F30=""),"",IF($F30="Aylık",EOMONTH($D30,0),($D30+MOD(SISTEM!$F$8-WEEKDAY($D30,2),7)))) -> 46053 | S30: =IF($B30="","",$B30&"|"&COUNTIFS($B$7:$B30,$B30)) -> M035|1 | T30: =IF($C30="","",UPPER(SUBSTITUTE(SUBSTITUTE(SUBSTITUTE(SUBSTITUTE(SUBSTITUTE(SUBSTITUTE(SUBSTITUTE(SUBSTITUTE(SUBSTITUTE(SUBSTITUTE(SUBSTITUTE(SUBSTITUTE(SUBSTITUTE(SUBSTITUTE(SUBSTITUTE(SUBSTITUTE(SUBSTITUTE(SUBSTITUTE(TRIM($C30),"'",""),"İ","I"),"ı","I"),"i","I"),"Ş","S"),"ş","S"),"Ğ","G"),"ğ","G"),"Ü","U"),"ü","U"),"Ö","O"),"ö","O"),"Ç","C"),"ç","C"),".",""),",","")," ",""),"-",""))) -> ISADEMIRCI | U30: =IF($O30="",0,$O30) -> 46053 | V30: =IF($E30="",2958465,$E30) -> 2958465 | W30: =IF($F30="Haftalık",1,IF($F30="Aylık",2,0)) -> 2 | X30: =IF($U30=0,0,(YEAR($U30)-1900)*12+MONTH($U30)) -> 1513 | Y30: =(YEAR($V30)-1900)*12+MONTH($V30) -> 97200 | Z30: =IF($V30=EOMONTH($V30,0),1,0) -> 1 | AA30: =IF(OR($B30="",$H30<>"Aktif"),0,COUNTIFS($B$7:$B$606,$B30,$H$7:$H$606,"Aktif")) -> 1
B31: =IF($C31="","",IFERROR(INDEX(MUSTERILER!$B$7:$B$156,MATCH($T31,MUSTERILER!$T$7:$T$156,0)),IFERROR(INDEX(MUSTERILER!$B$7:$B$156,MATCH($C31,MUSTERILER!$B$7:$B$156,0)),IFERROR(INDEX(MUSTERILER!$B$7:$B$156,MATCH($T31&"*",MUSTERILER!$T$7:$T$156,0)),"TANIMSIZ MÜŞTERİ")))) -> M036 | C31: İSMAİL AKPINAR | D31: 46023 | F31: Aylık | G31: 4000 | H31: Aktif | I31: =IF(OR($C31="",$D31="",$G31="",$F31=""),0,$G31*(($W31=1)*($U31>0)*(($V31+(TODAY()-$V31)*(TODAY()<$V31))>=$U31)*(INT((($V31+(TODAY()-$V31)*(TODAY()<$V31))-$U31)/7)+1)+($W31=2)*($U31>0)*((($V31<=TODAY())*$Y31+($V31>TODAY())*((YEAR(TODAY())-1900)*12+MONTH(TODAY())))>=$X31)*(((($V31<=TODAY())*$Y31+($V31>TODAY())*((YEAR(TODAY())-1900)*12+MONTH(TODAY())))-$X31+1)-(1-(($V31<=TODAY())*$Z31+($V31>TODAY())*((TODAY())=EOMONTH(TODAY(),0))*1))))) -> 28000 | J31: =IF(OR($C31="",$D31="",$G31="",$F31=""),0,$G31*(($W31=1)*($U31>0)*(($V31+(TODAY()-8-$V31)*(TODAY()-8<$V31))>=$U31)*(INT((($V31+(TODAY()-8-$V31)*(TODAY()-8<$V31))-$U31)/7)+1)+($W31=2)*($U31>0)*((($V31<=TODAY()-8)*$Y31+($V31>TODAY()-8)*((YEAR(TODAY()-8)-1900)*12+MONTH(TODAY()-8)))>=$X31)*(((($V31<=TODAY()-8)*$Y31+($V31>TODAY()-8)*((YEAR(TODAY()-8)-1900)*12+MONTH(TODAY()-8)))-$X31+1)-(1-(($V31<=TODAY()-8)*$Z31+($V31>TODAY()-8)*((TODAY()-8)=EOMONTH(TODAY()-8,0))*1))))) -> 28000 | K31: =IF(OR($C31="",$D31="",$G31="",$F31=""),0,$G31*(($W31=1)*($U31>0)*(($V31+(TODAY()-15-$V31)*(TODAY()-15<$V31))>=$U31)*(INT((($V31+(TODAY()-15-$V31)*(TODAY()-15<$V31))-$U31)/7)+1)+($W31=2)*($U31>0)*((($V31<=TODAY()-15)*$Y31+($V31>TODAY()-15)*((YEAR(TODAY()-15)-1900)*12+MONTH(TODAY()-15)))>=$X31)*(((($V31<=TODAY()-15)*$Y31+($V31>TODAY()-15)*((YEAR(TODAY()-15)-1900)*12+MONTH(TODAY()-15)))-$X31+1)-(1-(($V31<=TODAY()-15)*$Z31+($V31>TODAY()-15)*((TODAY()-15)=EOMONTH(TODAY()-15,0))*1))))) -> 28000 | L31: =IF(OR($C31="",$D31="",$G31="",$F31=""),0,$G31*(($W31=1)*($U31>0)*(($V31+(TODAY()-29-$V31)*(TODAY()-29<$V31))>=$U31)*(INT((($V31+(TODAY()-29-$V31)*(TODAY()-29<$V31))-$U31)/7)+1)+($W31=2)*($U31>0)*((($V31<=TODAY()-29)*$Y31+($V31>TODAY()-29)*((YEAR(TODAY()-29)-1900)*12+MONTH(TODAY()-29)))>=$X31)*(((($V31<=TODAY()-29)*$Y31+($V31>TODAY()-29)*((YEAR(TODAY()-29)-1900)*12+MONTH(TODAY()-29)))-$X31+1)-(1-(($V31<=TODAY()-29)*$Z31+($V31>TODAY()-29)*((TODAY()-29)=EOMONTH(TODAY()-29,0))*1))))) -> 24000 | M31: =IF($G31>0,$I31/$G31,0) -> 7 | N31: =IF($C31="","",IF($B31="TANIMSIZ MÜŞTERİ","TANIMSIZ MÜŞTERİ",IF($F31="","MODEL SEÇİN",IF(OR($D31="",$G31<=0),"EKSİK",IF(AND($E31<>"",$E31<$D31),"TARİH HATASI",IF($H31="Pasif","KAPALI DÖNEM","UYGUN")))))) -> UYGUN | O31: =IF(OR($C31="",$D31="",$F31=""),"",IF($F31="Aylık",EOMONTH($D31,0),($D31+MOD(SISTEM!$F$8-WEEKDAY($D31,2),7)))) -> 46053 | S31: =IF($B31="","",$B31&"|"&COUNTIFS($B$7:$B31,$B31)) -> M036|1 | T31: =IF($C31="","",UPPER(SUBSTITUTE(SUBSTITUTE(SUBSTITUTE(SUBSTITUTE(SUBSTITUTE(SUBSTITUTE(SUBSTITUTE(SUBSTITUTE(SUBSTITUTE(SUBSTITUTE(SUBSTITUTE(SUBSTITUTE(SUBSTITUTE(SUBSTITUTE(SUBSTITUTE(SUBSTITUTE(SUBSTITUTE(SUBSTITUTE(TRIM($C31),"'",""),"İ","I"),"ı","I"),"i","I"),"Ş","S"),"ş","S"),"Ğ","G"),"ğ","G"),"Ü","U"),"ü","U"),"Ö","O"),"ö","O"),"Ç","C"),"ç","C"),".",""),",","")," ",""),"-",""))) -> ISMAILAKPINAR | U31: =IF($O31="",0,$O31) -> 46053 | V31: =IF($E31="",2958465,$E31) -> 2958465 | W31: =IF($F31="Haftalık",1,IF($F31="Aylık",2,0)) -> 2 | X31: =IF($U31=0,0,(YEAR($U31)-1900)*12+MONTH($U31)) -> 1513 | Y31: =(YEAR($V31)-1900)*12+MONTH($V31) -> 97200 | Z31: =IF($V31=EOMONTH($V31,0),1,0) -> 1 | AA31: =IF(OR($B31="",$H31<>"Aktif"),0,COUNTIFS($B$7:$B$606,$B31,$H$7:$H$606,"Aktif")) -> 1
B32: =IF($C32="","",IFERROR(INDEX(MUSTERILER!$B$7:$B$156,MATCH($T32,MUSTERILER!$T$7:$T$156,0)),IFERROR(INDEX(MUSTERILER!$B$7:$B$156,MATCH($C32,MUSTERILER!$B$7:$B$156,0)),IFERROR(INDEX(MUSTERILER!$B$7:$B$156,MATCH($T32&"*",MUSTERILER!$T$7:$T$156,0)),"TANIMSIZ MÜŞTERİ")))) -> M008 | C32: KÖŞK YÜKSELEN LTD.ŞTİ. | D32: 46023 | F32: Haftalık | G32: 2500 | H32: Aktif | I32: =IF(OR($C32="",$D32="",$G32="",$F32=""),0,$G32*(($W32=1)*($U32>0)*(($V32+(TODAY()-$V32)*(TODAY()<$V32))>=$U32)*(INT((($V32+(TODAY()-$V32)*(TODAY()<$V32))-$U32)/7)+1)+($W32=2)*($U32>0)*((($V32<=TODAY())*$Y32+($V32>TODAY())*((YEAR(TODAY())-1900)*12+MONTH(TODAY())))>=$X32)*(((($V32<=TODAY())*$Y32+($V32>TODAY())*((YEAR(TODAY())-1900)*12+MONTH(TODAY())))-$X32+1)-(1-(($V32<=TODAY())*$Z32+($V32>TODAY())*((TODAY())=EOMONTH(TODAY(),0))*1))))) -> 85000 | J32: =IF(OR($C32="",$D32="",$G32="",$F32=""),0,$G32*(($W32=1)*($U32>0)*(($V32+(TODAY()-8-$V32)*(TODAY()-8<$V32))>=$U32)*(INT((($V32+(TODAY()-8-$V32)*(TODAY()-8<$V32))-$U32)/7)+1)+($W32=2)*($U32>0)*((($V32<=TODAY()-8)*$Y32+($V32>TODAY()-8)*((YEAR(TODAY()-8)-1900)*12+MONTH(TODAY()-8)))>=$X32)*(((($V32<=TODAY()-8)*$Y32+($V32>TODAY()-8)*((YEAR(TODAY()-8)-1900)*12+MONTH(TODAY()-8)))-$X32+1)-(1-(($V32<=TODAY()-8)*$Z32+($V32>TODAY()-8)*((TODAY()-8)=EOMONTH(TODAY()-8,0))*1))))) -> 82500 | K32: =IF(OR($C32="",$D32="",$G32="",$F32=""),0,$G32*(($W32=1)*($U32>0)*(($V32+(TODAY()-15-$V32)*(TODAY()-15<$V32))>=$U32)*(INT((($V32+(TODAY()-15-$V32)*(TODAY()-15<$V32))-$U32)/7)+1)+($W32=2)*($U32>0)*((($V32<=TODAY()-15)*$Y32+($V32>TODAY()-15)*((YEAR(TODAY()-15)-1900)*12+MONTH(TODAY()-15)))>=$X32)*(((($V32<=TODAY()-15)*$Y32+($V32>TODAY()-15)*((YEAR(TODAY()-15)-1900)*12+MONTH(TODAY()-15)))-$X32+1)-(1-(($V32<=TODAY()-15)*$Z32+($V32>TODAY()-15)*((TODAY()-15)=EOMONTH(TODAY()-15,0))*1))))) -> 80000 | L32: =IF(OR($C32="",$D32="",$G32="",$F32=""),0,$G32*(($W32=1)*($U32>0)*(($V32+(TODAY()-29-$V32)*(TODAY()-29<$V32))>=$U32)*(INT((($V32+(TODAY()-29-$V32)*(TODAY()-29<$V32))-$U32)/7)+1)+($W32=2)*($U32>0)*((($V32<=TODAY()-29)*$Y32+($V32>TODAY()-29)*((YEAR(TODAY()-29)-1900)*12+MONTH(TODAY()-29)))>=$X32)*(((($V32<=TODAY()-29)*$Y32+($V32>TODAY()-29)*((YEAR(TODAY()-29)-1900)*12+MONTH(TODAY()-29)))-$X32+1)-(1-(($V32<=TODAY()-29)*$Z32+($V32>TODAY()-29)*((TODAY()-29)=EOMONTH(TODAY()-29,0))*1))))) -> 75000 | M32: =IF($G32>0,$I32/$G32,0) -> 34 | N32: =IF($C32="","",IF($B32="TANIMSIZ MÜŞTERİ","TANIMSIZ MÜŞTERİ",IF($F32="","MODEL SEÇİN",IF(OR($D32="",$G32<=0),"EKSİK",IF(AND($E32<>"",$E32<$D32),"TARİH HATASI",IF($H32="Pasif","KAPALI DÖNEM","UYGUN")))))) -> UYGUN | O32: =IF(OR($C32="",$D32="",$F32=""),"",IF($F32="Aylık",EOMONTH($D32,0),($D32+MOD(SISTEM!$F$8-WEEKDAY($D32,2),7)))) -> 46025 | S32: =IF($B32="","",$B32&"|"&COUNTIFS($B$7:$B32,$B32)) -> M008|1 | T32: =IF($C32="","",UPPER(SUBSTITUTE(SUBSTITUTE(SUBSTITUTE(SUBSTITUTE(SUBSTITUTE(SUBSTITUTE(SUBSTITUTE(SUBSTITUTE(SUBSTITUTE(SUBSTITUTE(SUBSTITUTE(SUBSTITUTE(SUBSTITUTE(SUBSTITUTE(SUBSTITUTE(SUBSTITUTE(SUBSTITUTE(SUBSTITUTE(TRIM($C32),"'",""),"İ","I"),"ı","I"),"i","I"),"Ş","S"),"ş","S"),"Ğ","G"),"ğ","G"),"Ü","U"),"ü","U"),"Ö","O"),"ö","O"),"Ç","C"),"ç","C"),".",""),",","")," ",""),"-",""))) -> KOSKYUKSELENLTDSTI | U32: =IF($O32="",0,$O32) -> 46025 | V32: =IF($E32="",2958465,$E32) -> 2958465 | W32: =IF($F32="Haftalık",1,IF($F32="Aylık",2,0)) -> 1 | X32: =IF($U32=0,0,(YEAR($U32)-1900)*12+MONTH($U32)) -> 1513 | Y32: =(YEAR($V32)-1900)*12+MONTH($V32) -> 97200 | Z32: =IF($V32=EOMONTH($V32,0),1,0) -> 1 | AA32: =IF(OR($B32="",$H32<>"Aktif"),0,COUNTIFS($B$7:$B$606,$B32,$H$7:$H$606,"Aktif")) -> 1
B33: =IF($C33="","",IFERROR(INDEX(MUSTERILER!$B$7:$B$156,MATCH($T33,MUSTERILER!$T$7:$T$156,0)),IFERROR(INDEX(MUSTERILER!$B$7:$B$156,MATCH($C33,MUSTERILER!$B$7:$B$156,0)),IFERROR(INDEX(MUSTERILER!$B$7:$B$156,MATCH($T33&"*",MUSTERILER!$T$7:$T$156,0)),"TANIMSIZ MÜŞTERİ")))) -> M020 | C33: KRİSTAL LTD.ŞTİ. | D33: 46023 | F33: Haftalık | G33: 3000 | H33: Aktif | I33: =IF(OR($C33="",$D33="",$G33="",$F33=""),0,$G33*(($W33=1)*($U33>0)*(($V33+(TODAY()-$V33)*(TODAY()<$V33))>=$U33)*(INT((($V33+(TODAY()-$V33)*(TODAY()<$V33))-$U33)/7)+1)+($W33=2)*($U33>0)*((($V33<=TODAY())*$Y33+($V33>TODAY())*((YEAR(TODAY())-1900)*12+MONTH(TODAY())))>=$X33)*(((($V33<=TODAY())*$Y33+($V33>TODAY())*((YEAR(TODAY())-1900)*12+MONTH(TODAY())))-$X33+1)-(1-(($V33<=TODAY())*$Z33+($V33>TODAY())*((TODAY())=EOMONTH(TODAY(),0))*1))))) -> 102000 | J33: =IF(OR($C33="",$D33="",$G33="",$F33=""),0,$G33*(($W33=1)*($U33>0)*(($V33+(TODAY()-8-$V33)*(TODAY()-8<$V33))>=$U33)*(INT((($V33+(TODAY()-8-$V33)*(TODAY()-8<$V33))-$U33)/7)+1)+($W33=2)*($U33>0)*((($V33<=TODAY()-8)*$Y33+($V33>TODAY()-8)*((YEAR(TODAY()-8)-1900)*12+MONTH(TODAY()-8)))>=$X33)*(((($V33<=TODAY()-8)*$Y33+($V33>TODAY()-8)*((YEAR(TODAY()-8)-1900)*12+MONTH(TODAY()-8)))-$X33+1)-(1-(($V33<=TODAY()-8)*$Z33+($V33>TODAY()-8)*((TODAY()-8)=EOMONTH(TODAY()-8,0))*1))))) -> 99000 | K33: =IF(OR($C33="",$D33="",$G33="",$F33=""),0,$G33*(($W33=1)*($U33>0)*(($V33+(TODAY()-15-$V33)*(TODAY()-15<$V33))>=$U33)*(INT((($V33+(TODAY()-15-$V33)*(TODAY()-15<$V33))-$U33)/7)+1)+($W33=2)*($U33>0)*((($V33<=TODAY()-15)*$Y33+($V33>TODAY()-15)*((YEAR(TODAY()-15)-1900)*12+MONTH(TODAY()-15)))>=$X33)*(((($V33<=TODAY()-15)*$Y33+($V33>TODAY()-15)*((YEAR(TODAY()-15)-1900)*12+MONTH(TODAY()-15)))-$X33+1)-(1-(($V33<=TODAY()-15)*$Z33+($V33>TODAY()-15)*((TODAY()-15)=EOMONTH(TODAY()-15,0))*1))))) -> 96000 | L33: =IF(OR($C33="",$D33="",$G33="",$F33=""),0,$G33*(($W33=1)*($U33>0)*(($V33+(TODAY()-29-$V33)*(TODAY()-29<$V33))>=$U33)*(INT((($V33+(TODAY()-29-$V33)*(TODAY()-29<$V33))-$U33)/7)+1)+($W33=2)*($U33>0)*((($V33<=TODAY()-29)*$Y33+($V33>TODAY()-29)*((YEAR(TODAY()-29)-1900)*12+MONTH(TODAY()-29)))>=$X33)*(((($V33<=TODAY()-29)*$Y33+($V33>TODAY()-29)*((YEAR(TODAY()-29)-1900)*12+MONTH(TODAY()-29)))-$X33+1)-(1-(($V33<=TODAY()-29)*$Z33+($V33>TODAY()-29)*((TODAY()-29)=EOMONTH(TODAY()-29,0))*1))))) -> 90000 | M33: =IF($G33>0,$I33/$G33,0) -> 34 | N33: =IF($C33="","",IF($B33="TANIMSIZ MÜŞTERİ","TANIMSIZ MÜŞTERİ",IF($F33="","MODEL SEÇİN",IF(OR($D33="",$G33<=0),"EKSİK",IF(AND($E33<>"",$E33<$D33),"TARİH HATASI",IF($H33="Pasif","KAPALI DÖNEM","UYGUN")))))) -> UYGUN | O33: =IF(OR($C33="",$D33="",$F33=""),"",IF($F33="Aylık",EOMONTH($D33,0),($D33+MOD(SISTEM!$F$8-WEEKDAY($D33,2),7)))) -> 46025 | S33: =IF($B33="","",$B33&"|"&COUNTIFS($B$7:$B33,$B33)) -> M020|1 | T33: =IF($C33="","",UPPER(SUBSTITUTE(SUBSTITUTE(SUBSTITUTE(SUBSTITUTE(SUBSTITUTE(SUBSTITUTE(SUBSTITUTE(SUBSTITUTE(SUBSTITUTE(SUBSTITUTE(SUBSTITUTE(SUBSTITUTE(SUBSTITUTE(SUBSTITUTE(SUBSTITUTE(SUBSTITUTE(SUBSTITUTE(SUBSTITUTE(TRIM($C33),"'",""),"İ","I"),"ı","I"),"i","I"),"Ş","S"),"ş","S"),"Ğ","G"),"ğ","G"),"Ü","U"),"ü","U"),"Ö","O"),"ö","O"),"Ç","C"),"ç","C"),".",""),",","")," ",""),"-",""))) -> KRISTALLTDSTI | U33: =IF($O33="",0,$O33) -> 46025 | V33: =IF($E33="",2958465,$E33) -> 2958465 | W33: =IF($F33="Haftalık",1,IF($F33="Aylık",2,0)) -> 1 | X33: =IF($U33=0,0,(YEAR($U33)-1900)*12+MONTH($U33)) -> 1513 | Y33: =(YEAR($V33)-1900)*12+MONTH($V33) -> 97200 | Z33: =IF($V33=EOMONTH($V33,0),1,0) -> 1 | AA33: =IF(OR($B33="",$H33<>"Aktif"),0,COUNTIFS($B$7:$B$606,$B33,$H$7:$H$606,"Aktif")) -> 1
B34: =IF($C34="","",IFERROR(INDEX(MUSTERILER!$B$7:$B$156,MATCH($T34,MUSTERILER!$T$7:$T$156,0)),IFERROR(INDEX(MUSTERILER!$B$7:$B$156,MATCH($C34,MUSTERILER!$B$7:$B$156,0)),IFERROR(INDEX(MUSTERILER!$B$7:$B$156,MATCH($T34&"*",MUSTERILER!$T$7:$T$156,0)),"TANIMSIZ MÜŞTERİ")))) -> M037 | C34: MEHMET EVREN KILINÇ | D34: 46023 | F34: Aylık | G34: 2000 | H34: Aktif | I34: =IF(OR($C34="",$D34="",$G34="",$F34=""),0,$G34*(($W34=1)*($U34>0)*(($V34+(TODAY()-$V34)*(TODAY()<$V34))>=$U34)*(INT((($V34+(TODAY()-$V34)*(TODAY()<$V34))-$U34)/7)+1)+($W34=2)*($U34>0)*((($V34<=TODAY())*$Y34+($V34>TODAY())*((YEAR(TODAY())-1900)*12+MONTH(TODAY())))>=$X34)*(((($V34<=TODAY())*$Y34+($V34>TODAY())*((YEAR(TODAY())-1900)*12+MONTH(TODAY())))-$X34+1)-(1-(($V34<=TODAY())*$Z34+($V34>TODAY())*((TODAY())=EOMONTH(TODAY(),0))*1))))) -> 14000 | J34: =IF(OR($C34="",$D34="",$G34="",$F34=""),0,$G34*(($W34=1)*($U34>0)*(($V34+(TODAY()-8-$V34)*(TODAY()-8<$V34))>=$U34)*(INT((($V34+(TODAY()-8-$V34)*(TODAY()-8<$V34))-$U34)/7)+1)+($W34=2)*($U34>0)*((($V34<=TODAY()-8)*$Y34+($V34>TODAY()-8)*((YEAR(TODAY()-8)-1900)*12+MONTH(TODAY()-8)))>=$X34)*(((($V34<=TODAY()-8)*$Y34+($V34>TODAY()-8)*((YEAR(TODAY()-8)-1900)*12+MONTH(TODAY()-8)))-$X34+1)-(1-(($V34<=TODAY()-8)*$Z34+($V34>TODAY()-8)*((TODAY()-8)=EOMONTH(TODAY()-8,0))*1))))) -> 14000 | K34: =IF(OR($C34="",$D34="",$G34="",$F34=""),0,$G34*(($W34=1)*($U34>0)*(($V34+(TODAY()-15-$V34)*(TODAY()-15<$V34))>=$U34)*(INT((($V34+(TODAY()-15-$V34)*(TODAY()-15<$V34))-$U34)/7)+1)+($W34=2)*($U34>0)*((($V34<=TODAY()-15)*$Y34+($V34>TODAY()-15)*((YEAR(TODAY()-15)-1900)*12+MONTH(TODAY()-15)))>=$X34)*(((($V34<=TODAY()-15)*$Y34+($V34>TODAY()-15)*((YEAR(TODAY()-15)-1900)*12+MONTH(TODAY()-15)))-$X34+1)-(1-(($V34<=TODAY()-15)*$Z34+($V34>TODAY()-15)*((TODAY()-15)=EOMONTH(TODAY()-15,0))*1))))) -> 14000 | L34: =IF(OR($C34="",$D34="",$G34="",$F34=""),0,$G34*(($W34=1)*($U34>0)*(($V34+(TODAY()-29-$V34)*(TODAY()-29<$V34))>=$U34)*(INT((($V34+(TODAY()-29-$V34)*(TODAY()-29<$V34))-$U34)/7)+1)+($W34=2)*($U34>0)*((($V34<=TODAY()-29)*$Y34+($V34>TODAY()-29)*((YEAR(TODAY()-29)-1900)*12+MONTH(TODAY()-29)))>=$X34)*(((($V34<=TODAY()-29)*$Y34+($V34>TODAY()-29)*((YEAR(TODAY()-29)-1900)*12+MONTH(TODAY()-29)))-$X34+1)-(1-(($V34<=TODAY()-29)*$Z34+($V34>TODAY()-29)*((TODAY()-29)=EOMONTH(TODAY()-29,0))*1))))) -> 12000 | M34: =IF($G34>0,$I34/$G34,0) -> 7 | N34: =IF($C34="","",IF($B34="TANIMSIZ MÜŞTERİ","TANIMSIZ MÜŞTERİ",IF($F34="","MODEL SEÇİN",IF(OR($D34="",$G34<=0),"EKSİK",IF(AND($E34<>"",$E34<$D34),"TARİH HATASI",IF($H34="Pasif","KAPALI DÖNEM","UYGUN")))))) -> UYGUN | O34: =IF(OR($C34="",$D34="",$F34=""),"",IF($F34="Aylık",EOMONTH($D34,0),($D34+MOD(SISTEM!$F$8-WEEKDAY($D34,2),7)))) -> 46053 | S34: =IF($B34="","",$B34&"|"&COUNTIFS($B$7:$B34,$B34)) -> M037|1 | T34: =IF($C34="","",UPPER(SUBSTITUTE(SUBSTITUTE(SUBSTITUTE(SUBSTITUTE(SUBSTITUTE(SUBSTITUTE(SUBSTITUTE(SUBSTITUTE(SUBSTITUTE(SUBSTITUTE(SUBSTITUTE(SUBSTITUTE(SUBSTITUTE(SUBSTITUTE(SUBSTITUTE(SUBSTITUTE(SUBSTITUTE(SUBSTITUTE(TRIM($C34),"'",""),"İ","I"),"ı","I"),"i","I"),"Ş","S"),"ş","S"),"Ğ","G"),"ğ","G"),"Ü","U"),"ü","U"),"Ö","O"),"ö","O"),"Ç","C"),"ç","C"),".",""),",","")," ",""),"-",""))) -> MEHMETEVRENKILINC | U34: =IF($O34="",0,$O34) -> 46053 | V34: =IF($E34="",2958465,$E34) -> 2958465 | W34: =IF($F34="Haftalık",1,IF($F34="Aylık",2,0)) -> 2 | X34: =IF($U34=0,0,(YEAR($U34)-1900)*12+MONTH($U34)) -> 1513 | Y34: =(YEAR($V34)-1900)*12+MONTH($V34) -> 97200 | Z34: =IF($V34=EOMONTH($V34,0),1,0) -> 1 | AA34: =IF(OR($B34="",$H34<>"Aktif"),0,COUNTIFS($B$7:$B$606,$B34,$H$7:$H$606,"Aktif")) -> 1
B35: =IF($C35="","",IFERROR(INDEX(MUSTERILER!$B$7:$B$156,MATCH($T35,MUSTERILER!$T$7:$T$156,0)),IFERROR(INDEX(MUSTERILER!$B$7:$B$156,MATCH($C35,MUSTERILER!$B$7:$B$156,0)),IFERROR(INDEX(MUSTERILER!$B$7:$B$156,MATCH($T35&"*",MUSTERILER!$T$7:$T$156,0)),"TANIMSIZ MÜŞTERİ")))) -> M038 | C35: MELEK GÜLER | D35: 46023 | F35: Aylık | G35: 3000 | H35: Aktif | I35: =IF(OR($C35="",$D35="",$G35="",$F35=""),0,$G35*(($W35=1)*($U35>0)*(($V35+(TODAY()-$V35)*(TODAY()<$V35))>=$U35)*(INT((($V35+(TODAY()-$V35)*(TODAY()<$V35))-$U35)/7)+1)+($W35=2)*($U35>0)*((($V35<=TODAY())*$Y35+($V35>TODAY())*((YEAR(TODAY())-1900)*12+MONTH(TODAY())))>=$X35)*(((($V35<=TODAY())*$Y35+($V35>TODAY())*((YEAR(TODAY())-1900)*12+MONTH(TODAY())))-$X35+1)-(1-(($V35<=TODAY())*$Z35+($V35>TODAY())*((TODAY())=EOMONTH(TODAY(),0))*1))))) -> 21000 | J35: =IF(OR($C35="",$D35="",$G35="",$F35=""),0,$G35*(($W35=1)*($U35>0)*(($V35+(TODAY()-8-$V35)*(TODAY()-8<$V35))>=$U35)*(INT((($V35+(TODAY()-8-$V35)*(TODAY()-8<$V35))-$U35)/7)+1)+($W35=2)*($U35>0)*((($V35<=TODAY()-8)*$Y35+($V35>TODAY()-8)*((YEAR(TODAY()-8)-1900)*12+MONTH(TODAY()-8)))>=$X35)*(((($V35<=TODAY()-8)*$Y35+($V35>TODAY()-8)*((YEAR(TODAY()-8)-1900)*12+MONTH(TODAY()-8)))-$X35+1)-(1-(($V35<=TODAY()-8)*$Z35+($V35>TODAY()-8)*((TODAY()-8)=EOMONTH(TODAY()-8,0))*1))))) -> 21000 | K35: =IF(OR($C35="",$D35="",$G35="",$F35=""),0,$G35*(($W35=1)*($U35>0)*(($V35+(TODAY()-15-$V35)*(TODAY()-15<$V35))>=$U35)*(INT((($V35+(TODAY()-15-$V35)*(TODAY()-15<$V35))-$U35)/7)+1)+($W35=2)*($U35>0)*((($V35<=TODAY()-15)*$Y35+($V35>TODAY()-15)*((YEAR(TODAY()-15)-1900)*12+MONTH(TODAY()-15)))>=$X35)*(((($V35<=TODAY()-15)*$Y35+($V35>TODAY()-15)*((YEAR(TODAY()-15)-1900)*12+MONTH(TODAY()-15)))-$X35+1)-(1-(($V35<=TODAY()-15)*$Z35+($V35>TODAY()-15)*((TODAY()-15)=EOMONTH(TODAY()-15,0))*1))))) -> 21000 | L35: =IF(OR($C35="",$D35="",$G35="",$F35=""),0,$G35*(($W35=1)*($U35>0)*(($V35+(TODAY()-29-$V35)*(TODAY()-29<$V35))>=$U35)*(INT((($V35+(TODAY()-29-$V35)*(TODAY()-29<$V35))-$U35)/7)+1)+($W35=2)*($U35>0)*((($V35<=TODAY()-29)*$Y35+($V35>TODAY()-29)*((YEAR(TODAY()-29)-1900)*12+MONTH(TODAY()-29)))>=$X35)*(((($V35<=TODAY()-29)*$Y35+($V35>TODAY()-29)*((YEAR(TODAY()-29)-1900)*12+MONTH(TODAY()-29)))-$X35+1)-(1-(($V35<=TODAY()-29)*$Z35+($V35>TODAY()-29)*((TODAY()-29)=EOMONTH(TODAY()-29,0))*1))))) -> 18000 | M35: =IF($G35>0,$I35/$G35,0) -> 7 | N35: =IF($C35="","",IF($B35="TANIMSIZ MÜŞTERİ","TANIMSIZ MÜŞTERİ",IF($F35="","MODEL SEÇİN",IF(OR($D35="",$G35<=0),"EKSİK",IF(AND($E35<>"",$E35<$D35),"TARİH HATASI",IF($H35="Pasif","KAPALI DÖNEM","UYGUN")))))) -> UYGUN | O35: =IF(OR($C35="",$D35="",$F35=""),"",IF($F35="Aylık",EOMONTH($D35,0),($D35+MOD(SISTEM!$F$8-WEEKDAY($D35,2),7)))) -> 46053 | S35: =IF($B35="","",$B35&"|"&COUNTIFS($B$7:$B35,$B35)) -> M038|1 | T35: =IF($C35="","",UPPER(SUBSTITUTE(SUBSTITUTE(SUBSTITUTE(SUBSTITUTE(SUBSTITUTE(SUBSTITUTE(SUBSTITUTE(SUBSTITUTE(SUBSTITUTE(SUBSTITUTE(SUBSTITUTE(SUBSTITUTE(SUBSTITUTE(SUBSTITUTE(SUBSTITUTE(SUBSTITUTE(SUBSTITUTE(SUBSTITUTE(TRIM($C35),"'",""),"İ","I"),"ı","I"),"i","I"),"Ş","S"),"ş","S"),"Ğ","G"),"ğ","G"),"Ü","U"),"ü","U"),"Ö","O"),"ö","O"),"Ç","C"),"ç","C"),".",""),",","")," ",""),"-",""))) -> MELEKGULER | U35: =IF($O35="",0,$O35) -> 46053 | V35: =IF($E35="",2958465,$E35) -> 2958465 | W35: =IF($F35="Haftalık",1,IF($F35="Aylık",2,0)) -> 2 | X35: =IF($U35=0,0,(YEAR($U35)-1900)*12+MONTH($U35)) -> 1513 | Y35: =(YEAR($V35)-1900)*12+MONTH($V35) -> 97200 | Z35: =IF($V35=EOMONTH($V35,0),1,0) -> 1 | AA35: =IF(OR($B35="",$H35<>"Aktif"),0,COUNTIFS($B$7:$B$606,$B35,$H$7:$H$606,"Aktif")) -> 1
B36: =IF($C36="","",IFERROR(INDEX(MUSTERILER!$B$7:$B$156,MATCH($T36,MUSTERILER!$T$7:$T$156,0)),IFERROR(INDEX(MUSTERILER!$B$7:$B$156,MATCH($C36,MUSTERILER!$B$7:$B$156,0)),IFERROR(INDEX(MUSTERILER!$B$7:$B$156,MATCH($T36&"*",MUSTERILER!$T$7:$T$156,0)),"TANIMSIZ MÜŞTERİ")))) -> M039 | C36: MELİSA BEDİR | D36: 46023 | F36: Aylık | G36: 3000 | H36: Aktif | I36: =IF(OR($C36="",$D36="",$G36="",$F36=""),0,$G36*(($W36=1)*($U36>0)*(($V36+(TODAY()-$V36)*(TODAY()<$V36))>=$U36)*(INT((($V36+(TODAY()-$V36)*(TODAY()<$V36))-$U36)/7)+1)+($W36=2)*($U36>0)*((($V36<=TODAY())*$Y36+($V36>TODAY())*((YEAR(TODAY())-1900)*12+MONTH(TODAY())))>=$X36)*(((($V36<=TODAY())*$Y36+($V36>TODAY())*((YEAR(TODAY())-1900)*12+MONTH(TODAY())))-$X36+1)-(1-(($V36<=TODAY())*$Z36+($V36>TODAY())*((TODAY())=EOMONTH(TODAY(),0))*1))))) -> 21000 | J36: =IF(OR($C36="",$D36="",$G36="",$F36=""),0,$G36*(($W36=1)*($U36>0)*(($V36+(TODAY()-8-$V36)*(TODAY()-8<$V36))>=$U36)*(INT((($V36+(TODAY()-8-$V36)*(TODAY()-8<$V36))-$U36)/7)+1)+($W36=2)*($U36>0)*((($V36<=TODAY()-8)*$Y36+($V36>TODAY()-8)*((YEAR(TODAY()-8)-1900)*12+MONTH(TODAY()-8)))>=$X36)*(((($V36<=TODAY()-8)*$Y36+($V36>TODAY()-8)*((YEAR(TODAY()-8)-1900)*12+MONTH(TODAY()-8)))-$X36+1)-(1-(($V36<=TODAY()-8)*$Z36+($V36>TODAY()-8)*((TODAY()-8)=EOMONTH(TODAY()-8,0))*1))))) -> 21000 | K36: =IF(OR($C36="",$D36="",$G36="",$F36=""),0,$G36*(($W36=1)*($U36>0)*(($V36+(TODAY()-15-$V36)*(TODAY()-15<$V36))>=$U36)*(INT((($V36+(TODAY()-15-$V36)*(TODAY()-15<$V36))-$U36)/7)+1)+($W36=2)*($U36>0)*((($V36<=TODAY()-15)*$Y36+($V36>TODAY()-15)*((YEAR(TODAY()-15)-1900)*12+MONTH(TODAY()-15)))>=$X36)*(((($V36<=TODAY()-15)*$Y36+($V36>TODAY()-15)*((YEAR(TODAY()-15)-1900)*12+MONTH(TODAY()-15)))-$X36+1)-(1-(($V36<=TODAY()-15)*$Z36+($V36>TODAY()-15)*((TODAY()-15)=EOMONTH(TODAY()-15,0))*1))))) -> 21000 | L36: =IF(OR($C36="",$D36="",$G36="",$F36=""),0,$G36*(($W36=1)*($U36>0)*(($V36+(TODAY()-29-$V36)*(TODAY()-29<$V36))>=$U36)*(INT((($V36+(TODAY()-29-$V36)*(TODAY()-29<$V36))-$U36)/7)+1)+($W36=2)*($U36>0)*((($V36<=TODAY()-29)*$Y36+($V36>TODAY()-29)*((YEAR(TODAY()-29)-1900)*12+MONTH(TODAY()-29)))>=$X36)*(((($V36<=TODAY()-29)*$Y36+($V36>TODAY()-29)*((YEAR(TODAY()-29)-1900)*12+MONTH(TODAY()-29)))-$X36+1)-(1-(($V36<=TODAY()-29)*$Z36+($V36>TODAY()-29)*((TODAY()-29)=EOMONTH(TODAY()-29,0))*1))))) -> 18000 | M36: =IF($G36>0,$I36/$G36,0) -> 7 | N36: =IF($C36="","",IF($B36="TANIMSIZ MÜŞTERİ","TANIMSIZ MÜŞTERİ",IF($F36="","MODEL SEÇİN",IF(OR($D36="",$G36<=0),"EKSİK",IF(AND($E36<>"",$E36<$D36),"TARİH HATASI",IF($H36="Pasif","KAPALI DÖNEM","UYGUN")))))) -> UYGUN | O36: =IF(OR($C36="",$D36="",$F36=""),"",IF($F36="Aylık",EOMONTH($D36,0),($D36+MOD(SISTEM!$F$8-WEEKDAY($D36,2),7)))) -> 46053 | S36: =IF($B36="","",$B36&"|"&COUNTIFS($B$7:$B36,$B36)) -> M039|1 | T36: =IF($C36="","",UPPER(SUBSTITUTE(SUBSTITUTE(SUBSTITUTE(SUBSTITUTE(SUBSTITUTE(SUBSTITUTE(SUBSTITUTE(SUBSTITUTE(SUBSTITUTE(SUBSTITUTE(SUBSTITUTE(SUBSTITUTE(SUBSTITUTE(SUBSTITUTE(SUBSTITUTE(SUBSTITUTE(SUBSTITUTE(SUBSTITUTE(TRIM($C36),"'",""),"İ","I"),"ı","I"),"i","I"),"Ş","S"),"ş","S"),"Ğ","G"),"ğ","G"),"Ü","U"),"ü","U"),"Ö","O"),"ö","O"),"Ç","C"),"ç","C"),".",""),",","")," ",""),"-",""))) -> MELISABEDIR | U36: =IF($O36="",0,$O36) -> 46053 | V36: =IF($E36="",2958465,$E36) -> 2958465 | W36: =IF($F36="Haftalık",1,IF($F36="Aylık",2,0)) -> 2 | X36: =IF($U36=0,0,(YEAR($U36)-1900)*12+MONTH($U36)) -> 1513 | Y36: =(YEAR($V36)-1900)*12+MONTH($V36) -> 97200 | Z36: =IF($V36=EOMONTH($V36,0),1,0) -> 1 | AA36: =IF(OR($B36="",$H36<>"Aktif"),0,COUNTIFS($B$7:$B$606,$B36,$H$7:$H$606,"Aktif")) -> 1
B37: =IF($C37="","",IFERROR(INDEX(MUSTERILER!$B$7:$B$156,MATCH($T37,MUSTERILER!$T$7:$T$156,0)),IFERROR(INDEX(MUSTERILER!$B$7:$B$156,MATCH($C37,MUSTERILER!$B$7:$B$156,0)),IFERROR(INDEX(MUSTERILER!$B$7:$B$156,MATCH($T37&"*",MUSTERILER!$T$7:$T$156,0)),"TANIMSIZ MÜŞTERİ")))) -> M040 | C37: MENEKŞE AKAN | D37: 46023 | F37: Aylık | G37: 1500 | H37: Aktif | I37: =IF(OR($C37="",$D37="",$G37="",$F37=""),0,$G37*(($W37=1)*($U37>0)*(($V37+(TODAY()-$V37)*(TODAY()<$V37))>=$U37)*(INT((($V37+(TODAY()-$V37)*(TODAY()<$V37))-$U37)/7)+1)+($W37=2)*($U37>0)*((($V37<=TODAY())*$Y37+($V37>TODAY())*((YEAR(TODAY())-1900)*12+MONTH(TODAY())))>=$X37)*(((($V37<=TODAY())*$Y37+($V37>TODAY())*((YEAR(TODAY())-1900)*12+MONTH(TODAY())))-$X37+1)-(1-(($V37<=TODAY())*$Z37+($V37>TODAY())*((TODAY())=EOMONTH(TODAY(),0))*1))))) -> 10500 | J37: =IF(OR($C37="",$D37="",$G37="",$F37=""),0,$G37*(($W37=1)*($U37>0)*(($V37+(TODAY()-8-$V37)*(TODAY()-8<$V37))>=$U37)*(INT((($V37+(TODAY()-8-$V37)*(TODAY()-8<$V37))-$U37)/7)+1)+($W37=2)*($U37>0)*((($V37<=TODAY()-8)*$Y37+($V37>TODAY()-8)*((YEAR(TODAY()-8)-1900)*12+MONTH(TODAY()-8)))>=$X37)*(((($V37<=TODAY()-8)*$Y37+($V37>TODAY()-8)*((YEAR(TODAY()-8)-1900)*12+MONTH(TODAY()-8)))-$X37+1)-(1-(($V37<=TODAY()-8)*$Z37+($V37>TODAY()-8)*((TODAY()-8)=EOMONTH(TODAY()-8,0))*1))))) -> 10500 | K37: =IF(OR($C37="",$D37="",$G37="",$F37=""),0,$G37*(($W37=1)*($U37>0)*(($V37+(TODAY()-15-$V37)*(TODAY()-15<$V37))>=$U37)*(INT((($V37+(TODAY()-15-$V37)*(TODAY()-15<$V37))-$U37)/7)+1)+($W37=2)*($U37>0)*((($V37<=TODAY()-15)*$Y37+($V37>TODAY()-15)*((YEAR(TODAY()-15)-1900)*12+MONTH(TODAY()-15)))>=$X37)*(((($V37<=TODAY()-15)*$Y37+($V37>TODAY()-15)*((YEAR(TODAY()-15)-1900)*12+MONTH(TODAY()-15)))-$X37+1)-(1-(($V37<=TODAY()-15)*$Z37+($V37>TODAY()-15)*((TODAY()-15)=EOMONTH(TODAY()-15,0))*1))))) -> 10500 | L37: =IF(OR($C37="",$D37="",$G37="",$F37=""),0,$G37*(($W37=1)*($U37>0)*(($V37+(TODAY()-29-$V37)*(TODAY()-29<$V37))>=$U37)*(INT((($V37+(TODAY()-29-$V37)*(TODAY()-29<$V37))-$U37)/7)+1)+($W37=2)*($U37>0)*((($V37<=TODAY()-29)*$Y37+($V37>TODAY()-29)*((YEAR(TODAY()-29)-1900)*12+MONTH(TODAY()-29)))>=$X37)*(((($V37<=TODAY()-29)*$Y37+($V37>TODAY()-29)*((YEAR(TODAY()-29)-1900)*12+MONTH(TODAY()-29)))-$X37+1)-(1-(($V37<=TODAY()-29)*$Z37+($V37>TODAY()-29)*((TODAY()-29)=EOMONTH(TODAY()-29,0))*1))))) -> 9000 | M37: =IF($G37>0,$I37/$G37,0) -> 7 | N37: =IF($C37="","",IF($B37="TANIMSIZ MÜŞTERİ","TANIMSIZ MÜŞTERİ",IF($F37="","MODEL SEÇİN",IF(OR($D37="",$G37<=0),"EKSİK",IF(AND($E37<>"",$E37<$D37),"TARİH HATASI",IF($H37="Pasif","KAPALI DÖNEM","UYGUN")))))) -> UYGUN | O37: =IF(OR($C37="",$D37="",$F37=""),"",IF($F37="Aylık",EOMONTH($D37,0),($D37+MOD(SISTEM!$F$8-WEEKDAY($D37,2),7)))) -> 46053 | S37: =IF($B37="","",$B37&"|"&COUNTIFS($B$7:$B37,$B37)) -> M040|1 | T37: =IF($C37="","",UPPER(SUBSTITUTE(SUBSTITUTE(SUBSTITUTE(SUBSTITUTE(SUBSTITUTE(SUBSTITUTE(SUBSTITUTE(SUBSTITUTE(SUBSTITUTE(SUBSTITUTE(SUBSTITUTE(SUBSTITUTE(SUBSTITUTE(SUBSTITUTE(SUBSTITUTE(SUBSTITUTE(SUBSTITUTE(SUBSTITUTE(TRIM($C37),"'",""),"İ","I"),"ı","I"),"i","I"),"Ş","S"),"ş","S"),"Ğ","G"),"ğ","G"),"Ü","U"),"ü","U"),"Ö","O"),"ö","O"),"Ç","C"),"ç","C"),".",""),",","")," ",""),"-",""))) -> MENEKSEAKAN | U37: =IF($O37="",0,$O37) -> 46053 | V37: =IF($E37="",2958465,$E37) -> 2958465 | W37: =IF($F37="Haftalık",1,IF($F37="Aylık",2,0)) -> 2 | X37: =IF($U37=0,0,(YEAR($U37)-1900)*12+MONTH($U37)) -> 1513 | Y37: =(YEAR($V37)-1900)*12+MONTH($V37) -> 97200 | Z37: =IF($V37=EOMONTH($V37,0),1,0) -> 1 | AA37: =IF(OR($B37="",$H37<>"Aktif"),0,COUNTIFS($B$7:$B$606,$B37,$H$7:$H$606,"Aktif")) -> 1
B38: =IF($C38="","",IFERROR(INDEX(MUSTERILER!$B$7:$B$156,MATCH($T38,MUSTERILER!$T$7:$T$156,0)),IFERROR(INDEX(MUSTERILER!$B$7:$B$156,MATCH($C38,MUSTERILER!$B$7:$B$156,0)),IFERROR(INDEX(MUSTERILER!$B$7:$B$156,MATCH($T38&"*",MUSTERILER!$T$7:$T$156,0)),"TANIMSIZ MÜŞTERİ")))) -> M041 | C38: MESUT KÖKLÜ | D38: 46174 | F38: Aylık | G38: 5000 | H38: Aktif | I38: =IF(OR($C38="",$D38="",$G38="",$F38=""),0,$G38*(($W38=1)*($U38>0)*(($V38+(TODAY()-$V38)*(TODAY()<$V38))>=$U38)*(INT((($V38+(TODAY()-$V38)*(TODAY()<$V38))-$U38)/7)+1)+($W38=2)*($U38>0)*((($V38<=TODAY())*$Y38+($V38>TODAY())*((YEAR(TODAY())-1900)*12+MONTH(TODAY())))>=$X38)*(((($V38<=TODAY())*$Y38+($V38>TODAY())*((YEAR(TODAY())-1900)*12+MONTH(TODAY())))-$X38+1)-(1-(($V38<=TODAY())*$Z38+($V38>TODAY())*((TODAY())=EOMONTH(TODAY(),0))*1))))) -> 10000 | J38: =IF(OR($C38="",$D38="",$G38="",$F38=""),0,$G38*(($W38=1)*($U38>0)*(($V38+(TODAY()-8-$V38)*(TODAY()-8<$V38))>=$U38)*(INT((($V38+(TODAY()-8-$V38)*(TODAY()-8<$V38))-$U38)/7)+1)+($W38=2)*($U38>0)*((($V38<=TODAY()-8)*$Y38+($V38>TODAY()-8)*((YEAR(TODAY()-8)-1900)*12+MONTH(TODAY()-8)))>=$X38)*(((($V38<=TODAY()-8)*$Y38+($V38>TODAY()-8)*((YEAR(TODAY()-8)-1900)*12+MONTH(TODAY()-8)))-$X38+1)-(1-(($V38<=TODAY()-8)*$Z38+($V38>TODAY()-8)*((TODAY()-8)=EOMONTH(TODAY()-8,0))*1))))) -> 10000 | K38: =IF(OR($C38="",$D38="",$G38="",$F38=""),0,$G38*(($W38=1)*($U38>0)*(($V38+(TODAY()-15-$V38)*(TODAY()-15<$V38))>=$U38)*(INT((($V38+(TODAY()-15-$V38)*(TODAY()-15<$V38))-$U38)/7)+1)+($W38=2)*($U38>0)*((($V38<=TODAY()-15)*$Y38+($V38>TODAY()-15)*((YEAR(TODAY()-15)-1900)*12+MONTH(TODAY()-15)))>=$X38)*(((($V38<=TODAY()-15)*$Y38+($V38>TODAY()-15)*((YEAR(TODAY()-15)-1900)*12+MONTH(TODAY()-15)))-$X38+1)-(1-(($V38<=TODAY()-15)*$Z38+($V38>TODAY()-15)*((TODAY()-15)=EOMONTH(TODAY()-15,0))*1))))) -> 10000 | L38: =IF(OR($C38="",$D38="",$G38="",$F38=""),0,$G38*(($W38=1)*($U38>0)*(($V38+(TODAY()-29-$V38)*(TODAY()-29<$V38))>=$U38)*(INT((($V38+(TODAY()-29-$V38)*(TODAY()-29<$V38))-$U38)/7)+1)+($W38=2)*($U38>0)*((($V38<=TODAY()-29)*$Y38+($V38>TODAY()-29)*((YEAR(TODAY()-29)-1900)*12+MONTH(TODAY()-29)))>=$X38)*(((($V38<=TODAY()-29)*$Y38+($V38>TODAY()-29)*((YEAR(TODAY()-29)-1900)*12+MONTH(TODAY()-29)))-$X38+1)-(1-(($V38<=TODAY()-29)*$Z38+($V38>TODAY()-29)*((TODAY()-29)=EOMONTH(TODAY()-29,0))*1))))) -> 5000 | M38: =IF($G38>0,$I38/$G38,0) -> 2 | N38: =IF($C38="","",IF($B38="TANIMSIZ MÜŞTERİ","TANIMSIZ MÜŞTERİ",IF($F38="","MODEL SEÇİN",IF(OR($D38="",$G38<=0),"EKSİK",IF(AND($E38<>"",$E38<$D38),"TARİH HATASI",IF($H38="Pasif","KAPALI DÖNEM","UYGUN")))))) -> UYGUN | O38: =IF(OR($C38="",$D38="",$F38=""),"",IF($F38="Aylık",EOMONTH($D38,0),($D38+MOD(SISTEM!$F$8-WEEKDAY($D38,2),7)))) -> 46203 | S38: =IF($B38="","",$B38&"|"&COUNTIFS($B$7:$B38,$B38)) -> M041|1 | T38: =IF($C38="","",UPPER(SUBSTITUTE(SUBSTITUTE(SUBSTITUTE(SUBSTITUTE(SUBSTITUTE(SUBSTITUTE(SUBSTITUTE(SUBSTITUTE(SUBSTITUTE(SUBSTITUTE(SUBSTITUTE(SUBSTITUTE(SUBSTITUTE(SUBSTITUTE(SUBSTITUTE(SUBSTITUTE(SUBSTITUTE(SUBSTITUTE(TRIM($C38),"'",""),"İ","I"),"ı","I"),"i","I"),"Ş","S"),"ş","S"),"Ğ","G"),"ğ","G"),"Ü","U"),"ü","U"),"Ö","O"),"ö","O"),"Ç","C"),"ç","C"),".",""),",","")," ",""),"-",""))) -> MESUTKOKLU | U38: =IF($O38="",0,$O38) -> 46203 | V38: =IF($E38="",2958465,$E38) -> 2958465 | W38: =IF($F38="Haftalık",1,IF($F38="Aylık",2,0)) -> 2 | X38: =IF($U38=0,0,(YEAR($U38)-1900)*12+MONTH($U38)) -> 1518 | Y38: =(YEAR($V38)-1900)*12+MONTH($V38) -> 97200 | Z38: =IF($V38=EOMONTH($V38,0),1,0) -> 1 | AA38: =IF(OR($B38="",$H38<>"Aktif"),0,COUNTIFS($B$7:$B$606,$B38,$H$7:$H$606,"Aktif")) -> 1
B39: =IF($C39="","",IFERROR(INDEX(MUSTERILER!$B$7:$B$156,MATCH($T39,MUSTERILER!$T$7:$T$156,0)),IFERROR(INDEX(MUSTERILER!$B$7:$B$156,MATCH($C39,MUSTERILER!$B$7:$B$156,0)),IFERROR(INDEX(MUSTERILER!$B$7:$B$156,MATCH($T39&"*",MUSTERILER!$T$7:$T$156,0)),"TANIMSIZ MÜŞTERİ")))) -> M007 | C39: MONAMOUR LTD.ŞTİ. | D39: 46023 | F39: Haftalık | G39: 3500 | H39: Aktif | I39: =IF(OR($C39="",$D39="",$G39="",$F39=""),0,$G39*(($W39=1)*($U39>0)*(($V39+(TODAY()-$V39)*(TODAY()<$V39))>=$U39)*(INT((($V39+(TODAY()-$V39)*(TODAY()<$V39))-$U39)/7)+1)+($W39=2)*($U39>0)*((($V39<=TODAY())*$Y39+($V39>TODAY())*((YEAR(TODAY())-1900)*12+MONTH(TODAY())))>=$X39)*(((($V39<=TODAY())*$Y39+($V39>TODAY())*((YEAR(TODAY())-1900)*12+MONTH(TODAY())))-$X39+1)-(1-(($V39<=TODAY())*$Z39+($V39>TODAY())*((TODAY())=EOMONTH(TODAY(),0))*1))))) -> 119000 | J39: =IF(OR($C39="",$D39="",$G39="",$F39=""),0,$G39*(($W39=1)*($U39>0)*(($V39+(TODAY()-8-$V39)*(TODAY()-8<$V39))>=$U39)*(INT((($V39+(TODAY()-8-$V39)*(TODAY()-8<$V39))-$U39)/7)+1)+($W39=2)*($U39>0)*((($V39<=TODAY()-8)*$Y39+($V39>TODAY()-8)*((YEAR(TODAY()-8)-1900)*12+MONTH(TODAY()-8)))>=$X39)*(((($V39<=TODAY()-8)*$Y39+($V39>TODAY()-8)*((YEAR(TODAY()-8)-1900)*12+MONTH(TODAY()-8)))-$X39+1)-(1-(($V39<=TODAY()-8)*$Z39+($V39>TODAY()-8)*((TODAY()-8)=EOMONTH(TODAY()-8,0))*1))))) -> 115500 | K39: =IF(OR($C39="",$D39="",$G39="",$F39=""),0,$G39*(($W39=1)*($U39>0)*(($V39+(TODAY()-15-$V39)*(TODAY()-15<$V39))>=$U39)*(INT((($V39+(TODAY()-15-$V39)*(TODAY()-15<$V39))-$U39)/7)+1)+($W39=2)*($U39>0)*((($V39<=TODAY()-15)*$Y39+($V39>TODAY()-15)*((YEAR(TODAY()-15)-1900)*12+MONTH(TODAY()-15)))>=$X39)*(((($V39<=TODAY()-15)*$Y39+($V39>TODAY()-15)*((YEAR(TODAY()-15)-1900)*12+MONTH(TODAY()-15)))-$X39+1)-(1-(($V39<=TODAY()-15)*$Z39+($V39>TODAY()-15)*((TODAY()-15)=EOMONTH(TODAY()-15,0))*1))))) -> 112000 | L39: =IF(OR($C39="",$D39="",$G39="",$F39=""),0,$G39*(($W39=1)*($U39>0)*(($V39+(TODAY()-29-$V39)*(TODAY()-29<$V39))>=$U39)*(INT((($V39+(TODAY()-29-$V39)*(TODAY()-29<$V39))-$U39)/7)+1)+($W39=2)*($U39>0)*((($V39<=TODAY()-29)*$Y39+($V39>TODAY()-29)*((YEAR(TODAY()-29)-1900)*12+MONTH(TODAY()-29)))>=$X39)*(((($V39<=TODAY()-29)*$Y39+($V39>TODAY()-29)*((YEAR(TODAY()-29)-1900)*12+MONTH(TODAY()-29)))-$X39+1)-(1-(($V39<=TODAY()-29)*$Z39+($V39>TODAY()-29)*((TODAY()-29)=EOMONTH(TODAY()-29,0))*1))))) -> 105000 | M39: =IF($G39>0,$I39/$G39,0) -> 34 | N39: =IF($C39="","",IF($B39="TANIMSIZ MÜŞTERİ","TANIMSIZ MÜŞTERİ",IF($F39="","MODEL SEÇİN",IF(OR($D39="",$G39<=0),"EKSİK",IF(AND($E39<>"",$E39<$D39),"TARİH HATASI",IF($H39="Pasif","KAPALI DÖNEM","UYGUN")))))) -> UYGUN | O39: =IF(OR($C39="",$D39="",$F39=""),"",IF($F39="Aylık",EOMONTH($D39,0),($D39+MOD(SISTEM!$F$8-WEEKDAY($D39,2),7)))) -> 46025 | S39: =IF($B39="","",$B39&"|"&COUNTIFS($B$7:$B39,$B39)) -> M007|1 | T39: =IF($C39="","",UPPER(SUBSTITUTE(SUBSTITUTE(SUBSTITUTE(SUBSTITUTE(SUBSTITUTE(SUBSTITUTE(SUBSTITUTE(SUBSTITUTE(SUBSTITUTE(SUBSTITUTE(SUBSTITUTE(SUBSTITUTE(SUBSTITUTE(SUBSTITUTE(SUBSTITUTE(SUBSTITUTE(SUBSTITUTE(SUBSTITUTE(TRIM($C39),"'",""),"İ","I"),"ı","I"),"i","I"),"Ş","S"),"ş","S"),"Ğ","G"),"ğ","G"),"Ü","U"),"ü","U"),"Ö","O"),"ö","O"),"Ç","C"),"ç","C"),".",""),",","")," ",""),"-",""))) -> MONAMOURLTDSTI | U39: =IF($O39="",0,$O39) -> 46025 | V39: =IF($E39="",2958465,$E39) -> 2958465 | W39: =IF($F39="Haftalık",1,IF($F39="Aylık",2,0)) -> 1 | X39: =IF($U39=0,0,(YEAR($U39)-1900)*12+MONTH($U39)) -> 1513 | Y39: =(YEAR($V39)-1900)*12+MONTH($V39) -> 97200 | Z39: =IF($V39=EOMONTH($V39,0),1,0) -> 1 | AA39: =IF(OR($B39="",$H39<>"Aktif"),0,COUNTIFS($B$7:$B$606,$B39,$H$7:$H$606,"Aktif")) -> 1
B40: =IF($C40="","",IFERROR(INDEX(MUSTERILER!$B$7:$B$156,MATCH($T40,MUSTERILER!$T$7:$T$156,0)),IFERROR(INDEX(MUSTERILER!$B$7:$B$156,MATCH($C40,MUSTERILER!$B$7:$B$156,0)),IFERROR(INDEX(MUSTERILER!$B$7:$B$156,MATCH($T40&"*",MUSTERILER!$T$7:$T$156,0)),"TANIMSIZ MÜŞTERİ")))) -> M042 | C40: MS TOPTAN LTD.ŞTİ. | D40: 46023 | F40: Aylık | G40: 1 | H40: Aktif | I40: =IF(OR($C40="",$D40="",$G40="",$F40=""),0,$G40*(($W40=1)*($U40>0)*(($V40+(TODAY()-$V40)*(TODAY()<$V40))>=$U40)*(INT((($V40+(TODAY()-$V40)*(TODAY()<$V40))-$U40)/7)+1)+($W40=2)*($U40>0)*((($V40<=TODAY())*$Y40+($V40>TODAY())*((YEAR(TODAY())-1900)*12+MONTH(TODAY())))>=$X40)*(((($V40<=TODAY())*$Y40+($V40>TODAY())*((YEAR(TODAY())-1900)*12+MONTH(TODAY())))-$X40+1)-(1-(($V40<=TODAY())*$Z40+($V40>TODAY())*((TODAY())=EOMONTH(TODAY(),0))*1))))) -> 7 | J40: =IF(OR($C40="",$D40="",$G40="",$F40=""),0,$G40*(($W40=1)*($U40>0)*(($V40+(TODAY()-8-$V40)*(TODAY()-8<$V40))>=$U40)*(INT((($V40+(TODAY()-8-$V40)*(TODAY()-8<$V40))-$U40)/7)+1)+($W40=2)*($U40>0)*((($V40<=TODAY()-8)*$Y40+($V40>TODAY()-8)*((YEAR(TODAY()-8)-1900)*12+MONTH(TODAY()-8)))>=$X40)*(((($V40<=TODAY()-8)*$Y40+($V40>TODAY()-8)*((YEAR(TODAY()-8)-1900)*12+MONTH(TODAY()-8)))-$X40+1)-(1-(($V40<=TODAY()-8)*$Z40+($V40>TODAY()-8)*((TODAY()-8)=EOMONTH(TODAY()-8,0))*1))))) -> 7 | K40: =IF(OR($C40="",$D40="",$G40="",$F40=""),0,$G40*(($W40=1)*($U40>0)*(($V40+(TODAY()-15-$V40)*(TODAY()-15<$V40))>=$U40)*(INT((($V40+(TODAY()-15-$V40)*(TODAY()-15<$V40))-$U40)/7)+1)+($W40=2)*($U40>0)*((($V40<=TODAY()-15)*$Y40+($V40>TODAY()-15)*((YEAR(TODAY()-15)-1900)*12+MONTH(TODAY()-15)))>=$X40)*(((($V40<=TODAY()-15)*$Y40+($V40>TODAY()-15)*((YEAR(TODAY()-15)-1900)*12+MONTH(TODAY()-15)))-$X40+1)-(1-(($V40<=TODAY()-15)*$Z40+($V40>TODAY()-15)*((TODAY()-15)=EOMONTH(TODAY()-15,0))*1))))) -> 7 | L40: =IF(OR($C40="",$D40="",$G40="",$F40=""),0,$G40*(($W40=1)*($U40>0)*(($V40+(TODAY()-29-$V40)*(TODAY()-29<$V40))>=$U40)*(INT((($V40+(TODAY()-29-$V40)*(TODAY()-29<$V40))-$U40)/7)+1)+($W40=2)*($U40>0)*((($V40<=TODAY()-29)*$Y40+($V40>TODAY()-29)*((YEAR(TODAY()-29)-1900)*12+MONTH(TODAY()-29)))>=$X40)*(((($V40<=TODAY()-29)*$Y40+($V40>TODAY()-29)*((YEAR(TODAY()-29)-1900)*12+MONTH(TODAY()-29)))-$X40+1)-(1-(($V40<=TODAY()-29)*$Z40+($V40>TODAY()-29)*((TODAY()-29)=EOMONTH(TODAY()-29,0))*1))))) -> 6 | M40: =IF($G40>0,$I40/$G40,0) -> 7 | N40: =IF($C40="","",IF($B40="TANIMSIZ MÜŞTERİ","TANIMSIZ MÜŞTERİ",IF($F40="","MODEL SEÇİN",IF(OR($D40="",$G40<=0),"EKSİK",IF(AND($E40<>"",$E40<$D40),"TARİH HATASI",IF($H40="Pasif","KAPALI DÖNEM","UYGUN")))))) -> UYGUN | O40: =IF(OR($C40="",$D40="",$F40=""),"",IF($F40="Aylık",EOMONTH($D40,0),($D40+MOD(SISTEM!$F$8-WEEKDAY($D40,2),7)))) -> 46053 | S40: =IF($B40="","",$B40&"|"&COUNTIFS($B$7:$B40,$B40)) -> M042|1 | T40: =IF($C40="","",UPPER(SUBSTITUTE(SUBSTITUTE(SUBSTITUTE(SUBSTITUTE(SUBSTITUTE(SUBSTITUTE(SUBSTITUTE(SUBSTITUTE(SUBSTITUTE(SUBSTITUTE(SUBSTITUTE(SUBSTITUTE(SUBSTITUTE(SUBSTITUTE(SUBSTITUTE(SUBSTITUTE(SUBSTITUTE(SUBSTITUTE(TRIM($C40),"'",""),"İ","I"),"ı","I"),"i","I"),"Ş","S"),"ş","S"),"Ğ","G"),"ğ","G"),"Ü","U"),"ü","U"),"Ö","O"),"ö","O"),"Ç","C"),"ç","C"),".",""),",","")," ",""),"-",""))) -> MSTOPTANLTDSTI | U40: =IF($O40="",0,$O40) -> 46053 | V40: =IF($E40="",2958465,$E40) -> 2958465 | W40: =IF($F40="Haftalık",1,IF($F40="Aylık",2,0)) -> 2 | X40: =IF($U40=0,0,(YEAR($U40)-1900)*12+MONTH($U40)) -> 1513 | Y40: =(YEAR($V40)-1900)*12+MONTH($V40) -> 97200 | Z40: =IF($V40=EOMONTH($V40,0),1,0) -> 1 | AA40: =IF(OR($B40="",$H40<>"Aktif"),0,COUNTIFS($B$7:$B$606,$B40,$H$7:$H$606,"Aktif")) -> 1
B41: =IF($C41="","",IFERROR(INDEX(MUSTERILER!$B$7:$B$156,MATCH($T41,MUSTERILER!$T$7:$T$156,0)),IFERROR(INDEX(MUSTERILER!$B$7:$B$156,MATCH($C41,MUSTERILER!$B$7:$B$156,0)),IFERROR(INDEX(MUSTERILER!$B$7:$B$156,MATCH($T41&"*",MUSTERILER!$T$7:$T$156,0)),"TANIMSIZ MÜŞTERİ")))) -> M044 | C41: MUSTAFA KOLBAŞI | D41: 46023 | F41: Aylık | G41: 3000 | H41: Aktif | I41: =IF(OR($C41="",$D41="",$G41="",$F41=""),0,$G41*(($W41=1)*($U41>0)*(($V41+(TODAY()-$V41)*(TODAY()<$V41))>=$U41)*(INT((($V41+(TODAY()-$V41)*(TODAY()<$V41))-$U41)/7)+1)+($W41=2)*($U41>0)*((($V41<=TODAY())*$Y41+($V41>TODAY())*((YEAR(TODAY())-1900)*12+MONTH(TODAY())))>=$X41)*(((($V41<=TODAY())*$Y41+($V41>TODAY())*((YEAR(TODAY())-1900)*12+MONTH(TODAY())))-$X41+1)-(1-(($V41<=TODAY())*$Z41+($V41>TODAY())*((TODAY())=EOMONTH(TODAY(),0))*1))))) -> 21000 | J41: =IF(OR($C41="",$D41="",$G41="",$F41=""),0,$G41*(($W41=1)*($U41>0)*(($V41+(TODAY()-8-$V41)*(TODAY()-8<$V41))>=$U41)*(INT((($V41+(TODAY()-8-$V41)*(TODAY()-8<$V41))-$U41)/7)+1)+($W41=2)*($U41>0)*((($V41<=TODAY()-8)*$Y41+($V41>TODAY()-8)*((YEAR(TODAY()-8)-1900)*12+MONTH(TODAY()-8)))>=$X41)*(((($V41<=TODAY()-8)*$Y41+($V41>TODAY()-8)*((YEAR(TODAY()-8)-1900)*12+MONTH(TODAY()-8)))-$X41+1)-(1-(($V41<=TODAY()-8)*$Z41+($V41>TODAY()-8)*((TODAY()-8)=EOMONTH(TODAY()-8,0))*1))))) -> 21000 | K41: =IF(OR($C41="",$D41="",$G41="",$F41=""),0,$G41*(($W41=1)*($U41>0)*(($V41+(TODAY()-15-$V41)*(TODAY()-15<$V41))>=$U41)*(INT((($V41+(TODAY()-15-$V41)*(TODAY()-15<$V41))-$U41)/7)+1)+($W41=2)*($U41>0)*((($V41<=TODAY()-15)*$Y41+($V41>TODAY()-15)*((YEAR(TODAY()-15)-1900)*12+MONTH(TODAY()-15)))>=$X41)*(((($V41<=TODAY()-15)*$Y41+($V41>TODAY()-15)*((YEAR(TODAY()-15)-1900)*12+MONTH(TODAY()-15)))-$X41+1)-(1-(($V41<=TODAY()-15)*$Z41+($V41>TODAY()-15)*((TODAY()-15)=EOMONTH(TODAY()-15,0))*1))))) -> 21000 | L41: =IF(OR($C41="",$D41="",$G41="",$F41=""),0,$G41*(($W41=1)*($U41>0)*(($V41+(TODAY()-29-$V41)*(TODAY()-29<$V41))>=$U41)*(INT((($V41+(TODAY()-29-$V41)*(TODAY()-29<$V41))-$U41)/7)+1)+($W41=2)*($U41>0)*((($V41<=TODAY()-29)*$Y41+($V41>TODAY()-29)*((YEAR(TODAY()-29)-1900)*12+MONTH(TODAY()-29)))>=$X41)*(((($V41<=TODAY()-29)*$Y41+($V41>TODAY()-29)*((YEAR(TODAY()-29)-1900)*12+MONTH(TODAY()-29)))-$X41+1)-(1-(($V41<=TODAY()-29)*$Z41+($V41>TODAY()-29)*((TODAY()-29)=EOMONTH(TODAY()-29,0))*1))))) -> 18000 | M41: =IF($G41>0,$I41/$G41,0) -> 7 | N41: =IF($C41="","",IF($B41="TANIMSIZ MÜŞTERİ","TANIMSIZ MÜŞTERİ",IF($F41="","MODEL SEÇİN",IF(OR($D41="",$G41<=0),"EKSİK",IF(AND($E41<>"",$E41<$D41),"TARİH HATASI",IF($H41="Pasif","KAPALI DÖNEM","UYGUN")))))) -> UYGUN | O41: =IF(OR($C41="",$D41="",$F41=""),"",IF($F41="Aylık",EOMONTH($D41,0),($D41+MOD(SISTEM!$F$8-WEEKDAY($D41,2),7)))) -> 46053 | S41: =IF($B41="","",$B41&"|"&COUNTIFS($B$7:$B41,$B41)) -> M044|1 | T41: =IF($C41="","",UPPER(SUBSTITUTE(SUBSTITUTE(SUBSTITUTE(SUBSTITUTE(SUBSTITUTE(SUBSTITUTE(SUBSTITUTE(SUBSTITUTE(SUBSTITUTE(SUBSTITUTE(SUBSTITUTE(SUBSTITUTE(SUBSTITUTE(SUBSTITUTE(SUBSTITUTE(SUBSTITUTE(SUBSTITUTE(SUBSTITUTE(TRIM($C41),"'",""),"İ","I"),"ı","I"),"i","I"),"Ş","S"),"ş","S"),"Ğ","G"),"ğ","G"),"Ü","U"),"ü","U"),"Ö","O"),"ö","O"),"Ç","C"),"ç","C"),".",""),",","")," ",""),"-",""))) -> MUSTAFAKOLBASI | U41: =IF($O41="",0,$O41) -> 46053 | V41: =IF($E41="",2958465,$E41) -> 2958465 | W41: =IF($F41="Haftalık",1,IF($F41="Aylık",2,0)) -> 2 | X41: =IF($U41=0,0,(YEAR($U41)-1900)*12+MONTH($U41)) -> 1513 | Y41: =(YEAR($V41)-1900)*12+MONTH($V41) -> 97200 | Z41: =IF($V41=EOMONTH($V41,0),1,0) -> 1 | AA41: =IF(OR($B41="",$H41<>"Aktif"),0,COUNTIFS($B$7:$B$606,$B41,$H$7:$H$606,"Aktif")) -> 1
... B47: =IF($C47="","",IFERROR(INDEX(MUSTERILER!$B$7:$B$156,MATCH($T47,MUSTERILER!$T$7:$T$156,0)),IFERROR(INDEX(MUSTERILER!$B$7:$B$156,MATCH($C47,MUSTERILER!$B$7:$B$156,0)),IFERROR(INDEX(MUSTERILER!$B$7:$B$156,MATCH($T47&"*",MUSTERILER!$T$7:$T$156,0)),"TANIMSIZ MÜŞTERİ")))) -> M009 | C47: PAKYILDIZ LTD.ŞTİ. | D47: 46023 | F47: Haftalık | G47: 4000 | H47: Aktif | I47: =IF(OR($C47="",$D47="",$G47="",$F47=""),0,$G47*(($W47=1)*($U47>0)*(($V47+(TODAY()-$V47)*(TODAY()<$V47))>=$U47)*(INT((($V47+(TODAY()-$V47)*(TODAY()<$V47))-$U47)/7)+1)+($W47=2)*($U47>0)*((($V47<=TODAY())*$Y47+($V47>TODAY())*((YEAR(TODAY())-1900)*12+MONTH(TODAY())))>=$X47)*(((($V47<=TODAY())*$Y47+($V47>TODAY())*((YEAR(TODAY())-1900)*12+MONTH(TODAY())))-$X47+1)-(1-(($V47<=TODAY())*$Z47+($V47>TODAY())*((TODAY())=EOMONTH(TODAY(),0))*1))))) -> 136000 | J47: =IF(OR($C47="",$D47="",$G47="",$F47=""),0,$G47*(($W47=1)*($U47>0)*(($V47+(TODAY()-8-$V47)*(TODAY()-8<$V47))>=$U47)*(INT((($V47+(TODAY()-8-$V47)*(TODAY()-8<$V47))-$U47)/7)+1)+($W47=2)*($U47>0)*((($V47<=TODAY()-8)*$Y47+($V47>TODAY()-8)*((YEAR(TODAY()-8)-1900)*12+MONTH(TODAY()-8)))>=$X47)*(((($V47<=TODAY()-8)*$Y47+($V47>TODAY()-8)*((YEAR(TODAY()-8)-1900)*12+MONTH(TODAY()-8)))-$X47+1)-(1-(($V47<=TODAY()-8)*$Z47+($V47>TODAY()-8)*((TODAY()-8)=EOMONTH(TODAY()-8,0))*1))))) -> 132000 | K47: =IF(OR($C47="",$D47="",$G47="",$F47=""),0,$G47*(($W47=1)*($U47>0)*(($V47+(TODAY()-15-$V47)*(TODAY()-15<$V47))>=$U47)*(INT((($V47+(TODAY()-15-$V47)*(TODAY()-15<$V47))-$U47)/7)+1)+($W47=2)*($U47>0)*((($V47<=TODAY()-15)*$Y47+($V47>TODAY()-15)*((YEAR(TODAY()-15)-1900)*12+MONTH(TODAY()-15)))>=$X47)*(((($V47<=TODAY()-15)*$Y47+($V47>TODAY()-15)*((YEAR(TODAY()-15)-1900)*12+MONTH(TODAY()-15)))-$X47+1)-(1-(($V47<=TODAY()-15)*$Z47+($V47>TODAY()-15)*((TODAY()-15)=EOMONTH(TODAY()-15,0))*1))))) -> 128000 | L47: =IF(OR($C47="",$D47="",$G47="",$F47=""),0,$G47*(($W47=1)*($U47>0)*(($V47+(TODAY()-29-$V47)*(TODAY()-29<$V47))>=$U47)*(INT((($V47+(TODAY()-29-$V47)*(TODAY()-29<$V47))-$U47)/7)+1)+($W47=2)*($U47>0)*((($V47<=TODAY()-29)*$Y47+($V47>TODAY()-29)*((YEAR(TODAY()-29)-1900)*12+MONTH(TODAY()-29)))>=$X47)*(((($V47<=TODAY()-29)*$Y47+($V47>TODAY()-29)*((YEAR(TODAY()-29)-1900)*12+MONTH(TODAY()-29)))-$X47+1)-(1-(($V47<=TODAY()-29)*$Z47+($V47>TODAY()-29)*((TODAY()-29)=EOMONTH(TODAY()-29,0))*1))))) -> 120000 | M47: =IF($G47>0,$I47/$G47,0) -> 34 | N47: =IF($C47="","",IF($B47="TANIMSIZ MÜŞTERİ","TANIMSIZ MÜŞTERİ",IF($F47="","MODEL SEÇİN",IF(OR($D47="",$G47<=0),"EKSİK",IF(AND($E47<>"",$E47<$D47),"TARİH HATASI",IF($H47="Pasif","KAPALI DÖNEM","UYGUN")))))) -> UYGUN | O47: =IF(OR($C47="",$D47="",$F47=""),"",IF($F47="Aylık",EOMONTH($D47,0),($D47+MOD(SISTEM!$F$8-WEEKDAY($D47,2),7)))) -> 46025 | S47: =IF($B47="","",$B47&"|"&COUNTIFS($B$7:$B47,$B47)) -> M009|1 | T47: =IF($C47="","",UPPER(SUBSTITUTE(SUBSTITUTE(SUBSTITUTE(SUBSTITUTE(SUBSTITUTE(SUBSTITUTE(SUBSTITUTE(SUBSTITUTE(SUBSTITUTE(SUBSTITUTE(SUBSTITUTE(SUBSTITUTE(SUBSTITUTE(SUBSTITUTE(SUBSTITUTE(SUBSTITUTE(SUBSTITUTE(SUBSTITUTE(TRIM($C47),"'",""),"İ","I"),"ı","I"),"i","I"),"Ş","S"),"ş","S"),"Ğ","G"),"ğ","G"),"Ü","U"),"ü","U"),"Ö","O"),"ö","O"),"Ç","C"),"ç","C"),".",""),",","")," ",""),"-",""))) -> PAKYILDIZLTDSTI | U47: =IF($O47="",0,$O47) -> 46025 | V47: =IF($E47="",2958465,$E47) -> 2958465 | W47: =IF($F47="Haftalık",1,IF($F47="Aylık",2,0)) -> 1 | X47: =IF($U47=0,0,(YEAR($U47)-1900)*12+MONTH($U47)) -> 1513 | Y47: =(YEAR($V47)-1900)*12+MONTH($V47) -> 97200 | Z47: =IF($V47=EOMONTH($V47,0),1,0) -> 1 | AA47: =IF(OR($B47="",$H47<>"Aktif"),0,COUNTIFS($B$7:$B$606,$B47,$H$7:$H$606,"Aktif")) -> 1
B48: =IF($C48="","",IFERROR(INDEX(MUSTERILER!$B$7:$B$156,MATCH($T48,MUSTERILER!$T$7:$T$156,0)),IFERROR(INDEX(MUSTERILER!$B$7:$B$156,MATCH($C48,MUSTERILER!$B$7:$B$156,0)),IFERROR(INDEX(MUSTERILER!$B$7:$B$156,MATCH($T48&"*",MUSTERILER!$T$7:$T$156,0)),"TANIMSIZ MÜŞTERİ")))) -> M047 | C48: PALAOĞULLARI LTD.ŞTİ. | D48: 46023 | E48: 46178 | F48: Haftalık | G48: 4000 | H48: Pasif | I48: =IF(OR($C48="",$D48="",$G48="",$F48=""),0,$G48*(($W48=1)*($U48>0)*(($V48+(TODAY()-$V48)*(TODAY()<$V48))>=$U48)*(INT((($V48+(TODAY()-$V48)*(TODAY()<$V48))-$U48)/7)+1)+($W48=2)*($U48>0)*((($V48<=TODAY())*$Y48+($V48>TODAY())*((YEAR(TODAY())-1900)*12+MONTH(TODAY())))>=$X48)*(((($V48<=TODAY())*$Y48+($V48>TODAY())*((YEAR(TODAY())-1900)*12+MONTH(TODAY())))-$X48+1)-(1-(($V48<=TODAY())*$Z48+($V48>TODAY())*((TODAY())=EOMONTH(TODAY(),0))*1))))) -> 88000 | J48: =IF(OR($C48="",$D48="",$G48="",$F48=""),0,$G48*(($W48=1)*($U48>0)*(($V48+(TODAY()-8-$V48)*(TODAY()-8<$V48))>=$U48)*(INT((($V48+(TODAY()-8-$V48)*(TODAY()-8<$V48))-$U48)/7)+1)+($W48=2)*($U48>0)*((($V48<=TODAY()-8)*$Y48+($V48>TODAY()-8)*((YEAR(TODAY()-8)-1900)*12+MONTH(TODAY()-8)))>=$X48)*(((($V48<=TODAY()-8)*$Y48+($V48>TODAY()-8)*((YEAR(TODAY()-8)-1900)*12+MONTH(TODAY()-8)))-$X48+1)-(1-(($V48<=TODAY()-8)*$Z48+($V48>TODAY()-8)*((TODAY()-8)=EOMONTH(TODAY()-8,0))*1))))) -> 88000 | K48: =IF(OR($C48="",$D48="",$G48="",$F48=""),0,$G48*(($W48=1)*($U48>0)*(($V48+(TODAY()-15-$V48)*(TODAY()-15<$V48))>=$U48)*(INT((($V48+(TODAY()-15-$V48)*(TODAY()-15<$V48))-$U48)/7)+1)+($W48=2)*($U48>0)*((($V48<=TODAY()-15)*$Y48+($V48>TODAY()-15)*((YEAR(TODAY()-15)-1900)*12+MONTH(TODAY()-15)))>=$X48)*(((($V48<=TODAY()-15)*$Y48+($V48>TODAY()-15)*((YEAR(TODAY()-15)-1900)*12+MONTH(TODAY()-15)))-$X48+1)-(1-(($V48<=TODAY()-15)*$Z48+($V48>TODAY()-15)*((TODAY()-15)=EOMONTH(TODAY()-15,0))*1))))) -> 88000 | L48: =IF(OR($C48="",$D48="",$G48="",$F48=""),0,$G48*(($W48=1)*($U48>0)*(($V48+(TODAY()-29-$V48)*(TODAY()-29<$V48))>=$U48)*(INT((($V48+(TODAY()-29-$V48)*(TODAY()-29<$V48))-$U48)/7)+1)+($W48=2)*($U48>0)*((($V48<=TODAY()-29)*$Y48+($V48>TODAY()-29)*((YEAR(TODAY()-29)-1900)*12+MONTH(TODAY()-29)))>=$X48)*(((($V48<=TODAY()-29)*$Y48+($V48>TODAY()-29)*((YEAR(TODAY()-29)-1900)*12+MONTH(TODAY()-29)))-$X48+1)-(1-(($V48<=TODAY()-29)*$Z48+($V48>TODAY()-29)*((TODAY()-29)=EOMONTH(TODAY()-29,0))*1))))) -> 88000 | M48: =IF($G48>0,$I48/$G48,0) -> 22 | N48: =IF($C48="","",IF($B48="TANIMSIZ MÜŞTERİ","TANIMSIZ MÜŞTERİ",IF($F48="","MODEL SEÇİN",IF(OR($D48="",$G48<=0),"EKSİK",IF(AND($E48<>"",$E48<$D48),"TARİH HATASI",IF($H48="Pasif","KAPALI DÖNEM","UYGUN")))))) -> KAPALI DÖNEM | O48: =IF(OR($C48="",$D48="",$F48=""),"",IF($F48="Aylık",EOMONTH($D48,0),($D48+MOD(SISTEM!$F$8-WEEKDAY($D48,2),7)))) -> 46025 | S48: =IF($B48="","",$B48&"|"&COUNTIFS($B$7:$B48,$B48)) -> M047|1 | T48: =IF($C48="","",UPPER(SUBSTITUTE(SUBSTITUTE(SUBSTITUTE(SUBSTITUTE(SUBSTITUTE(SUBSTITUTE(SUBSTITUTE(SUBSTITUTE(SUBSTITUTE(SUBSTITUTE(SUBSTITUTE(SUBSTITUTE(SUBSTITUTE(SUBSTITUTE(SUBSTITUTE(SUBSTITUTE(SUBSTITUTE(SUBSTITUTE(TRIM($C48),"'",""),"İ","I"),"ı","I"),"i","I"),"Ş","S"),"ş","S"),"Ğ","G"),"ğ","G"),"Ü","U"),"ü","U"),"Ö","O"),"ö","O"),"Ç","C"),"ç","C"),".",""),",","")," ",""),"-",""))) -> PALAOGULLARILTDSTI | U48: =IF($O48="",0,$O48) -> 46025 | V48: =IF($E48="",2958465,$E48) -> 46178 | W48: =IF($F48="Haftalık",1,IF($F48="Aylık",2,0)) -> 1 | X48: =IF($U48=0,0,(YEAR($U48)-1900)*12+MONTH($U48)) -> 1513 | Y48: =(YEAR($V48)-1900)*12+MONTH($V48) -> 1518 | Z48: =IF($V48=EOMONTH($V48,0),1,0) -> 0 | AA48: =IF(OR($B48="",$H48<>"Aktif"),0,COUNTIFS($B$7:$B$606,$B48,$H$7:$H$606,"Aktif")) -> 0
