Workbook
Name LST_MUSTERI_ADI: MUSTERILER!$C$7:$C$106
Name LST_HESAP: HESAPLAR!$B$7:$B$16
Name LST_KATEGORI: SISTEM!$K$8:$K$37
Name LST_KAT_GELIR: OFFSET(SISTEM!$P$8,0,0,MAX(1,COUNTIF(SISTEM!$P$8:$P$37,"?*")),1)
Name LST_KAT_GIDER: OFFSET(SISTEM!$Q$8,0,0,MAX(1,COUNTIF(SISTEM!$Q$8:$Q$37,"?*")),1)
Name LST_BORCLU: OFFSET(SISTEM!$R$8,0,0,MAX(1,COUNTIF(SISTEM!$R$8:$R$127,"?*")),1)
Name CARI_BAKIYE: MUSTERI_360!$J$7:$J$106
Name GECIKMIS_29: MUSTERI_360!$N$7:$N$106
Name NAKIT_POZISYON: HESAPLAR!$K$18
Name SISTEM_SONUC: SISTEM!$F$23:$F$55
Name EKSTRE_BAKIYE: CARI_EKSTRE!$F$9
Name EKSTRE: OFFSET(CARI_EKSTRE!$A$1,0,0,15+COUNT(CARI_EKSTRE!$C$12:$C$311)+4,8)
Name EKSTRE_TABLO: OFFSET(CARI_EKSTRE!$B$11,0,0,1+COUNT(CARI_EKSTRE!$C$12:$C$311),7)

Sheet PANO
A1: KILIÇ MUHASEBE │ YÖNETİM PANOSU
A2: ="Bu ekran karar, alarm ve seçim ekranıdır │ SİSTEM DURUMU: "&IF(COUNTIFS(SISTEM!$C$23:$C$55,"KRİTİK",SISTEM!$F$23:$F$55,"KALDI")>0,"KRİTİK HATA – AY KAPATILAMAZ",IF(COUNTIF(SISTEM!$F$23:$F$55,"KALDI")=0,"KULLANIMA UYGUN","UYARI VAR – İNCELEYİN"))&" │ "&COUNTIF(SISTEM!$F$23:$F$55,"GEÇTİ")&" / "&COUNTIF(SISTEM!$F$23:$F$55,"<>BİLGİ")&" kontrol geçti"
B4: =RIGHT("0"&DAY(TODAY()),2)&"."&RIGHT("0"&MONTH(TODAY()),2)&"."&YEAR(TODAY())&" │ "&SISTEM!$C$7
B5: MENÜ | D5: AKTİF MÜŞTERİ | G5: TOPLAM CARİ ALACAK | J5: 29+ GÜN GECİKMİŞ | M5: KASA + BANKA
B6: =HYPERLINK("#PANO!A1"," PANO") | D6: =COUNTIF(MUSTERILER!$D$7:$D$106,"Aktif") | G6: =SUM(MUSTERI_360!$J$7:$J$106) | J6: =SUM(MUSTERI_360!$N$7:$N$106) | M6: =HESAPLAR!$K$18
B7: =HYPERLINK("#MUSTERILER!A1"," Müşteriler") | D7: =COUNTA(MUSTERILER!$C$7:$C$106)&" kayıtlı müşteri" | G7: =COUNTIF(MUSTERI_360!$J$7:$J$106,">0")&" müşteride açık bakiye" | J7: =ROUND(IFERROR(SUM(MUSTERI_360!$N$7:$N$106)/SUM(MUSTERI_360!$J$7:$J$106),0)*100,1)&"% toplam alacağın payı" | M7: =COUNTIF(HESAPLAR!$D$7:$D$16,"Aktif")&" aktif hesap"
B8: =HYPERLINK("#UCRETLER!A1"," Haftalık Ücretler")
B9: =HYPERLINK("#TAHSILAT!A1"," Tahsilat") | D9: BU AY NAKİT KÂR | G9: BU AY TAHSİLAT | J9: HAFTALIK TAHAKKUK | M9: GECİKMİŞ İŞ
B10: =HYPERLINK("#GELIR_GIDER!A1"," Gelir / Gider") | D10: =SUMIFS(AY_SONU!$I$7:$I$42,AY_SONU!$B$7:$B$42,">="&EOMONTH(TODAY(),-1)+1,AY_SONU!$B$7:$B$42,"<="&EOMONTH(TODAY(),0)) | G10: =SUMIFS(AY_SONU!$D$7:$D$42,AY_SONU!$B$7:$B$42,">="&EOMONTH(TODAY(),-1)+1,AY_SONU!$B$7:$B$42,"<="&EOMONTH(TODAY(),0)) | J10: =SUMIFS(UCRETLER!$G$7:$G$406,UCRETLER!$H$7:$H$406,"Aktif",UCRETLER!$F$7:$F$406,"Haftalık") | M10: =COUNTIF(AKTIVITE!$Q$7:$Q$1006,"GECİKMİŞ")
B11: =HYPERLINK("#VIRMAN!A1"," Virman") | D11: =CHOOSE(MONTH(TODAY()),"Ocak","Şubat","Mart","Nisan","Mayıs","Haziran","Temmuz","Ağustos","Eylül","Ekim","Kasım","Aralık")&" "&YEAR(TODAY())&" dönemi" | G11: ="Ay tahakkuku "&TEXT(SUMIFS(AY_SONU!$C$7:$C$42,AY_SONU!$B$7:$B$42,">="&EOMONTH(TODAY(),-1)+1,AY_SONU!$B$7:$B$42,"<="&EOMONTH(TODAY(),0)),"#,##0")&" ₺" | J11: ="Aylık: "&TEXT(SUMIFS(UCRETLER!$G$7:$G$406,UCRETLER!$H$7:$H$406,"Aktif",UCRETLER!$F$7:$F$406,"Aylık"),"#,##0")&" ₺ │ "&COUNTIFS(UCRETLER!$H$7:$H$406,"Aktif")&" aktif dönem" | M11: =COUNTIF(AKTIVITE!$Q$7:$Q$1006,"BUGÜN")&" iş bugün teslim"
B12: =HYPERLINK("#AKTIVITE!A1"," Aktivite")
B13: =HYPERLINK("#MUSTERI_360!A1"," Müşteri 360") | D13: AYLIK NAKİT KÂR EĞRİSİ | H13: TAHAKKUK ↔ TAHSİLAT | L13: ALACAK YAŞLANDIRMASI
B14: =HYPERLINK("#CARI_EKSTRE!A1"," Cari Ekstre")
B15: =HYPERLINK("#HESAPLAR!A1"," Hesaplar")
B16: =HYPERLINK("#AY_SONU!A1"," Ay Sonu")
B17: =HYPERLINK("#SISTEM!A1"," Sistem & Kontrol")
B18: =HYPERLINK("#BASLANGIC!A1"," Başlangıç")
D23: MÜŞTERİ HIZLI KARTI | J23: BUGÜNÜN UYARILARI
D24: Müşteri seçin | F24: ANKARA HAVANA LTD.ŞTİ. | J24: Gecikmiş müşteri işi | O24: =COUNTIF(AKTIVITE!$Q$7:$Q$1006,"GECİKMİŞ")
D25: Müşteri No | F25: =IF($F$24="","",IFERROR(INDEX(MUSTERI_360!$B$7:$B$106,MATCH($F$24,MUSTERI_360!$C$7:$C$106,0)),"")) | J25: Bugün teslim edilecek iş | O25: =COUNTIF(AKTIVITE!$Q$7:$Q$1006,"BUGÜN")
D26: Borç Durumu | F26: =IF($F$24="","",IFERROR(INDEX(MUSTERI_360!$Q$7:$Q$106,MATCH($F$24,MUSTERI_360!$C$7:$C$106,0)),"")) | J26: 7 gün içindeki işler | O26: =COUNTIF(AKTIVITE!$Q$7:$Q$1006,"7 GÜN İÇİNDE")
D27: Haftalık Ücret | F27: =IF($F$24="","",IFERROR(INDEX(MUSTERI_360!$D$7:$D$106,MATCH($F$24,MUSTERI_360!$C$7:$C$106,0)),"")) | J27: Gecikmiş müşteri teması | O27: =COUNTIFS(AKTIVITE!$C$7:$C$1006,"Görüşme",AKTIVITE!$Q$7:$Q$1006,"GECİKMİŞ")
D28: Aylık Ücret | F28: =IF($F$24="","",IFERROR(INDEX(MUSTERI_360!$E$7:$E$106,MATCH($F$24,MUSTERI_360!$C$7:$C$106,0)),"")) | J28: Kritik borç durumundaki müşteri | O28: =COUNTIF(MUSTERI_360!$Q$7:$Q$106,"KRİTİK")
D29: Devir Alacağı | F29: =IF($F$24="","",IFERROR(INDEX(MUSTERI_360!$F$7:$F$106,MATCH($F$24,MUSTERI_360!$C$7:$C$106,0)),"")) | J29: Bilgisi eksik müşteri kaydı | O29: =COUNTIF(MUSTERILER!$P$7:$P$106,"EKSİK")
D30: Yeni Tahakkuk | F30: =IF($F$24="","",IFERROR(INDEX(MUSTERI_360!$G$7:$G$106,MATCH($F$24,MUSTERI_360!$C$7:$C$106,0)),"")) | J30: Aktif ama ücretsiz müşteri | O30: =COUNTIFS(MUSTERILER!$D$7:$D$106,"Aktif",MUSTERILER!$O$7:$O$106,"HAYIR")
D31: Toplam Borç | F31: =IF($F$24="","",IFERROR(INDEX(MUSTERI_360!$H$7:$H$106,MATCH($F$24,MUSTERI_360!$C$7:$C$106,0)),"")) | J31: Eksik tahsilat kaydı | O31: =COUNTIF(TAHSILAT!$M$7:$M$1506,"EKSİK")
D32: Toplam Tahsilat | F32: =IF($F$24="","",IFERROR(INDEX(MUSTERI_360!$I$7:$I$106,MATCH($F$24,MUSTERI_360!$C$7:$C$106,0)),"")) | J32: Eksik gelir/gider kaydı | O32: =COUNTIF(GELIR_GIDER!$P$7:$P$1206,"EKSİK")
D33: Cari Bakiye | F33: =IF($F$24="","",IFERROR(INDEX(MUSTERI_360!$J$7:$J$106,MATCH($F$24,MUSTERI_360!$C$7:$C$106,0)),"")) | J33: Fazla ödeme yapan müşteri (avans) | O33: =COUNTIF(MUSTERI_360!$V$7:$V$106,">0")
D34: 0–7 Gün | F34: =IF($F$24="","",IFERROR(INDEX(MUSTERI_360!$K$7:$K$106,MATCH($F$24,MUSTERI_360!$C$7:$C$106,0)),"")) | J34: Mükerrer kayıt şüphesi | O34: =COUNTIF(TAHSILAT!$M$7:$M$1506,"MÜKERRER?")+COUNTIF(GELIR_GIDER!$P$7:$P$1206,"MÜKERRER?")
D35: 8–14 Gün | F35: =IF($F$24="","",IFERROR(INDEX(MUSTERI_360!$L$7:$L$106,MATCH($F$24,MUSTERI_360!$C$7:$C$106,0)),"")) | J35: Ödenmemiş gider kaydı | O35: =COUNTIF(GELIR_GIDER!$P$7:$P$1206,"ÖDENECEK")
D36: 15–28 Gün | F36: =IF($F$24="","",IFERROR(INDEX(MUSTERI_360!$M$7:$M$106,MATCH($F$24,MUSTERI_360!$C$7:$C$106,0)),"")) | J36: Sistem kontrolünde KALDI satırı | O36: =COUNTIF(SISTEM!$F$23:$F$55,"KALDI")
D37: 29+ Gün | F37: =IF($F$24="","",IFERROR(INDEX(MUSTERI_360!$N$7:$N$106,MATCH($F$24,MUSTERI_360!$C$7:$C$106,0)),""))
D38: Tahsilat Oranı | F38: =IF($F$24="","",IFERROR(INDEX(MUSTERI_360!$O$7:$O$106,MATCH($F$24,MUSTERI_360!$C$7:$C$106,0)),""))
D39: Son Tahsilat | F39: =IF($F$24="","",IFERROR(INDEX(MUSTERI_360!$P$7:$P$106,MATCH($F$24,MUSTERI_360!$C$7:$C$106,0)),""))
D40: Önerilen İşlem | F40: =IF($F$24="","",IFERROR(INDEX(MUSTERI_360!$R$7:$R$106,MATCH($F$24,MUSTERI_360!$C$7:$C$106,0)),""))

Sheet BASLANGIC
A1: KILIÇ MUHASEBE │ BAŞLANGIÇ │ AMAÇ, RENK KİLAVUZU VE KULLANIM
A2: Bu ekran sistemin kimlik kartıdır │ İlk kez açıyorsanız baştan sona okuyun
B4: =HYPERLINK("#PANO!A1","← PANO")
B5: KILIÇ MUHASEBE │ OFİS YÖNETİM SİSTEMİ
B6: Enterprise Exclusive sürüm │ Haftalık ücretle çalışan muhasebe ofisleri için müşteri, tahakkuk, tahsilat, cari, kasa ve ortak payı yönetimi
B8: 1. BU EXCEL NE İÇİN ÜRETİLDİ?
B9: Başlık | D9: Açıklama
B10: Amaç | D10: Haftalık ücretle çalışan bir muhasebe ofisinin tüm ticari işleyişini tek dosyada, tek veri girişiyle ve kendi kendini denetleyen bir yapıyla yönetmek.
B11: Kimin için? | D11: Müşterilerinden haftalık / dönemsel ücret tahsil eden, ortaklı veya tek kişilik muhasebe ve mali müşavirlik ofisleri için.
B12: Neyi çözer? | D12: “Kim ne kadar borçlu, bu borç kaç günlük, kasada ne kadar param var, bu ay gerçekten ne kazandım ve ortaklara ne dağıtabilirim” sorularını tahmine dayanmadan cevaplar.
B13: Nasıl çalışır? | D13: Siz yalnızca sarı hücrelere gerçek işlemi girersiniz. Cari hesap, yaşlandırma, kasa bakiyesi, aylık kapanış ve ortak payları otomatik olarak hesaplanır.
B14: Neden güvenilir? | D14: Sistem her açılışta 28 otomatik kontrol çalıştırır. Bir tanesi bile KALDI verirse ay kapatılamaz; hata sessizce geçmez.
B15: Tahakkuk esası | D15: Haftalık ücret her Cumartesi otomatik tahakkuk eder. Ücret değiştiğinde eski dönem kapatılır, yeni dönem açılır; geçmiş hesaplar asla bozulmaz.
B16: Kâr esası | D16: Dağıtım yalnız tahsil edilmiş nakit kârdan yapılır. Tahsil edilmemiş müşteri alacağı kâr sayılmaz ve ortaklara dağıtılmaz.
B18: 2. RENK KİLAVUZU │ EKRANDAKİ RENKLER NE ANLAMA GELİR?
B19: Renk | C19: Ne görünür | E19: Anlamı | G19: Ne yapmanız gerekir
B20: ■ | C20: SARI ZEMİN / MAVİ YAZI | E20: Veri giriş alanı | G20: Bu hücrelere siz yazarsınız. Sistemin tek besleme kaynağı bu alanlardır.
B21: ■ | C21: BEYAZ ZEMİN / SİYAH YAZI | E21: Otomatik hesaplanan alan | G21: Sistem hesaplar, kilitlidir. Elle değiştirilemez; değiştirmeye çalışırsanız uyarı alırsınız.
B22: ■ | C22: LACİVERT BANT | E22: Başlık ve tablo başlığı | G22: Ekran adı ve sütun başlıkları. Altındaki altın çizgi tablonun başladığı yeri gösterir.
B23: ■ | C23: AÇIK MAVİ SATIR | E23: TOPLAM satırı | G23: Tablo başlığının hemen üstünde durur ve aşağı kaydırsanız da ekranda kalır.
B24: ■ | C24: YEŞİL ROZET | E24: UYGUN / GEÇTİ / TEMİZ | G24: Kayıt eksiksiz, kontrol başarılı. Herhangi bir işlem gerekmiyor.
B25: ■ | C25: TURUNCU ROZET | E25: EKSİK / BUGÜN / ORTA | G25: Dikkat gerektirir. Kayıt tamamlanmalı veya iş bugün teslim edilmeli.
B26: ■ | C26: KIRMIZI ROZET | E26: HATA / KALDI / KRİTİK / GECİKMİŞ | G26: Acil müdahale. Kırmızı satır varken ay sonu kapatılmamalıdır.
B27: ■ | C27: GRİ ROZET | E27: PASİF / PLANLI / İZLE | G27: Bilgi amaçlıdır, işlem gerektirmez.
B29: 3. SEKME RENK HARİTASI │ ALTTAKİ SEKME RENKLERİ NE İŞE YARAR?
B30: Renk | C30: Sekme | D30: Ne için? | F30: Açıklama
B31: ■ | C31: =HYPERLINK("#PANO!A1","PANO") | D31: Yönetim panosu | F31: Günüe buradan başlayın: özet rakamlar, grafikler ve uyarılar.
B32: ■ | C32: =HYPERLINK("#BASLANGIC!A1","BASLANGIC") | D32: Kullanım kılavuzu | F32: Şu an okuduğunuz ekran. Amaç, renk kuralı ve adımlar.
B33: ■ | C33: =HYPERLINK("#MUSTERILER!A1","MUSTERILER") | D33: Ana müşteri kartı | F33: Her müşteri için tek kayıt. Devir alacağı burada tanımlanır.
B34: ■ | C34: =HYPERLINK("#UCRETLER!A1","UCRETLER") | D34: Haftalık ücret dönemleri | F34: Fiyat geçmişi. Tahakkuk motorunun kaynağı.
B35: ■ | C35: =HYPERLINK("#TAHSILAT!A1","TAHSILAT") | D35: Müşteri tahsilatı | F35: Müşteriden gelen her ödeme yalnız buraya girilir.
B36: ■ | C36: =HYPERLINK("#GELIR_GIDER!A1","GELIR_GIDER") | D36: Ofis gelir ve giderleri | F36: Kira, personel, fatura gibi müşteri dışı hareketler.
B37: ■ | C37: =HYPERLINK("#VIRMAN!A1","VIRMAN") | D37: Hesaplar arası transfer | F37: Kasadan bankaya para geçişi. Kârı etkilemez.
B38: ■ | C38: =HYPERLINK("#AKTIVITE!A1","AKTIVITE") | D38: İşler ve görüşmeler | F38: Beyanname, bildirim, telefon, toplantı ve son tarihler.
B39: ■ | C39: =HYPERLINK("#MUSTERI_360!A1","MUSTERI_360") | D39: Cari ve yaşlandırma | F39: Salt okunur karar ekranı. Kimden ne kadar alacaksınız?
B40: ■ | C40: =HYPERLINK("#CARI_EKSTRE!A1","CARI_EKSTRE") | D40: Müşteri cari ekstresi | F40: Seçilen müşterinin borç / alacak / bakiye hareketleri, tarih sırasıyla.
B41: ■ | C41: =HYPERLINK("#HESAPLAR!A1","HESAPLAR") | D41: Kasa ve banka | F41: Her hesabın güncel bakiyesi ve toplam nakit pozisyonu.
B42: ■ | C42: =HYPERLINK("#AY_SONU!A1","AY_SONU") | D42: Aylık kapanış | F42: Nakit kâr, dağıtılabilir kâr ve ortak payları.
B43: ■ | C43: =HYPERLINK("#SISTEM!A1","SISTEM") | D43: Ayarlar ve kontrol | F43: Ortak payları, kategoriler ve 28 otomatik denetim.
B45: 4. 11 ADIMDA KULLANIM │ HANGİ EKRANA NE GİRİLİR?
B46: Adım | C46: Ne yapılacak? | D46: Hangi ekran? | E46: Kullanıcı ne girer? | G46: Sistem ne yapar? | H46: Kontrol noktası | I46: Sıklık
B47: 1 | C47: Müşteri kartı aç | D47: =HYPERLINK("#MUSTERILER!A1","MUSTERILER") | E47: Müşteri no, unvan, durum ve varsa devir alacağı | G47: Müşteri tüm ekranlara tanıtılır | H47: Kayıt Kontrolü = UYGUN | I47: Yeni müşteride
B48: 2 | C48: Haftalık ücreti tanımla | D48: =HYPERLINK("#UCRETLER!A1","UCRETLER") | E48: Başlangıç Cumartesi tarihi ve haftalık ücret | G48: Her Cumartesi otomatik tahakkuk oluşur | H48: Sistem Kontrolü = UYGUN | I48: Yeni müşteride
B49: 3 | C49: Ücret değişikliğini işle | D49: =HYPERLINK("#UCRETLER!A1","UCRETLER") | E49: Eski satıra bitiş Cumartesi, yeni satıra yeni ücret | G49: Geçmiş haftalar bozulmadan yeni fiyat uygulanır | H49: İki aktif dönem çakışmamalı | I49: Ücret değişinde
B50: 4 | C50: Tahsilat gir | D50: =HYPERLINK("#TAHSILAT!A1","TAHSILAT") | E50: Müşteri no, tarih, tutar, kasa/banka | G50: Cari, kasa, aylık kapanış ve nakit kâr güncellenir | H50: Kayıt Kontrolü = UYGUN | I50: Ödeme geldikçe
B51: 5 | C51: Gelir / gider gir | D51: =HYPERLINK("#GELIR_GIDER!A1","GELIR_GIDER") | E51: Tarih, tür, kategori, tutar, hesap, gerçekleşti | G51: Kasa bakiyesi ve nakit kâr güncellenir | H51: Gerçekleşti = Evet olmalı | I51: Harcama oldukça
B52: 6 | C52: Hesaplar arası transfer | D52: =HYPERLINK("#VIRMAN!A1","VIRMAN") | E52: Çıkan hesap, giren hesap, tutar | G52: Yalnız paranın yeri değişir, kâr etkilenmez | H52: Sistem Kontrolü = UYGUN | I52: Para taşınınca
B53: 7 | C53: İş ve görüşme kaydet | D53: =HYPERLINK("#AKTIVITE!A1","AKTIVITE") | E53: Tür, müşteri, konu, son tarih, sorumlu | G53: Gecikme uyarısı ve sonraki adım üretir | H53: Uyarı = GECİKMİŞ olmamalı | I53: Her gün
B54: 8 | C54: Alacağı izle | D54: =HYPERLINK("#MUSTERI_360!A1","MUSTERI_360") | E54: Veri girilmez, yalnız okunur | G54: Cari, yaşlandırma ve önerilen işlem | H54: Kontrol = UYGUN | I54: Haftada bir
B55: 9 | C55: Nakit pozisyonunu gör | D55: =HYPERLINK("#HESAPLAR!A1","HESAPLAR") | E55: Yeni hesap adı ve açılış bakiyesi | G55: Her hesabın güncel bakiyesi hesaplanır | H55: Toplam nakit pozisyonu | I55: Her gün
B56: 10 | C56: Ayı kapat | D56: =HYPERLINK("#AY_SONU!A1","AY_SONU") | E56: Dağıtıldı mı ve ortak ödemeleri | G56: Nakit kâr, dağıtılabilir kâr ve ortak payları | H56: Dönem Durumu = KAPANABİLİR | I56: Ay sonunda
B57: 11 | C57: Sistemi denetle | D57: =HYPERLINK("#SISTEM!A1","SISTEM") | E57: Ortak payı, kasa tamponu, kategoriler | G57: 28 otomatik kontrol çalışır | H57: Tüm satırlar GEÇTİ olmalı | I57: Ay kapatmadan önce
B59: 5. TAHAKKUK MODELLERİ, ZAM VE PARA GİRİŞİ
B60: Konu | D60: Kural | G60: Açıklama ve örnek
B61: Haftalık model | D61: Ücret her Cumartesi tahakkuk eder. | G61: Başlangıç ve bitiş tarihi mutlaka Cumartesi olmalıdır. 4 Cumartesi olan ayda 4, 5 Cumartesi olan ayda 5 kez tahakkuk oluşur.
B62: Aylık model | D62: Ücret her ayın SON GÜNÜ tahakkuk eder. | G62: 15.09.2026'da başlasa bile ilk tahakkuk 30.09.2026'da oluşur. Ay içinde başlayan müşteri o ayın tam ücretini tahakkuk ettirir.
B63: Model seçimi | D63: ÜCRET DÖNEMLERİ ▸ Tahakkuk Modeli sütunu | G63: Her müşteri ayrı model kullanabilir. Bir müşterinin aynı anda yalnız bir Aktif dönemi olmalıdır; sistem çakışmayı otomatik yakalar.
B64: ZAM / ücret değişikliği | D64: Eski satırı kapat, yeni satır aç. Satır silme, tutarı değiştirme. | G64: Örnek: Eylül 4.000 ₺ → Ekim 7.000 ₺. Eski satır: 01.09.2026 – 30.09.2026, Aylık, 4.000, Durum = Pasif. Yeni satır: 01.10.2026 – (bitiş boş), Aylık, 7.000, Durum = Aktif.
B65: Sonuç | D65: Geçmiş asla bozulmaz. | G65: Eylül 4.000 ₺, Ekim ve sonrası 7.000 ₺ olarak tahakkuk eder. Kapanmış ayların rakamı değişmez.
B66: Müşteri seçimi | D66: Müşteri adı açılır listeden seçilir. | G66: TAHSİLAT, ÜCRET DÖNEMLERİ ve AKTİVİTE ekranlarında müşteri unvanı listeden seçilir; Müşteri No sütunu otomatik dolar. Elle numara yazılmaz.
B67: SÖZLEŞME ÜCRETİ TAHSİLATI | D67: TAHSİLAT ekranı — başka hiçbir yere girilmez. | G67: Haftalık veya aylık muhasebe ücreti müşteriden tahsil edildiğinde yalnız buraya girilir. Cari bakiye, yaşlandırma, kasa ve nakit kâr otomatik güncellenir.
B68: EK HİZMET BEDELLERİ | D68: GELİR VE GİDER ekranı | G68: Defter tasdik, kontör ücreti, geçici vergi / damga, danışmanlık hizmeti gibi sözleşme dışı gelirler buraya girilir. Bunlar cari borç doğurmaz, doğrudan nakit gelirdir.
B69: CARİ EKSTRE | D69: CARİ EKSTRE ekranı — müşteriyi seçin, geçmiş otomatik gelsin. | G69: Tahakkuk satırları BORÇ, tahsilat satırları ALACAK sütununda listelenir; bakiye satır satır yürür. Örnek: 03.01.2026 1. hafta muhasebe 1.000 borç → bakiye 1.000; aynı gün nakit alınan 1.000 alacak → bakiye 0.
B70: BORÇLU / ALACAKLI GÖRÜNÜMÜ | D70: GELİR VE GİDER ekranının sağındaki panel | G70: Sözleşme ücreti tahakkuk ettiğinde: Müşteri Carisi BORÇLU / Muhasebe Hizmet Geliri ALACAKLI. Panel otomatiktir, elle girilmez; çift kayıt oluşmaz.
B71: 6. DEĞİŞMEZ KURALLAR │ BU KURALLAR BOZULURSA SİSTEM YANLIŞ SONUÇ VERİR
B72: Kural | D72: Uygulama | G72: Yasak
B73: Tek veri girişi | D73: Bir gerçek işlem yalnız bir ekrana girilir. | G73: ✖ Aynı tahsilatı hem TAHSİLAT hem GELİR/GİDER ekranına yazmak
B74: Ücret geçmişi | D74: Eski dönemi kapat, yeni dönem aç. | G74: ✖ Eski ücret tutarını geriye dönük değiştirmek veya satırı silmek
B75: Kâr dağıtımı | D75: Dağıtım yalnız tahsil edilmiş nakit kârdan yapılır. | G75: ✖ Tahsil edilmemiş cari alacağı kâr sayarak dağıtmak
B76: Formül disiplini | D76: Her fark ayrı bir işlem satırı olarak girilir. | G76: ✖ Formülün içine elle rakam eklemek
B77: Virman | D77: Hesaplar arası transfer VIRMAN ekranına girilir. | G77: ✖ Transferi gelir veya gider olarak yazmak
B78: Devir bakiyesi | D78: Eski alacak tek satırda devir olarak taşınır. | G78: ✖ Geçmiş tahakkukları uydurarak yeniden üretmek
B79: Müşteri seçimi | D79: Müşteri her ekranda listeden seçilir. | G79: ✖ Müşteri numarasını elle yazmak veya unvanı elle değiştirmek
B81: 7. KORUMA VE GÜVENLİK
B82: Konu | D82: Değer | E82: Açıklama
B83: Sayfa şifresi | D83: 1234 | E83: Otomatik hücreler kilitlidir. Yapıyı değiştirmek gerekirse: Gözden Geçir ▸ Sayfa Korumasını Kaldır ▸ Şifre: 1234
B84: Yedekleme | D84: Haftada bir | E84: Dosyayı hafta sonu tarih ekleyerek kopyalayın (örnek: Ofis_Yonetim_2026-08-29.xlsx).
B85: Uyumluluk | D85: Windows Excel | E85: Windows üzerinde Microsoft Excel 2016 ve üzeri için optimize edilmiştir. Makro içermez, güvenlik uyarısı vermez.
B86: Kapasite | D86: Hazır satır | E86: 100 müşteri │ 400 ücret dönemi │ 1.500 tahsilat │ 1.200 gelir-gider │ 400 virman │ 1.000 aktivite │ 36 ay kapanış.

Sheet MUSTERILER
A1: KILIÇ MUHASEBE │ MÜŞTERİLER
A2: Ana müşteri kartı │ Her müşteri için tek kayıt │ Devir alacağı bu ekranda tanımlanır
B4: =HYPERLINK("#PANO!A1","← PANO") | D4: =HYPERLINK("#UCRETLER!A1","Haftalık Ücretler") | F4: =HYPERLINK("#MUSTERI_360!A1","Müşteri 360") | H4: Sarı hücreler veri girişidir. Beyaz hücreler sistem tarafından hesaplanır ve kilitlidir. Devir Alacak Tarihi yaşlandırmayı belirler — boş bırakılırsa tutar 29+ gün kabul edilir.
C5: TOPLAM │ Aktif müşteri ve devir alacağı | D5: =COUNTIF($D$7:$D$106,"Aktif") | J5: =SUM($J$7:$J$106)
B6: Müşteri No | C6: Müşteri / Mükellef Unvanı | D6: Durum | E6: Sorumlu Kişi | F6: Telefon | G6: Vergi No | H6: Ödeme Şekli | I6: Başlangıç Tarihi | J6: Devir Alacağı | K6: Devir Alacak Tarihi | L6: Devir Kaynağı | M6: Özel Not | N6: Bilgi Durumu | O6: Aktif Ücret Tanımı | P6: Kayıt Kontrolü
B7: M001 | C7: ANKARA HAVANA LTD.ŞTİ. | D7: Aktif | H7: Nakit | I7: 46023 | J7: 0 | O7: =IF($C7="","",IF(COUNTIFS(UCRETLER!$B$7:$B$406,$B7,UCRETLER!$H$7:$H$406,"Aktif")>0,"EVET","HAYIR")) | P7: =IF($C7="","",IF($B7="","NO EKSİK",IF(COUNTIF($B$7:$B$106,$B7)>1,"NO TEKRARI",IF(COUNTIF($C$7:$C$106,$C7)>1,"UNVAN TEKRARI",IF($D7="","DURUM EKSİK",IF(AND($J7>0,$K7=""),"DEVİR TARİHİ EKSİK","UYGUN")))))) | T7: =IF($C7="","",UPPER(SUBSTITUTE(SUBSTITUTE(SUBSTITUTE(SUBSTITUTE(SUBSTITUTE(SUBSTITUTE(SUBSTITUTE(SUBSTITUTE(SUBSTITUTE(SUBSTITUTE(SUBSTITUTE(SUBSTITUTE(SUBSTITUTE(SUBSTITUTE(SUBSTITUTE(SUBSTITUTE(SUBSTITUTE(SUBSTITUTE(TRIM($C7),"'",""),"İ","I"),"ı","I"),"i","I"),"Ş","S"),"ş","S"),"Ğ","G"),"ğ","G"),"Ü","U"),"ü","U"),"Ö","O"),"ö","O"),"Ç","C"),"ç","C"),".",""),",","")," ",""),"-",""))) | U7: =IF($C7="","",COUNTIF($C$7:$C$106,"<"&$C7)+COUNTIF($C$7:$C7,$C7))
B8: M002 | C8: ESERLİ LTD.ŞTİ. | D8: Aktif | H8: Nakit | I8: 46023 | J8: 0 | O8: =IF($C8="","",IF(COUNTIFS(UCRETLER!$B$7:$B$406,$B8,UCRETLER!$H$7:$H$406,"Aktif")>0,"EVET","HAYIR")) | P8: =IF($C8="","",IF($B8="","NO EKSİK",IF(COUNTIF($B$7:$B$106,$B8)>1,"NO TEKRARI",IF(COUNTIF($C$7:$C$106,$C8)>1,"UNVAN TEKRARI",IF($D8="","DURUM EKSİK",IF(AND($J8>0,$K8=""),"DEVİR TARİHİ EKSİK","UYGUN")))))) | T8: =IF($C8="","",UPPER(SUBSTITUTE(SUBSTITUTE(SUBSTITUTE(SUBSTITUTE(SUBSTITUTE(SUBSTITUTE(SUBSTITUTE(SUBSTITUTE(SUBSTITUTE(SUBSTITUTE(SUBSTITUTE(SUBSTITUTE(SUBSTITUTE(SUBSTITUTE(SUBSTITUTE(SUBSTITUTE(SUBSTITUTE(SUBSTITUTE(TRIM($C8),"'",""),"İ","I"),"ı","I"),"i","I"),"Ş","S"),"ş","S"),"Ğ","G"),"ğ","G"),"Ü","U"),"ü","U"),"Ö","O"),"ö","O"),"Ç","C"),"ç","C"),".",""),",","")," ",""),"-",""))) | U8: =IF($C8="","",COUNTIF($C$7:$C$106,"<"&$C8)+COUNTIF($C$7:$C8,$C8))
B9: M003 | C9: TYANA LTD.ŞTİ. | D9: Aktif | H9: Nakit | I9: 46023 | J9: 0 | O9: =IF($C9="","",IF(COUNTIFS(UCRETLER!$B$7:$B$406,$B9,UCRETLER!$H$7:$H$406,"Aktif")>0,"EVET","HAYIR")) | P9: =IF($C9="","",IF($B9="","NO EKSİK",IF(COUNTIF($B$7:$B$106,$B9)>1,"NO TEKRARI",IF(COUNTIF($C$7:$C$106,$C9)>1,"UNVAN TEKRARI",IF($D9="","DURUM EKSİK",IF(AND($J9>0,$K9=""),"DEVİR TARİHİ EKSİK","UYGUN")))))) | T9: =IF($C9="","",UPPER(SUBSTITUTE(SUBSTITUTE(SUBSTITUTE(SUBSTITUTE(SUBSTITUTE(SUBSTITUTE(SUBSTITUTE(SUBSTITUTE(SUBSTITUTE(SUBSTITUTE(SUBSTITUTE(SUBSTITUTE(SUBSTITUTE(SUBSTITUTE(SUBSTITUTE(SUBSTITUTE(SUBSTITUTE(SUBSTITUTE(TRIM($C9),"'",""),"İ","I"),"ı","I"),"i","I"),"Ş","S"),"ş","S"),"Ğ","G"),"ğ","G"),"Ü","U"),"ü","U"),"Ö","O"),"ö","O"),"Ç","C"),"ç","C"),".",""),",","")," ",""),"-",""))) | U9: =IF($C9="","",COUNTIF($C$7:$C$106,"<"&$C9)+COUNTIF($C$7:$C9,$C9))
B10: M004 | C10: ZÜMRÜT EĞLENCE LTD.ŞTİ. | D10: Aktif | H10: Nakit | I10: 46023 | J10: 0 | O10: =IF($C10="","",IF(COUNTIFS(UCRETLER!$B$7:$B$406,$B10,UCRETLER!$H$7:$H$406,"Aktif")>0,"EVET","HAYIR")) | P10: =IF($C10="","",IF($B10="","NO EKSİK",IF(COUNTIF($B$7:$B$106,$B10)>1,"NO TEKRARI",IF(COUNTIF($C$7:$C$106,$C10)>1,"UNVAN TEKRARI",IF($D10="","DURUM EKSİK",IF(AND($J10>0,$K10=""),"DEVİR TARİHİ EKSİK","UYGUN")))))) | T10: =IF($C10="","",UPPER(SUBSTITUTE(SUBSTITUTE(SUBSTITUTE(SUBSTITUTE(SUBSTITUTE(SUBSTITUTE(SUBSTITUTE(SUBSTITUTE(SUBSTITUTE(SUBSTITUTE(SUBSTITUTE(SUBSTITUTE(SUBSTITUTE(SUBSTITUTE(SUBSTITUTE(SUBSTITUTE(SUBSTITUTE(SUBSTITUTE(TRIM($C10),"'",""),"İ","I"),"ı","I"),"i","I"),"Ş","S"),"ş","S"),"Ğ","G"),"ğ","G"),"Ü","U"),"ü","U"),"Ö","O"),"ö","O"),"Ç","C"),"ç","C"),".",""),",","")," ",""),"-",""))) | U10: =IF($C10="","",COUNTIF($C$7:$C$106,"<"&$C10)+COUNTIF($C$7:$C10,$C10))
B11: M005 | C11: ZÜMRÜT GRUP LTD.ŞTİ. | D11: Aktif | H11: Nakit | I11: 46023 | J11: 0 | O11: =IF($C11="","",IF(COUNTIFS(UCRETLER!$B$7:$B$406,$B11,UCRETLER!$H$7:$H$406,"Aktif")>0,"EVET","HAYIR")) | P11: =IF($C11="","",IF($B11="","NO EKSİK",IF(COUNTIF($B$7:$B$106,$B11)>1,"NO TEKRARI",IF(COUNTIF($C$7:$C$106,$C11)>1,"UNVAN TEKRARI",IF($D11="","DURUM EKSİK",IF(AND($J11>0,$K11=""),"DEVİR TARİHİ EKSİK","UYGUN")))))) | T11: =IF($C11="","",UPPER(SUBSTITUTE(SUBSTITUTE(SUBSTITUTE(SUBSTITUTE(SUBSTITUTE(SUBSTITUTE(SUBSTITUTE(SUBSTITUTE(SUBSTITUTE(SUBSTITUTE(SUBSTITUTE(SUBSTITUTE(SUBSTITUTE(SUBSTITUTE(SUBSTITUTE(SUBSTITUTE(SUBSTITUTE(SUBSTITUTE(TRIM($C11),"'",""),"İ","I"),"ı","I"),"i","I"),"Ş","S"),"ş","S"),"Ğ","G"),"ğ","G"),"Ü","U"),"ü","U"),"Ö","O"),"ö","O"),"Ç","C"),"ç","C"),".",""),",","")," ",""),"-",""))) | U11: =IF($C11="","",COUNTIF($C$7:$C$106,"<"&$C11)+COUNTIF($C$7:$C11,$C11))
B12: M006 | C12: VOLKAN AÇIK | D12: Aktif | H12: Nakit | I12: 46023 | J12: 0 | O12: =IF($C12="","",IF(COUNTIFS(UCRETLER!$B$7:$B$406,$B12,UCRETLER!$H$7:$H$406,"Aktif")>0,"EVET","HAYIR")) | P12: =IF($C12="","",IF($B12="","NO EKSİK",IF(COUNTIF($B$7:$B$106,$B12)>1,"NO TEKRARI",IF(COUNTIF($C$7:$C$106,$C12)>1,"UNVAN TEKRARI",IF($D12="","DURUM EKSİK",IF(AND($J12>0,$K12=""),"DEVİR TARİHİ EKSİK","UYGUN")))))) | T12: =IF($C12="","",UPPER(SUBSTITUTE(SUBSTITUTE(SUBSTITUTE(SUBSTITUTE(SUBSTITUTE(SUBSTITUTE(SUBSTITUTE(SUBSTITUTE(SUBSTITUTE(SUBSTITUTE(SUBSTITUTE(SUBSTITUTE(SUBSTITUTE(SUBSTITUTE(SUBSTITUTE(SUBSTITUTE(SUBSTITUTE(SUBSTITUTE(TRIM($C12),"'",""),"İ","I"),"ı","I"),"i","I"),"Ş","S"),"ş","S"),"Ğ","G"),"ğ","G"),"Ü","U"),"ü","U"),"Ö","O"),"ö","O"),"Ç","C"),"ç","C"),".",""),",","")," ",""),"-",""))) | U12: =IF($C12="","",COUNTIF($C$7:$C$106,"<"&$C12)+COUNTIF($C$7:$C12,$C12))
B13: M007 | C13: MONAMOUR LTD.ŞTİ. | D13: Aktif | H13: Nakit | I13: 46023 | J13: 0 | O13: =IF($C13="","",IF(COUNTIFS(UCRETLER!$B$7:$B$406,$B13,UCRETLER!$H$7:$H$406,"Aktif")>0,"EVET","HAYIR")) | P13: =IF($C13="","",IF($B13="","NO EKSİK",IF(COUNTIF($B$7:$B$106,$B13)>1,"NO TEKRARI",IF(COUNTIF($C$7:$C$106,$C13)>1,"UNVAN TEKRARI",IF($D13="","DURUM EKSİK",IF(AND($J13>0,$K13=""),"DEVİR TARİHİ EKSİK","UYGUN")))))) | T13: =IF($C13="","",UPPER(SUBSTITUTE(SUBSTITUTE(SUBSTITUTE(SUBSTITUTE(SUBSTITUTE(SUBSTITUTE(SUBSTITUTE(SUBSTITUTE(SUBSTITUTE(SUBSTITUTE(SUBSTITUTE(SUBSTITUTE(SUBSTITUTE(SUBSTITUTE(SUBSTITUTE(SUBSTITUTE(SUBSTITUTE(SUBSTITUTE(TRIM($C13),"'",""),"İ","I"),"ı","I"),"i","I"),"Ş","S"),"ş","S"),"Ğ","G"),"ğ","G"),"Ü","U"),"ü","U"),"Ö","O"),"ö","O"),"Ç","C"),"ç","C"),".",""),",","")," ",""),"-",""))) | U13: =IF($C13="","",COUNTIF($C$7:$C$106,"<"&$C13)+COUNTIF($C$7:$C13,$C13))
B14: M008 | C14: KÖŞK YÜKSELEN LTD.ŞTİ. | D14: Aktif | H14: Nakit | I14: 46023 | J14: 0 | O14: =IF($C14="","",IF(COUNTIFS(UCRETLER!$B$7:$B$406,$B14,UCRETLER!$H$7:$H$406,"Aktif")>0,"EVET","HAYIR")) | P14: =IF($C14="","",IF($B14="","NO EKSİK",IF(COUNTIF($B$7:$B$106,$B14)>1,"NO TEKRARI",IF(COUNTIF($C$7:$C$106,$C14)>1,"UNVAN TEKRARI",IF($D14="","DURUM EKSİK",IF(AND($J14>0,$K14=""),"DEVİR TARİHİ EKSİK","UYGUN")))))) | T14: =IF($C14="","",UPPER(SUBSTITUTE(SUBSTITUTE(SUBSTITUTE(SUBSTITUTE(SUBSTITUTE(SUBSTITUTE(SUBSTITUTE(SUBSTITUTE(SUBSTITUTE(SUBSTITUTE(SUBSTITUTE(SUBSTITUTE(SUBSTITUTE(SUBSTITUTE(SUBSTITUTE(SUBSTITUTE(SUBSTITUTE(SUBSTITUTE(TRIM($C14),"'",""),"İ","I"),"ı","I"),"i","I"),"Ş","S"),"ş","S"),"Ğ","G"),"ğ","G"),"Ü","U"),"ü","U"),"Ö","O"),"ö","O"),"Ç","C"),"ç","C"),".",""),",","")," ",""),"-",""))) | U14: =IF($C14="","",COUNTIF($C$7:$C$106,"<"&$C14)+COUNTIF($C$7:$C14,$C14))
B15: M009 | C15: PAKYILDIZ LTD.ŞTİ. | D15: Aktif | H15: Nakit | I15: 46023 | J15: 0 | O15: =IF($C15="","",IF(COUNTIFS(UCRETLER!$B$7:$B$406,$B15,UCRETLER!$H$7:$H$406,"Aktif")>0,"EVET","HAYIR")) | P15: =IF($C15="","",IF($B15="","NO EKSİK",IF(COUNTIF($B$7:$B$106,$B15)>1,"NO TEKRARI",IF(COUNTIF($C$7:$C$106,$C15)>1,"UNVAN TEKRARI",IF($D15="","DURUM EKSİK",IF(AND($J15>0,$K15=""),"DEVİR TARİHİ EKSİK","UYGUN")))))) | T15: =IF($C15="","",UPPER(SUBSTITUTE(SUBSTITUTE(SUBSTITUTE(SUBSTITUTE(SUBSTITUTE(SUBSTITUTE(SUBSTITUTE(SUBSTITUTE(SUBSTITUTE(SUBSTITUTE(SUBSTITUTE(SUBSTITUTE(SUBSTITUTE(SUBSTITUTE(SUBSTITUTE(SUBSTITUTE(SUBSTITUTE(SUBSTITUTE(TRIM($C15),"'",""),"İ","I"),"ı","I"),"i","I"),"Ş","S"),"ş","S"),"Ğ","G"),"ğ","G"),"Ü","U"),"ü","U"),"Ö","O"),"ö","O"),"Ç","C"),"ç","C"),".",""),",","")," ",""),"-",""))) | U15: =IF($C15="","",COUNTIF($C$7:$C$106,"<"&$C15)+COUNTIF($C$7:$C15,$C15))
B16: M010 | C16: ÖZFİDANLAR LTD.ŞTİ. | D16: Aktif | H16: Nakit | I16: 46023 | J16: 0 | O16: =IF($C16="","",IF(COUNTIFS(UCRETLER!$B$7:$B$406,$B16,UCRETLER!$H$7:$H$406,"Aktif")>0,"EVET","HAYIR")) | P16: =IF($C16="","",IF($B16="","NO EKSİK",IF(COUNTIF($B$7:$B$106,$B16)>1,"NO TEKRARI",IF(COUNTIF($C$7:$C$106,$C16)>1,"UNVAN TEKRARI",IF($D16="","DURUM EKSİK",IF(AND($J16>0,$K16=""),"DEVİR TARİHİ EKSİK","UYGUN")))))) | T16: =IF($C16="","",UPPER(SUBSTITUTE(SUBSTITUTE(SUBSTITUTE(SUBSTITUTE(SUBSTITUTE(SUBSTITUTE(SUBSTITUTE(SUBSTITUTE(SUBSTITUTE(SUBSTITUTE(SUBSTITUTE(SUBSTITUTE(SUBSTITUTE(SUBSTITUTE(SUBSTITUTE(SUBSTITUTE(SUBSTITUTE(SUBSTITUTE(TRIM($C16),"'",""),"İ","I"),"ı","I"),"i","I"),"Ş","S"),"ş","S"),"Ğ","G"),"ğ","G"),"Ü","U"),"ü","U"),"Ö","O"),"ö","O"),"Ç","C"),"ç","C"),".",""),",","")," ",""),"-",""))) | U16: =IF($C16="","",COUNTIF($C$7:$C$106,"<"&$C16)+COUNTIF($C$7:$C16,$C16))
B17: M011 | C17: EĞLENGÖR LTD.ŞTİ. | D17: Aktif | H17: Nakit | I17: 46039 | J17: 0 | O17: =IF($C17="","",IF(COUNTIFS(UCRETLER!$B$7:$B$406,$B17,UCRETLER!$H$7:$H$406,"Aktif")>0,"EVET","HAYIR")) | P17: =IF($C17="","",IF($B17="","NO EKSİK",IF(COUNTIF($B$7:$B$106,$B17)>1,"NO TEKRARI",IF(COUNTIF($C$7:$C$106,$C17)>1,"UNVAN TEKRARI",IF($D17="","DURUM EKSİK",IF(AND($J17>0,$K17=""),"DEVİR TARİHİ EKSİK","UYGUN")))))) | T17: =IF($C17="","",UPPER(SUBSTITUTE(SUBSTITUTE(SUBSTITUTE(SUBSTITUTE(SUBSTITUTE(SUBSTITUTE(SUBSTITUTE(SUBSTITUTE(SUBSTITUTE(SUBSTITUTE(SUBSTITUTE(SUBSTITUTE(SUBSTITUTE(SUBSTITUTE(SUBSTITUTE(SUBSTITUTE(SUBSTITUTE(SUBSTITUTE(TRIM($C17),"'",""),"İ","I"),"ı","I"),"i","I"),"Ş","S"),"ş","S"),"Ğ","G"),"ğ","G"),"Ü","U"),"ü","U"),"Ö","O"),"ö","O"),"Ç","C"),"ç","C"),".",""),",","")," ",""),"-",""))) | U17: =IF($C17="","",COUNTIF($C$7:$C$106,"<"&$C17)+COUNTIF($C$7:$C17,$C17))
B18: M012 | C18: İLDEŞ LTD.ŞTİ. | D18: Aktif | H18: Nakit | I18: 46023 | J18: 0 | O18: =IF($C18="","",IF(COUNTIFS(UCRETLER!$B$7:$B$406,$B18,UCRETLER!$H$7:$H$406,"Aktif")>0,"EVET","HAYIR")) | P18: =IF($C18="","",IF($B18="","NO EKSİK",IF(COUNTIF($B$7:$B$106,$B18)>1,"NO TEKRARI",IF(COUNTIF($C$7:$C$106,$C18)>1,"UNVAN TEKRARI",IF($D18="","DURUM EKSİK",IF(AND($J18>0,$K18=""),"DEVİR TARİHİ EKSİK","UYGUN")))))) | T18: =IF($C18="","",UPPER(SUBSTITUTE(SUBSTITUTE(SUBSTITUTE(SUBSTITUTE(SUBSTITUTE(SUBSTITUTE(SUBSTITUTE(SUBSTITUTE(SUBSTITUTE(SUBSTITUTE(SUBSTITUTE(SUBSTITUTE(SUBSTITUTE(SUBSTITUTE(SUBSTITUTE(SUBSTITUTE(SUBSTITUTE(SUBSTITUTE(TRIM($C18),"'",""),"İ","I"),"ı","I"),"i","I"),"Ş","S"),"ş","S"),"Ğ","G"),"ğ","G"),"Ü","U"),"ü","U"),"Ö","O"),"ö","O"),"Ç","C"),"ç","C"),".",""),",","")," ",""),"-",""))) | U18: =IF($C18="","",COUNTIF($C$7:$C$106,"<"&$C18)+COUNTIF($C$7:$C18,$C18))
... B59: M053 | C59: YEDİYİRMİDÖRT LTD.ŞTİ. | D59: Aktif | H59: Nakit | I59: 46023 | J59: 0 | O59: =IF($C59="","",IF(COUNTIFS(UCRETLER!$B$7:$B$406,$B59,UCRETLER!$H$7:$H$406,"Aktif")>0,"EVET","HAYIR")) | P59: =IF($C59="","",IF($B59="","NO EKSİK",IF(COUNTIF($B$7:$B$106,$B59)>1,"NO TEKRARI",IF(COUNTIF($C$7:$C$106,$C59)>1,"UNVAN TEKRARI",IF($D59="","DURUM EKSİK",IF(AND($J59>0,$K59=""),"DEVİR TARİHİ EKSİK","UYGUN")))))) | T59: =IF($C59="","",UPPER(SUBSTITUTE(SUBSTITUTE(SUBSTITUTE(SUBSTITUTE(SUBSTITUTE(SUBSTITUTE(SUBSTITUTE(SUBSTITUTE(SUBSTITUTE(SUBSTITUTE(SUBSTITUTE(SUBSTITUTE(SUBSTITUTE(SUBSTITUTE(SUBSTITUTE(SUBSTITUTE(SUBSTITUTE(SUBSTITUTE(TRIM($C59),"'",""),"İ","I"),"ı","I"),"i","I"),"Ş","S"),"ş","S"),"Ğ","G"),"ğ","G"),"Ü","U"),"ü","U"),"Ö","O"),"ö","O"),"Ç","C"),"ç","C"),".",""),",","")," ",""),"-",""))) | U59: =IF($C59="","",COUNTIF($C$7:$C$106,"<"&$C59)+COUNTIF($C$7:$C59,$C59))
B60: M054 | C60: YALIKENT LTD.ŞTİ. | D60: Aktif | H60: Nakit | I60: 46023 | O60: =IF($C60="","",IF(COUNTIFS(UCRETLER!$B$7:$B$406,$B60,UCRETLER!$H$7:$H$406,"Aktif")>0,"EVET","HAYIR")) | P60: =IF($C60="","",IF($B60="","NO EKSİK",IF(COUNTIF($B$7:$B$106,$B60)>1,"NO TEKRARI",IF(COUNTIF($C$7:$C$106,$C60)>1,"UNVAN TEKRARI",IF($D60="","DURUM EKSİK",IF(AND($J60>0,$K60=""),"DEVİR TARİHİ EKSİK","UYGUN")))))) | T60: =IF($C60="","",UPPER(SUBSTITUTE(SUBSTITUTE(SUBSTITUTE(SUBSTITUTE(SUBSTITUTE(SUBSTITUTE(SUBSTITUTE(SUBSTITUTE(SUBSTITUTE(SUBSTITUTE(SUBSTITUTE(SUBSTITUTE(SUBSTITUTE(SUBSTITUTE(SUBSTITUTE(SUBSTITUTE(SUBSTITUTE(SUBSTITUTE(TRIM($C60),"'",""),"İ","I"),"ı","I"),"i","I"),"Ş","S"),"ş","S"),"Ğ","G"),"ğ","G"),"Ü","U"),"ü","U"),"Ö","O"),"ö","O"),"Ç","C"),"ç","C"),".",""),",","")," ",""),"-",""))) | U60: =IF($C60="","",COUNTIF($C$7:$C$106,"<"&$C60)+COUNTIF($C$7:$C60,$C60))
B61: M055 | C61: SEMRA GÜMÜŞ | D61: Aktif | H61: Nakit | I61: 46023 | O61: =IF($C61="","",IF(COUNTIFS(UCRETLER!$B$7:$B$406,$B61,UCRETLER!$H$7:$H$406,"Aktif")>0,"EVET","HAYIR")) | P61: =IF($C61="","",IF($B61="","NO EKSİK",IF(COUNTIF($B$7:$B$106,$B61)>1,"NO TEKRARI",IF(COUNTIF($C$7:$C$106,$C61)>1,"UNVAN TEKRARI",IF($D61="","DURUM EKSİK",IF(AND($J61>0,$K61=""),"DEVİR TARİHİ EKSİK","UYGUN")))))) | T61: =IF($C61="","",UPPER(SUBSTITUTE(SUBSTITUTE(SUBSTITUTE(SUBSTITUTE(SUBSTITUTE(SUBSTITUTE(SUBSTITUTE(SUBSTITUTE(SUBSTITUTE(SUBSTITUTE(SUBSTITUTE(SUBSTITUTE(SUBSTITUTE(SUBSTITUTE(SUBSTITUTE(SUBSTITUTE(SUBSTITUTE(SUBSTITUTE(TRIM($C61),"'",""),"İ","I"),"ı","I"),"i","I"),"Ş","S"),"ş","S"),"Ğ","G"),"ğ","G"),"Ü","U"),"ü","U"),"Ö","O"),"ö","O"),"Ç","C"),"ç","C"),".",""),",","")," ",""),"-",""))) | U61: =IF($C61="","",COUNTIF($C$7:$C$106,"<"&$C61)+COUNTIF($C$7:$C61,$C61))
B62: M056 | O62: =IF($C62="","",IF(COUNTIFS(UCRETLER!$B$7:$B$406,$B62,UCRETLER!$H$7:$H$406,"Aktif")>0,"EVET","HAYIR")) | P62: =IF($C62="","",IF($B62="","NO EKSİK",IF(COUNTIF($B$7:$B$106,$B62)>1,"NO TEKRARI",IF(COUNTIF($C$7:$C$106,$C62)>1,"UNVAN TEKRARI",IF($D62="","DURUM EKSİK",IF(AND($J62>0,$K62=""),"DEVİR TARİHİ EKSİK","UYGUN")))))) | T62: =IF($C62="","",UPPER(SUBSTITUTE(SUBSTITUTE(SUBSTITUTE(SUBSTITUTE(SUBSTITUTE(SUBSTITUTE(SUBSTITUTE(SUBSTITUTE(SUBSTITUTE(SUBSTITUTE(SUBSTITUTE(SUBSTITUTE(SUBSTITUTE(SUBSTITUTE(SUBSTITUTE(SUBSTITUTE(SUBSTITUTE(SUBSTITUTE(TRIM($C62),"'",""),"İ","I"),"ı","I"),"i","I"),"Ş","S"),"ş","S"),"Ğ","G"),"ğ","G"),"Ü","U"),"ü","U"),"Ö","O"),"ö","O"),"Ç","C"),"ç","C"),".",""),",","")," ",""),"-",""))) | U62: =IF($C62="","",COUNTIF($C$7:$C$106,"<"&$C62)+COUNTIF($C$7:$C62,$C62))
B63: M057 | O63: =IF($C63="","",IF(COUNTIFS(UCRETLER!$B$7:$B$406,$B63,UCRETLER!$H$7:$H$406,"Aktif")>0,"EVET","HAYIR")) | P63: =IF($C63="","",IF($B63="","NO EKSİK",IF(COUNTIF($B$7:$B$106,$B63)>1,"NO TEKRARI",IF(COUNTIF($C$7:$C$106,$C63)>1,"UNVAN TEKRARI",IF($D63="","DURUM EKSİK",IF(AND($J63>0,$K63=""),"DEVİR TARİHİ EKSİK","UYGUN")))))) | T63: =IF($C63="","",UPPER(SUBSTITUTE(SUBSTITUTE(SUBSTITUTE(SUBSTITUTE(SUBSTITUTE(SUBSTITUTE(SUBSTITUTE(SUBSTITUTE(SUBSTITUTE(SUBSTITUTE(SUBSTITUTE(SUBSTITUTE(SUBSTITUTE(SUBSTITUTE(SUBSTITUTE(SUBSTITUTE(SUBSTITUTE(SUBSTITUTE(TRIM($C63),"'",""),"İ","I"),"ı","I"),"i","I"),"Ş","S"),"ş","S"),"Ğ","G"),"ğ","G"),"Ü","U"),"ü","U"),"Ö","O"),"ö","O"),"Ç","C"),"ç","C"),".",""),",","")," ",""),"-",""))) | U63: =IF($C63="","",COUNTIF($C$7:$C$106,"<"&$C63)+COUNTIF($C$7:$C63,$C63))
B64: M058 | O64: =IF($C64="","",IF(COUNTIFS(UCRETLER!$B$7:$B$406,$B64,UCRETLER!$H$7:$H$406,"Aktif")>0,"EVET","HAYIR")) | P64: =IF($C64="","",IF($B64="","NO EKSİK",IF(COUNTIF($B$7:$B$106,$B64)>1,"NO TEKRARI",IF(COUNTIF($C$7:$C$106,$C64)>1,"UNVAN TEKRARI",IF($D64="","DURUM EKSİK",IF(AND($J64>0,$K64=""),"DEVİR TARİHİ EKSİK","UYGUN")))))) | T64: =IF($C64="","",UPPER(SUBSTITUTE(SUBSTITUTE(SUBSTITUTE(SUBSTITUTE(SUBSTITUTE(SUBSTITUTE(SUBSTITUTE(SUBSTITUTE(SUBSTITUTE(SUBSTITUTE(SUBSTITUTE(SUBSTITUTE(SUBSTITUTE(SUBSTITUTE(SUBSTITUTE(SUBSTITUTE(SUBSTITUTE(SUBSTITUTE(TRIM($C64),"'",""),"İ","I"),"ı","I"),"i","I"),"Ş","S"),"ş","S"),"Ğ","G"),"ğ","G"),"Ü","U"),"ü","U"),"Ö","O"),"ö","O"),"Ç","C"),"ç","C"),".",""),",","")," ",""),"-",""))) | U64: =IF($C64="","",COUNTIF($C$7:$C$106,"<"&$C64)+COUNTIF($C$7:$C64,$C64))
B65: M059 | O65: =IF($C65="","",IF(COUNTIFS(UCRETLER!$B$7:$B$406,$B65,UCRETLER!$H$7:$H$406,"Aktif")>0,"EVET","HAYIR")) | P65: =IF($C65="","",IF($B65="","NO EKSİK",IF(COUNTIF($B$7:$B$106,$B65)>1,"NO TEKRARI",IF(COUNTIF($C$7:$C$106,$C65)>1,"UNVAN TEKRARI",IF($D65="","DURUM EKSİK",IF(AND($J65>0,$K65=""),"DEVİR TARİHİ EKSİK","UYGUN")))))) | T65: =IF($C65="","",UPPER(SUBSTITUTE(SUBSTITUTE(SUBSTITUTE(SUBSTITUTE(SUBSTITUTE(SUBSTITUTE(SUBSTITUTE(SUBSTITUTE(SUBSTITUTE(SUBSTITUTE(SUBSTITUTE(SUBSTITUTE(SUBSTITUTE(SUBSTITUTE(SUBSTITUTE(SUBSTITUTE(SUBSTITUTE(SUBSTITUTE(TRIM($C65),"'",""),"İ","I"),"ı","I"),"i","I"),"Ş","S"),"ş","S"),"Ğ","G"),"ğ","G"),"Ü","U"),"ü","U"),"Ö","O"),"ö","O"),"Ç","C"),"ç","C"),".",""),",","")," ",""),"-",""))) | U65: =IF($C65="","",COUNTIF($C$7:$C$106,"<"&$C65)+COUNTIF($C$7:$C65,$C65))
B66: M060 | O66: =IF($C66="","",IF(COUNTIFS(UCRETLER!$B$7:$B$406,$B66,UCRETLER!$H$7:$H$406,"Aktif")>0,"EVET","HAYIR")) | P66: =IF($C66="","",IF($B66="","NO EKSİK",IF(COUNTIF($B$7:$B$106,$B66)>1,"NO TEKRARI",IF(COUNTIF($C$7:$C$106,$C66)>1,"UNVAN TEKRARI",IF($D66="","DURUM EKSİK",IF(AND($J66>0,$K66=""),"DEVİR TARİHİ EKSİK","UYGUN")))))) | T66: =IF($C66="","",UPPER(SUBSTITUTE(SUBSTITUTE(SUBSTITUTE(SUBSTITUTE(SUBSTITUTE(SUBSTITUTE(SUBSTITUTE(SUBSTITUTE(SUBSTITUTE(SUBSTITUTE(SUBSTITUTE(SUBSTITUTE(SUBSTITUTE(SUBSTITUTE(SUBSTITUTE(SUBSTITUTE(SUBSTITUTE(SUBSTITUTE(TRIM($C66),"'",""),"İ","I"),"ı","I"),"i","I"),"Ş","S"),"ş","S"),"Ğ","G"),"ğ","G"),"Ü","U"),"ü","U"),"Ö","O"),"ö","O"),"Ç","C"),"ç","C"),".",""),",","")," ",""),"-",""))) | U66: =IF($C66="","",COUNTIF($C$7:$C$106,"<"&$C66)+COUNTIF($C$7:$C66,$C66))
B67: M061 | O67: =IF($C67="","",IF(COUNTIFS(UCRETLER!$B$7:$B$406,$B67,UCRETLER!$H$7:$H$406,"Aktif")>0,"EVET","HAYIR")) | P67: =IF($C67="","",IF($B67="","NO EKSİK",IF(COUNTIF($B$7:$B$106,$B67)>1,"NO TEKRARI",IF(COUNTIF($C$7:$C$106,$C67)>1,"UNVAN TEKRARI",IF($D67="","DURUM EKSİK",IF(AND($J67>0,$K67=""),"DEVİR TARİHİ EKSİK","UYGUN")))))) | T67: =IF($C67="","",UPPER(SUBSTITUTE(SUBSTITUTE(SUBSTITUTE(SUBSTITUTE(SUBSTITUTE(SUBSTITUTE(SUBSTITUTE(SUBSTITUTE(SUBSTITUTE(SUBSTITUTE(SUBSTITUTE(SUBSTITUTE(SUBSTITUTE(SUBSTITUTE(SUBSTITUTE(SUBSTITUTE(SUBSTITUTE(SUBSTITUTE(TRIM($C67),"'",""),"İ","I"),"ı","I"),"i","I"),"Ş","S"),"ş","S"),"Ğ","G"),"ğ","G"),"Ü","U"),"ü","U"),"Ö","O"),"ö","O"),"Ç","C"),"ç","C"),".",""),",","")," ",""),"-",""))) | U67: =IF($C67="","",COUNTIF($C$7:$C$106,"<"&$C67)+COUNTIF($C$7:$C67,$C67))
B68: M062 | O68: =IF($C68="","",IF(COUNTIFS(UCRETLER!$B$7:$B$406,$B68,UCRETLER!$H$7:$H$406,"Aktif")>0,"EVET","HAYIR")) | P68: =IF($C68="","",IF($B68="","NO EKSİK",IF(COUNTIF($B$7:$B$106,$B68)>1,"NO TEKRARI",IF(COUNTIF($C$7:$C$106,$C68)>1,"UNVAN TEKRARI",IF($D68="","DURUM EKSİK",IF(AND($J68>0,$K68=""),"DEVİR TARİHİ EKSİK","UYGUN")))))) | T68: =IF($C68="","",UPPER(SUBSTITUTE(SUBSTITUTE(SUBSTITUTE(SUBSTITUTE(SUBSTITUTE(SUBSTITUTE(SUBSTITUTE(SUBSTITUTE(SUBSTITUTE(SUBSTITUTE(SUBSTITUTE(SUBSTITUTE(SUBSTITUTE(SUBSTITUTE(SUBSTITUTE(SUBSTITUTE(SUBSTITUTE(SUBSTITUTE(TRIM($C68),"'",""),"İ","I"),"ı","I"),"i","I"),"Ş","S"),"ş","S"),"Ğ","G"),"ğ","G"),"Ü","U"),"ü","U"),"Ö","O"),"ö","O"),"Ç","C"),"ç","C"),".",""),",","")," ",""),"-",""))) | U68: =IF($C68="","",COUNTIF($C$7:$C$106,"<"&$C68)+COUNTIF($C$7:$C68,$C68))
B69: M063 | O69: =IF($C69="","",IF(COUNTIFS(UCRETLER!$B$7:$B$406,$B69,UCRETLER!$H$7:$H$406,"Aktif")>0,"EVET","HAYIR")) | P69: =IF($C69="","",IF($B69="","NO EKSİK",IF(COUNTIF($B$7:$B$106,$B69)>1,"NO TEKRARI",IF(COUNTIF($C$7:$C$106,$C69)>1,"UNVAN TEKRARI",IF($D69="","DURUM EKSİK",IF(AND($J69>0,$K69=""),"DEVİR TARİHİ EKSİK","UYGUN")))))) | T69: =IF($C69="","",UPPER(SUBSTITUTE(SUBSTITUTE(SUBSTITUTE(SUBSTITUTE(SUBSTITUTE(SUBSTITUTE(SUBSTITUTE(SUBSTITUTE(SUBSTITUTE(SUBSTITUTE(SUBSTITUTE(SUBSTITUTE(SUBSTITUTE(SUBSTITUTE(SUBSTITUTE(SUBSTITUTE(SUBSTITUTE(SUBSTITUTE(TRIM($C69),"'",""),"İ","I"),"ı","I"),"i","I"),"Ş","S"),"ş","S"),"Ğ","G"),"ğ","G"),"Ü","U"),"ü","U"),"Ö","O"),"ö","O"),"Ç","C"),"ç","C"),".",""),",","")," ",""),"-",""))) | U69: =IF($C69="","",COUNTIF($C$7:$C$106,"<"&$C69)+COUNTIF($C$7:$C69,$C69))
B70: M064 | O70: =IF($C70="","",IF(COUNTIFS(UCRETLER!$B$7:$B$406,$B70,UCRETLER!$H$7:$H$406,"Aktif")>0,"EVET","HAYIR")) | P70: =IF($C70="","",IF($B70="","NO EKSİK",IF(COUNTIF($B$7:$B$106,$B70)>1,"NO TEKRARI",IF(COUNTIF($C$7:$C$106,$C70)>1,"UNVAN TEKRARI",IF($D70="","DURUM EKSİK",IF(AND($J70>0,$K70=""),"DEVİR TARİHİ EKSİK","UYGUN")))))) | T70: =IF($C70="","",UPPER(SUBSTITUTE(SUBSTITUTE(SUBSTITUTE(SUBSTITUTE(SUBSTITUTE(SUBSTITUTE(SUBSTITUTE(SUBSTITUTE(SUBSTITUTE(SUBSTITUTE(SUBSTITUTE(SUBSTITUTE(SUBSTITUTE(SUBSTITUTE(SUBSTITUTE(SUBSTITUTE(SUBSTITUTE(SUBSTITUTE(TRIM($C70),"'",""),"İ","I"),"ı","I"),"i","I"),"Ş","S"),"ş","S"),"Ğ","G"),"ğ","G"),"Ü","U"),"ü","U"),"Ö","O"),"ö","O"),"Ç","C"),"ç","C"),".",""),",","")," ",""),"-",""))) | U70: =IF($C70="","",COUNTIF($C$7:$C$106,"<"&$C70)+COUNTIF($C$7:$C70,$C70))
B71: M065 | O71: =IF($C71="","",IF(COUNTIFS(UCRETLER!$B$7:$B$406,$B71,UCRETLER!$H$7:$H$406,"Aktif")>0,"EVET","HAYIR")) | P71: =IF($C71="","",IF($B71="","NO EKSİK",IF(COUNTIF($B$7:$B$106,$B71)>1,"NO TEKRARI",IF(COUNTIF($C$7:$C$106,$C71)>1,"UNVAN TEKRARI",IF($D71="","DURUM EKSİK",IF(AND($J71>0,$K71=""),"DEVİR TARİHİ EKSİK","UYGUN")))))) | T71: =IF($C71="","",UPPER(SUBSTITUTE(SUBSTITUTE(SUBSTITUTE(SUBSTITUTE(SUBSTITUTE(SUBSTITUTE(SUBSTITUTE(SUBSTITUTE(SUBSTITUTE(SUBSTITUTE(SUBSTITUTE(SUBSTITUTE(SUBSTITUTE(SUBSTITUTE(SUBSTITUTE(SUBSTITUTE(SUBSTITUTE(SUBSTITUTE(TRIM($C71),"'",""),"İ","I"),"ı","I"),"i","I"),"Ş","S"),"ş","S"),"Ğ","G"),"ğ","G"),"Ü","U"),"ü","U"),"Ö","O"),"ö","O"),"Ç","C"),"ç","C"),".",""),",","")," ",""),"-",""))) | U71: =IF($C71="","",COUNTIF($C$7:$C$106,"<"&$C71)+COUNTIF($C$7:$C71,$C71))
B72: M066 | O72: =IF($C72="","",IF(COUNTIFS(UCRETLER!$B$7:$B$406,$B72,UCRETLER!$H$7:$H$406,"Aktif")>0,"EVET","HAYIR")) | P72: =IF($C72="","",IF($B72="","NO EKSİK",IF(COUNTIF($B$7:$B$106,$B72)>1,"NO TEKRARI",IF(COUNTIF($C$7:$C$106,$C72)>1,"UNVAN TEKRARI",IF($D72="","DURUM EKSİK",IF(AND($J72>0,$K72=""),"DEVİR TARİHİ EKSİK","UYGUN")))))) | T72: =IF($C72="","",UPPER(SUBSTITUTE(SUBSTITUTE(SUBSTITUTE(SUBSTITUTE(SUBSTITUTE(SUBSTITUTE(SUBSTITUTE(SUBSTITUTE(SUBSTITUTE(SUBSTITUTE(SUBSTITUTE(SUBSTITUTE(SUBSTITUTE(SUBSTITUTE(SUBSTITUTE(SUBSTITUTE(SUBSTITUTE(SUBSTITUTE(TRIM($C72),"'",""),"İ","I"),"ı","I"),"i","I"),"Ş","S"),"ş","S"),"Ğ","G"),"ğ","G"),"Ü","U"),"ü","U"),"Ö","O"),"ö","O"),"Ç","C"),"ç","C"),".",""),",","")," ",""),"-",""))) | U72: =IF($C72="","",COUNTIF($C$7:$C$106,"<"&$C72)+COUNTIF($C$7:$C72,$C72))
B73: M067 | O73: =IF($C73="","",IF(COUNTIFS(UCRETLER!$B$7:$B$406,$B73,UCRETLER!$H$7:$H$406,"Aktif")>0,"EVET","HAYIR")) | P73: =IF($C73="","",IF($B73="","NO EKSİK",IF(COUNTIF($B$7:$B$106,$B73)>1,"NO TEKRARI",IF(COUNTIF($C$7:$C$106,$C73)>1,"UNVAN TEKRARI",IF($D73="","DURUM EKSİK",IF(AND($J73>0,$K73=""),"DEVİR TARİHİ EKSİK","UYGUN")))))) | T73: =IF($C73="","",UPPER(SUBSTITUTE(SUBSTITUTE(SUBSTITUTE(SUBSTITUTE(SUBSTITUTE(SUBSTITUTE(SUBSTITUTE(SUBSTITUTE(SUBSTITUTE(SUBSTITUTE(SUBSTITUTE(SUBSTITUTE(SUBSTITUTE(SUBSTITUTE(SUBSTITUTE(SUBSTITUTE(SUBSTITUTE(SUBSTITUTE(TRIM($C73),"'",""),"İ","I"),"ı","I"),"i","I"),"Ş","S"),"ş","S"),"Ğ","G"),"ğ","G"),"Ü","U"),"ü","U"),"Ö","O"),"ö","O"),"Ç","C"),"ç","C"),".",""),",","")," ",""),"-",""))) | U73: =IF($C73="","",COUNTIF($C$7:$C$106,"<"&$C73)+COUNTIF($C$7:$C73,$C73))
... B106: M100 | O106: =IF($C106="","",IF(COUNTIFS(UCRETLER!$B$7:$B$406,$B106,UCRETLER!$H$7:$H$406,"Aktif")>0,"EVET","HAYIR")) | P106: =IF($C106="","",IF($B106="","NO EKSİK",IF(COUNTIF($B$7:$B$106,$B106)>1,"NO TEKRARI",IF(COUNTIF($C$7:$C$106,$C106)>1,"UNVAN TEKRARI",IF($D106="","DURUM EKSİK",IF(AND($J106>0,$K106=""),"DEVİR TARİHİ EKSİK","UYGUN")))))) | T106: =IF($C106="","",UPPER(SUBSTITUTE(SUBSTITUTE(SUBSTITUTE(SUBSTITUTE(SUBSTITUTE(SUBSTITUTE(SUBSTITUTE(SUBSTITUTE(SUBSTITUTE(SUBSTITUTE(SUBSTITUTE(SUBSTITUTE(SUBSTITUTE(SUBSTITUTE(SUBSTITUTE(SUBSTITUTE(SUBSTITUTE(SUBSTITUTE(TRIM($C106),"'",""),"İ","I"),"ı","I"),"i","I"),"Ş","S"),"ş","S"),"Ğ","G"),"ğ","G"),"Ü","U"),"ü","U"),"Ö","O"),"ö","O"),"Ç","C"),"ç","C"),".",""),",","")," ",""),"-",""))) | U106: =IF($C106="","",COUNTIF($C$7:$C$106,"<"&$C106)+COUNTIF($C$7:$C106,$C106))

Sheet UCRETLER
A1: KILIÇ MUHASEBE │ ÜCRET DÖNEMLERİ │ HAFTALIK VE AYLIK TAHAKKUK
A2: Ücret değişinde eski dönemi kapat, yeni satır aç │ Geçmiş tahakkuk asla bozulmaz
B4: =HYPERLINK("#PANO!A1","← PANO") | D4: =HYPERLINK("#MUSTERILER!A1","Müşteriler") | F4: =HYPERLINK("#MUSTERI_360!A1","Müşteri 360") | H4: Sarı hücreler veri girişidir. Beyaz hücreler sistem tarafından hesaplanır ve kilitlidir. Başlangıç tarihi serbesttir: haftalık modelde ilk tahakkuk bu tarihten sonraki ilk tahakkuk gününde, aylık modelde ayın son gününde oluşur.
C5: TOPLAM │ Aktif haftalık + aylık tahakkuk ve oluşan ücret | G5: =SUMIFS($G$7:$G$406,$H$7:$H$406,"Aktif") | I5: =SUM($I$7:$I$406)
B6: Müşteri No | C6: Müşteri (yazın veya seçin) | D6: Ücret Başlangıç Tarihi | E6: Ücret Bitiş Tarihi | F6: Tahakkuk Modeli | G6: Ücret Tutarı | H6: Dönem Durumu | I6: Bugüne Kadar Oluşan | J6: 8 Gün Öncesine Kadar | K6: 15 Gün Öncesine Kadar | L6: 29 Gün Öncesine Kadar | M6: Oluşan Dönem | N6: Sistem Kontrolü | O6: İlk Tahakkuk Tarihi | P6: Not
B7: =IF($C7="","",IFERROR(INDEX(MUSTERILER!$B$7:$B$106,MATCH($T7,MUSTERILER!$T$7:$T$106,0)),IFERROR(INDEX(MUSTERILER!$B$7:$B$106,MATCH($C7,MUSTERILER!$B$7:$B$106,0)),IFERROR(INDEX(MUSTERILER!$B$7:$B$106,MATCH($T7&"*",MUSTERILER!$T$7:$T$106,0)),"TANIMSIZ MÜŞTERİ")))) | C7: AC OTEL LTD.ŞTİ. | D7: 46023 | F7: Aylık | G7: 4000 | H7: Aktif | I7: =IF(OR($C7="",$D7="",$G7="",$F7=""),0,$G7*IF($F7="Aylık",MAX(0,(YEAR(MIN(IF($E7="",TODAY(),$E7),TODAY()))-YEAR($D7))*12+MONTH(MIN(IF($E7="",TODAY(),$E7),TODAY()))-MONTH($D7)+IF(MIN(IF($E7="",TODAY(),$E7),TODAY())>=EOMONTH(MIN(IF($E7="",TODAY(),$E7),TODAY()),0),1,0)),MAX(0,INT((MIN(IF($E7="",TODAY(),$E7),TODAY())-($D7+MOD(SISTEM!$F$8-WEEKDAY($D7,2),7)))/7)+1))) | J7: =IF(OR($C7="",$D7="",$G7="",$F7=""),0,$G7*IF($F7="Aylık",MAX(0,(YEAR(MIN(IF($E7="",TODAY()-8,$E7),TODAY()-8))-YEAR($D7))*12+MONTH(MIN(IF($E7="",TODAY()-8,$E7),TODAY()-8))-MONTH($D7)+IF(MIN(IF($E7="",TODAY()-8,$E7),TODAY()-8)>=EOMONTH(MIN(IF($E7="",TODAY()-8,$E7),TODAY()-8),0),1,0)),MAX(0,INT((MIN(IF($E7="",TODAY()-8,$E7),TODAY()-8)-($D7+MOD(SISTEM!$F$8-WEEKDAY($D7,2),7)))/7)+1))) | K7: =IF(OR($C7="",$D7="",$G7="",$F7=""),0,$G7*IF($F7="Aylık",MAX(0,(YEAR(MIN(IF($E7="",TODAY()-15,$E7),TODAY()-15))-YEAR($D7))*12+MONTH(MIN(IF($E7="",TODAY()-15,$E7),TODAY()-15))-MONTH($D7)+IF(MIN(IF($E7="",TODAY()-15,$E7),TODAY()-15)>=EOMONTH(MIN(IF($E7="",TODAY()-15,$E7),TODAY()-15),0),1,0)),MAX(0,INT((MIN(IF($E7="",TODAY()-15,$E7),TODAY()-15)-($D7+MOD(SISTEM!$F$8-WEEKDAY($D7,2),7)))/7)+1))) | L7: =IF(OR($C7="",$D7="",$G7="",$F7=""),0,$G7*IF($F7="Aylık",MAX(0,(YEAR(MIN(IF($E7="",TODAY()-29,$E7),TODAY()-29))-YEAR($D7))*12+MONTH(MIN(IF($E7="",TODAY()-29,$E7),TODAY()-29))-MONTH($D7)+IF(MIN(IF($E7="",TODAY()-29,$E7),TODAY()-29)>=EOMONTH(MIN(IF($E7="",TODAY()-29,$E7),TODAY()-29),0),1,0)),MAX(0,INT((MIN(IF($E7="",TODAY()-29,$E7),TODAY()-29)-($D7+MOD(SISTEM!$F$8-WEEKDAY($D7,2),7)))/7)+1))) | M7: =IF($G7>0,$I7/$G7,0) | N7: =IF($C7="","",IF($B7="TANIMSIZ MÜŞTERİ","TANIMSIZ MÜŞTERİ",IF($F7="","MODEL SEÇİN",IF(OR($D7="",$G7<=0),"EKSİK",IF(AND($E7<>"",$E7<$D7),"TARİH HATASI",IF($H7="Pasif","KAPALI DÖNEM","UYGUN")))))) | O7: =IF(OR($C7="",$D7="",$F7=""),"",IF($F7="Aylık",EOMONTH($D7,0),($D7+MOD(SISTEM!$F$8-WEEKDAY($D7,2),7)))) | S7: =IF($B7="","",$B7&"|"&COUNTIFS($B$7:$B7,$B7)) | T7: =IF($C7="","",UPPER(SUBSTITUTE(SUBSTITUTE(SUBSTITUTE(SUBSTITUTE(SUBSTITUTE(SUBSTITUTE(SUBSTITUTE(SUBSTITUTE(SUBSTITUTE(SUBSTITUTE(SUBSTITUTE(SUBSTITUTE(SUBSTITUTE(SUBSTITUTE(SUBSTITUTE(SUBSTITUTE(SUBSTITUTE(SUBSTITUTE(TRIM($C7),"'",""),"İ","I"),"ı","I"),"i","I"),"Ş","S"),"ş","S"),"Ğ","G"),"ğ","G"),"Ü","U"),"ü","U"),"Ö","O"),"ö","O"),"Ç","C"),"ç","C"),".",""),",","")," ",""),"-","")))
B8: =IF($C8="","",IFERROR(INDEX(MUSTERILER!$B$7:$B$106,MATCH($T8,MUSTERILER!$T$7:$T$106,0)),IFERROR(INDEX(MUSTERILER!$B$7:$B$106,MATCH($C8,MUSTERILER!$B$7:$B$106,0)),IFERROR(INDEX(MUSTERILER!$B$7:$B$106,MATCH($T8&"*",MUSTERILER!$T$7:$T$106,0)),"TANIMSIZ MÜŞTERİ")))) | C8: ADEM KARABENLİ | D8: 46023 | F8: Aylık | G8: 3000 | H8: Aktif | I8: =IF(OR($C8="",$D8="",$G8="",$F8=""),0,$G8*IF($F8="Aylık",MAX(0,(YEAR(MIN(IF($E8="",TODAY(),$E8),TODAY()))-YEAR($D8))*12+MONTH(MIN(IF($E8="",TODAY(),$E8),TODAY()))-MONTH($D8)+IF(MIN(IF($E8="",TODAY(),$E8),TODAY())>=EOMONTH(MIN(IF($E8="",TODAY(),$E8),TODAY()),0),1,0)),MAX(0,INT((MIN(IF($E8="",TODAY(),$E8),TODAY())-($D8+MOD(SISTEM!$F$8-WEEKDAY($D8,2),7)))/7)+1))) | J8: =IF(OR($C8="",$D8="",$G8="",$F8=""),0,$G8*IF($F8="Aylık",MAX(0,(YEAR(MIN(IF($E8="",TODAY()-8,$E8),TODAY()-8))-YEAR($D8))*12+MONTH(MIN(IF($E8="",TODAY()-8,$E8),TODAY()-8))-MONTH($D8)+IF(MIN(IF($E8="",TODAY()-8,$E8),TODAY()-8)>=EOMONTH(MIN(IF($E8="",TODAY()-8,$E8),TODAY()-8),0),1,0)),MAX(0,INT((MIN(IF($E8="",TODAY()-8,$E8),TODAY()-8)-($D8+MOD(SISTEM!$F$8-WEEKDAY($D8,2),7)))/7)+1))) | K8: =IF(OR($C8="",$D8="",$G8="",$F8=""),0,$G8*IF($F8="Aylık",MAX(0,(YEAR(MIN(IF($E8="",TODAY()-15,$E8),TODAY()-15))-YEAR($D8))*12+MONTH(MIN(IF($E8="",TODAY()-15,$E8),TODAY()-15))-MONTH($D8)+IF(MIN(IF($E8="",TODAY()-15,$E8),TODAY()-15)>=EOMONTH(MIN(IF($E8="",TODAY()-15,$E8),TODAY()-15),0),1,0)),MAX(0,INT((MIN(IF($E8="",TODAY()-15,$E8),TODAY()-15)-($D8+MOD(SISTEM!$F$8-WEEKDAY($D8,2),7)))/7)+1))) | L8: =IF(OR($C8="",$D8="",$G8="",$F8=""),0,$G8*IF($F8="Aylık",MAX(0,(YEAR(MIN(IF($E8="",TODAY()-29,$E8),TODAY()-29))-YEAR($D8))*12+MONTH(MIN(IF($E8="",TODAY()-29,$E8),TODAY()-29))-MONTH($D8)+IF(MIN(IF($E8="",TODAY()-29,$E8),TODAY()-29)>=EOMONTH(MIN(IF($E8="",TODAY()-29,$E8),TODAY()-29),0),1,0)),MAX(0,INT((MIN(IF($E8="",TODAY()-29,$E8),TODAY()-29)-($D8+MOD(SISTEM!$F$8-WEEKDAY($D8,2),7)))/7)+1))) | M8: =IF($G8>0,$I8/$G8,0) | N8: =IF($C8="","",IF($B8="TANIMSIZ MÜŞTERİ","TANIMSIZ MÜŞTERİ",IF($F8="","MODEL SEÇİN",IF(OR($D8="",$G8<=0),"EKSİK",IF(AND($E8<>"",$E8<$D8),"TARİH HATASI",IF($H8="Pasif","KAPALI DÖNEM","UYGUN")))))) | O8: =IF(OR($C8="",$D8="",$F8=""),"",IF($F8="Aylık",EOMONTH($D8,0),($D8+MOD(SISTEM!$F$8-WEEKDAY($D8,2),7)))) | S8: =IF($B8="","",$B8&"|"&COUNTIFS($B$7:$B8,$B8)) | T8: =IF($C8="","",UPPER(SUBSTITUTE(SUBSTITUTE(SUBSTITUTE(SUBSTITUTE(SUBSTITUTE(SUBSTITUTE(SUBSTITUTE(SUBSTITUTE(SUBSTITUTE(SUBSTITUTE(SUBSTITUTE(SUBSTITUTE(SUBSTITUTE(SUBSTITUTE(SUBSTITUTE(SUBSTITUTE(SUBSTITUTE(SUBSTITUTE(TRIM($C8),"'",""),"İ","I"),"ı","I"),"i","I"),"Ş","S"),"ş","S"),"Ğ","G"),"ğ","G"),"Ü","U"),"ü","U"),"Ö","O"),"ö","O"),"Ç","C"),"ç","C"),".",""),",","")," ",""),"-","")))
B9: =IF($C9="","",IFERROR(INDEX(MUSTERILER!$B$7:$B$106,MATCH($T9,MUSTERILER!$T$7:$T$106,0)),IFERROR(INDEX(MUSTERILER!$B$7:$B$106,MATCH($C9,MUSTERILER!$B$7:$B$106,0)),IFERROR(INDEX(MUSTERILER!$B$7:$B$106,MATCH($T9&"*",MUSTERILER!$T$7:$T$106,0)),"TANIMSIZ MÜŞTERİ")))) | C9: ALTINEL LTD.ŞTİ. | D9: 46266 | F9: Aylık | G9: 10000 | H9: Aktif | I9: =IF(OR($C9="",$D9="",$G9="",$F9=""),0,$G9*IF($F9="Aylık",MAX(0,(YEAR(MIN(IF($E9="",TODAY(),$E9),TODAY()))-YEAR($D9))*12+MONTH(MIN(IF($E9="",TODAY(),$E9),TODAY()))-MONTH($D9)+IF(MIN(IF($E9="",TODAY(),$E9),TODAY())>=EOMONTH(MIN(IF($E9="",TODAY(),$E9),TODAY()),0),1,0)),MAX(0,INT((MIN(IF($E9="",TODAY(),$E9),TODAY())-($D9+MOD(SISTEM!$F$8-WEEKDAY($D9,2),7)))/7)+1))) | J9: =IF(OR($C9="",$D9="",$G9="",$F9=""),0,$G9*IF($F9="Aylık",MAX(0,(YEAR(MIN(IF($E9="",TODAY()-8,$E9),TODAY()-8))-YEAR($D9))*12+MONTH(MIN(IF($E9="",TODAY()-8,$E9),TODAY()-8))-MONTH($D9)+IF(MIN(IF($E9="",TODAY()-8,$E9),TODAY()-8)>=EOMONTH(MIN(IF($E9="",TODAY()-8,$E9),TODAY()-8),0),1,0)),MAX(0,INT((MIN(IF($E9="",TODAY()-8,$E9),TODAY()-8)-($D9+MOD(SISTEM!$F$8-WEEKDAY($D9,2),7)))/7)+1))) | K9: =IF(OR($C9="",$D9="",$G9="",$F9=""),0,$G9*IF($F9="Aylık",MAX(0,(YEAR(MIN(IF($E9="",TODAY()-15,$E9),TODAY()-15))-YEAR($D9))*12+MONTH(MIN(IF($E9="",TODAY()-15,$E9),TODAY()-15))-MONTH($D9)+IF(MIN(IF($E9="",TODAY()-15,$E9),TODAY()-15)>=EOMONTH(MIN(IF($E9="",TODAY()-15,$E9),TODAY()-15),0),1,0)),MAX(0,INT((MIN(IF($E9="",TODAY()-15,$E9),TODAY()-15)-($D9+MOD(SISTEM!$F$8-WEEKDAY($D9,2),7)))/7)+1))) | L9: =IF(OR($C9="",$D9="",$G9="",$F9=""),0,$G9*IF($F9="Aylık",MAX(0,(YEAR(MIN(IF($E9="",TODAY()-29,$E9),TODAY()-29))-YEAR($D9))*12+MONTH(MIN(IF($E9="",TODAY()-29,$E9),TODAY()-29))-MONTH($D9)+IF(MIN(IF($E9="",TODAY()-29,$E9),TODAY()-29)>=EOMONTH(MIN(IF($E9="",TODAY()-29,$E9),TODAY()-29),0),1,0)),MAX(0,INT((MIN(IF($E9="",TODAY()-29,$E9),TODAY()-29)-($D9+MOD(SISTEM!$F$8-WEEKDAY($D9,2),7)))/7)+1))) | M9: =IF($G9>0,$I9/$G9,0) | N9: =IF($C9="","",IF($B9="TANIMSIZ MÜŞTERİ","TANIMSIZ MÜŞTERİ",IF($F9="","MODEL SEÇİN",IF(OR($D9="",$G9<=0),"EKSİK",IF(AND($E9<>"",$E9<$D9),"TARİH HATASI",IF($H9="Pasif","KAPALI DÖNEM","UYGUN")))))) | O9: =IF(OR($C9="",$D9="",$F9=""),"",IF($F9="Aylık",EOMONTH($D9,0),($D9+MOD(SISTEM!$F$8-WEEKDAY($D9,2),7)))) | S9: =IF($B9="","",$B9&"|"&COUNTIFS($B$7:$B9,$B9)) | T9: =IF($C9="","",UPPER(SUBSTITUTE(SUBSTITUTE(SUBSTITUTE(SUBSTITUTE(SUBSTITUTE(SUBSTITUTE(SUBSTITUTE(SUBSTITUTE(SUBSTITUTE(SUBSTITUTE(SUBSTITUTE(SUBSTITUTE(SUBSTITUTE(SUBSTITUTE(SUBSTITUTE(SUBSTITUTE(SUBSTITUTE(SUBSTITUTE(TRIM($C9),"'",""),"İ","I"),"ı","I"),"i","I"),"Ş","S"),"ş","S"),"Ğ","G"),"ğ","G"),"Ü","U"),"ü","U"),"Ö","O"),"ö","O"),"Ç","C"),"ç","C"),".",""),",","")," ",""),"-","")))
B10: =IF($C10="","",IFERROR(INDEX(MUSTERILER!$B$7:$B$106,MATCH($T10,MUSTERILER!$T$7:$T$106,0)),IFERROR(INDEX(MUSTERILER!$B$7:$B$106,MATCH($C10,MUSTERILER!$B$7:$B$106,0)),IFERROR(INDEX(MUSTERILER!$B$7:$B$106,MATCH($T10&"*",MUSTERILER!$T$7:$T$106,0)),"TANIMSIZ MÜŞTERİ")))) | C10: ANKARA HAVANA LTD.ŞTİ. | D10: 46023 | F10: Haftalık | G10: 4000 | H10: Aktif | I10: =IF(OR($C10="",$D10="",$G10="",$F10=""),0,$G10*IF($F10="Aylık",MAX(0,(YEAR(MIN(IF($E10="",TODAY(),$E10),TODAY()))-YEAR($D10))*12+MONTH(MIN(IF($E10="",TODAY(),$E10),TODAY()))-MONTH($D10)+IF(MIN(IF($E10="",TODAY(),$E10),TODAY())>=EOMONTH(MIN(IF($E10="",TODAY(),$E10),TODAY()),0),1,0)),MAX(0,INT((MIN(IF($E10="",TODAY(),$E10),TODAY())-($D10+MOD(SISTEM!$F$8-WEEKDAY($D10,2),7)))/7)+1))) | J10: =IF(OR($C10="",$D10="",$G10="",$F10=""),0,$G10*IF($F10="Aylık",MAX(0,(YEAR(MIN(IF($E10="",TODAY()-8,$E10),TODAY()-8))-YEAR($D10))*12+MONTH(MIN(IF($E10="",TODAY()-8,$E10),TODAY()-8))-MONTH($D10)+IF(MIN(IF($E10="",TODAY()-8,$E10),TODAY()-8)>=EOMONTH(MIN(IF($E10="",TODAY()-8,$E10),TODAY()-8),0),1,0)),MAX(0,INT((MIN(IF($E10="",TODAY()-8,$E10),TODAY()-8)-($D10+MOD(SISTEM!$F$8-WEEKDAY($D10,2),7)))/7)+1))) | K10: =IF(OR($C10="",$D10="",$G10="",$F10=""),0,$G10*IF($F10="Aylık",MAX(0,(YEAR(MIN(IF($E10="",TODAY()-15,$E10),TODAY()-15))-YEAR($D10))*12+MONTH(MIN(IF($E10="",TODAY()-15,$E10),TODAY()-15))-MONTH($D10)+IF(MIN(IF($E10="",TODAY()-15,$E10),TODAY()-15)>=EOMONTH(MIN(IF($E10="",TODAY()-15,$E10),TODAY()-15),0),1,0)),MAX(0,INT((MIN(IF($E10="",TODAY()-15,$E10),TODAY()-15)-($D10+MOD(SISTEM!$F$8-WEEKDAY($D10,2),7)))/7)+1))) | L10: =IF(OR($C10="",$D10="",$G10="",$F10=""),0,$G10*IF($F10="Aylık",MAX(0,(YEAR(MIN(IF($E10="",TODAY()-29,$E10),TODAY()-29))-YEAR($D10))*12+MONTH(MIN(IF($E10="",TODAY()-29,$E10),TODAY()-29))-MONTH($D10)+IF(MIN(IF($E10="",TODAY()-29,$E10),TODAY()-29)>=EOMONTH(MIN(IF($E10="",TODAY()-29,$E10),TODAY()-29),0),1,0)),MAX(0,INT((MIN(IF($E10="",TODAY()-29,$E10),TODAY()-29)-($D10+MOD(SISTEM!$F$8-WEEKDAY($D10,2),7)))/7)+1))) | M10: =IF($G10>0,$I10/$G10,0) | N10: =IF($C10="","",IF($B10="TANIMSIZ MÜŞTERİ","TANIMSIZ MÜŞTERİ",IF($F10="","MODEL SEÇİN",IF(OR($D10="",$G10<=0),"EKSİK",IF(AND($E10<>"",$E10<$D10),"TARİH HATASI",IF($H10="Pasif","KAPALI DÖNEM","UYGUN")))))) | O10: =IF(OR($C10="",$D10="",$F10=""),"",IF($F10="Aylık",EOMONTH($D10,0),($D10+MOD(SISTEM!$F$8-WEEKDAY($D10,2),7)))) | S10: =IF($B10="","",$B10&"|"&COUNTIFS($B$7:$B10,$B10)) | T10: =IF($C10="","",UPPER(SUBSTITUTE(SUBSTITUTE(SUBSTITUTE(SUBSTITUTE(SUBSTITUTE(SUBSTITUTE(SUBSTITUTE(SUBSTITUTE(SUBSTITUTE(SUBSTITUTE(SUBSTITUTE(SUBSTITUTE(SUBSTITUTE(SUBSTITUTE(SUBSTITUTE(SUBSTITUTE(SUBSTITUTE(SUBSTITUTE(TRIM($C10),"'",""),"İ","I"),"ı","I"),"i","I"),"Ş","S"),"ş","S"),"Ğ","G"),"ğ","G"),"Ü","U"),"ü","U"),"Ö","O"),"ö","O"),"Ç","C"),"ç","C"),".",""),",","")," ",""),"-","")))
B11: =IF($C11="","",IFERROR(INDEX(MUSTERILER!$B$7:$B$106,MATCH($T11,MUSTERILER!$T$7:$T$106,0)),IFERROR(INDEX(MUSTERILER!$B$7:$B$106,MATCH($C11,MUSTERILER!$B$7:$B$106,0)),IFERROR(INDEX(MUSTERILER!$B$7:$B$106,MATCH($T11&"*",MUSTERILER!$T$7:$T$106,0)),"TANIMSIZ MÜŞTERİ")))) | C11: ARMAN DİK | D11: 46023 | F11: Aylık | G11: 3000 | H11: Aktif | I11: =IF(OR($C11="",$D11="",$G11="",$F11=""),0,$G11*IF($F11="Aylık",MAX(0,(YEAR(MIN(IF($E11="",TODAY(),$E11),TODAY()))-YEAR($D11))*12+MONTH(MIN(IF($E11="",TODAY(),$E11),TODAY()))-MONTH($D11)+IF(MIN(IF($E11="",TODAY(),$E11),TODAY())>=EOMONTH(MIN(IF($E11="",TODAY(),$E11),TODAY()),0),1,0)),MAX(0,INT((MIN(IF($E11="",TODAY(),$E11),TODAY())-($D11+MOD(SISTEM!$F$8-WEEKDAY($D11,2),7)))/7)+1))) | J11: =IF(OR($C11="",$D11="",$G11="",$F11=""),0,$G11*IF($F11="Aylık",MAX(0,(YEAR(MIN(IF($E11="",TODAY()-8,$E11),TODAY()-8))-YEAR($D11))*12+MONTH(MIN(IF($E11="",TODAY()-8,$E11),TODAY()-8))-MONTH($D11)+IF(MIN(IF($E11="",TODAY()-8,$E11),TODAY()-8)>=EOMONTH(MIN(IF($E11="",TODAY()-8,$E11),TODAY()-8),0),1,0)),MAX(0,INT((MIN(IF($E11="",TODAY()-8,$E11),TODAY()-8)-($D11+MOD(SISTEM!$F$8-WEEKDAY($D11,2),7)))/7)+1))) | K11: =IF(OR($C11="",$D11="",$G11="",$F11=""),0,$G11*IF($F11="Aylık",MAX(0,(YEAR(MIN(IF($E11="",TODAY()-15,$E11),TODAY()-15))-YEAR($D11))*12+MONTH(MIN(IF($E11="",TODAY()-15,$E11),TODAY()-15))-MONTH($D11)+IF(MIN(IF($E11="",TODAY()-15,$E11),TODAY()-15)>=EOMONTH(MIN(IF($E11="",TODAY()-15,$E11),TODAY()-15),0),1,0)),MAX(0,INT((MIN(IF($E11="",TODAY()-15,$E11),TODAY()-15)-($D11+MOD(SISTEM!$F$8-WEEKDAY($D11,2),7)))/7)+1))) | L11: =IF(OR($C11="",$D11="",$G11="",$F11=""),0,$G11*IF($F11="Aylık",MAX(0,(YEAR(MIN(IF($E11="",TODAY()-29,$E11),TODAY()-29))-YEAR($D11))*12+MONTH(MIN(IF($E11="",TODAY()-29,$E11),TODAY()-29))-MONTH($D11)+IF(MIN(IF($E11="",TODAY()-29,$E11),TODAY()-29)>=EOMONTH(MIN(IF($E11="",TODAY()-29,$E11),TODAY()-29),0),1,0)),MAX(0,INT((MIN(IF($E11="",TODAY()-29,$E11),TODAY()-29)-($D11+MOD(SISTEM!$F$8-WEEKDAY($D11,2),7)))/7)+1))) | M11: =IF($G11>0,$I11/$G11,0) | N11: =IF($C11="","",IF($B11="TANIMSIZ MÜŞTERİ","TANIMSIZ MÜŞTERİ",IF($F11="","MODEL SEÇİN",IF(OR($D11="",$G11<=0),"EKSİK",IF(AND($E11<>"",$E11<$D11),"TARİH HATASI",IF($H11="Pasif","KAPALI DÖNEM","UYGUN")))))) | O11: =IF(OR($C11="",$D11="",$F11=""),"",IF($F11="Aylık",EOMONTH($D11,0),($D11+MOD(SISTEM!$F$8-WEEKDAY($D11,2),7)))) | S11: =IF($B11="","",$B11&"|"&COUNTIFS($B$7:$B11,$B11)) | T11: =IF($C11="","",UPPER(SUBSTITUTE(SUBSTITUTE(SUBSTITUTE(SUBSTITUTE(SUBSTITUTE(SUBSTITUTE(SUBSTITUTE(SUBSTITUTE(SUBSTITUTE(SUBSTITUTE(SUBSTITUTE(SUBSTITUTE(SUBSTITUTE(SUBSTITUTE(SUBSTITUTE(SUBSTITUTE(SUBSTITUTE(SUBSTITUTE(TRIM($C11),"'",""),"İ","I"),"ı","I"),"i","I"),"Ş","S"),"ş","S"),"Ğ","G"),"ğ","G"),"Ü","U"),"ü","U"),"Ö","O"),"ö","O"),"Ç","C"),"ç","C"),".",""),",","")," ",""),"-","")))
B12: =IF($C12="","",IFERROR(INDEX(MUSTERILER!$B$7:$B$106,MATCH($T12,MUSTERILER!$T$7:$T$106,0)),IFERROR(INDEX(MUSTERILER!$B$7:$B$106,MATCH($C12,MUSTERILER!$B$7:$B$106,0)),IFERROR(INDEX(MUSTERILER!$B$7:$B$106,MATCH($T12&"*",MUSTERILER!$T$7:$T$106,0)),"TANIMSIZ MÜŞTERİ")))) | C12: ARON TOPTAN LTD.ŞTİ. | D12: 46023 | F12: Aylık | G12: 10000 | H12: Aktif | I12: =IF(OR($C12="",$D12="",$G12="",$F12=""),0,$G12*IF($F12="Aylık",MAX(0,(YEAR(MIN(IF($E12="",TODAY(),$E12),TODAY()))-YEAR($D12))*12+MONTH(MIN(IF($E12="",TODAY(),$E12),TODAY()))-MONTH($D12)+IF(MIN(IF($E12="",TODAY(),$E12),TODAY())>=EOMONTH(MIN(IF($E12="",TODAY(),$E12),TODAY()),0),1,0)),MAX(0,INT((MIN(IF($E12="",TODAY(),$E12),TODAY())-($D12+MOD(SISTEM!$F$8-WEEKDAY($D12,2),7)))/7)+1))) | J12: =IF(OR($C12="",$D12="",$G12="",$F12=""),0,$G12*IF($F12="Aylık",MAX(0,(YEAR(MIN(IF($E12="",TODAY()-8,$E12),TODAY()-8))-YEAR($D12))*12+MONTH(MIN(IF($E12="",TODAY()-8,$E12),TODAY()-8))-MONTH($D12)+IF(MIN(IF($E12="",TODAY()-8,$E12),TODAY()-8)>=EOMONTH(MIN(IF($E12="",TODAY()-8,$E12),TODAY()-8),0),1,0)),MAX(0,INT((MIN(IF($E12="",TODAY()-8,$E12),TODAY()-8)-($D12+MOD(SISTEM!$F$8-WEEKDAY($D12,2),7)))/7)+1))) | K12: =IF(OR($C12="",$D12="",$G12="",$F12=""),0,$G12*IF($F12="Aylık",MAX(0,(YEAR(MIN(IF($E12="",TODAY()-15,$E12),TODAY()-15))-YEAR($D12))*12+MONTH(MIN(IF($E12="",TODAY()-15,$E12),TODAY()-15))-MONTH($D12)+IF(MIN(IF($E12="",TODAY()-15,$E12),TODAY()-15)>=EOMONTH(MIN(IF($E12="",TODAY()-15,$E12),TODAY()-15),0),1,0)),MAX(0,INT((MIN(IF($E12="",TODAY()-15,$E12),TODAY()-15)-($D12+MOD(SISTEM!$F$8-WEEKDAY($D12,2),7)))/7)+1))) | L12: =IF(OR($C12="",$D12="",$G12="",$F12=""),0,$G12*IF($F12="Aylık",MAX(0,(YEAR(MIN(IF($E12="",TODAY()-29,$E12),TODAY()-29))-YEAR($D12))*12+MONTH(MIN(IF($E12="",TODAY()-29,$E12),TODAY()-29))-MONTH($D12)+IF(MIN(IF($E12="",TODAY()-29,$E12),TODAY()-29)>=EOMONTH(MIN(IF($E12="",TODAY()-29,$E12),TODAY()-29),0),1,0)),MAX(0,INT((MIN(IF($E12="",TODAY()-29,$E12),TODAY()-29)-($D12+MOD(SISTEM!$F$8-WEEKDAY($D12,2),7)))/7)+1))) | M12: =IF($G12>0,$I12/$G12,0) | N12: =IF($C12="","",IF($B12="TANIMSIZ MÜŞTERİ","TANIMSIZ MÜŞTERİ",IF($F12="","MODEL SEÇİN",IF(OR($D12="",$G12<=0),"EKSİK",IF(AND($E12<>"",$E12<$D12),"TARİH HATASI",IF($H12="Pasif","KAPALI DÖNEM","UYGUN")))))) | O12: =IF(OR($C12="",$D12="",$F12=""),"",IF($F12="Aylık",EOMONTH($D12,0),($D12+MOD(SISTEM!$F$8-WEEKDAY($D12,2),7)))) | S12: =IF($B12="","",$B12&"|"&COUNTIFS($B$7:$B12,$B12)) | T12: =IF($C12="","",UPPER(SUBSTITUTE(SUBSTITUTE(SUBSTITUTE(SUBSTITUTE(SUBSTITUTE(SUBSTITUTE(SUBSTITUTE(SUBSTITUTE(SUBSTITUTE(SUBSTITUTE(SUBSTITUTE(SUBSTITUTE(SUBSTITUTE(SUBSTITUTE(SUBSTITUTE(SUBSTITUTE(SUBSTITUTE(SUBSTITUTE(TRIM($C12),"'",""),"İ","I"),"ı","I"),"i","I"),"Ş","S"),"ş","S"),"Ğ","G"),"ğ","G"),"Ü","U"),"ü","U"),"Ö","O"),"ö","O"),"Ç","C"),"ç","C"),".",""),",","")," ",""),"-","")))
B13: =IF($C13="","",IFERROR(INDEX(MUSTERILER!$B$7:$B$106,MATCH($T13,MUSTERILER!$T$7:$T$106,0)),IFERROR(INDEX(MUSTERILER!$B$7:$B$106,MATCH($C13,MUSTERILER!$B$7:$B$106,0)),IFERROR(INDEX(MUSTERILER!$B$7:$B$106,MATCH($T13&"*",MUSTERILER!$T$7:$T$106,0)),"TANIMSIZ MÜŞTERİ")))) | C13: ASIM AÇIKGÖZ | D13: 46023 | F13: Haftalık | G13: 2000 | H13: Aktif | I13: =IF(OR($C13="",$D13="",$G13="",$F13=""),0,$G13*IF($F13="Aylık",MAX(0,(YEAR(MIN(IF($E13="",TODAY(),$E13),TODAY()))-YEAR($D13))*12+MONTH(MIN(IF($E13="",TODAY(),$E13),TODAY()))-MONTH($D13)+IF(MIN(IF($E13="",TODAY(),$E13),TODAY())>=EOMONTH(MIN(IF($E13="",TODAY(),$E13),TODAY()),0),1,0)),MAX(0,INT((MIN(IF($E13="",TODAY(),$E13),TODAY())-($D13+MOD(SISTEM!$F$8-WEEKDAY($D13,2),7)))/7)+1))) | J13: =IF(OR($C13="",$D13="",$G13="",$F13=""),0,$G13*IF($F13="Aylık",MAX(0,(YEAR(MIN(IF($E13="",TODAY()-8,$E13),TODAY()-8))-YEAR($D13))*12+MONTH(MIN(IF($E13="",TODAY()-8,$E13),TODAY()-8))-MONTH($D13)+IF(MIN(IF($E13="",TODAY()-8,$E13),TODAY()-8)>=EOMONTH(MIN(IF($E13="",TODAY()-8,$E13),TODAY()-8),0),1,0)),MAX(0,INT((MIN(IF($E13="",TODAY()-8,$E13),TODAY()-8)-($D13+MOD(SISTEM!$F$8-WEEKDAY($D13,2),7)))/7)+1))) | K13: =IF(OR($C13="",$D13="",$G13="",$F13=""),0,$G13*IF($F13="Aylık",MAX(0,(YEAR(MIN(IF($E13="",TODAY()-15,$E13),TODAY()-15))-YEAR($D13))*12+MONTH(MIN(IF($E13="",TODAY()-15,$E13),TODAY()-15))-MONTH($D13)+IF(MIN(IF($E13="",TODAY()-15,$E13),TODAY()-15)>=EOMONTH(MIN(IF($E13="",TODAY()-15,$E13),TODAY()-15),0),1,0)),MAX(0,INT((MIN(IF($E13="",TODAY()-15,$E13),TODAY()-15)-($D13+MOD(SISTEM!$F$8-WEEKDAY($D13,2),7)))/7)+1))) | L13: =IF(OR($C13="",$D13="",$G13="",$F13=""),0,$G13*IF($F13="Aylık",MAX(0,(YEAR(MIN(IF($E13="",TODAY()-29,$E13),TODAY()-29))-YEAR($D13))*12+MONTH(MIN(IF($E13="",TODAY()-29,$E13),TODAY()-29))-MONTH($D13)+IF(MIN(IF($E13="",TODAY()-29,$E13),TODAY()-29)>=EOMONTH(MIN(IF($E13="",TODAY()-29,$E13),TODAY()-29),0),1,0)),MAX(0,INT((MIN(IF($E13="",TODAY()-29,$E13),TODAY()-29)-($D13+MOD(SISTEM!$F$8-WEEKDAY($D13,2),7)))/7)+1))) | M13: =IF($G13>0,$I13/$G13,0) | N13: =IF($C13="","",IF($B13="TANIMSIZ MÜŞTERİ","TANIMSIZ MÜŞTERİ",IF($F13="","MODEL SEÇİN",IF(OR($D13="",$G13<=0),"EKSİK",IF(AND($E13<>"",$E13<$D13),"TARİH HATASI",IF($H13="Pasif","KAPALI DÖNEM","UYGUN")))))) | O13: =IF(OR($C13="",$D13="",$F13=""),"",IF($F13="Aylık",EOMONTH($D13,0),($D13+MOD(SISTEM!$F$8-WEEKDAY($D13,2),7)))) | S13: =IF($B13="","",$B13&"|"&COUNTIFS($B$7:$B13,$B13)) | T13: =IF($C13="","",UPPER(SUBSTITUTE(SUBSTITUTE(SUBSTITUTE(SUBSTITUTE(SUBSTITUTE(SUBSTITUTE(SUBSTITUTE(SUBSTITUTE(SUBSTITUTE(SUBSTITUTE(SUBSTITUTE(SUBSTITUTE(SUBSTITUTE(SUBSTITUTE(SUBSTITUTE(SUBSTITUTE(SUBSTITUTE(SUBSTITUTE(TRIM($C13),"'",""),"İ","I"),"ı","I"),"i","I"),"Ş","S"),"ş","S"),"Ğ","G"),"ğ","G"),"Ü","U"),"ü","U"),"Ö","O"),"ö","O"),"Ç","C"),"ç","C"),".",""),",","")," ",""),"-","")))
B14: =IF($C14="","",IFERROR(INDEX(MUSTERILER!$B$7:$B$106,MATCH($T14,MUSTERILER!$T$7:$T$106,0)),IFERROR(INDEX(MUSTERILER!$B$7:$B$106,MATCH($C14,MUSTERILER!$B$7:$B$106,0)),IFERROR(INDEX(MUSTERILER!$B$7:$B$106,MATCH($T14&"*",MUSTERILER!$T$7:$T$106,0)),"TANIMSIZ MÜŞTERİ")))) | C14: ASM EĞLENCE LTD.ŞTİ. | D14: 46023 | F14: Haftalık | G14: 2500 | H14: Aktif | I14: =IF(OR($C14="",$D14="",$G14="",$F14=""),0,$G14*IF($F14="Aylık",MAX(0,(YEAR(MIN(IF($E14="",TODAY(),$E14),TODAY()))-YEAR($D14))*12+MONTH(MIN(IF($E14="",TODAY(),$E14),TODAY()))-MONTH($D14)+IF(MIN(IF($E14="",TODAY(),$E14),TODAY())>=EOMONTH(MIN(IF($E14="",TODAY(),$E14),TODAY()),0),1,0)),MAX(0,INT((MIN(IF($E14="",TODAY(),$E14),TODAY())-($D14+MOD(SISTEM!$F$8-WEEKDAY($D14,2),7)))/7)+1))) | J14: =IF(OR($C14="",$D14="",$G14="",$F14=""),0,$G14*IF($F14="Aylık",MAX(0,(YEAR(MIN(IF($E14="",TODAY()-8,$E14),TODAY()-8))-YEAR($D14))*12+MONTH(MIN(IF($E14="",TODAY()-8,$E14),TODAY()-8))-MONTH($D14)+IF(MIN(IF($E14="",TODAY()-8,$E14),TODAY()-8)>=EOMONTH(MIN(IF($E14="",TODAY()-8,$E14),TODAY()-8),0),1,0)),MAX(0,INT((MIN(IF($E14="",TODAY()-8,$E14),TODAY()-8)-($D14+MOD(SISTEM!$F$8-WEEKDAY($D14,2),7)))/7)+1))) | K14: =IF(OR($C14="",$D14="",$G14="",$F14=""),0,$G14*IF($F14="Aylık",MAX(0,(YEAR(MIN(IF($E14="",TODAY()-15,$E14),TODAY()-15))-YEAR($D14))*12+MONTH(MIN(IF($E14="",TODAY()-15,$E14),TODAY()-15))-MONTH($D14)+IF(MIN(IF($E14="",TODAY()-15,$E14),TODAY()-15)>=EOMONTH(MIN(IF($E14="",TODAY()-15,$E14),TODAY()-15),0),1,0)),MAX(0,INT((MIN(IF($E14="",TODAY()-15,$E14),TODAY()-15)-($D14+MOD(SISTEM!$F$8-WEEKDAY($D14,2),7)))/7)+1))) | L14: =IF(OR($C14="",$D14="",$G14="",$F14=""),0,$G14*IF($F14="Aylık",MAX(0,(YEAR(MIN(IF($E14="",TODAY()-29,$E14),TODAY()-29))-YEAR($D14))*12+MONTH(MIN(IF($E14="",TODAY()-29,$E14),TODAY()-29))-MONTH($D14)+IF(MIN(IF($E14="",TODAY()-29,$E14),TODAY()-29)>=EOMONTH(MIN(IF($E14="",TODAY()-29,$E14),TODAY()-29),0),1,0)),MAX(0,INT((MIN(IF($E14="",TODAY()-29,$E14),TODAY()-29)-($D14+MOD(SISTEM!$F$8-WEEKDAY($D14,2),7)))/7)+1))) | M14: =IF($G14>0,$I14/$G14,0) | N14: =IF($C14="","",IF($B14="TANIMSIZ MÜŞTERİ","TANIMSIZ MÜŞTERİ",IF($F14="","MODEL SEÇİN",IF(OR($D14="",$G14<=0),"EKSİK",IF(AND($E14<>"",$E14<$D14),"TARİH HATASI",IF($H14="Pasif","KAPALI DÖNEM","UYGUN")))))) | O14: =IF(OR($C14="",$D14="",$F14=""),"",IF($F14="Aylık",EOMONTH($D14,0),($D14+MOD(SISTEM!$F$8-WEEKDAY($D14,2),7)))) | S14: =IF($B14="","",$B14&"|"&COUNTIFS($B$7:$B14,$B14)) | T14: =IF($C14="","",UPPER(SUBSTITUTE(SUBSTITUTE(SUBSTITUTE(SUBSTITUTE(SUBSTITUTE(SUBSTITUTE(SUBSTITUTE(SUBSTITUTE(SUBSTITUTE(SUBSTITUTE(SUBSTITUTE(SUBSTITUTE(SUBSTITUTE(SUBSTITUTE(SUBSTITUTE(SUBSTITUTE(SUBSTITUTE(SUBSTITUTE(TRIM($C14),"'",""),"İ","I"),"ı","I"),"i","I"),"Ş","S"),"ş","S"),"Ğ","G"),"ğ","G"),"Ü","U"),"ü","U"),"Ö","O"),"ö","O"),"Ç","C"),"ç","C"),".",""),",","")," ",""),"-","")))
B15: =IF($C15="","",IFERROR(INDEX(MUSTERILER!$B$7:$B$106,MATCH($T15,MUSTERILER!$T$7:$T$106,0)),IFERROR(INDEX(MUSTERILER!$B$7:$B$106,MATCH($C15,MUSTERILER!$B$7:$B$106,0)),IFERROR(INDEX(MUSTERILER!$B$7:$B$106,MATCH($T15&"*",MUSTERILER!$T$7:$T$106,0)),"TANIMSIZ MÜŞTERİ")))) | C15: AYDES LTD.ŞTİ. | D15: 46023 | F15: Aylık | G15: 7500 | H15: Aktif | I15: =IF(OR($C15="",$D15="",$G15="",$F15=""),0,$G15*IF($F15="Aylık",MAX(0,(YEAR(MIN(IF($E15="",TODAY(),$E15),TODAY()))-YEAR($D15))*12+MONTH(MIN(IF($E15="",TODAY(),$E15),TODAY()))-MONTH($D15)+IF(MIN(IF($E15="",TODAY(),$E15),TODAY())>=EOMONTH(MIN(IF($E15="",TODAY(),$E15),TODAY()),0),1,0)),MAX(0,INT((MIN(IF($E15="",TODAY(),$E15),TODAY())-($D15+MOD(SISTEM!$F$8-WEEKDAY($D15,2),7)))/7)+1))) | J15: =IF(OR($C15="",$D15="",$G15="",$F15=""),0,$G15*IF($F15="Aylık",MAX(0,(YEAR(MIN(IF($E15="",TODAY()-8,$E15),TODAY()-8))-YEAR($D15))*12+MONTH(MIN(IF($E15="",TODAY()-8,$E15),TODAY()-8))-MONTH($D15)+IF(MIN(IF($E15="",TODAY()-8,$E15),TODAY()-8)>=EOMONTH(MIN(IF($E15="",TODAY()-8,$E15),TODAY()-8),0),1,0)),MAX(0,INT((MIN(IF($E15="",TODAY()-8,$E15),TODAY()-8)-($D15+MOD(SISTEM!$F$8-WEEKDAY($D15,2),7)))/7)+1))) | K15: =IF(OR($C15="",$D15="",$G15="",$F15=""),0,$G15*IF($F15="Aylık",MAX(0,(YEAR(MIN(IF($E15="",TODAY()-15,$E15),TODAY()-15))-YEAR($D15))*12+MONTH(MIN(IF($E15="",TODAY()-15,$E15),TODAY()-15))-MONTH($D15)+IF(MIN(IF($E15="",TODAY()-15,$E15),TODAY()-15)>=EOMONTH(MIN(IF($E15="",TODAY()-15,$E15),TODAY()-15),0),1,0)),MAX(0,INT((MIN(IF($E15="",TODAY()-15,$E15),TODAY()-15)-($D15+MOD(SISTEM!$F$8-WEEKDAY($D15,2),7)))/7)+1))) | L15: =IF(OR($C15="",$D15="",$G15="",$F15=""),0,$G15*IF($F15="Aylık",MAX(0,(YEAR(MIN(IF($E15="",TODAY()-29,$E15),TODAY()-29))-YEAR($D15))*12+MONTH(MIN(IF($E15="",TODAY()-29,$E15),TODAY()-29))-MONTH($D15)+IF(MIN(IF($E15="",TODAY()-29,$E15),TODAY()-29)>=EOMONTH(MIN(IF($E15="",TODAY()-29,$E15),TODAY()-29),0),1,0)),MAX(0,INT((MIN(IF($E15="",TODAY()-29,$E15),TODAY()-29)-($D15+MOD(SISTEM!$F$8-WEEKDAY($D15,2),7)))/7)+1))) | M15: =IF($G15>0,$I15/$G15,0) | N15: =IF($C15="","",IF($B15="TANIMSIZ MÜŞTERİ","TANIMSIZ MÜŞTERİ",IF($F15="","MODEL SEÇİN",IF(OR($D15="",$G15<=0),"EKSİK",IF(AND($E15<>"",$E15<$D15),"TARİH HATASI",IF($H15="Pasif","KAPALI DÖNEM","UYGUN")))))) | O15: =IF(OR($C15="",$D15="",$F15=""),"",IF($F15="Aylık",EOMONTH($D15,0),($D15+MOD(SISTEM!$F$8-WEEKDAY($D15,2),7)))) | S15: =IF($B15="","",$B15&"|"&COUNTIFS($B$7:$B15,$B15)) | T15: =IF($C15="","",UPPER(SUBSTITUTE(SUBSTITUTE(SUBSTITUTE(SUBSTITUTE(SUBSTITUTE(SUBSTITUTE(SUBSTITUTE(SUBSTITUTE(SUBSTITUTE(SUBSTITUTE(SUBSTITUTE(SUBSTITUTE(SUBSTITUTE(SUBSTITUTE(SUBSTITUTE(SUBSTITUTE(SUBSTITUTE(SUBSTITUTE(TRIM($C15),"'",""),"İ","I"),"ı","I"),"i","I"),"Ş","S"),"ş","S"),"Ğ","G"),"ğ","G"),"Ü","U"),"ü","U"),"Ö","O"),"ö","O"),"Ç","C"),"ç","C"),".",""),",","")," ",""),"-","")))
B16: =IF($C16="","",IFERROR(INDEX(MUSTERILER!$B$7:$B$106,MATCH($T16,MUSTERILER!$T$7:$T$106,0)),IFERROR(INDEX(MUSTERILER!$B$7:$B$106,MATCH($C16,MUSTERILER!$B$7:$B$106,0)),IFERROR(INDEX(MUSTERILER!$B$7:$B$106,MATCH($T16&"*",MUSTERILER!$T$7:$T$106,0)),"TANIMSIZ MÜŞTERİ")))) | C16: CEREN DEMİRCİ | D16: 46023 | F16: Aylık | G16: 4000 | H16: Aktif | I16: =IF(OR($C16="",$D16="",$G16="",$F16=""),0,$G16*IF($F16="Aylık",MAX(0,(YEAR(MIN(IF($E16="",TODAY(),$E16),TODAY()))-YEAR($D16))*12+MONTH(MIN(IF($E16="",TODAY(),$E16),TODAY()))-MONTH($D16)+IF(MIN(IF($E16="",TODAY(),$E16),TODAY())>=EOMONTH(MIN(IF($E16="",TODAY(),$E16),TODAY()),0),1,0)),MAX(0,INT((MIN(IF($E16="",TODAY(),$E16),TODAY())-($D16+MOD(SISTEM!$F$8-WEEKDAY($D16,2),7)))/7)+1))) | J16: =IF(OR($C16="",$D16="",$G16="",$F16=""),0,$G16*IF($F16="Aylık",MAX(0,(YEAR(MIN(IF($E16="",TODAY()-8,$E16),TODAY()-8))-YEAR($D16))*12+MONTH(MIN(IF($E16="",TODAY()-8,$E16),TODAY()-8))-MONTH($D16)+IF(MIN(IF($E16="",TODAY()-8,$E16),TODAY()-8)>=EOMONTH(MIN(IF($E16="",TODAY()-8,$E16),TODAY()-8),0),1,0)),MAX(0,INT((MIN(IF($E16="",TODAY()-8,$E16),TODAY()-8)-($D16+MOD(SISTEM!$F$8-WEEKDAY($D16,2),7)))/7)+1))) | K16: =IF(OR($C16="",$D16="",$G16="",$F16=""),0,$G16*IF($F16="Aylık",MAX(0,(YEAR(MIN(IF($E16="",TODAY()-15,$E16),TODAY()-15))-YEAR($D16))*12+MONTH(MIN(IF($E16="",TODAY()-15,$E16),TODAY()-15))-MONTH($D16)+IF(MIN(IF($E16="",TODAY()-15,$E16),TODAY()-15)>=EOMONTH(MIN(IF($E16="",TODAY()-15,$E16),TODAY()-15),0),1,0)),MAX(0,INT((MIN(IF($E16="",TODAY()-15,$E16),TODAY()-15)-($D16+MOD(SISTEM!$F$8-WEEKDAY($D16,2),7)))/7)+1))) | L16: =IF(OR($C16="",$D16="",$G16="",$F16=""),0,$G16*IF($F16="Aylık",MAX(0,(YEAR(MIN(IF($E16="",TODAY()-29,$E16),TODAY()-29))-YEAR($D16))*12+MONTH(MIN(IF($E16="",TODAY()-29,$E16),TODAY()-29))-MONTH($D16)+IF(MIN(IF($E16="",TODAY()-29,$E16),TODAY()-29)>=EOMONTH(MIN(IF($E16="",TODAY()-29,$E16),TODAY()-29),0),1,0)),MAX(0,INT((MIN(IF($E16="",TODAY()-29,$E16),TODAY()-29)-($D16+MOD(SISTEM!$F$8-WEEKDAY($D16,2),7)))/7)+1))) | M16: =IF($G16>0,$I16/$G16,0) | N16: =IF($C16="","",IF($B16="TANIMSIZ MÜŞTERİ","TANIMSIZ MÜŞTERİ",IF($F16="","MODEL SEÇİN",IF(OR($D16="",$G16<=0),"EKSİK",IF(AND($E16<>"",$E16<$D16),"TARİH HATASI",IF($H16="Pasif","KAPALI DÖNEM","UYGUN")))))) | O16: =IF(OR($C16="",$D16="",$F16=""),"",IF($F16="Aylık",EOMONTH($D16,0),($D16+MOD(SISTEM!$F$8-WEEKDAY($D16,2),7)))) | S16: =IF($B16="","",$B16&"|"&COUNTIFS($B$7:$B16,$B16)) | T16: =IF($C16="","",UPPER(SUBSTITUTE(SUBSTITUTE(SUBSTITUTE(SUBSTITUTE(SUBSTITUTE(SUBSTITUTE(SUBSTITUTE(SUBSTITUTE(SUBSTITUTE(SUBSTITUTE(SUBSTITUTE(SUBSTITUTE(SUBSTITUTE(SUBSTITUTE(SUBSTITUTE(SUBSTITUTE(SUBSTITUTE(SUBSTITUTE(TRIM($C16),"'",""),"İ","I"),"ı","I"),"i","I"),"Ş","S"),"ş","S"),"Ğ","G"),"ğ","G"),"Ü","U"),"ü","U"),"Ö","O"),"ö","O"),"Ç","C"),"ç","C"),".",""),",","")," ",""),"-","")))
B17: =IF($C17="","",IFERROR(INDEX(MUSTERILER!$B$7:$B$106,MATCH($T17,MUSTERILER!$T$7:$T$106,0)),IFERROR(INDEX(MUSTERILER!$B$7:$B$106,MATCH($C17,MUSTERILER!$B$7:$B$106,0)),IFERROR(INDEX(MUSTERILER!$B$7:$B$106,MATCH($T17&"*",MUSTERILER!$T$7:$T$106,0)),"TANIMSIZ MÜŞTERİ")))) | C17: ÇAYIRALAN LTD.ŞTİ. | D17: 46023 | F17: Haftalık | G17: 3000 | H17: Aktif | I17: =IF(OR($C17="",$D17="",$G17="",$F17=""),0,$G17*IF($F17="Aylık",MAX(0,(YEAR(MIN(IF($E17="",TODAY(),$E17),TODAY()))-YEAR($D17))*12+MONTH(MIN(IF($E17="",TODAY(),$E17),TODAY()))-MONTH($D17)+IF(MIN(IF($E17="",TODAY(),$E17),TODAY())>=EOMONTH(MIN(IF($E17="",TODAY(),$E17),TODAY()),0),1,0)),MAX(0,INT((MIN(IF($E17="",TODAY(),$E17),TODAY())-($D17+MOD(SISTEM!$F$8-WEEKDAY($D17,2),7)))/7)+1))) | J17: =IF(OR($C17="",$D17="",$G17="",$F17=""),0,$G17*IF($F17="Aylık",MAX(0,(YEAR(MIN(IF($E17="",TODAY()-8,$E17),TODAY()-8))-YEAR($D17))*12+MONTH(MIN(IF($E17="",TODAY()-8,$E17),TODAY()-8))-MONTH($D17)+IF(MIN(IF($E17="",TODAY()-8,$E17),TODAY()-8)>=EOMONTH(MIN(IF($E17="",TODAY()-8,$E17),TODAY()-8),0),1,0)),MAX(0,INT((MIN(IF($E17="",TODAY()-8,$E17),TODAY()-8)-($D17+MOD(SISTEM!$F$8-WEEKDAY($D17,2),7)))/7)+1))) | K17: =IF(OR($C17="",$D17="",$G17="",$F17=""),0,$G17*IF($F17="Aylık",MAX(0,(YEAR(MIN(IF($E17="",TODAY()-15,$E17),TODAY()-15))-YEAR($D17))*12+MONTH(MIN(IF($E17="",TODAY()-15,$E17),TODAY()-15))-MONTH($D17)+IF(MIN(IF($E17="",TODAY()-15,$E17),TODAY()-15)>=EOMONTH(MIN(IF($E17="",TODAY()-15,$E17),TODAY()-15),0),1,0)),MAX(0,INT((MIN(IF($E17="",TODAY()-15,$E17),TODAY()-15)-($D17+MOD(SISTEM!$F$8-WEEKDAY($D17,2),7)))/7)+1))) | L17: =IF(OR($C17="",$D17="",$G17="",$F17=""),0,$G17*IF($F17="Aylık",MAX(0,(YEAR(MIN(IF($E17="",TODAY()-29,$E17),TODAY()-29))-YEAR($D17))*12+MONTH(MIN(IF($E17="",TODAY()-29,$E17),TODAY()-29))-MONTH($D17)+IF(MIN(IF($E17="",TODAY()-29,$E17),TODAY()-29)>=EOMONTH(MIN(IF($E17="",TODAY()-29,$E17),TODAY()-29),0),1,0)),MAX(0,INT((MIN(IF($E17="",TODAY()-29,$E17),TODAY()-29)-($D17+MOD(SISTEM!$F$8-WEEKDAY($D17,2),7)))/7)+1))) | M17: =IF($G17>0,$I17/$G17,0) | N17: =IF($C17="","",IF($B17="TANIMSIZ MÜŞTERİ","TANIMSIZ MÜŞTERİ",IF($F17="","MODEL SEÇİN",IF(OR($D17="",$G17<=0),"EKSİK",IF(AND($E17<>"",$E17<$D17),"TARİH HATASI",IF($H17="Pasif","KAPALI DÖNEM","UYGUN")))))) | O17: =IF(OR($C17="",$D17="",$F17=""),"",IF($F17="Aylık",EOMONTH($D17,0),($D17+MOD(SISTEM!$F$8-WEEKDAY($D17,2),7)))) | S17: =IF($B17="","",$B17&"|"&COUNTIFS($B$7:$B17,$B17)) | T17: =IF($C17="","",UPPER(SUBSTITUTE(SUBSTITUTE(SUBSTITUTE(SUBSTITUTE(SUBSTITUTE(SUBSTITUTE(SUBSTITUTE(SUBSTITUTE(SUBSTITUTE(SUBSTITUTE(SUBSTITUTE(SUBSTITUTE(SUBSTITUTE(SUBSTITUTE(SUBSTITUTE(SUBSTITUTE(SUBSTITUTE(SUBSTITUTE(TRIM($C17),"'",""),"İ","I"),"ı","I"),"i","I"),"Ş","S"),"ş","S"),"Ğ","G"),"ğ","G"),"Ü","U"),"ü","U"),"Ö","O"),"ö","O"),"Ç","C"),"ç","C"),".",""),",","")," ",""),"-","")))
B18: =IF($C18="","",IFERROR(INDEX(MUSTERILER!$B$7:$B$106,MATCH($T18,MUSTERILER!$T$7:$T$106,0)),IFERROR(INDEX(MUSTERILER!$B$7:$B$106,MATCH($C18,MUSTERILER!$B$7:$B$106,0)),IFERROR(INDEX(MUSTERILER!$B$7:$B$106,MATCH($T18&"*",MUSTERILER!$T$7:$T$106,0)),"TANIMSIZ MÜŞTERİ")))) | C18: ÇINARHAN LTD.ŞTİ. | D18: 46023 | E18: 46248 | F18: Haftalık | G18: 2500 | H18: Pasif | I18: =IF(OR($C18="",$D18="",$G18="",$F18=""),0,$G18*IF($F18="Aylık",MAX(0,(YEAR(MIN(IF($E18="",TODAY(),$E18),TODAY()))-YEAR($D18))*12+MONTH(MIN(IF($E18="",TODAY(),$E18),TODAY()))-MONTH($D18)+IF(MIN(IF($E18="",TODAY(),$E18),TODAY())>=EOMONTH(MIN(IF($E18="",TODAY(),$E18),TODAY()),0),1,0)),MAX(0,INT((MIN(IF($E18="",TODAY(),$E18),TODAY())-($D18+MOD(SISTEM!$F$8-WEEKDAY($D18,2),7)))/7)+1))) | J18: =IF(OR($C18="",$D18="",$G18="",$F18=""),0,$G18*IF($F18="Aylık",MAX(0,(YEAR(MIN(IF($E18="",TODAY()-8,$E18),TODAY()-8))-YEAR($D18))*12+MONTH(MIN(IF($E18="",TODAY()-8,$E18),TODAY()-8))-MONTH($D18)+IF(MIN(IF($E18="",TODAY()-8,$E18),TODAY()-8)>=EOMONTH(MIN(IF($E18="",TODAY()-8,$E18),TODAY()-8),0),1,0)),MAX(0,INT((MIN(IF($E18="",TODAY()-8,$E18),TODAY()-8)-($D18+MOD(SISTEM!$F$8-WEEKDAY($D18,2),7)))/7)+1))) | K18: =IF(OR($C18="",$D18="",$G18="",$F18=""),0,$G18*IF($F18="Aylık",MAX(0,(YEAR(MIN(IF($E18="",TODAY()-15,$E18),TODAY()-15))-YEAR($D18))*12+MONTH(MIN(IF($E18="",TODAY()-15,$E18),TODAY()-15))-MONTH($D18)+IF(MIN(IF($E18="",TODAY()-15,$E18),TODAY()-15)>=EOMONTH(MIN(IF($E18="",TODAY()-15,$E18),TODAY()-15),0),1,0)),MAX(0,INT((MIN(IF($E18="",TODAY()-15,$E18),TODAY()-15)-($D18+MOD(SISTEM!$F$8-WEEKDAY($D18,2),7)))/7)+1))) | L18: =IF(OR($C18="",$D18="",$G18="",$F18=""),0,$G18*IF($F18="Aylık",MAX(0,(YEAR(MIN(IF($E18="",TODAY()-29,$E18),TODAY()-29))-YEAR($D18))*12+MONTH(MIN(IF($E18="",TODAY()-29,$E18),TODAY()-29))-MONTH($D18)+IF(MIN(IF($E18="",TODAY()-29,$E18),TODAY()-29)>=EOMONTH(MIN(IF($E18="",TODAY()-29,$E18),TODAY()-29),0),1,0)),MAX(0,INT((MIN(IF($E18="",TODAY()-29,$E18),TODAY()-29)-($D18+MOD(SISTEM!$F$8-WEEKDAY($D18,2),7)))/7)+1))) | M18: =IF($G18>0,$I18/$G18,0) | N18: =IF($C18="","",IF($B18="TANIMSIZ MÜŞTERİ","TANIMSIZ MÜŞTERİ",IF($F18="","MODEL SEÇİN",IF(OR($D18="",$G18<=0),"EKSİK",IF(AND($E18<>"",$E18<$D18),"TARİH HATASI",IF($H18="Pasif","KAPALI DÖNEM","UYGUN")))))) | O18: =IF(OR($C18="",$D18="",$F18=""),"",IF($F18="Aylık",EOMONTH($D18,0),($D18+MOD(SISTEM!$F$8-WEEKDAY($D18,2),7)))) | S18: =IF($B18="","",$B18&"|"&COUNTIFS($B$7:$B18,$B18)) | T18: =IF($C18="","",UPPER(SUBSTITUTE(SUBSTITUTE(SUBSTITUTE(SUBSTITUTE(SUBSTITUTE(SUBSTITUTE(SUBSTITUTE(SUBSTITUTE(SUBSTITUTE(SUBSTITUTE(SUBSTITUTE(SUBSTITUTE(SUBSTITUTE(SUBSTITUTE(SUBSTITUTE(SUBSTITUTE(SUBSTITUTE(SUBSTITUTE(TRIM($C18),"'",""),"İ","I"),"ı","I"),"i","I"),"Ş","S"),"ş","S"),"Ğ","G"),"ğ","G"),"Ü","U"),"ü","U"),"Ö","O"),"ö","O"),"Ç","C"),"ç","C"),".",""),",","")," ",""),"-","")))
B19: =IF($C19="","",IFERROR(INDEX(MUSTERILER!$B$7:$B$106,MATCH($T19,MUSTERILER!$T$7:$T$106,0)),IFERROR(INDEX(MUSTERILER!$B$7:$B$106,MATCH($C19,MUSTERILER!$B$7:$B$106,0)),IFERROR(INDEX(MUSTERILER!$B$7:$B$106,MATCH($T19&"*",MUSTERILER!$T$7:$T$106,0)),"TANIMSIZ MÜŞTERİ")))) | C19: DERVİŞHAN LTD.ŞTİ. | D19: 46023 | F19: Aylık | G19: 10000 | H19: Aktif | I19: =IF(OR($C19="",$D19="",$G19="",$F19=""),0,$G19*IF($F19="Aylık",MAX(0,(YEAR(MIN(IF($E19="",TODAY(),$E19),TODAY()))-YEAR($D19))*12+MONTH(MIN(IF($E19="",TODAY(),$E19),TODAY()))-MONTH($D19)+IF(MIN(IF($E19="",TODAY(),$E19),TODAY())>=EOMONTH(MIN(IF($E19="",TODAY(),$E19),TODAY()),0),1,0)),MAX(0,INT((MIN(IF($E19="",TODAY(),$E19),TODAY())-($D19+MOD(SISTEM!$F$8-WEEKDAY($D19,2),7)))/7)+1))) | J19: =IF(OR($C19="",$D19="",$G19="",$F19=""),0,$G19*IF($F19="Aylık",MAX(0,(YEAR(MIN(IF($E19="",TODAY()-8,$E19),TODAY()-8))-YEAR($D19))*12+MONTH(MIN(IF($E19="",TODAY()-8,$E19),TODAY()-8))-MONTH($D19)+IF(MIN(IF($E19="",TODAY()-8,$E19),TODAY()-8)>=EOMONTH(MIN(IF($E19="",TODAY()-8,$E19),TODAY()-8),0),1,0)),MAX(0,INT((MIN(IF($E19="",TODAY()-8,$E19),TODAY()-8)-($D19+MOD(SISTEM!$F$8-WEEKDAY($D19,2),7)))/7)+1))) | K19: =IF(OR($C19="",$D19="",$G19="",$F19=""),0,$G19*IF($F19="Aylık",MAX(0,(YEAR(MIN(IF($E19="",TODAY()-15,$E19),TODAY()-15))-YEAR($D19))*12+MONTH(MIN(IF($E19="",TODAY()-15,$E19),TODAY()-15))-MONTH($D19)+IF(MIN(IF($E19="",TODAY()-15,$E19),TODAY()-15)>=EOMONTH(MIN(IF($E19="",TODAY()-15,$E19),TODAY()-15),0),1,0)),MAX(0,INT((MIN(IF($E19="",TODAY()-15,$E19),TODAY()-15)-($D19+MOD(SISTEM!$F$8-WEEKDAY($D19,2),7)))/7)+1))) | L19: =IF(OR($C19="",$D19="",$G19="",$F19=""),0,$G19*IF($F19="Aylık",MAX(0,(YEAR(MIN(IF($E19="",TODAY()-29,$E19),TODAY()-29))-YEAR($D19))*12+MONTH(MIN(IF($E19="",TODAY()-29,$E19),TODAY()-29))-MONTH($D19)+IF(MIN(IF($E19="",TODAY()-29,$E19),TODAY()-29)>=EOMONTH(MIN(IF($E19="",TODAY()-29,$E19),TODAY()-29),0),1,0)),MAX(0,INT((MIN(IF($E19="",TODAY()-29,$E19),TODAY()-29)-($D19+MOD(SISTEM!$F$8-WEEKDAY($D19,2),7)))/7)+1))) | M19: =IF($G19>0,$I19/$G19,0) | N19: =IF($C19="","",IF($B19="TANIMSIZ MÜŞTERİ","TANIMSIZ MÜŞTERİ",IF($F19="","MODEL SEÇİN",IF(OR($D19="",$G19<=0),"EKSİK",IF(AND($E19<>"",$E19<$D19),"TARİH HATASI",IF($H19="Pasif","KAPALI DÖNEM","UYGUN")))))) | O19: =IF(OR($C19="",$D19="",$F19=""),"",IF($F19="Aylık",EOMONTH($D19,0),($D19+MOD(SISTEM!$F$8-WEEKDAY($D19,2),7)))) | S19: =IF($B19="","",$B19&"|"&COUNTIFS($B$7:$B19,$B19)) | T19: =IF($C19="","",UPPER(SUBSTITUTE(SUBSTITUTE(SUBSTITUTE(SUBSTITUTE(SUBSTITUTE(SUBSTITUTE(SUBSTITUTE(SUBSTITUTE(SUBSTITUTE(SUBSTITUTE(SUBSTITUTE(SUBSTITUTE(SUBSTITUTE(SUBSTITUTE(SUBSTITUTE(SUBSTITUTE(SUBSTITUTE(SUBSTITUTE(TRIM($C19),"'",""),"İ","I"),"ı","I"),"i","I"),"Ş","S"),"ş","S"),"Ğ","G"),"ğ","G"),"Ü","U"),"ü","U"),"Ö","O"),"ö","O"),"Ç","C"),"ç","C"),".",""),",","")," ",""),"-","")))
B20: =IF($C20="","",IFERROR(INDEX(MUSTERILER!$B$7:$B$106,MATCH($T20,MUSTERILER!$T$7:$T$106,0)),IFERROR(INDEX(MUSTERILER!$B$7:$B$106,MATCH($C20,MUSTERILER!$B$7:$B$106,0)),IFERROR(INDEX(MUSTERILER!$B$7:$B$106,MATCH($T20&"*",MUSTERILER!$T$7:$T$106,0)),"TANIMSIZ MÜŞTERİ")))) | C20: EĞLENGÖR LTD.ŞTİ. | D20: 46039 | E20: 46109 | F20: Haftalık | G20: 3000 | H20: Pasif | I20: =IF(OR($C20="",$D20="",$G20="",$F20=""),0,$G20*IF($F20="Aylık",MAX(0,(YEAR(MIN(IF($E20="",TODAY(),$E20),TODAY()))-YEAR($D20))*12+MONTH(MIN(IF($E20="",TODAY(),$E20),TODAY()))-MONTH($D20)+IF(MIN(IF($E20="",TODAY(),$E20),TODAY())>=EOMONTH(MIN(IF($E20="",TODAY(),$E20),TODAY()),0),1,0)),MAX(0,INT((MIN(IF($E20="",TODAY(),$E20),TODAY())-($D20+MOD(SISTEM!$F$8-WEEKDAY($D20,2),7)))/7)+1))) | J20: =IF(OR($C20="",$D20="",$G20="",$F20=""),0,$G20*IF($F20="Aylık",MAX(0,(YEAR(MIN(IF($E20="",TODAY()-8,$E20),TODAY()-8))-YEAR($D20))*12+MONTH(MIN(IF($E20="",TODAY()-8,$E20),TODAY()-8))-MONTH($D20)+IF(MIN(IF($E20="",TODAY()-8,$E20),TODAY()-8)>=EOMONTH(MIN(IF($E20="",TODAY()-8,$E20),TODAY()-8),0),1,0)),MAX(0,INT((MIN(IF($E20="",TODAY()-8,$E20),TODAY()-8)-($D20+MOD(SISTEM!$F$8-WEEKDAY($D20,2),7)))/7)+1))) | K20: =IF(OR($C20="",$D20="",$G20="",$F20=""),0,$G20*IF($F20="Aylık",MAX(0,(YEAR(MIN(IF($E20="",TODAY()-15,$E20),TODAY()-15))-YEAR($D20))*12+MONTH(MIN(IF($E20="",TODAY()-15,$E20),TODAY()-15))-MONTH($D20)+IF(MIN(IF($E20="",TODAY()-15,$E20),TODAY()-15)>=EOMONTH(MIN(IF($E20="",TODAY()-15,$E20),TODAY()-15),0),1,0)),MAX(0,INT((MIN(IF($E20="",TODAY()-15,$E20),TODAY()-15)-($D20+MOD(SISTEM!$F$8-WEEKDAY($D20,2),7)))/7)+1))) | L20: =IF(OR($C20="",$D20="",$G20="",$F20=""),0,$G20*IF($F20="Aylık",MAX(0,(YEAR(MIN(IF($E20="",TODAY()-29,$E20),TODAY()-29))-YEAR($D20))*12+MONTH(MIN(IF($E20="",TODAY()-29,$E20),TODAY()-29))-MONTH($D20)+IF(MIN(IF($E20="",TODAY()-29,$E20),TODAY()-29)>=EOMONTH(MIN(IF($E20="",TODAY()-29,$E20),TODAY()-29),0),1,0)),MAX(0,INT((MIN(IF($E20="",TODAY()-29,$E20),TODAY()-29)-($D20+MOD(SISTEM!$F$8-WEEKDAY($D20,2),7)))/7)+1))) | M20: =IF($G20>0,$I20/$G20,0) | N20: =IF($C20="","",IF($B20="TANIMSIZ MÜŞTERİ","TANIMSIZ MÜŞTERİ",IF($F20="","MODEL SEÇİN",IF(OR($D20="",$G20<=0),"EKSİK",IF(AND($E20<>"",$E20<$D20),"TARİH HATASI",IF($H20="Pasif","KAPALI DÖNEM","UYGUN")))))) | O20: =IF(OR($C20="",$D20="",$F20=""),"",IF($F20="Aylık",EOMONTH($D20,0),($D20+MOD(SISTEM!$F$8-WEEKDAY($D20,2),7)))) | S20: =IF($B20="","",$B20&"|"&COUNTIFS($B$7:$B20,$B20)) | T20: =IF($C20="","",UPPER(SUBSTITUTE(SUBSTITUTE(SUBSTITUTE(SUBSTITUTE(SUBSTITUTE(SUBSTITUTE(SUBSTITUTE(SUBSTITUTE(SUBSTITUTE(SUBSTITUTE(SUBSTITUTE(SUBSTITUTE(SUBSTITUTE(SUBSTITUTE(SUBSTITUTE(SUBSTITUTE(SUBSTITUTE(SUBSTITUTE(TRIM($C20),"'",""),"İ","I"),"ı","I"),"i","I"),"Ş","S"),"ş","S"),"Ğ","G"),"ğ","G"),"Ü","U"),"ü","U"),"Ö","O"),"ö","O"),"Ç","C"),"ç","C"),".",""),",","")," ",""),"-","")))
B21: =IF($C21="","",IFERROR(INDEX(MUSTERILER!$B$7:$B$106,MATCH($T21,MUSTERILER!$T$7:$T$106,0)),IFERROR(INDEX(MUSTERILER!$B$7:$B$106,MATCH($C21,MUSTERILER!$B$7:$B$106,0)),IFERROR(INDEX(MUSTERILER!$B$7:$B$106,MATCH($T21&"*",MUSTERILER!$T$7:$T$106,0)),"TANIMSIZ MÜŞTERİ")))) | C21: EMRAH SAVURKAN | D21: 46023 | F21: Aylık | G21: 2000 | H21: Aktif | I21: =IF(OR($C21="",$D21="",$G21="",$F21=""),0,$G21*IF($F21="Aylık",MAX(0,(YEAR(MIN(IF($E21="",TODAY(),$E21),TODAY()))-YEAR($D21))*12+MONTH(MIN(IF($E21="",TODAY(),$E21),TODAY()))-MONTH($D21)+IF(MIN(IF($E21="",TODAY(),$E21),TODAY())>=EOMONTH(MIN(IF($E21="",TODAY(),$E21),TODAY()),0),1,0)),MAX(0,INT((MIN(IF($E21="",TODAY(),$E21),TODAY())-($D21+MOD(SISTEM!$F$8-WEEKDAY($D21,2),7)))/7)+1))) | J21: =IF(OR($C21="",$D21="",$G21="",$F21=""),0,$G21*IF($F21="Aylık",MAX(0,(YEAR(MIN(IF($E21="",TODAY()-8,$E21),TODAY()-8))-YEAR($D21))*12+MONTH(MIN(IF($E21="",TODAY()-8,$E21),TODAY()-8))-MONTH($D21)+IF(MIN(IF($E21="",TODAY()-8,$E21),TODAY()-8)>=EOMONTH(MIN(IF($E21="",TODAY()-8,$E21),TODAY()-8),0),1,0)),MAX(0,INT((MIN(IF($E21="",TODAY()-8,$E21),TODAY()-8)-($D21+MOD(SISTEM!$F$8-WEEKDAY($D21,2),7)))/7)+1))) | K21: =IF(OR($C21="",$D21="",$G21="",$F21=""),0,$G21*IF($F21="Aylık",MAX(0,(YEAR(MIN(IF($E21="",TODAY()-15,$E21),TODAY()-15))-YEAR($D21))*12+MONTH(MIN(IF($E21="",TODAY()-15,$E21),TODAY()-15))-MONTH($D21)+IF(MIN(IF($E21="",TODAY()-15,$E21),TODAY()-15)>=EOMONTH(MIN(IF($E21="",TODAY()-15,$E21),TODAY()-15),0),1,0)),MAX(0,INT((MIN(IF($E21="",TODAY()-15,$E21),TODAY()-15)-($D21+MOD(SISTEM!$F$8-WEEKDAY($D21,2),7)))/7)+1))) | L21: =IF(OR($C21="",$D21="",$G21="",$F21=""),0,$G21*IF($F21="Aylık",MAX(0,(YEAR(MIN(IF($E21="",TODAY()-29,$E21),TODAY()-29))-YEAR($D21))*12+MONTH(MIN(IF($E21="",TODAY()-29,$E21),TODAY()-29))-MONTH($D21)+IF(MIN(IF($E21="",TODAY()-29,$E21),TODAY()-29)>=EOMONTH(MIN(IF($E21="",TODAY()-29,$E21),TODAY()-29),0),1,0)),MAX(0,INT((MIN(IF($E21="",TODAY()-29,$E21),TODAY()-29)-($D21+MOD(SISTEM!$F$8-WEEKDAY($D21,2),7)))/7)+1))) | M21: =IF($G21>0,$I21/$G21,0) | N21: =IF($C21="","",IF($B21="TANIMSIZ MÜŞTERİ","TANIMSIZ MÜŞTERİ",IF($F21="","MODEL SEÇİN",IF(OR($D21="",$G21<=0),"EKSİK",IF(AND($E21<>"",$E21<$D21),"TARİH HATASI",IF($H21="Pasif","KAPALI DÖNEM","UYGUN")))))) | O21: =IF(OR($C21="",$D21="",$F21=""),"",IF($F21="Aylık",EOMONTH($D21,0),($D21+MOD(SISTEM!$F$8-WEEKDAY($D21,2),7)))) | S21: =IF($B21="","",$B21&"|"&COUNTIFS($B$7:$B21,$B21)) | T21: =IF($C21="","",UPPER(SUBSTITUTE(SUBSTITUTE(SUBSTITUTE(SUBSTITUTE(SUBSTITUTE(SUBSTITUTE(SUBSTITUTE(SUBSTITUTE(SUBSTITUTE(SUBSTITUTE(SUBSTITUTE(SUBSTITUTE(SUBSTITUTE(SUBSTITUTE(SUBSTITUTE(SUBSTITUTE(SUBSTITUTE(SUBSTITUTE(TRIM($C21),"'",""),"İ","I"),"ı","I"),"i","I"),"Ş","S"),"ş","S"),"Ğ","G"),"ğ","G"),"Ü","U"),"ü","U"),"Ö","O"),"ö","O"),"Ç","C"),"ç","C"),".",""),",","")," ",""),"-","")))
B22: =IF($C22="","",IFERROR(INDEX(MUSTERILER!$B$7:$B$106,MATCH($T22,MUSTERILER!$T$7:$T$106,0)),IFERROR(INDEX(MUSTERILER!$B$7:$B$106,MATCH($C22,MUSTERILER!$B$7:$B$106,0)),IFERROR(INDEX(MUSTERILER!$B$7:$B$106,MATCH($T22&"*",MUSTERILER!$T$7:$T$106,0)),"TANIMSIZ MÜŞTERİ")))) | C22: ESERLİ LTD.ŞTİ. | D22: 46023 | F22: Haftalık | G22: 3500 | H22: Aktif | I22: =IF(OR($C22="",$D22="",$G22="",$F22=""),0,$G22*IF($F22="Aylık",MAX(0,(YEAR(MIN(IF($E22="",TODAY(),$E22),TODAY()))-YEAR($D22))*12+MONTH(MIN(IF($E22="",TODAY(),$E22),TODAY()))-MONTH($D22)+IF(MIN(IF($E22="",TODAY(),$E22),TODAY())>=EOMONTH(MIN(IF($E22="",TODAY(),$E22),TODAY()),0),1,0)),MAX(0,INT((MIN(IF($E22="",TODAY(),$E22),TODAY())-($D22+MOD(SISTEM!$F$8-WEEKDAY($D22,2),7)))/7)+1))) | J22: =IF(OR($C22="",$D22="",$G22="",$F22=""),0,$G22*IF($F22="Aylık",MAX(0,(YEAR(MIN(IF($E22="",TODAY()-8,$E22),TODAY()-8))-YEAR($D22))*12+MONTH(MIN(IF($E22="",TODAY()-8,$E22),TODAY()-8))-MONTH($D22)+IF(MIN(IF($E22="",TODAY()-8,$E22),TODAY()-8)>=EOMONTH(MIN(IF($E22="",TODAY()-8,$E22),TODAY()-8),0),1,0)),MAX(0,INT((MIN(IF($E22="",TODAY()-8,$E22),TODAY()-8)-($D22+MOD(SISTEM!$F$8-WEEKDAY($D22,2),7)))/7)+1))) | K22: =IF(OR($C22="",$D22="",$G22="",$F22=""),0,$G22*IF($F22="Aylık",MAX(0,(YEAR(MIN(IF($E22="",TODAY()-15,$E22),TODAY()-15))-YEAR($D22))*12+MONTH(MIN(IF($E22="",TODAY()-15,$E22),TODAY()-15))-MONTH($D22)+IF(MIN(IF($E22="",TODAY()-15,$E22),TODAY()-15)>=EOMONTH(MIN(IF($E22="",TODAY()-15,$E22),TODAY()-15),0),1,0)),MAX(0,INT((MIN(IF($E22="",TODAY()-15,$E22),TODAY()-15)-($D22+MOD(SISTEM!$F$8-WEEKDAY($D22,2),7)))/7)+1))) | L22: =IF(OR($C22="",$D22="",$G22="",$F22=""),0,$G22*IF($F22="Aylık",MAX(0,(YEAR(MIN(IF($E22="",TODAY()-29,$E22),TODAY()-29))-YEAR($D22))*12+MONTH(MIN(IF($E22="",TODAY()-29,$E22),TODAY()-29))-MONTH($D22)+IF(MIN(IF($E22="",TODAY()-29,$E22),TODAY()-29)>=EOMONTH(MIN(IF($E22="",TODAY()-29,$E22),TODAY()-29),0),1,0)),MAX(0,INT((MIN(IF($E22="",TODAY()-29,$E22),TODAY()-29)-($D22+MOD(SISTEM!$F$8-WEEKDAY($D22,2),7)))/7)+1))) | M22: =IF($G22>0,$I22/$G22,0) | N22: =IF($C22="","",IF($B22="TANIMSIZ MÜŞTERİ","TANIMSIZ MÜŞTERİ",IF($F22="","MODEL SEÇİN",IF(OR($D22="",$G22<=0),"EKSİK",IF(AND($E22<>"",$E22<$D22),"TARİH HATASI",IF($H22="Pasif","KAPALI DÖNEM","UYGUN")))))) | O22: =IF(OR($C22="",$D22="",$F22=""),"",IF($F22="Aylık",EOMONTH($D22,0),($D22+MOD(SISTEM!$F$8-WEEKDAY($D22,2),7)))) | S22: =IF($B22="","",$B22&"|"&COUNTIFS($B$7:$B22,$B22)) | T22: =IF($C22="","",UPPER(SUBSTITUTE(SUBSTITUTE(SUBSTITUTE(SUBSTITUTE(SUBSTITUTE(SUBSTITUTE(SUBSTITUTE(SUBSTITUTE(SUBSTITUTE(SUBSTITUTE(SUBSTITUTE(SUBSTITUTE(SUBSTITUTE(SUBSTITUTE(SUBSTITUTE(SUBSTITUTE(SUBSTITUTE(SUBSTITUTE(TRIM($C22),"'",""),"İ","I"),"ı","I"),"i","I"),"Ş","S"),"ş","S"),"Ğ","G"),"ğ","G"),"Ü","U"),"ü","U"),"Ö","O"),"ö","O"),"Ç","C"),"ç","C"),".",""),",","")," ",""),"-","")))
B23: =IF($C23="","",IFERROR(INDEX(MUSTERILER!$B$7:$B$106,MATCH($T23,MUSTERILER!$T$7:$T$106,0)),IFERROR(INDEX(MUSTERILER!$B$7:$B$106,MATCH($C23,MUSTERILER!$B$7:$B$106,0)),IFERROR(INDEX(MUSTERILER!$B$7:$B$106,MATCH($T23&"*",MUSTERILER!$T$7:$T$106,0)),"TANIMSIZ MÜŞTERİ")))) | C23: FARUK DEMİRCİ | D23: 46023 | F23: Aylık | G23: 2000 | H23: Aktif | I23: =IF(OR($C23="",$D23="",$G23="",$F23=""),0,$G23*IF($F23="Aylık",MAX(0,(YEAR(MIN(IF($E23="",TODAY(),$E23),TODAY()))-YEAR($D23))*12+MONTH(MIN(IF($E23="",TODAY(),$E23),TODAY()))-MONTH($D23)+IF(MIN(IF($E23="",TODAY(),$E23),TODAY())>=EOMONTH(MIN(IF($E23="",TODAY(),$E23),TODAY()),0),1,0)),MAX(0,INT((MIN(IF($E23="",TODAY(),$E23),TODAY())-($D23+MOD(SISTEM!$F$8-WEEKDAY($D23,2),7)))/7)+1))) | J23: =IF(OR($C23="",$D23="",$G23="",$F23=""),0,$G23*IF($F23="Aylık",MAX(0,(YEAR(MIN(IF($E23="",TODAY()-8,$E23),TODAY()-8))-YEAR($D23))*12+MONTH(MIN(IF($E23="",TODAY()-8,$E23),TODAY()-8))-MONTH($D23)+IF(MIN(IF($E23="",TODAY()-8,$E23),TODAY()-8)>=EOMONTH(MIN(IF($E23="",TODAY()-8,$E23),TODAY()-8),0),1,0)),MAX(0,INT((MIN(IF($E23="",TODAY()-8,$E23),TODAY()-8)-($D23+MOD(SISTEM!$F$8-WEEKDAY($D23,2),7)))/7)+1))) | K23: =IF(OR($C23="",$D23="",$G23="",$F23=""),0,$G23*IF($F23="Aylık",MAX(0,(YEAR(MIN(IF($E23="",TODAY()-15,$E23),TODAY()-15))-YEAR($D23))*12+MONTH(MIN(IF($E23="",TODAY()-15,$E23),TODAY()-15))-MONTH($D23)+IF(MIN(IF($E23="",TODAY()-15,$E23),TODAY()-15)>=EOMONTH(MIN(IF($E23="",TODAY()-15,$E23),TODAY()-15),0),1,0)),MAX(0,INT((MIN(IF($E23="",TODAY()-15,$E23),TODAY()-15)-($D23+MOD(SISTEM!$F$8-WEEKDAY($D23,2),7)))/7)+1))) | L23: =IF(OR($C23="",$D23="",$G23="",$F23=""),0,$G23*IF($F23="Aylık",MAX(0,(YEAR(MIN(IF($E23="",TODAY()-29,$E23),TODAY()-29))-YEAR($D23))*12+MONTH(MIN(IF($E23="",TODAY()-29,$E23),TODAY()-29))-MONTH($D23)+IF(MIN(IF($E23="",TODAY()-29,$E23),TODAY()-29)>=EOMONTH(MIN(IF($E23="",TODAY()-29,$E23),TODAY()-29),0),1,0)),MAX(0,INT((MIN(IF($E23="",TODAY()-29,$E23),TODAY()-29)-($D23+MOD(SISTEM!$F$8-WEEKDAY($D23,2),7)))/7)+1))) | M23: =IF($G23>0,$I23/$G23,0) | N23: =IF($C23="","",IF($B23="TANIMSIZ MÜŞTERİ","TANIMSIZ MÜŞTERİ",IF($F23="","MODEL SEÇİN",IF(OR($D23="",$G23<=0),"EKSİK",IF(AND($E23<>"",$E23<$D23),"TARİH HATASI",IF($H23="Pasif","KAPALI DÖNEM","UYGUN")))))) | O23: =IF(OR($C23="",$D23="",$F23=""),"",IF($F23="Aylık",EOMONTH($D23,0),($D23+MOD(SISTEM!$F$8-WEEKDAY($D23,2),7)))) | S23: =IF($B23="","",$B23&"|"&COUNTIFS($B$7:$B23,$B23)) | T23: =IF($C23="","",UPPER(SUBSTITUTE(SUBSTITUTE(SUBSTITUTE(SUBSTITUTE(SUBSTITUTE(SUBSTITUTE(SUBSTITUTE(SUBSTITUTE(SUBSTITUTE(SUBSTITUTE(SUBSTITUTE(SUBSTITUTE(SUBSTITUTE(SUBSTITUTE(SUBSTITUTE(SUBSTITUTE(SUBSTITUTE(SUBSTITUTE(TRIM($C23),"'",""),"İ","I"),"ı","I"),"i","I"),"Ş","S"),"ş","S"),"Ğ","G"),"ğ","G"),"Ü","U"),"ü","U"),"Ö","O"),"ö","O"),"Ç","C"),"ç","C"),".",""),",","")," ",""),"-","")))
B24: =IF($C24="","",IFERROR(INDEX(MUSTERILER!$B$7:$B$106,MATCH($T24,MUSTERILER!$T$7:$T$106,0)),IFERROR(INDEX(MUSTERILER!$B$7:$B$106,MATCH($C24,MUSTERILER!$B$7:$B$106,0)),IFERROR(INDEX(MUSTERILER!$B$7:$B$106,MATCH($T24&"*",MUSTERILER!$T$7:$T$106,0)),"TANIMSIZ MÜŞTERİ")))) | C24: FİNAL SİYAH BEYAZ LTD.ŞTİ. | D24: 46023 | E24: 46115 | F24: Haftalık | G24: 2000 | H24: Pasif | I24: =IF(OR($C24="",$D24="",$G24="",$F24=""),0,$G24*IF($F24="Aylık",MAX(0,(YEAR(MIN(IF($E24="",TODAY(),$E24),TODAY()))-YEAR($D24))*12+MONTH(MIN(IF($E24="",TODAY(),$E24),TODAY()))-MONTH($D24)+IF(MIN(IF($E24="",TODAY(),$E24),TODAY())>=EOMONTH(MIN(IF($E24="",TODAY(),$E24),TODAY()),0),1,0)),MAX(0,INT((MIN(IF($E24="",TODAY(),$E24),TODAY())-($D24+MOD(SISTEM!$F$8-WEEKDAY($D24,2),7)))/7)+1))) | J24: =IF(OR($C24="",$D24="",$G24="",$F24=""),0,$G24*IF($F24="Aylık",MAX(0,(YEAR(MIN(IF($E24="",TODAY()-8,$E24),TODAY()-8))-YEAR($D24))*12+MONTH(MIN(IF($E24="",TODAY()-8,$E24),TODAY()-8))-MONTH($D24)+IF(MIN(IF($E24="",TODAY()-8,$E24),TODAY()-8)>=EOMONTH(MIN(IF($E24="",TODAY()-8,$E24),TODAY()-8),0),1,0)),MAX(0,INT((MIN(IF($E24="",TODAY()-8,$E24),TODAY()-8)-($D24+MOD(SISTEM!$F$8-WEEKDAY($D24,2),7)))/7)+1))) | K24: =IF(OR($C24="",$D24="",$G24="",$F24=""),0,$G24*IF($F24="Aylık",MAX(0,(YEAR(MIN(IF($E24="",TODAY()-15,$E24),TODAY()-15))-YEAR($D24))*12+MONTH(MIN(IF($E24="",TODAY()-15,$E24),TODAY()-15))-MONTH($D24)+IF(MIN(IF($E24="",TODAY()-15,$E24),TODAY()-15)>=EOMONTH(MIN(IF($E24="",TODAY()-15,$E24),TODAY()-15),0),1,0)),MAX(0,INT((MIN(IF($E24="",TODAY()-15,$E24),TODAY()-15)-($D24+MOD(SISTEM!$F$8-WEEKDAY($D24,2),7)))/7)+1))) | L24: =IF(OR($C24="",$D24="",$G24="",$F24=""),0,$G24*IF($F24="Aylık",MAX(0,(YEAR(MIN(IF($E24="",TODAY()-29,$E24),TODAY()-29))-YEAR($D24))*12+MONTH(MIN(IF($E24="",TODAY()-29,$E24),TODAY()-29))-MONTH($D24)+IF(MIN(IF($E24="",TODAY()-29,$E24),TODAY()-29)>=EOMONTH(MIN(IF($E24="",TODAY()-29,$E24),TODAY()-29),0),1,0)),MAX(0,INT((MIN(IF($E24="",TODAY()-29,$E24),TODAY()-29)-($D24+MOD(SISTEM!$F$8-WEEKDAY($D24,2),7)))/7)+1))) | M24: =IF($G24>0,$I24/$G24,0) | N24: =IF($C24="","",IF($B24="TANIMSIZ MÜŞTERİ","TANIMSIZ MÜŞTERİ",IF($F24="","MODEL SEÇİN",IF(OR($D24="",$G24<=0),"EKSİK",IF(AND($E24<>"",$E24<$D24),"TARİH HATASI",IF($H24="Pasif","KAPALI DÖNEM","UYGUN")))))) | O24: =IF(OR($C24="",$D24="",$F24=""),"",IF($F24="Aylık",EOMONTH($D24,0),($D24+MOD(SISTEM!$F$8-WEEKDAY($D24,2),7)))) | S24: =IF($B24="","",$B24&"|"&COUNTIFS($B$7:$B24,$B24)) | T24: =IF($C24="","",UPPER(SUBSTITUTE(SUBSTITUTE(SUBSTITUTE(SUBSTITUTE(SUBSTITUTE(SUBSTITUTE(SUBSTITUTE(SUBSTITUTE(SUBSTITUTE(SUBSTITUTE(SUBSTITUTE(SUBSTITUTE(SUBSTITUTE(SUBSTITUTE(SUBSTITUTE(SUBSTITUTE(SUBSTITUTE(SUBSTITUTE(TRIM($C24),"'",""),"İ","I"),"ı","I"),"i","I"),"Ş","S"),"ş","S"),"Ğ","G"),"ğ","G"),"Ü","U"),"ü","U"),"Ö","O"),"ö","O"),"Ç","C"),"ç","C"),".",""),",","")," ",""),"-","")))
B25: =IF($C25="","",IFERROR(INDEX(MUSTERILER!$B$7:$B$106,MATCH($T25,MUSTERILER!$T$7:$T$106,0)),IFERROR(INDEX(MUSTERILER!$B$7:$B$106,MATCH($C25,MUSTERILER!$B$7:$B$106,0)),IFERROR(INDEX(MUSTERILER!$B$7:$B$106,MATCH($T25&"*",MUSTERILER!$T$7:$T$106,0)),"TANIMSIZ MÜŞTERİ")))) | C25: HALİL AVŞAR | D25: 46023 | F25: Aylık | G25: 3000 | H25: Aktif | I25: =IF(OR($C25="",$D25="",$G25="",$F25=""),0,$G25*IF($F25="Aylık",MAX(0,(YEAR(MIN(IF($E25="",TODAY(),$E25),TODAY()))-YEAR($D25))*12+MONTH(MIN(IF($E25="",TODAY(),$E25),TODAY()))-MONTH($D25)+IF(MIN(IF($E25="",TODAY(),$E25),TODAY())>=EOMONTH(MIN(IF($E25="",TODAY(),$E25),TODAY()),0),1,0)),MAX(0,INT((MIN(IF($E25="",TODAY(),$E25),TODAY())-($D25+MOD(SISTEM!$F$8-WEEKDAY($D25,2),7)))/7)+1))) | J25: =IF(OR($C25="",$D25="",$G25="",$F25=""),0,$G25*IF($F25="Aylık",MAX(0,(YEAR(MIN(IF($E25="",TODAY()-8,$E25),TODAY()-8))-YEAR($D25))*12+MONTH(MIN(IF($E25="",TODAY()-8,$E25),TODAY()-8))-MONTH($D25)+IF(MIN(IF($E25="",TODAY()-8,$E25),TODAY()-8)>=EOMONTH(MIN(IF($E25="",TODAY()-8,$E25),TODAY()-8),0),1,0)),MAX(0,INT((MIN(IF($E25="",TODAY()-8,$E25),TODAY()-8)-($D25+MOD(SISTEM!$F$8-WEEKDAY($D25,2),7)))/7)+1))) | K25: =IF(OR($C25="",$D25="",$G25="",$F25=""),0,$G25*IF($F25="Aylık",MAX(0,(YEAR(MIN(IF($E25="",TODAY()-15,$E25),TODAY()-15))-YEAR($D25))*12+MONTH(MIN(IF($E25="",TODAY()-15,$E25),TODAY()-15))-MONTH($D25)+IF(MIN(IF($E25="",TODAY()-15,$E25),TODAY()-15)>=EOMONTH(MIN(IF($E25="",TODAY()-15,$E25),TODAY()-15),0),1,0)),MAX(0,INT((MIN(IF($E25="",TODAY()-15,$E25),TODAY()-15)-($D25+MOD(SISTEM!$F$8-WEEKDAY($D25,2),7)))/7)+1))) | L25: =IF(OR($C25="",$D25="",$G25="",$F25=""),0,$G25*IF($F25="Aylık",MAX(0,(YEAR(MIN(IF($E25="",TODAY()-29,$E25),TODAY()-29))-YEAR($D25))*12+MONTH(MIN(IF($E25="",TODAY()-29,$E25),TODAY()-29))-MONTH($D25)+IF(MIN(IF($E25="",TODAY()-29,$E25),TODAY()-29)>=EOMONTH(MIN(IF($E25="",TODAY()-29,$E25),TODAY()-29),0),1,0)),MAX(0,INT((MIN(IF($E25="",TODAY()-29,$E25),TODAY()-29)-($D25+MOD(SISTEM!$F$8-WEEKDAY($D25,2),7)))/7)+1))) | M25: =IF($G25>0,$I25/$G25,0) | N25: =IF($C25="","",IF($B25="TANIMSIZ MÜŞTERİ","TANIMSIZ MÜŞTERİ",IF($F25="","MODEL SEÇİN",IF(OR($D25="",$G25<=0),"EKSİK",IF(AND($E25<>"",$E25<$D25),"TARİH HATASI",IF($H25="Pasif","KAPALI DÖNEM","UYGUN")))))) | O25: =IF(OR($C25="",$D25="",$F25=""),"",IF($F25="Aylık",EOMONTH($D25,0),($D25+MOD(SISTEM!$F$8-WEEKDAY($D25,2),7)))) | S25: =IF($B25="","",$B25&"|"&COUNTIFS($B$7:$B25,$B25)) | T25: =IF($C25="","",UPPER(SUBSTITUTE(SUBSTITUTE(SUBSTITUTE(SUBSTITUTE(SUBSTITUTE(SUBSTITUTE(SUBSTITUTE(SUBSTITUTE(SUBSTITUTE(SUBSTITUTE(SUBSTITUTE(SUBSTITUTE(SUBSTITUTE(SUBSTITUTE(SUBSTITUTE(SUBSTITUTE(SUBSTITUTE(SUBSTITUTE(TRIM($C25),"'",""),"İ","I"),"ı","I"),"i","I"),"Ş","S"),"ş","S"),"Ğ","G"),"ğ","G"),"Ü","U"),"ü","U"),"Ö","O"),"ö","O"),"Ç","C"),"ç","C"),".",""),",","")," ",""),"-","")))
B26: =IF($C26="","",IFERROR(INDEX(MUSTERILER!$B$7:$B$106,MATCH($T26,MUSTERILER!$T$7:$T$106,0)),IFERROR(INDEX(MUSTERILER!$B$7:$B$106,MATCH($C26,MUSTERILER!$B$7:$B$106,0)),IFERROR(INDEX(MUSTERILER!$B$7:$B$106,MATCH($T26&"*",MUSTERILER!$T$7:$T$106,0)),"TANIMSIZ MÜŞTERİ")))) | C26: HAYDAR KAYA | D26: 46023 | F26: Aylık | G26: 1000 | H26: Aktif | I26: =IF(OR($C26="",$D26="",$G26="",$F26=""),0,$G26*IF($F26="Aylık",MAX(0,(YEAR(MIN(IF($E26="",TODAY(),$E26),TODAY()))-YEAR($D26))*12+MONTH(MIN(IF($E26="",TODAY(),$E26),TODAY()))-MONTH($D26)+IF(MIN(IF($E26="",TODAY(),$E26),TODAY())>=EOMONTH(MIN(IF($E26="",TODAY(),$E26),TODAY()),0),1,0)),MAX(0,INT((MIN(IF($E26="",TODAY(),$E26),TODAY())-($D26+MOD(SISTEM!$F$8-WEEKDAY($D26,2),7)))/7)+1))) | J26: =IF(OR($C26="",$D26="",$G26="",$F26=""),0,$G26*IF($F26="Aylık",MAX(0,(YEAR(MIN(IF($E26="",TODAY()-8,$E26),TODAY()-8))-YEAR($D26))*12+MONTH(MIN(IF($E26="",TODAY()-8,$E26),TODAY()-8))-MONTH($D26)+IF(MIN(IF($E26="",TODAY()-8,$E26),TODAY()-8)>=EOMONTH(MIN(IF($E26="",TODAY()-8,$E26),TODAY()-8),0),1,0)),MAX(0,INT((MIN(IF($E26="",TODAY()-8,$E26),TODAY()-8)-($D26+MOD(SISTEM!$F$8-WEEKDAY($D26,2),7)))/7)+1))) | K26: =IF(OR($C26="",$D26="",$G26="",$F26=""),0,$G26*IF($F26="Aylık",MAX(0,(YEAR(MIN(IF($E26="",TODAY()-15,$E26),TODAY()-15))-YEAR($D26))*12+MONTH(MIN(IF($E26="",TODAY()-15,$E26),TODAY()-15))-MONTH($D26)+IF(MIN(IF($E26="",TODAY()-15,$E26),TODAY()-15)>=EOMONTH(MIN(IF($E26="",TODAY()-15,$E26),TODAY()-15),0),1,0)),MAX(0,INT((MIN(IF($E26="",TODAY()-15,$E26),TODAY()-15)-($D26+MOD(SISTEM!$F$8-WEEKDAY($D26,2),7)))/7)+1))) | L26: =IF(OR($C26="",$D26="",$G26="",$F26=""),0,$G26*IF($F26="Aylık",MAX(0,(YEAR(MIN(IF($E26="",TODAY()-29,$E26),TODAY()-29))-YEAR($D26))*12+MONTH(MIN(IF($E26="",TODAY()-29,$E26),TODAY()-29))-MONTH($D26)+IF(MIN(IF($E26="",TODAY()-29,$E26),TODAY()-29)>=EOMONTH(MIN(IF($E26="",TODAY()-29,$E26),TODAY()-29),0),1,0)),MAX(0,INT((MIN(IF($E26="",TODAY()-29,$E26),TODAY()-29)-($D26+MOD(SISTEM!$F$8-WEEKDAY($D26,2),7)))/7)+1))) | M26: =IF($G26>0,$I26/$G26,0) | N26: =IF($C26="","",IF($B26="TANIMSIZ MÜŞTERİ","TANIMSIZ MÜŞTERİ",IF($F26="","MODEL SEÇİN",IF(OR($D26="",$G26<=0),"EKSİK",IF(AND($E26<>"",$E26<$D26),"TARİH HATASI",IF($H26="Pasif","KAPALI DÖNEM","UYGUN")))))) | O26: =IF(OR($C26="",$D26="",$F26=""),"",IF($F26="Aylık",EOMONTH($D26,0),($D26+MOD(SISTEM!$F$8-WEEKDAY($D26,2),7)))) | S26: =IF($B26="","",$B26&"|"&COUNTIFS($B$7:$B26,$B26)) | T26: =IF($C26="","",UPPER(SUBSTITUTE(SUBSTITUTE(SUBSTITUTE(SUBSTITUTE(SUBSTITUTE(SUBSTITUTE(SUBSTITUTE(SUBSTITUTE(SUBSTITUTE(SUBSTITUTE(SUBSTITUTE(SUBSTITUTE(SUBSTITUTE(SUBSTITUTE(SUBSTITUTE(SUBSTITUTE(SUBSTITUTE(SUBSTITUTE(TRIM($C26),"'",""),"İ","I"),"ı","I"),"i","I"),"Ş","S"),"ş","S"),"Ğ","G"),"ğ","G"),"Ü","U"),"ü","U"),"Ö","O"),"ö","O"),"Ç","C"),"ç","C"),".",""),",","")," ",""),"-","")))
B27: =IF($C27="","",IFERROR(INDEX(MUSTERILER!$B$7:$B$106,MATCH($T27,MUSTERILER!$T$7:$T$106,0)),IFERROR(INDEX(MUSTERILER!$B$7:$B$106,MATCH($C27,MUSTERILER!$B$7:$B$106,0)),IFERROR(INDEX(MUSTERILER!$B$7:$B$106,MATCH($T27&"*",MUSTERILER!$T$7:$T$106,0)),"TANIMSIZ MÜŞTERİ")))) | C27: IŞIL GRUP LTD.ŞTİ. | D27: 46023 | F27: Aylık | G27: 7500 | H27: Aktif | I27: =IF(OR($C27="",$D27="",$G27="",$F27=""),0,$G27*IF($F27="Aylık",MAX(0,(YEAR(MIN(IF($E27="",TODAY(),$E27),TODAY()))-YEAR($D27))*12+MONTH(MIN(IF($E27="",TODAY(),$E27),TODAY()))-MONTH($D27)+IF(MIN(IF($E27="",TODAY(),$E27),TODAY())>=EOMONTH(MIN(IF($E27="",TODAY(),$E27),TODAY()),0),1,0)),MAX(0,INT((MIN(IF($E27="",TODAY(),$E27),TODAY())-($D27+MOD(SISTEM!$F$8-WEEKDAY($D27,2),7)))/7)+1))) | J27: =IF(OR($C27="",$D27="",$G27="",$F27=""),0,$G27*IF($F27="Aylık",MAX(0,(YEAR(MIN(IF($E27="",TODAY()-8,$E27),TODAY()-8))-YEAR($D27))*12+MONTH(MIN(IF($E27="",TODAY()-8,$E27),TODAY()-8))-MONTH($D27)+IF(MIN(IF($E27="",TODAY()-8,$E27),TODAY()-8)>=EOMONTH(MIN(IF($E27="",TODAY()-8,$E27),TODAY()-8),0),1,0)),MAX(0,INT((MIN(IF($E27="",TODAY()-8,$E27),TODAY()-8)-($D27+MOD(SISTEM!$F$8-WEEKDAY($D27,2),7)))/7)+1))) | K27: =IF(OR($C27="",$D27="",$G27="",$F27=""),0,$G27*IF($F27="Aylık",MAX(0,(YEAR(MIN(IF($E27="",TODAY()-15,$E27),TODAY()-15))-YEAR($D27))*12+MONTH(MIN(IF($E27="",TODAY()-15,$E27),TODAY()-15))-MONTH($D27)+IF(MIN(IF($E27="",TODAY()-15,$E27),TODAY()-15)>=EOMONTH(MIN(IF($E27="",TODAY()-15,$E27),TODAY()-15),0),1,0)),MAX(0,INT((MIN(IF($E27="",TODAY()-15,$E27),TODAY()-15)-($D27+MOD(SISTEM!$F$8-WEEKDAY($D27,2),7)))/7)+1))) | L27: =IF(OR($C27="",$D27="",$G27="",$F27=""),0,$G27*IF($F27="Aylık",MAX(0,(YEAR(MIN(IF($E27="",TODAY()-29,$E27),TODAY()-29))-YEAR($D27))*12+MONTH(MIN(IF($E27="",TODAY()-29,$E27),TODAY()-29))-MONTH($D27)+IF(MIN(IF($E27="",TODAY()-29,$E27),TODAY()-29)>=EOMONTH(MIN(IF($E27="",TODAY()-29,$E27),TODAY()-29),0),1,0)),MAX(0,INT((MIN(IF($E27="",TODAY()-29,$E27),TODAY()-29)-($D27+MOD(SISTEM!$F$8-WEEKDAY($D27,2),7)))/7)+1))) | M27: =IF($G27>0,$I27/$G27,0) | N27: =IF($C27="","",IF($B27="TANIMSIZ MÜŞTERİ","TANIMSIZ MÜŞTERİ",IF($F27="","MODEL SEÇİN",IF(OR($D27="",$G27<=0),"EKSİK",IF(AND($E27<>"",$E27<$D27),"TARİH HATASI",IF($H27="Pasif","KAPALI DÖNEM","UYGUN")))))) | O27: =IF(OR($C27="",$D27="",$F27=""),"",IF($F27="Aylık",EOMONTH($D27,0),($D27+MOD(SISTEM!$F$8-WEEKDAY($D27,2),7)))) | S27: =IF($B27="","",$B27&"|"&COUNTIFS($B$7:$B27,$B27)) | T27: =IF($C27="","",UPPER(SUBSTITUTE(SUBSTITUTE(SUBSTITUTE(SUBSTITUTE(SUBSTITUTE(SUBSTITUTE(SUBSTITUTE(SUBSTITUTE(SUBSTITUTE(SUBSTITUTE(SUBSTITUTE(SUBSTITUTE(SUBSTITUTE(SUBSTITUTE(SUBSTITUTE(SUBSTITUTE(SUBSTITUTE(SUBSTITUTE(TRIM($C27),"'",""),"İ","I"),"ı","I"),"i","I"),"Ş","S"),"ş","S"),"Ğ","G"),"ğ","G"),"Ü","U"),"ü","U"),"Ö","O"),"ö","O"),"Ç","C"),"ç","C"),".",""),",","")," ",""),"-","")))
B28: =IF($C28="","",IFERROR(INDEX(MUSTERILER!$B$7:$B$106,MATCH($T28,MUSTERILER!$T$7:$T$106,0)),IFERROR(INDEX(MUSTERILER!$B$7:$B$106,MATCH($C28,MUSTERILER!$B$7:$B$106,0)),IFERROR(INDEX(MUSTERILER!$B$7:$B$106,MATCH($T28&"*",MUSTERILER!$T$7:$T$106,0)),"TANIMSIZ MÜŞTERİ")))) | C28: İBRAHİM MALDAN | D28: 46023 | E28: 46081 | F28: Haftalık | G28: 1500 | H28: Pasif | I28: =IF(OR($C28="",$D28="",$G28="",$F28=""),0,$G28*IF($F28="Aylık",MAX(0,(YEAR(MIN(IF($E28="",TODAY(),$E28),TODAY()))-YEAR($D28))*12+MONTH(MIN(IF($E28="",TODAY(),$E28),TODAY()))-MONTH($D28)+IF(MIN(IF($E28="",TODAY(),$E28),TODAY())>=EOMONTH(MIN(IF($E28="",TODAY(),$E28),TODAY()),0),1,0)),MAX(0,INT((MIN(IF($E28="",TODAY(),$E28),TODAY())-($D28+MOD(SISTEM!$F$8-WEEKDAY($D28,2),7)))/7)+1))) | J28: =IF(OR($C28="",$D28="",$G28="",$F28=""),0,$G28*IF($F28="Aylık",MAX(0,(YEAR(MIN(IF($E28="",TODAY()-8,$E28),TODAY()-8))-YEAR($D28))*12+MONTH(MIN(IF($E28="",TODAY()-8,$E28),TODAY()-8))-MONTH($D28)+IF(MIN(IF($E28="",TODAY()-8,$E28),TODAY()-8)>=EOMONTH(MIN(IF($E28="",TODAY()-8,$E28),TODAY()-8),0),1,0)),MAX(0,INT((MIN(IF($E28="",TODAY()-8,$E28),TODAY()-8)-($D28+MOD(SISTEM!$F$8-WEEKDAY($D28,2),7)))/7)+1))) | K28: =IF(OR($C28="",$D28="",$G28="",$F28=""),0,$G28*IF($F28="Aylık",MAX(0,(YEAR(MIN(IF($E28="",TODAY()-15,$E28),TODAY()-15))-YEAR($D28))*12+MONTH(MIN(IF($E28="",TODAY()-15,$E28),TODAY()-15))-MONTH($D28)+IF(MIN(IF($E28="",TODAY()-15,$E28),TODAY()-15)>=EOMONTH(MIN(IF($E28="",TODAY()-15,$E28),TODAY()-15),0),1,0)),MAX(0,INT((MIN(IF($E28="",TODAY()-15,$E28),TODAY()-15)-($D28+MOD(SISTEM!$F$8-WEEKDAY($D28,2),7)))/7)+1))) | L28: =IF(OR($C28="",$D28="",$G28="",$F28=""),0,$G28*IF($F28="Aylık",MAX(0,(YEAR(MIN(IF($E28="",TODAY()-29,$E28),TODAY()-29))-YEAR($D28))*12+MONTH(MIN(IF($E28="",TODAY()-29,$E28),TODAY()-29))-MONTH($D28)+IF(MIN(IF($E28="",TODAY()-29,$E28),TODAY()-29)>=EOMONTH(MIN(IF($E28="",TODAY()-29,$E28),TODAY()-29),0),1,0)),MAX(0,INT((MIN(IF($E28="",TODAY()-29,$E28),TODAY()-29)-($D28+MOD(SISTEM!$F$8-WEEKDAY($D28,2),7)))/7)+1))) | M28: =IF($G28>0,$I28/$G28,0) | N28: =IF($C28="","",IF($B28="TANIMSIZ MÜŞTERİ","TANIMSIZ MÜŞTERİ",IF($F28="","MODEL SEÇİN",IF(OR($D28="",$G28<=0),"EKSİK",IF(AND($E28<>"",$E28<$D28),"TARİH HATASI",IF($H28="Pasif","KAPALI DÖNEM","UYGUN")))))) | O28: =IF(OR($C28="",$D28="",$F28=""),"",IF($F28="Aylık",EOMONTH($D28,0),($D28+MOD(SISTEM!$F$8-WEEKDAY($D28,2),7)))) | S28: =IF($B28="","",$B28&"|"&COUNTIFS($B$7:$B28,$B28)) | T28: =IF($C28="","",UPPER(SUBSTITUTE(SUBSTITUTE(SUBSTITUTE(SUBSTITUTE(SUBSTITUTE(SUBSTITUTE(SUBSTITUTE(SUBSTITUTE(SUBSTITUTE(SUBSTITUTE(SUBSTITUTE(SUBSTITUTE(SUBSTITUTE(SUBSTITUTE(SUBSTITUTE(SUBSTITUTE(SUBSTITUTE(SUBSTITUTE(TRIM($C28),"'",""),"İ","I"),"ı","I"),"i","I"),"Ş","S"),"ş","S"),"Ğ","G"),"ğ","G"),"Ü","U"),"ü","U"),"Ö","O"),"ö","O"),"Ç","C"),"ç","C"),".",""),",","")," ",""),"-","")))
B29: =IF($C29="","",IFERROR(INDEX(MUSTERILER!$B$7:$B$106,MATCH($T29,MUSTERILER!$T$7:$T$106,0)),IFERROR(INDEX(MUSTERILER!$B$7:$B$106,MATCH($C29,MUSTERILER!$B$7:$B$106,0)),IFERROR(INDEX(MUSTERILER!$B$7:$B$106,MATCH($T29&"*",MUSTERILER!$T$7:$T$106,0)),"TANIMSIZ MÜŞTERİ")))) | C29: İLDEŞ LTD.ŞTİ. | D29: 46023 | E29: 46112 | F29: Haftalık | G29: 2000 | H29: Pasif | I29: =IF(OR($C29="",$D29="",$G29="",$F29=""),0,$G29*IF($F29="Aylık",MAX(0,(YEAR(MIN(IF($E29="",TODAY(),$E29),TODAY()))-YEAR($D29))*12+MONTH(MIN(IF($E29="",TODAY(),$E29),TODAY()))-MONTH($D29)+IF(MIN(IF($E29="",TODAY(),$E29),TODAY())>=EOMONTH(MIN(IF($E29="",TODAY(),$E29),TODAY()),0),1,0)),MAX(0,INT((MIN(IF($E29="",TODAY(),$E29),TODAY())-($D29+MOD(SISTEM!$F$8-WEEKDAY($D29,2),7)))/7)+1))) | J29: =IF(OR($C29="",$D29="",$G29="",$F29=""),0,$G29*IF($F29="Aylık",MAX(0,(YEAR(MIN(IF($E29="",TODAY()-8,$E29),TODAY()-8))-YEAR($D29))*12+MONTH(MIN(IF($E29="",TODAY()-8,$E29),TODAY()-8))-MONTH($D29)+IF(MIN(IF($E29="",TODAY()-8,$E29),TODAY()-8)>=EOMONTH(MIN(IF($E29="",TODAY()-8,$E29),TODAY()-8),0),1,0)),MAX(0,INT((MIN(IF($E29="",TODAY()-8,$E29),TODAY()-8)-($D29+MOD(SISTEM!$F$8-WEEKDAY($D29,2),7)))/7)+1))) | K29: =IF(OR($C29="",$D29="",$G29="",$F29=""),0,$G29*IF($F29="Aylık",MAX(0,(YEAR(MIN(IF($E29="",TODAY()-15,$E29),TODAY()-15))-YEAR($D29))*12+MONTH(MIN(IF($E29="",TODAY()-15,$E29),TODAY()-15))-MONTH($D29)+IF(MIN(IF($E29="",TODAY()-15,$E29),TODAY()-15)>=EOMONTH(MIN(IF($E29="",TODAY()-15,$E29),TODAY()-15),0),1,0)),MAX(0,INT((MIN(IF($E29="",TODAY()-15,$E29),TODAY()-15)-($D29+MOD(SISTEM!$F$8-WEEKDAY($D29,2),7)))/7)+1))) | L29: =IF(OR($C29="",$D29="",$G29="",$F29=""),0,$G29*IF($F29="Aylık",MAX(0,(YEAR(MIN(IF($E29="",TODAY()-29,$E29),TODAY()-29))-YEAR($D29))*12+MONTH(MIN(IF($E29="",TODAY()-29,$E29),TODAY()-29))-MONTH($D29)+IF(MIN(IF($E29="",TODAY()-29,$E29),TODAY()-29)>=EOMONTH(MIN(IF($E29="",TODAY()-29,$E29),TODAY()-29),0),1,0)),MAX(0,INT((MIN(IF($E29="",TODAY()-29,$E29),TODAY()-29)-($D29+MOD(SISTEM!$F$8-WEEKDAY($D29,2),7)))/7)+1))) | M29: =IF($G29>0,$I29/$G29,0) | N29: =IF($C29="","",IF($B29="TANIMSIZ MÜŞTERİ","TANIMSIZ MÜŞTERİ",IF($F29="","MODEL SEÇİN",IF(OR($D29="",$G29<=0),"EKSİK",IF(AND($E29<>"",$E29<$D29),"TARİH HATASI",IF($H29="Pasif","KAPALI DÖNEM","UYGUN")))))) | O29: =IF(OR($C29="",$D29="",$F29=""),"",IF($F29="Aylık",EOMONTH($D29,0),($D29+MOD(SISTEM!$F$8-WEEKDAY($D29,2),7)))) | S29: =IF($B29="","",$B29&"|"&COUNTIFS($B$7:$B29,$B29)) | T29: =IF($C29="","",UPPER(SUBSTITUTE(SUBSTITUTE(SUBSTITUTE(SUBSTITUTE(SUBSTITUTE(SUBSTITUTE(SUBSTITUTE(SUBSTITUTE(SUBSTITUTE(SUBSTITUTE(SUBSTITUTE(SUBSTITUTE(SUBSTITUTE(SUBSTITUTE(SUBSTITUTE(SUBSTITUTE(SUBSTITUTE(SUBSTITUTE(TRIM($C29),"'",""),"İ","I"),"ı","I"),"i","I"),"Ş","S"),"ş","S"),"Ğ","G"),"ğ","G"),"Ü","U"),"ü","U"),"Ö","O"),"ö","O"),"Ç","C"),"ç","C"),".",""),",","")," ",""),"-","")))
B30: =IF($C30="","",IFERROR(INDEX(MUSTERILER!$B$7:$B$106,MATCH($T30,MUSTERILER!$T$7:$T$106,0)),IFERROR(INDEX(MUSTERILER!$B$7:$B$106,MATCH($C30,MUSTERILER!$B$7:$B$106,0)),IFERROR(INDEX(MUSTERILER!$B$7:$B$106,MATCH($T30&"*",MUSTERILER!$T$7:$T$106,0)),"TANIMSIZ MÜŞTERİ")))) | C30: İSA DEMİRCİ | D30: 46023 | F30: Aylık | G30: 3500 | H30: Aktif | I30: =IF(OR($C30="",$D30="",$G30="",$F30=""),0,$G30*IF($F30="Aylık",MAX(0,(YEAR(MIN(IF($E30="",TODAY(),$E30),TODAY()))-YEAR($D30))*12+MONTH(MIN(IF($E30="",TODAY(),$E30),TODAY()))-MONTH($D30)+IF(MIN(IF($E30="",TODAY(),$E30),TODAY())>=EOMONTH(MIN(IF($E30="",TODAY(),$E30),TODAY()),0),1,0)),MAX(0,INT((MIN(IF($E30="",TODAY(),$E30),TODAY())-($D30+MOD(SISTEM!$F$8-WEEKDAY($D30,2),7)))/7)+1))) | J30: =IF(OR($C30="",$D30="",$G30="",$F30=""),0,$G30*IF($F30="Aylık",MAX(0,(YEAR(MIN(IF($E30="",TODAY()-8,$E30),TODAY()-8))-YEAR($D30))*12+MONTH(MIN(IF($E30="",TODAY()-8,$E30),TODAY()-8))-MONTH($D30)+IF(MIN(IF($E30="",TODAY()-8,$E30),TODAY()-8)>=EOMONTH(MIN(IF($E30="",TODAY()-8,$E30),TODAY()-8),0),1,0)),MAX(0,INT((MIN(IF($E30="",TODAY()-8,$E30),TODAY()-8)-($D30+MOD(SISTEM!$F$8-WEEKDAY($D30,2),7)))/7)+1))) | K30: =IF(OR($C30="",$D30="",$G30="",$F30=""),0,$G30*IF($F30="Aylık",MAX(0,(YEAR(MIN(IF($E30="",TODAY()-15,$E30),TODAY()-15))-YEAR($D30))*12+MONTH(MIN(IF($E30="",TODAY()-15,$E30),TODAY()-15))-MONTH($D30)+IF(MIN(IF($E30="",TODAY()-15,$E30),TODAY()-15)>=EOMONTH(MIN(IF($E30="",TODAY()-15,$E30),TODAY()-15),0),1,0)),MAX(0,INT((MIN(IF($E30="",TODAY()-15,$E30),TODAY()-15)-($D30+MOD(SISTEM!$F$8-WEEKDAY($D30,2),7)))/7)+1))) | L30: =IF(OR($C30="",$D30="",$G30="",$F30=""),0,$G30*IF($F30="Aylık",MAX(0,(YEAR(MIN(IF($E30="",TODAY()-29,$E30),TODAY()-29))-YEAR($D30))*12+MONTH(MIN(IF($E30="",TODAY()-29,$E30),TODAY()-29))-MONTH($D30)+IF(MIN(IF($E30="",TODAY()-29,$E30),TODAY()-29)>=EOMONTH(MIN(IF($E30="",TODAY()-29,$E30),TODAY()-29),0),1,0)),MAX(0,INT((MIN(IF($E30="",TODAY()-29,$E30),TODAY()-29)-($D30+MOD(SISTEM!$F$8-WEEKDAY($D30,2),7)))/7)+1))) | M30: =IF($G30>0,$I30/$G30,0) | N30: =IF($C30="","",IF($B30="TANIMSIZ MÜŞTERİ","TANIMSIZ MÜŞTERİ",IF($F30="","MODEL SEÇİN",IF(OR($D30="",$G30<=0),"EKSİK",IF(AND($E30<>"",$E30<$D30),"TARİH HATASI",IF($H30="Pasif","KAPALI DÖNEM","UYGUN")))))) | O30: =IF(OR($C30="",$D30="",$F30=""),"",IF($F30="Aylık",EOMONTH($D30,0),($D30+MOD(SISTEM!$F$8-WEEKDAY($D30,2),7)))) | S30: =IF($B30="","",$B30&"|"&COUNTIFS($B$7:$B30,$B30)) | T30: =IF($C30="","",UPPER(SUBSTITUTE(SUBSTITUTE(SUBSTITUTE(SUBSTITUTE(SUBSTITUTE(SUBSTITUTE(SUBSTITUTE(SUBSTITUTE(SUBSTITUTE(SUBSTITUTE(SUBSTITUTE(SUBSTITUTE(SUBSTITUTE(SUBSTITUTE(SUBSTITUTE(SUBSTITUTE(SUBSTITUTE(SUBSTITUTE(TRIM($C30),"'",""),"İ","I"),"ı","I"),"i","I"),"Ş","S"),"ş","S"),"Ğ","G"),"ğ","G"),"Ü","U"),"ü","U"),"Ö","O"),"ö","O"),"Ç","C"),"ç","C"),".",""),",","")," ",""),"-","")))
B31: =IF($C31="","",IFERROR(INDEX(MUSTERILER!$B$7:$B$106,MATCH($T31,MUSTERILER!$T$7:$T$106,0)),IFERROR(INDEX(MUSTERILER!$B$7:$B$106,MATCH($C31,MUSTERILER!$B$7:$B$106,0)),IFERROR(INDEX(MUSTERILER!$B$7:$B$106,MATCH($T31&"*",MUSTERILER!$T$7:$T$106,0)),"TANIMSIZ MÜŞTERİ")))) | C31: İSMAİL AKPINAR | D31: 46023 | F31: Aylık | G31: 4000 | H31: Aktif | I31: =IF(OR($C31="",$D31="",$G31="",$F31=""),0,$G31*IF($F31="Aylık",MAX(0,(YEAR(MIN(IF($E31="",TODAY(),$E31),TODAY()))-YEAR($D31))*12+MONTH(MIN(IF($E31="",TODAY(),$E31),TODAY()))-MONTH($D31)+IF(MIN(IF($E31="",TODAY(),$E31),TODAY())>=EOMONTH(MIN(IF($E31="",TODAY(),$E31),TODAY()),0),1,0)),MAX(0,INT((MIN(IF($E31="",TODAY(),$E31),TODAY())-($D31+MOD(SISTEM!$F$8-WEEKDAY($D31,2),7)))/7)+1))) | J31: =IF(OR($C31="",$D31="",$G31="",$F31=""),0,$G31*IF($F31="Aylık",MAX(0,(YEAR(MIN(IF($E31="",TODAY()-8,$E31),TODAY()-8))-YEAR($D31))*12+MONTH(MIN(IF($E31="",TODAY()-8,$E31),TODAY()-8))-MONTH($D31)+IF(MIN(IF($E31="",TODAY()-8,$E31),TODAY()-8)>=EOMONTH(MIN(IF($E31="",TODAY()-8,$E31),TODAY()-8),0),1,0)),MAX(0,INT((MIN(IF($E31="",TODAY()-8,$E31),TODAY()-8)-($D31+MOD(SISTEM!$F$8-WEEKDAY($D31,2),7)))/7)+1))) | K31: =IF(OR($C31="",$D31="",$G31="",$F31=""),0,$G31*IF($F31="Aylık",MAX(0,(YEAR(MIN(IF($E31="",TODAY()-15,$E31),TODAY()-15))-YEAR($D31))*12+MONTH(MIN(IF($E31="",TODAY()-15,$E31),TODAY()-15))-MONTH($D31)+IF(MIN(IF($E31="",TODAY()-15,$E31),TODAY()-15)>=EOMONTH(MIN(IF($E31="",TODAY()-15,$E31),TODAY()-15),0),1,0)),MAX(0,INT((MIN(IF($E31="",TODAY()-15,$E31),TODAY()-15)-($D31+MOD(SISTEM!$F$8-WEEKDAY($D31,2),7)))/7)+1))) | L31: =IF(OR($C31="",$D31="",$G31="",$F31=""),0,$G31*IF($F31="Aylık",MAX(0,(YEAR(MIN(IF($E31="",TODAY()-29,$E31),TODAY()-29))-YEAR($D31))*12+MONTH(MIN(IF($E31="",TODAY()-29,$E31),TODAY()-29))-MONTH($D31)+IF(MIN(IF($E31="",TODAY()-29,$E31),TODAY()-29)>=EOMONTH(MIN(IF($E31="",TODAY()-29,$E31),TODAY()-29),0),1,0)),MAX(0,INT((MIN(IF($E31="",TODAY()-29,$E31),TODAY()-29)-($D31+MOD(SISTEM!$F$8-WEEKDAY($D31,2),7)))/7)+1))) | M31: =IF($G31>0,$I31/$G31,0) | N31: =IF($C31="","",IF($B31="TANIMSIZ MÜŞTERİ","TANIMSIZ MÜŞTERİ",IF($F31="","MODEL SEÇİN",IF(OR($D31="",$G31<=0),"EKSİK",IF(AND($E31<>"",$E31<$D31),"TARİH HATASI",IF($H31="Pasif","KAPALI DÖNEM","UYGUN")))))) | O31: =IF(OR($C31="",$D31="",$F31=""),"",IF($F31="Aylık",EOMONTH($D31,0),($D31+MOD(SISTEM!$F$8-WEEKDAY($D31,2),7)))) | S31: =IF($B31="","",$B31&"|"&COUNTIFS($B$7:$B31,$B31)) | T31: =IF($C31="","",UPPER(SUBSTITUTE(SUBSTITUTE(SUBSTITUTE(SUBSTITUTE(SUBSTITUTE(SUBSTITUTE(SUBSTITUTE(SUBSTITUTE(SUBSTITUTE(SUBSTITUTE(SUBSTITUTE(SUBSTITUTE(SUBSTITUTE(SUBSTITUTE(SUBSTITUTE(SUBSTITUTE(SUBSTITUTE(SUBSTITUTE(TRIM($C31),"'",""),"İ","I"),"ı","I"),"i","I"),"Ş","S"),"ş","S"),"Ğ","G"),"ğ","G"),"Ü","U"),"ü","U"),"Ö","O"),"ö","O"),"Ç","C"),"ç","C"),".",""),",","")," ",""),"-","")))
B32: =IF($C32="","",IFERROR(INDEX(MUSTERILER!$B$7:$B$106,MATCH($T32,MUSTERILER!$T$7:$T$106,0)),IFERROR(INDEX(MUSTERILER!$B$7:$B$106,MATCH($C32,MUSTERILER!$B$7:$B$106,0)),IFERROR(INDEX(MUSTERILER!$B$7:$B$106,MATCH($T32&"*",MUSTERILER!$T$7:$T$106,0)),"TANIMSIZ MÜŞTERİ")))) | C32: KÖŞK YÜKSELEN LTD.ŞTİ. | D32: 46023 | F32: Haftalık | G32: 2500 | H32: Aktif | I32: =IF(OR($C32="",$D32="",$G32="",$F32=""),0,$G32*IF($F32="Aylık",MAX(0,(YEAR(MIN(IF($E32="",TODAY(),$E32),TODAY()))-YEAR($D32))*12+MONTH(MIN(IF($E32="",TODAY(),$E32),TODAY()))-MONTH($D32)+IF(MIN(IF($E32="",TODAY(),$E32),TODAY())>=EOMONTH(MIN(IF($E32="",TODAY(),$E32),TODAY()),0),1,0)),MAX(0,INT((MIN(IF($E32="",TODAY(),$E32),TODAY())-($D32+MOD(SISTEM!$F$8-WEEKDAY($D32,2),7)))/7)+1))) | J32: =IF(OR($C32="",$D32="",$G32="",$F32=""),0,$G32*IF($F32="Aylık",MAX(0,(YEAR(MIN(IF($E32="",TODAY()-8,$E32),TODAY()-8))-YEAR($D32))*12+MONTH(MIN(IF($E32="",TODAY()-8,$E32),TODAY()-8))-MONTH($D32)+IF(MIN(IF($E32="",TODAY()-8,$E32),TODAY()-8)>=EOMONTH(MIN(IF($E32="",TODAY()-8,$E32),TODAY()-8),0),1,0)),MAX(0,INT((MIN(IF($E32="",TODAY()-8,$E32),TODAY()-8)-($D32+MOD(SISTEM!$F$8-WEEKDAY($D32,2),7)))/7)+1))) | K32: =IF(OR($C32="",$D32="",$G32="",$F32=""),0,$G32*IF($F32="Aylık",MAX(0,(YEAR(MIN(IF($E32="",TODAY()-15,$E32),TODAY()-15))-YEAR($D32))*12+MONTH(MIN(IF($E32="",TODAY()-15,$E32),TODAY()-15))-MONTH($D32)+IF(MIN(IF($E32="",TODAY()-15,$E32),TODAY()-15)>=EOMONTH(MIN(IF($E32="",TODAY()-15,$E32),TODAY()-15),0),1,0)),MAX(0,INT((MIN(IF($E32="",TODAY()-15,$E32),TODAY()-15)-($D32+MOD(SISTEM!$F$8-WEEKDAY($D32,2),7)))/7)+1))) | L32: =IF(OR($C32="",$D32="",$G32="",$F32=""),0,$G32*IF($F32="Aylık",MAX(0,(YEAR(MIN(IF($E32="",TODAY()-29,$E32),TODAY()-29))-YEAR($D32))*12+MONTH(MIN(IF($E32="",TODAY()-29,$E32),TODAY()-29))-MONTH($D32)+IF(MIN(IF($E32="",TODAY()-29,$E32),TODAY()-29)>=EOMONTH(MIN(IF($E32="",TODAY()-29,$E32),TODAY()-29),0),1,0)),MAX(0,INT((MIN(IF($E32="",TODAY()-29,$E32),TODAY()-29)-($D32+MOD(SISTEM!$F$8-WEEKDAY($D32,2),7)))/7)+1))) | M32: =IF($G32>0,$I32/$G32,0) | N32: =IF($C32="","",IF($B32="TANIMSIZ MÜŞTERİ","TANIMSIZ MÜŞTERİ",IF($F32="","MODEL SEÇİN",IF(OR($D32="",$G32<=0),"EKSİK",IF(AND($E32<>"",$E32<$D32),"TARİH HATASI",IF($H32="Pasif","KAPALI DÖNEM","UYGUN")))))) | O32: =IF(OR($C32="",$D32="",$F32=""),"",IF($F32="Aylık",EOMONTH($D32,0),($D32+MOD(SISTEM!$F$8-WEEKDAY($D32,2),7)))) | S32: =IF($B32="","",$B32&"|"&COUNTIFS($B$7:$B32,$B32)) | T32: =IF($C32="","",UPPER(SUBSTITUTE(SUBSTITUTE(SUBSTITUTE(SUBSTITUTE(SUBSTITUTE(SUBSTITUTE(SUBSTITUTE(SUBSTITUTE(SUBSTITUTE(SUBSTITUTE(SUBSTITUTE(SUBSTITUTE(SUBSTITUTE(SUBSTITUTE(SUBSTITUTE(SUBSTITUTE(SUBSTITUTE(SUBSTITUTE(TRIM($C32),"'",""),"İ","I"),"ı","I"),"i","I"),"Ş","S"),"ş","S"),"Ğ","G"),"ğ","G"),"Ü","U"),"ü","U"),"Ö","O"),"ö","O"),"Ç","C"),"ç","C"),".",""),",","")," ",""),"-","")))
B33: =IF($C33="","",IFERROR(INDEX(MUSTERILER!$B$7:$B$106,MATCH($T33,MUSTERILER!$T$7:$T$106,0)),IFERROR(INDEX(MUSTERILER!$B$7:$B$106,MATCH($C33,MUSTERILER!$B$7:$B$106,0)),IFERROR(INDEX(MUSTERILER!$B$7:$B$106,MATCH($T33&"*",MUSTERILER!$T$7:$T$106,0)),"TANIMSIZ MÜŞTERİ")))) | C33: KRİSTAL LTD.ŞTİ. | D33: 46023 | F33: Haftalık | G33: 3000 | H33: Aktif | I33: =IF(OR($C33="",$D33="",$G33="",$F33=""),0,$G33*IF($F33="Aylık",MAX(0,(YEAR(MIN(IF($E33="",TODAY(),$E33),TODAY()))-YEAR($D33))*12+MONTH(MIN(IF($E33="",TODAY(),$E33),TODAY()))-MONTH($D33)+IF(MIN(IF($E33="",TODAY(),$E33),TODAY())>=EOMONTH(MIN(IF($E33="",TODAY(),$E33),TODAY()),0),1,0)),MAX(0,INT((MIN(IF($E33="",TODAY(),$E33),TODAY())-($D33+MOD(SISTEM!$F$8-WEEKDAY($D33,2),7)))/7)+1))) | J33: =IF(OR($C33="",$D33="",$G33="",$F33=""),0,$G33*IF($F33="Aylık",MAX(0,(YEAR(MIN(IF($E33="",TODAY()-8,$E33),TODAY()-8))-YEAR($D33))*12+MONTH(MIN(IF($E33="",TODAY()-8,$E33),TODAY()-8))-MONTH($D33)+IF(MIN(IF($E33="",TODAY()-8,$E33),TODAY()-8)>=EOMONTH(MIN(IF($E33="",TODAY()-8,$E33),TODAY()-8),0),1,0)),MAX(0,INT((MIN(IF($E33="",TODAY()-8,$E33),TODAY()-8)-($D33+MOD(SISTEM!$F$8-WEEKDAY($D33,2),7)))/7)+1))) | K33: =IF(OR($C33="",$D33="",$G33="",$F33=""),0,$G33*IF($F33="Aylık",MAX(0,(YEAR(MIN(IF($E33="",TODAY()-15,$E33),TODAY()-15))-YEAR($D33))*12+MONTH(MIN(IF($E33="",TODAY()-15,$E33),TODAY()-15))-MONTH($D33)+IF(MIN(IF($E33="",TODAY()-15,$E33),TODAY()-15)>=EOMONTH(MIN(IF($E33="",TODAY()-15,$E33),TODAY()-15),0),1,0)),MAX(0,INT((MIN(IF($E33="",TODAY()-15,$E33),TODAY()-15)-($D33+MOD(SISTEM!$F$8-WEEKDAY($D33,2),7)))/7)+1))) | L33: =IF(OR($C33="",$D33="",$G33="",$F33=""),0,$G33*IF($F33="Aylık",MAX(0,(YEAR(MIN(IF($E33="",TODAY()-29,$E33),TODAY()-29))-YEAR($D33))*12+MONTH(MIN(IF($E33="",TODAY()-29,$E33),TODAY()-29))-MONTH($D33)+IF(MIN(IF($E33="",TODAY()-29,$E33),TODAY()-29)>=EOMONTH(MIN(IF($E33="",TODAY()-29,$E33),TODAY()-29),0),1,0)),MAX(0,INT((MIN(IF($E33="",TODAY()-29,$E33),TODAY()-29)-($D33+MOD(SISTEM!$F$8-WEEKDAY($D33,2),7)))/7)+1))) | M33: =IF($G33>0,$I33/$G33,0) | N33: =IF($C33="","",IF($B33="TANIMSIZ MÜŞTERİ","TANIMSIZ MÜŞTERİ",IF($F33="","MODEL SEÇİN",IF(OR($D33="",$G33<=0),"EKSİK",IF(AND($E33<>"",$E33<$D33),"TARİH HATASI",IF($H33="Pasif","KAPALI DÖNEM","UYGUN")))))) | O33: =IF(OR($C33="",$D33="",$F33=""),"",IF($F33="Aylık",EOMONTH($D33,0),($D33+MOD(SISTEM!$F$8-WEEKDAY($D33,2),7)))) | S33: =IF($B33="","",$B33&"|"&COUNTIFS($B$7:$B33,$B33)) | T33: =IF($C33="","",UPPER(SUBSTITUTE(SUBSTITUTE(SUBSTITUTE(SUBSTITUTE(SUBSTITUTE(SUBSTITUTE(SUBSTITUTE(SUBSTITUTE(SUBSTITUTE(SUBSTITUTE(SUBSTITUTE(SUBSTITUTE(SUBSTITUTE(SUBSTITUTE(SUBSTITUTE(SUBSTITUTE(SUBSTITUTE(SUBSTITUTE(TRIM($C33),"'",""),"İ","I"),"ı","I"),"i","I"),"Ş","S"),"ş","S"),"Ğ","G"),"ğ","G"),"Ü","U"),"ü","U"),"Ö","O"),"ö","O"),"Ç","C"),"ç","C"),".",""),",","")," ",""),"-","")))
B34: =IF($C34="","",IFERROR(INDEX(MUSTERILER!$B$7:$B$106,MATCH($T34,MUSTERILER!$T$7:$T$106,0)),IFERROR(INDEX(MUSTERILER!$B$7:$B$106,MATCH($C34,MUSTERILER!$B$7:$B$106,0)),IFERROR(INDEX(MUSTERILER!$B$7:$B$106,MATCH($T34&"*",MUSTERILER!$T$7:$T$106,0)),"TANIMSIZ MÜŞTERİ")))) | C34: MEHMET EVREN KILINÇ | D34: 46023 | F34: Aylık | G34: 2000 | H34: Aktif | I34: =IF(OR($C34="",$D34="",$G34="",$F34=""),0,$G34*IF($F34="Aylık",MAX(0,(YEAR(MIN(IF($E34="",TODAY(),$E34),TODAY()))-YEAR($D34))*12+MONTH(MIN(IF($E34="",TODAY(),$E34),TODAY()))-MONTH($D34)+IF(MIN(IF($E34="",TODAY(),$E34),TODAY())>=EOMONTH(MIN(IF($E34="",TODAY(),$E34),TODAY()),0),1,0)),MAX(0,INT((MIN(IF($E34="",TODAY(),$E34),TODAY())-($D34+MOD(SISTEM!$F$8-WEEKDAY($D34,2),7)))/7)+1))) | J34: =IF(OR($C34="",$D34="",$G34="",$F34=""),0,$G34*IF($F34="Aylık",MAX(0,(YEAR(MIN(IF($E34="",TODAY()-8,$E34),TODAY()-8))-YEAR($D34))*12+MONTH(MIN(IF($E34="",TODAY()-8,$E34),TODAY()-8))-MONTH($D34)+IF(MIN(IF($E34="",TODAY()-8,$E34),TODAY()-8)>=EOMONTH(MIN(IF($E34="",TODAY()-8,$E34),TODAY()-8),0),1,0)),MAX(0,INT((MIN(IF($E34="",TODAY()-8,$E34),TODAY()-8)-($D34+MOD(SISTEM!$F$8-WEEKDAY($D34,2),7)))/7)+1))) | K34: =IF(OR($C34="",$D34="",$G34="",$F34=""),0,$G34*IF($F34="Aylık",MAX(0,(YEAR(MIN(IF($E34="",TODAY()-15,$E34),TODAY()-15))-YEAR($D34))*12+MONTH(MIN(IF($E34="",TODAY()-15,$E34),TODAY()-15))-MONTH($D34)+IF(MIN(IF($E34="",TODAY()-15,$E34),TODAY()-15)>=EOMONTH(MIN(IF($E34="",TODAY()-15,$E34),TODAY()-15),0),1,0)),MAX(0,INT((MIN(IF($E34="",TODAY()-15,$E34),TODAY()-15)-($D34+MOD(SISTEM!$F$8-WEEKDAY($D34,2),7)))/7)+1))) | L34: =IF(OR($C34="",$D34="",$G34="",$F34=""),0,$G34*IF($F34="Aylık",MAX(0,(YEAR(MIN(IF($E34="",TODAY()-29,$E34),TODAY()-29))-YEAR($D34))*12+MONTH(MIN(IF($E34="",TODAY()-29,$E34),TODAY()-29))-MONTH($D34)+IF(MIN(IF($E34="",TODAY()-29,$E34),TODAY()-29)>=EOMONTH(MIN(IF($E34="",TODAY()-29,$E34),TODAY()-29),0),1,0)),MAX(0,INT((MIN(IF($E34="",TODAY()-29,$E34),TODAY()-29)-($D34+MOD(SISTEM!$F$8-WEEKDAY($D34,2),7)))/7)+1))) | M34: =IF($G34>0,$I34/$G34,0) | N34: =IF($C34="","",IF($B34="TANIMSIZ MÜŞTERİ","TANIMSIZ MÜŞTERİ",IF($F34="","MODEL SEÇİN",IF(OR($D34="",$G34<=0),"EKSİK",IF(AND($E34<>"",$E34<$D34),"TARİH HATASI",IF($H34="Pasif","KAPALI DÖNEM","UYGUN")))))) | O34: =IF(OR($C34="",$D34="",$F34=""),"",IF($F34="Aylık",EOMONTH($D34,0),($D34+MOD(SISTEM!$F$8-WEEKDAY($D34,2),7)))) | S34: =IF($B34="","",$B34&"|"&COUNTIFS($B$7:$B34,$B34)) | T34: =IF($C34="","",UPPER(SUBSTITUTE(SUBSTITUTE(SUBSTITUTE(SUBSTITUTE(SUBSTITUTE(SUBSTITUTE(SUBSTITUTE(SUBSTITUTE(SUBSTITUTE(SUBSTITUTE(SUBSTITUTE(SUBSTITUTE(SUBSTITUTE(SUBSTITUTE(SUBSTITUTE(SUBSTITUTE(SUBSTITUTE(SUBSTITUTE(TRIM($C34),"'",""),"İ","I"),"ı","I"),"i","I"),"Ş","S"),"ş","S"),"Ğ","G"),"ğ","G"),"Ü","U"),"ü","U"),"Ö","O"),"ö","O"),"Ç","C"),"ç","C"),".",""),",","")," ",""),"-","")))
B35: =IF($C35="","",IFERROR(INDEX(MUSTERILER!$B$7:$B$106,MATCH($T35,MUSTERILER!$T$7:$T$106,0)),IFERROR(INDEX(MUSTERILER!$B$7:$B$106,MATCH($C35,MUSTERILER!$B$7:$B$106,0)),IFERROR(INDEX(MUSTERILER!$B$7:$B$106,MATCH($T35&"*",MUSTERILER!$T$7:$T$106,0)),"TANIMSIZ MÜŞTERİ")))) | C35: MELEK GÜLER | D35: 46023 | F35: Aylık | G35: 3000 | H35: Aktif | I35: =IF(OR($C35="",$D35="",$G35="",$F35=""),0,$G35*IF($F35="Aylık",MAX(0,(YEAR(MIN(IF($E35="",TODAY(),$E35),TODAY()))-YEAR($D35))*12+MONTH(MIN(IF($E35="",TODAY(),$E35),TODAY()))-MONTH($D35)+IF(MIN(IF($E35="",TODAY(),$E35),TODAY())>=EOMONTH(MIN(IF($E35="",TODAY(),$E35),TODAY()),0),1,0)),MAX(0,INT((MIN(IF($E35="",TODAY(),$E35),TODAY())-($D35+MOD(SISTEM!$F$8-WEEKDAY($D35,2),7)))/7)+1))) | J35: =IF(OR($C35="",$D35="",$G35="",$F35=""),0,$G35*IF($F35="Aylık",MAX(0,(YEAR(MIN(IF($E35="",TODAY()-8,$E35),TODAY()-8))-YEAR($D35))*12+MONTH(MIN(IF($E35="",TODAY()-8,$E35),TODAY()-8))-MONTH($D35)+IF(MIN(IF($E35="",TODAY()-8,$E35),TODAY()-8)>=EOMONTH(MIN(IF($E35="",TODAY()-8,$E35),TODAY()-8),0),1,0)),MAX(0,INT((MIN(IF($E35="",TODAY()-8,$E35),TODAY()-8)-($D35+MOD(SISTEM!$F$8-WEEKDAY($D35,2),7)))/7)+1))) | K35: =IF(OR($C35="",$D35="",$G35="",$F35=""),0,$G35*IF($F35="Aylık",MAX(0,(YEAR(MIN(IF($E35="",TODAY()-15,$E35),TODAY()-15))-YEAR($D35))*12+MONTH(MIN(IF($E35="",TODAY()-15,$E35),TODAY()-15))-MONTH($D35)+IF(MIN(IF($E35="",TODAY()-15,$E35),TODAY()-15)>=EOMONTH(MIN(IF($E35="",TODAY()-15,$E35),TODAY()-15),0),1,0)),MAX(0,INT((MIN(IF($E35="",TODAY()-15,$E35),TODAY()-15)-($D35+MOD(SISTEM!$F$8-WEEKDAY($D35,2),7)))/7)+1))) | L35: =IF(OR($C35="",$D35="",$G35="",$F35=""),0,$G35*IF($F35="Aylık",MAX(0,(YEAR(MIN(IF($E35="",TODAY()-29,$E35),TODAY()-29))-YEAR($D35))*12+MONTH(MIN(IF($E35="",TODAY()-29,$E35),TODAY()-29))-MONTH($D35)+IF(MIN(IF($E35="",TODAY()-29,$E35),TODAY()-29)>=EOMONTH(MIN(IF($E35="",TODAY()-29,$E35),TODAY()-29),0),1,0)),MAX(0,INT((MIN(IF($E35="",TODAY()-29,$E35),TODAY()-29)-($D35+MOD(SISTEM!$F$8-WEEKDAY($D35,2),7)))/7)+1))) | M35: =IF($G35>0,$I35/$G35,0) | N35: =IF($C35="","",IF($B35="TANIMSIZ MÜŞTERİ","TANIMSIZ MÜŞTERİ",IF($F35="","MODEL SEÇİN",IF(OR($D35="",$G35<=0),"EKSİK",IF(AND($E35<>"",$E35<$D35),"TARİH HATASI",IF($H35="Pasif","KAPALI DÖNEM","UYGUN")))))) | O35: =IF(OR($C35="",$D35="",$F35=""),"",IF($F35="Aylık",EOMONTH($D35,0),($D35+MOD(SISTEM!$F$8-WEEKDAY($D35,2),7)))) | S35: =IF($B35="","",$B35&"|"&COUNTIFS($B$7:$B35,$B35)) | T35: =IF($C35="","",UPPER(SUBSTITUTE(SUBSTITUTE(SUBSTITUTE(SUBSTITUTE(SUBSTITUTE(SUBSTITUTE(SUBSTITUTE(SUBSTITUTE(SUBSTITUTE(SUBSTITUTE(SUBSTITUTE(SUBSTITUTE(SUBSTITUTE(SUBSTITUTE(SUBSTITUTE(SUBSTITUTE(SUBSTITUTE(SUBSTITUTE(TRIM($C35),"'",""),"İ","I"),"ı","I"),"i","I"),"Ş","S"),"ş","S"),"Ğ","G"),"ğ","G"),"Ü","U"),"ü","U"),"Ö","O"),"ö","O"),"Ç","C"),"ç","C"),".",""),",","")," ",""),"-","")))
B36: =IF($C36="","",IFERROR(INDEX(MUSTERILER!$B$7:$B$106,MATCH($T36,MUSTERILER!$T$7:$T$106,0)),IFERROR(INDEX(MUSTERILER!$B$7:$B$106,MATCH($C36,MUSTERILER!$B$7:$B$106,0)),IFERROR(INDEX(MUSTERILER!$B$7:$B$106,MATCH($T36&"*",MUSTERILER!$T$7:$T$106,0)),"TANIMSIZ MÜŞTERİ")))) | C36: MELİSA BEDİR | D36: 46023 | F36: Aylık | G36: 3000 | H36: Aktif | I36: =IF(OR($C36="",$D36="",$G36="",$F36=""),0,$G36*IF($F36="Aylık",MAX(0,(YEAR(MIN(IF($E36="",TODAY(),$E36),TODAY()))-YEAR($D36))*12+MONTH(MIN(IF($E36="",TODAY(),$E36),TODAY()))-MONTH($D36)+IF(MIN(IF($E36="",TODAY(),$E36),TODAY())>=EOMONTH(MIN(IF($E36="",TODAY(),$E36),TODAY()),0),1,0)),MAX(0,INT((MIN(IF($E36="",TODAY(),$E36),TODAY())-($D36+MOD(SISTEM!$F$8-WEEKDAY($D36,2),7)))/7)+1))) | J36: =IF(OR($C36="",$D36="",$G36="",$F36=""),0,$G36*IF($F36="Aylık",MAX(0,(YEAR(MIN(IF($E36="",TODAY()-8,$E36),TODAY()-8))-YEAR($D36))*12+MONTH(MIN(IF($E36="",TODAY()-8,$E36),TODAY()-8))-MONTH($D36)+IF(MIN(IF($E36="",TODAY()-8,$E36),TODAY()-8)>=EOMONTH(MIN(IF($E36="",TODAY()-8,$E36),TODAY()-8),0),1,0)),MAX(0,INT((MIN(IF($E36="",TODAY()-8,$E36),TODAY()-8)-($D36+MOD(SISTEM!$F$8-WEEKDAY($D36,2),7)))/7)+1))) | K36: =IF(OR($C36="",$D36="",$G36="",$F36=""),0,$G36*IF($F36="Aylık",MAX(0,(YEAR(MIN(IF($E36="",TODAY()-15,$E36),TODAY()-15))-YEAR($D36))*12+MONTH(MIN(IF($E36="",TODAY()-15,$E36),TODAY()-15))-MONTH($D36)+IF(MIN(IF($E36="",TODAY()-15,$E36),TODAY()-15)>=EOMONTH(MIN(IF($E36="",TODAY()-15,$E36),TODAY()-15),0),1,0)),MAX(0,INT((MIN(IF($E36="",TODAY()-15,$E36),TODAY()-15)-($D36+MOD(SISTEM!$F$8-WEEKDAY($D36,2),7)))/7)+1))) | L36: =IF(OR($C36="",$D36="",$G36="",$F36=""),0,$G36*IF($F36="Aylık",MAX(0,(YEAR(MIN(IF($E36="",TODAY()-29,$E36),TODAY()-29))-YEAR($D36))*12+MONTH(MIN(IF($E36="",TODAY()-29,$E36),TODAY()-29))-MONTH($D36)+IF(MIN(IF($E36="",TODAY()-29,$E36),TODAY()-29)>=EOMONTH(MIN(IF($E36="",TODAY()-29,$E36),TODAY()-29),0),1,0)),MAX(0,INT((MIN(IF($E36="",TODAY()-29,$E36),TODAY()-29)-($D36+MOD(SISTEM!$F$8-WEEKDAY($D36,2),7)))/7)+1))) | M36: =IF($G36>0,$I36/$G36,0) | N36: =IF($C36="","",IF($B36="TANIMSIZ MÜŞTERİ","TANIMSIZ MÜŞTERİ",IF($F36="","MODEL SEÇİN",IF(OR($D36="",$G36<=0),"EKSİK",IF(AND($E36<>"",$E36<$D36),"TARİH HATASI",IF($H36="Pasif","KAPALI DÖNEM","UYGUN")))))) | O36: =IF(OR($C36="",$D36="",$F36=""),"",IF($F36="Aylık",EOMONTH($D36,0),($D36+MOD(SISTEM!$F$8-WEEKDAY($D36,2),7)))) | S36: =IF($B36="","",$B36&"|"&COUNTIFS($B$7:$B36,$B36)) | T36: =IF($C36="","",UPPER(SUBSTITUTE(SUBSTITUTE(SUBSTITUTE(SUBSTITUTE(SUBSTITUTE(SUBSTITUTE(SUBSTITUTE(SUBSTITUTE(SUBSTITUTE(SUBSTITUTE(SUBSTITUTE(SUBSTITUTE(SUBSTITUTE(SUBSTITUTE(SUBSTITUTE(SUBSTITUTE(SUBSTITUTE(SUBSTITUTE(TRIM($C36),"'",""),"İ","I"),"ı","I"),"i","I"),"Ş","S"),"ş","S"),"Ğ","G"),"ğ","G"),"Ü","U"),"ü","U"),"Ö","O"),"ö","O"),"Ç","C"),"ç","C"),".",""),",","")," ",""),"-","")))
B37: =IF($C37="","",IFERROR(INDEX(MUSTERILER!$B$7:$B$106,MATCH($T37,MUSTERILER!$T$7:$T$106,0)),IFERROR(INDEX(MUSTERILER!$B$7:$B$106,MATCH($C37,MUSTERILER!$B$7:$B$106,0)),IFERROR(INDEX(MUSTERILER!$B$7:$B$106,MATCH($T37&"*",MUSTERILER!$T$7:$T$106,0)),"TANIMSIZ MÜŞTERİ")))) | C37: MENEKŞE AKAN | D37: 46023 | F37: Aylık | G37: 1500 | H37: Aktif | I37: =IF(OR($C37="",$D37="",$G37="",$F37=""),0,$G37*IF($F37="Aylık",MAX(0,(YEAR(MIN(IF($E37="",TODAY(),$E37),TODAY()))-YEAR($D37))*12+MONTH(MIN(IF($E37="",TODAY(),$E37),TODAY()))-MONTH($D37)+IF(MIN(IF($E37="",TODAY(),$E37),TODAY())>=EOMONTH(MIN(IF($E37="",TODAY(),$E37),TODAY()),0),1,0)),MAX(0,INT((MIN(IF($E37="",TODAY(),$E37),TODAY())-($D37+MOD(SISTEM!$F$8-WEEKDAY($D37,2),7)))/7)+1))) | J37: =IF(OR($C37="",$D37="",$G37="",$F37=""),0,$G37*IF($F37="Aylık",MAX(0,(YEAR(MIN(IF($E37="",TODAY()-8,$E37),TODAY()-8))-YEAR($D37))*12+MONTH(MIN(IF($E37="",TODAY()-8,$E37),TODAY()-8))-MONTH($D37)+IF(MIN(IF($E37="",TODAY()-8,$E37),TODAY()-8)>=EOMONTH(MIN(IF($E37="",TODAY()-8,$E37),TODAY()-8),0),1,0)),MAX(0,INT((MIN(IF($E37="",TODAY()-8,$E37),TODAY()-8)-($D37+MOD(SISTEM!$F$8-WEEKDAY($D37,2),7)))/7)+1))) | K37: =IF(OR($C37="",$D37="",$G37="",$F37=""),0,$G37*IF($F37="Aylık",MAX(0,(YEAR(MIN(IF($E37="",TODAY()-15,$E37),TODAY()-15))-YEAR($D37))*12+MONTH(MIN(IF($E37="",TODAY()-15,$E37),TODAY()-15))-MONTH($D37)+IF(MIN(IF($E37="",TODAY()-15,$E37),TODAY()-15)>=EOMONTH(MIN(IF($E37="",TODAY()-15,$E37),TODAY()-15),0),1,0)),MAX(0,INT((MIN(IF($E37="",TODAY()-15,$E37),TODAY()-15)-($D37+MOD(SISTEM!$F$8-WEEKDAY($D37,2),7)))/7)+1))) | L37: =IF(OR($C37="",$D37="",$G37="",$F37=""),0,$G37*IF($F37="Aylık",MAX(0,(YEAR(MIN(IF($E37="",TODAY()-29,$E37),TODAY()-29))-YEAR($D37))*12+MONTH(MIN(IF($E37="",TODAY()-29,$E37),TODAY()-29))-MONTH($D37)+IF(MIN(IF($E37="",TODAY()-29,$E37),TODAY()-29)>=EOMONTH(MIN(IF($E37="",TODAY()-29,$E37),TODAY()-29),0),1,0)),MAX(0,INT((MIN(IF($E37="",TODAY()-29,$E37),TODAY()-29)-($D37+MOD(SISTEM!$F$8-WEEKDAY($D37,2),7)))/7)+1))) | M37: =IF($G37>0,$I37/$G37,0) | N37: =IF($C37="","",IF($B37="TANIMSIZ MÜŞTERİ","TANIMSIZ MÜŞTERİ",IF($F37="","MODEL SEÇİN",IF(OR($D37="",$G37<=0),"EKSİK",IF(AND($E37<>"",$E37<$D37),"TARİH HATASI",IF($H37="Pasif","KAPALI DÖNEM","UYGUN")))))) | O37: =IF(OR($C37="",$D37="",$F37=""),"",IF($F37="Aylık",EOMONTH($D37,0),($D37+MOD(SISTEM!$F$8-WEEKDAY($D37,2),7)))) | S37: =IF($B37="","",$B37&"|"&COUNTIFS($B$7:$B37,$B37)) | T37: =IF($C37="","",UPPER(SUBSTITUTE(SUBSTITUTE(SUBSTITUTE(SUBSTITUTE(SUBSTITUTE(SUBSTITUTE(SUBSTITUTE(SUBSTITUTE(SUBSTITUTE(SUBSTITUTE(SUBSTITUTE(SUBSTITUTE(SUBSTITUTE(SUBSTITUTE(SUBSTITUTE(SUBSTITUTE(SUBSTITUTE(SUBSTITUTE(TRIM($C37),"'",""),"İ","I"),"ı","I"),"i","I"),"Ş","S"),"ş","S"),"Ğ","G"),"ğ","G"),"Ü","U"),"ü","U"),"Ö","O"),"ö","O"),"Ç","C"),"ç","C"),".",""),",","")," ",""),"-","")))
B38: =IF($C38="","",IFERROR(INDEX(MUSTERILER!$B$7:$B$106,MATCH($T38,MUSTERILER!$T$7:$T$106,0)),IFERROR(INDEX(MUSTERILER!$B$7:$B$106,MATCH($C38,MUSTERILER!$B$7:$B$106,0)),IFERROR(INDEX(MUSTERILER!$B$7:$B$106,MATCH($T38&"*",MUSTERILER!$T$7:$T$106,0)),"TANIMSIZ MÜŞTERİ")))) | C38: MESUT KÖKLÜ | D38: 46023 | F38: Aylık | G38: 5000 | H38: Aktif | I38: =IF(OR($C38="",$D38="",$G38="",$F38=""),0,$G38*IF($F38="Aylık",MAX(0,(YEAR(MIN(IF($E38="",TODAY(),$E38),TODAY()))-YEAR($D38))*12+MONTH(MIN(IF($E38="",TODAY(),$E38),TODAY()))-MONTH($D38)+IF(MIN(IF($E38="",TODAY(),$E38),TODAY())>=EOMONTH(MIN(IF($E38="",TODAY(),$E38),TODAY()),0),1,0)),MAX(0,INT((MIN(IF($E38="",TODAY(),$E38),TODAY())-($D38+MOD(SISTEM!$F$8-WEEKDAY($D38,2),7)))/7)+1))) | J38: =IF(OR($C38="",$D38="",$G38="",$F38=""),0,$G38*IF($F38="Aylık",MAX(0,(YEAR(MIN(IF($E38="",TODAY()-8,$E38),TODAY()-8))-YEAR($D38))*12+MONTH(MIN(IF($E38="",TODAY()-8,$E38),TODAY()-8))-MONTH($D38)+IF(MIN(IF($E38="",TODAY()-8,$E38),TODAY()-8)>=EOMONTH(MIN(IF($E38="",TODAY()-8,$E38),TODAY()-8),0),1,0)),MAX(0,INT((MIN(IF($E38="",TODAY()-8,$E38),TODAY()-8)-($D38+MOD(SISTEM!$F$8-WEEKDAY($D38,2),7)))/7)+1))) | K38: =IF(OR($C38="",$D38="",$G38="",$F38=""),0,$G38*IF($F38="Aylık",MAX(0,(YEAR(MIN(IF($E38="",TODAY()-15,$E38),TODAY()-15))-YEAR($D38))*12+MONTH(MIN(IF($E38="",TODAY()-15,$E38),TODAY()-15))-MONTH($D38)+IF(MIN(IF($E38="",TODAY()-15,$E38),TODAY()-15)>=EOMONTH(MIN(IF($E38="",TODAY()-15,$E38),TODAY()-15),0),1,0)),MAX(0,INT((MIN(IF($E38="",TODAY()-15,$E38),TODAY()-15)-($D38+MOD(SISTEM!$F$8-WEEKDAY($D38,2),7)))/7)+1))) | L38: =IF(OR($C38="",$D38="",$G38="",$F38=""),0,$G38*IF($F38="Aylık",MAX(0,(YEAR(MIN(IF($E38="",TODAY()-29,$E38),TODAY()-29))-YEAR($D38))*12+MONTH(MIN(IF($E38="",TODAY()-29,$E38),TODAY()-29))-MONTH($D38)+IF(MIN(IF($E38="",TODAY()-29,$E38),TODAY()-29)>=EOMONTH(MIN(IF($E38="",TODAY()-29,$E38),TODAY()-29),0),1,0)),MAX(0,INT((MIN(IF($E38="",TODAY()-29,$E38),TODAY()-29)-($D38+MOD(SISTEM!$F$8-WEEKDAY($D38,2),7)))/7)+1))) | M38: =IF($G38>0,$I38/$G38,0) | N38: =IF($C38="","",IF($B38="TANIMSIZ MÜŞTERİ","TANIMSIZ MÜŞTERİ",IF($F38="","MODEL SEÇİN",IF(OR($D38="",$G38<=0),"EKSİK",IF(AND($E38<>"",$E38<$D38),"TARİH HATASI",IF($H38="Pasif","KAPALI DÖNEM","UYGUN")))))) | O38: =IF(OR($C38="",$D38="",$F38=""),"",IF($F38="Aylık",EOMONTH($D38,0),($D38+MOD(SISTEM!$F$8-WEEKDAY($D38,2),7)))) | S38: =IF($B38="","",$B38&"|"&COUNTIFS($B$7:$B38,$B38)) | T38: =IF($C38="","",UPPER(SUBSTITUTE(SUBSTITUTE(SUBSTITUTE(SUBSTITUTE(SUBSTITUTE(SUBSTITUTE(SUBSTITUTE(SUBSTITUTE(SUBSTITUTE(SUBSTITUTE(SUBSTITUTE(SUBSTITUTE(SUBSTITUTE(SUBSTITUTE(SUBSTITUTE(SUBSTITUTE(SUBSTITUTE(SUBSTITUTE(TRIM($C38),"'",""),"İ","I"),"ı","I"),"i","I"),"Ş","S"),"ş","S"),"Ğ","G"),"ğ","G"),"Ü","U"),"ü","U"),"Ö","O"),"ö","O"),"Ç","C"),"ç","C"),".",""),",","")," ",""),"-","")))
B39: =IF($C39="","",IFERROR(INDEX(MUSTERILER!$B$7:$B$106,MATCH($T39,MUSTERILER!$T$7:$T$106,0)),IFERROR(INDEX(MUSTERILER!$B$7:$B$106,MATCH($C39,MUSTERILER!$B$7:$B$106,0)),IFERROR(INDEX(MUSTERILER!$B$7:$B$106,MATCH($T39&"*",MUSTERILER!$T$7:$T$106,0)),"TANIMSIZ MÜŞTERİ")))) | C39: MONAMOUR LTD.ŞTİ. | D39: 46023 | F39: Haftalık | G39: 3500 | H39: Aktif | I39: =IF(OR($C39="",$D39="",$G39="",$F39=""),0,$G39*IF($F39="Aylık",MAX(0,(YEAR(MIN(IF($E39="",TODAY(),$E39),TODAY()))-YEAR($D39))*12+MONTH(MIN(IF($E39="",TODAY(),$E39),TODAY()))-MONTH($D39)+IF(MIN(IF($E39="",TODAY(),$E39),TODAY())>=EOMONTH(MIN(IF($E39="",TODAY(),$E39),TODAY()),0),1,0)),MAX(0,INT((MIN(IF($E39="",TODAY(),$E39),TODAY())-($D39+MOD(SISTEM!$F$8-WEEKDAY($D39,2),7)))/7)+1))) | J39: =IF(OR($C39="",$D39="",$G39="",$F39=""),0,$G39*IF($F39="Aylık",MAX(0,(YEAR(MIN(IF($E39="",TODAY()-8,$E39),TODAY()-8))-YEAR($D39))*12+MONTH(MIN(IF($E39="",TODAY()-8,$E39),TODAY()-8))-MONTH($D39)+IF(MIN(IF($E39="",TODAY()-8,$E39),TODAY()-8)>=EOMONTH(MIN(IF($E39="",TODAY()-8,$E39),TODAY()-8),0),1,0)),MAX(0,INT((MIN(IF($E39="",TODAY()-8,$E39),TODAY()-8)-($D39+MOD(SISTEM!$F$8-WEEKDAY($D39,2),7)))/7)+1))) | K39: =IF(OR($C39="",$D39="",$G39="",$F39=""),0,$G39*IF($F39="Aylık",MAX(0,(YEAR(MIN(IF($E39="",TODAY()-15,$E39),TODAY()-15))-YEAR($D39))*12+MONTH(MIN(IF($E39="",TODAY()-15,$E39),TODAY()-15))-MONTH($D39)+IF(MIN(IF($E39="",TODAY()-15,$E39),TODAY()-15)>=EOMONTH(MIN(IF($E39="",TODAY()-15,$E39),TODAY()-15),0),1,0)),MAX(0,INT((MIN(IF($E39="",TODAY()-15,$E39),TODAY()-15)-($D39+MOD(SISTEM!$F$8-WEEKDAY($D39,2),7)))/7)+1))) | L39: =IF(OR($C39="",$D39="",$G39="",$F39=""),0,$G39*IF($F39="Aylık",MAX(0,(YEAR(MIN(IF($E39="",TODAY()-29,$E39),TODAY()-29))-YEAR($D39))*12+MONTH(MIN(IF($E39="",TODAY()-29,$E39),TODAY()-29))-MONTH($D39)+IF(MIN(IF($E39="",TODAY()-29,$E39),TODAY()-29)>=EOMONTH(MIN(IF($E39="",TODAY()-29,$E39),TODAY()-29),0),1,0)),MAX(0,INT((MIN(IF($E39="",TODAY()-29,$E39),TODAY()-29)-($D39+MOD(SISTEM!$F$8-WEEKDAY($D39,2),7)))/7)+1))) | M39: =IF($G39>0,$I39/$G39,0) | N39: =IF($C39="","",IF($B39="TANIMSIZ MÜŞTERİ","TANIMSIZ MÜŞTERİ",IF($F39="","MODEL SEÇİN",IF(OR($D39="",$G39<=0),"EKSİK",IF(AND($E39<>"",$E39<$D39),"TARİH HATASI",IF($H39="Pasif","KAPALI DÖNEM","UYGUN")))))) | O39: =IF(OR($C39="",$D39="",$F39=""),"",IF($F39="Aylık",EOMONTH($D39,0),($D39+MOD(SISTEM!$F$8-WEEKDAY($D39,2),7)))) | S39: =IF($B39="","",$B39&"|"&COUNTIFS($B$7:$B39,$B39)) | T39: =IF($C39="","",UPPER(SUBSTITUTE(SUBSTITUTE(SUBSTITUTE(SUBSTITUTE(SUBSTITUTE(SUBSTITUTE(SUBSTITUTE(SUBSTITUTE(SUBSTITUTE(SUBSTITUTE(SUBSTITUTE(SUBSTITUTE(SUBSTITUTE(SUBSTITUTE(SUBSTITUTE(SUBSTITUTE(SUBSTITUTE(SUBSTITUTE(TRIM($C39),"'",""),"İ","I"),"ı","I"),"i","I"),"Ş","S"),"ş","S"),"Ğ","G"),"ğ","G"),"Ü","U"),"ü","U"),"Ö","O"),"ö","O"),"Ç","C"),"ç","C"),".",""),",","")," ",""),"-","")))
B40: =IF($C40="","",IFERROR(INDEX(MUSTERILER!$B$7:$B$106,MATCH($T40,MUSTERILER!$T$7:$T$106,0)),IFERROR(INDEX(MUSTERILER!$B$7:$B$106,MATCH($C40,MUSTERILER!$B$7:$B$106,0)),IFERROR(INDEX(MUSTERILER!$B$7:$B$106,MATCH($T40&"*",MUSTERILER!$T$7:$T$106,0)),"TANIMSIZ MÜŞTERİ")))) | C40: MS TOPTAN LTD.ŞTİ. | D40: 46023 | F40: Aylık | G40: 0 | H40: Aktif | I40: =IF(OR($C40="",$D40="",$G40="",$F40=""),0,$G40*IF($F40="Aylık",MAX(0,(YEAR(MIN(IF($E40="",TODAY(),$E40),TODAY()))-YEAR($D40))*12+MONTH(MIN(IF($E40="",TODAY(),$E40),TODAY()))-MONTH($D40)+IF(MIN(IF($E40="",TODAY(),$E40),TODAY())>=EOMONTH(MIN(IF($E40="",TODAY(),$E40),TODAY()),0),1,0)),MAX(0,INT((MIN(IF($E40="",TODAY(),$E40),TODAY())-($D40+MOD(SISTEM!$F$8-WEEKDAY($D40,2),7)))/7)+1))) | J40: =IF(OR($C40="",$D40="",$G40="",$F40=""),0,$G40*IF($F40="Aylık",MAX(0,(YEAR(MIN(IF($E40="",TODAY()-8,$E40),TODAY()-8))-YEAR($D40))*12+MONTH(MIN(IF($E40="",TODAY()-8,$E40),TODAY()-8))-MONTH($D40)+IF(MIN(IF($E40="",TODAY()-8,$E40),TODAY()-8)>=EOMONTH(MIN(IF($E40="",TODAY()-8,$E40),TODAY()-8),0),1,0)),MAX(0,INT((MIN(IF($E40="",TODAY()-8,$E40),TODAY()-8)-($D40+MOD(SISTEM!$F$8-WEEKDAY($D40,2),7)))/7)+1))) | K40: =IF(OR($C40="",$D40="",$G40="",$F40=""),0,$G40*IF($F40="Aylık",MAX(0,(YEAR(MIN(IF($E40="",TODAY()-15,$E40),TODAY()-15))-YEAR($D40))*12+MONTH(MIN(IF($E40="",TODAY()-15,$E40),TODAY()-15))-MONTH($D40)+IF(MIN(IF($E40="",TODAY()-15,$E40),TODAY()-15)>=EOMONTH(MIN(IF($E40="",TODAY()-15,$E40),TODAY()-15),0),1,0)),MAX(0,INT((MIN(IF($E40="",TODAY()-15,$E40),TODAY()-15)-($D40+MOD(SISTEM!$F$8-WEEKDAY($D40,2),7)))/7)+1))) | L40: =IF(OR($C40="",$D40="",$G40="",$F40=""),0,$G40*IF($F40="Aylık",MAX(0,(YEAR(MIN(IF($E40="",TODAY()-29,$E40),TODAY()-29))-YEAR($D40))*12+MONTH(MIN(IF($E40="",TODAY()-29,$E40),TODAY()-29))-MONTH($D40)+IF(MIN(IF($E40="",TODAY()-29,$E40),TODAY()-29)>=EOMONTH(MIN(IF($E40="",TODAY()-29,$E40),TODAY()-29),0),1,0)),MAX(0,INT((MIN(IF($E40="",TODAY()-29,$E40),TODAY()-29)-($D40+MOD(SISTEM!$F$8-WEEKDAY($D40,2),7)))/7)+1))) | M40: =IF($G40>0,$I40/$G40,0) | N40: =IF($C40="","",IF($B40="TANIMSIZ MÜŞTERİ","TANIMSIZ MÜŞTERİ",IF($F40="","MODEL SEÇİN",IF(OR($D40="",$G40<=0),"EKSİK",IF(AND($E40<>"",$E40<$D40),"TARİH HATASI",IF($H40="Pasif","KAPALI DÖNEM","UYGUN")))))) | O40: =IF(OR($C40="",$D40="",$F40=""),"",IF($F40="Aylık",EOMONTH($D40,0),($D40+MOD(SISTEM!$F$8-WEEKDAY($D40,2),7)))) | S40: =IF($B40="","",$B40&"|"&COUNTIFS($B$7:$B40,$B40)) | T40: =IF($C40="","",UPPER(SUBSTITUTE(SUBSTITUTE(SUBSTITUTE(SUBSTITUTE(SUBSTITUTE(SUBSTITUTE(SUBSTITUTE(SUBSTITUTE(SUBSTITUTE(SUBSTITUTE(SUBSTITUTE(SUBSTITUTE(SUBSTITUTE(SUBSTITUTE(SUBSTITUTE(SUBSTITUTE(SUBSTITUTE(SUBSTITUTE(TRIM($C40),"'",""),"İ","I"),"ı","I"),"i","I"),"Ş","S"),"ş","S"),"Ğ","G"),"ğ","G"),"Ü","U"),"ü","U"),"Ö","O"),"ö","O"),"Ç","C"),"ç","C"),".",""),",","")," ",""),"-","")))
B41: =IF($C41="","",IFERROR(INDEX(MUSTERILER!$B$7:$B$106,MATCH($T41,MUSTERILER!$T$7:$T$106,0)),IFERROR(INDEX(MUSTERILER!$B$7:$B$106,MATCH($C41,MUSTERILER!$B$7:$B$106,0)),IFERROR(INDEX(MUSTERILER!$B$7:$B$106,MATCH($T41&"*",MUSTERILER!$T$7:$T$106,0)),"TANIMSIZ MÜŞTERİ")))) | C41: MUSTAFA KOLBAŞI | D41: 46023 | F41: Aylık | G41: 3000 | H41: Aktif | I41: =IF(OR($C41="",$D41="",$G41="",$F41=""),0,$G41*IF($F41="Aylık",MAX(0,(YEAR(MIN(IF($E41="",TODAY(),$E41),TODAY()))-YEAR($D41))*12+MONTH(MIN(IF($E41="",TODAY(),$E41),TODAY()))-MONTH($D41)+IF(MIN(IF($E41="",TODAY(),$E41),TODAY())>=EOMONTH(MIN(IF($E41="",TODAY(),$E41),TODAY()),0),1,0)),MAX(0,INT((MIN(IF($E41="",TODAY(),$E41),TODAY())-($D41+MOD(SISTEM!$F$8-WEEKDAY($D41,2),7)))/7)+1))) | J41: =IF(OR($C41="",$D41="",$G41="",$F41=""),0,$G41*IF($F41="Aylık",MAX(0,(YEAR(MIN(IF($E41="",TODAY()-8,$E41),TODAY()-8))-YEAR($D41))*12+MONTH(MIN(IF($E41="",TODAY()-8,$E41),TODAY()-8))-MONTH($D41)+IF(MIN(IF($E41="",TODAY()-8,$E41),TODAY()-8)>=EOMONTH(MIN(IF($E41="",TODAY()-8,$E41),TODAY()-8),0),1,0)),MAX(0,INT((MIN(IF($E41="",TODAY()-8,$E41),TODAY()-8)-($D41+MOD(SISTEM!$F$8-WEEKDAY($D41,2),7)))/7)+1))) | K41: =IF(OR($C41="",$D41="",$G41="",$F41=""),0,$G41*IF($F41="Aylık",MAX(0,(YEAR(MIN(IF($E41="",TODAY()-15,$E41),TODAY()-15))-YEAR($D41))*12+MONTH(MIN(IF($E41="",TODAY()-15,$E41),TODAY()-15))-MONTH($D41)+IF(MIN(IF($E41="",TODAY()-15,$E41),TODAY()-15)>=EOMONTH(MIN(IF($E41="",TODAY()-15,$E41),TODAY()-15),0),1,0)),MAX(0,INT((MIN(IF($E41="",TODAY()-15,$E41),TODAY()-15)-($D41+MOD(SISTEM!$F$8-WEEKDAY($D41,2),7)))/7)+1))) | L41: =IF(OR($C41="",$D41="",$G41="",$F41=""),0,$G41*IF($F41="Aylık",MAX(0,(YEAR(MIN(IF($E41="",TODAY()-29,$E41),TODAY()-29))-YEAR($D41))*12+MONTH(MIN(IF($E41="",TODAY()-29,$E41),TODAY()-29))-MONTH($D41)+IF(MIN(IF($E41="",TODAY()-29,$E41),TODAY()-29)>=EOMONTH(MIN(IF($E41="",TODAY()-29,$E41),TODAY()-29),0),1,0)),MAX(0,INT((MIN(IF($E41="",TODAY()-29,$E41),TODAY()-29)-($D41+MOD(SISTEM!$F$8-WEEKDAY($D41,2),7)))/7)+1))) | M41: =IF($G41>0,$I41/$G41,0) | N41: =IF($C41="","",IF($B41="TANIMSIZ MÜŞTERİ","TANIMSIZ MÜŞTERİ",IF($F41="","MODEL SEÇİN",IF(OR($D41="",$G41<=0),"EKSİK",IF(AND($E41<>"",$E41<$D41),"TARİH HATASI",IF($H41="Pasif","KAPALI DÖNEM","UYGUN")))))) | O41: =IF(OR($C41="",$D41="",$F41=""),"",IF($F41="Aylık",EOMONTH($D41,0),($D41+MOD(SISTEM!$F$8-WEEKDAY($D41,2),7)))) | S41: =IF($B41="","",$B41&"|"&COUNTIFS($B$7:$B41,$B41)) | T41: =IF($C41="","",UPPER(SUBSTITUTE(SUBSTITUTE(SUBSTITUTE(SUBSTITUTE(SUBSTITUTE(SUBSTITUTE(SUBSTITUTE(SUBSTITUTE(SUBSTITUTE(SUBSTITUTE(SUBSTITUTE(SUBSTITUTE(SUBSTITUTE(SUBSTITUTE(SUBSTITUTE(SUBSTITUTE(SUBSTITUTE(SUBSTITUTE(TRIM($C41),"'",""),"İ","I"),"ı","I"),"i","I"),"Ş","S"),"ş","S"),"Ğ","G"),"ğ","G"),"Ü","U"),"ü","U"),"Ö","O"),"ö","O"),"Ç","C"),"ç","C"),".",""),",","")," ",""),"-","")))
... B47: =IF($C47="","",IFERROR(INDEX(MUSTERILER!$B$7:$B$106,MATCH($T47,MUSTERILER!$T$7:$T$106,0)),IFERROR(INDEX(MUSTERILER!$B$7:$B$106,MATCH($C47,MUSTERILER!$B$7:$B$106,0)),IFERROR(INDEX(MUSTERILER!$B$7:$B$106,MATCH($T47&"*",MUSTERILER!$T$7:$T$106,0)),"TANIMSIZ MÜŞTERİ")))) | C47: PAKYILDIZ LTD.ŞTİ. | D47: 46023 | F47: Haftalık | G47: 4000 | H47: Aktif | I47: =IF(OR($C47="",$D47="",$G47="",$F47=""),0,$G47*IF($F47="Aylık",MAX(0,(YEAR(MIN(IF($E47="",TODAY(),$E47),TODAY()))-YEAR($D47))*12+MONTH(MIN(IF($E47="",TODAY(),$E47),TODAY()))-MONTH($D47)+IF(MIN(IF($E47="",TODAY(),$E47),TODAY())>=EOMONTH(MIN(IF($E47="",TODAY(),$E47),TODAY()),0),1,0)),MAX(0,INT((MIN(IF($E47="",TODAY(),$E47),TODAY())-($D47+MOD(SISTEM!$F$8-WEEKDAY($D47,2),7)))/7)+1))) | J47: =IF(OR($C47="",$D47="",$G47="",$F47=""),0,$G47*IF($F47="Aylık",MAX(0,(YEAR(MIN(IF($E47="",TODAY()-8,$E47),TODAY()-8))-YEAR($D47))*12+MONTH(MIN(IF($E47="",TODAY()-8,$E47),TODAY()-8))-MONTH($D47)+IF(MIN(IF($E47="",TODAY()-8,$E47),TODAY()-8)>=EOMONTH(MIN(IF($E47="",TODAY()-8,$E47),TODAY()-8),0),1,0)),MAX(0,INT((MIN(IF($E47="",TODAY()-8,$E47),TODAY()-8)-($D47+MOD(SISTEM!$F$8-WEEKDAY($D47,2),7)))/7)+1))) | K47: =IF(OR($C47="",$D47="",$G47="",$F47=""),0,$G47*IF($F47="Aylık",MAX(0,(YEAR(MIN(IF($E47="",TODAY()-15,$E47),TODAY()-15))-YEAR($D47))*12+MONTH(MIN(IF($E47="",TODAY()-15,$E47),TODAY()-15))-MONTH($D47)+IF(MIN(IF($E47="",TODAY()-15,$E47),TODAY()-15)>=EOMONTH(MIN(IF($E47="",TODAY()-15,$E47),TODAY()-15),0),1,0)),MAX(0,INT((MIN(IF($E47="",TODAY()-15,$E47),TODAY()-15)-($D47+MOD(SISTEM!$F$8-WEEKDAY($D47,2),7)))/7)+1))) | L47: =IF(OR($C47="",$D47="",$G47="",$F47=""),0,$G47*IF($F47="Aylık",MAX(0,(YEAR(MIN(IF($E47="",TODAY()-29,$E47),TODAY()-29))-YEAR($D47))*12+MONTH(MIN(IF($E47="",TODAY()-29,$E47),TODAY()-29))-MONTH($D47)+IF(MIN(IF($E47="",TODAY()-29,$E47),TODAY()-29)>=EOMONTH(MIN(IF($E47="",TODAY()-29,$E47),TODAY()-29),0),1,0)),MAX(0,INT((MIN(IF($E47="",TODAY()-29,$E47),TODAY()-29)-($D47+MOD(SISTEM!$F$8-WEEKDAY($D47,2),7)))/7)+1))) | M47: =IF($G47>0,$I47/$G47,0) | N47: =IF($C47="","",IF($B47="TANIMSIZ MÜŞTERİ","TANIMSIZ MÜŞTERİ",IF($F47="","MODEL SEÇİN",IF(OR($D47="",$G47<=0),"EKSİK",IF(AND($E47<>"",$E47<$D47),"TARİH HATASI",IF($H47="Pasif","KAPALI DÖNEM","UYGUN")))))) | O47: =IF(OR($C47="",$D47="",$F47=""),"",IF($F47="Aylık",EOMONTH($D47,0),($D47+MOD(SISTEM!$F$8-WEEKDAY($D47,2),7)))) | S47: =IF($B47="","",$B47&"|"&COUNTIFS($B$7:$B47,$B47)) | T47: =IF($C47="","",UPPER(SUBSTITUTE(SUBSTITUTE(SUBSTITUTE(SUBSTITUTE(SUBSTITUTE(SUBSTITUTE(SUBSTITUTE(SUBSTITUTE(SUBSTITUTE(SUBSTITUTE(SUBSTITUTE(SUBSTITUTE(SUBSTITUTE(SUBSTITUTE(SUBSTITUTE(SUBSTITUTE(SUBSTITUTE(SUBSTITUTE(TRIM($C47),"'",""),"İ","I"),"ı","I"),"i","I"),"Ş","S"),"ş","S"),"Ğ","G"),"ğ","G"),"Ü","U"),"ü","U"),"Ö","O"),"ö","O"),"Ç","C"),"ç","C"),".",""),",","")," ",""),"-","")))
B48: =IF($C48="","",IFERROR(INDEX(MUSTERILER!$B$7:$B$106,MATCH($T48,MUSTERILER!$T$7:$T$106,0)),IFERROR(INDEX(MUSTERILER!$B$7:$B$106,MATCH($C48,MUSTERILER!$B$7:$B$106,0)),IFERROR(INDEX(MUSTERILER!$B$7:$B$106,MATCH($T48&"*",MUSTERILER!$T$7:$T$106,0)),"TANIMSIZ MÜŞTERİ")))) | C48: PALAOĞULLARI LTD.ŞTİ. | D48: 46023 | E48: 46178 | F48: Haftalık | G48: 4000 | H48: Pasif | I48: =IF(OR($C48="",$D48="",$G48="",$F48=""),0,$G48*IF($F48="Aylık",MAX(0,(YEAR(MIN(IF($E48="",TODAY(),$E48),TODAY()))-YEAR($D48))*12+MONTH(MIN(IF($E48="",TODAY(),$E48),TODAY()))-MONTH($D48)+IF(MIN(IF($E48="",TODAY(),$E48),TODAY())>=EOMONTH(MIN(IF($E48="",TODAY(),$E48),TODAY()),0),1,0)),MAX(0,INT((MIN(IF($E48="",TODAY(),$E48),TODAY())-($D48+MOD(SISTEM!$F$8-WEEKDAY($D48,2),7)))/7)+1))) | J48: =IF(OR($C48="",$D48="",$G48="",$F48=""),0,$G48*IF($F48="Aylık",MAX(0,(YEAR(MIN(IF($E48="",TODAY()-8,$E48),TODAY()-8))-YEAR($D48))*12+MONTH(MIN(IF($E48="",TODAY()-8,$E48),TODAY()-8))-MONTH($D48)+IF(MIN(IF($E48="",TODAY()-8,$E48),TODAY()-8)>=EOMONTH(MIN(IF($E48="",TODAY()-8,$E48),TODAY()-8),0),1,0)),MAX(0,INT((MIN(IF($E48="",TODAY()-8,$E48),TODAY()-8)-($D48+MOD(SISTEM!$F$8-WEEKDAY($D48,2),7)))/7)+1))) | K48: =IF(OR($C48="",$D48="",$G48="",$F48=""),0,$G48*IF($F48="Aylık",MAX(0,(YEAR(MIN(IF($E48="",TODAY()-15,$E48),TODAY()-15))-YEAR($D48))*12+MONTH(MIN(IF($E48="",TODAY()-15,$E48),TODAY()-15))-MONTH($D48)+IF(MIN(IF($E48="",TODAY()-15,$E48),TODAY()-15)>=EOMONTH(MIN(IF($E48="",TODAY()-15,$E48),TODAY()-15),0),1,0)),MAX(0,INT((MIN(IF($E48="",TODAY()-15,$E48),TODAY()-15)-($D48+MOD(SISTEM!$F$8-WEEKDAY($D48,2),7)))/7)+1))) | L48: =IF(OR($C48="",$D48="",$G48="",$F48=""),0,$G48*IF($F48="Aylık",MAX(0,(YEAR(MIN(IF($E48="",TODAY()-29,$E48),TODAY()-29))-YEAR($D48))*12+MONTH(MIN(IF($E48="",TODAY()-29,$E48),TODAY()-29))-MONTH($D48)+IF(MIN(IF($E48="",TODAY()-29,$E48),TODAY()-29)>=EOMONTH(MIN(IF($E48="",TODAY()-29,$E48),TODAY()-29),0),1,0)),MAX(0,INT((MIN(IF($E48="",TODAY()-29,$E48),TODAY()-29)-($D48+MOD(SISTEM!$F$8-WEEKDAY($D48,2),7)))/7)+1))) | M48: =IF($G48>0,$I48/$G48,0) | N48: =IF($C48="","",IF($B48="TANIMSIZ MÜŞTERİ","TANIMSIZ MÜŞTERİ",IF($F48="","MODEL SEÇİN",IF(OR($D48="",$G48<=0),"EKSİK",IF(AND($E48<>"",$E48<$D48),"TARİH HATASI",IF($H48="Pasif","KAPALI DÖNEM","UYGUN")))))) | O48: =IF(OR($C48="",$D48="",$F48=""),"",IF($F48="Aylık",EOMONTH($D48,0),($D48+MOD(SISTEM!$F$8-WEEKDAY($D48,2),7)))) | S48: =IF($B48="","",$B48&"|"&COUNTIFS($B$7:$B48,$B48)) | T48: =IF($C48="","",UPPER(SUBSTITUTE(SUBSTITUTE(SUBSTITUTE(SUBSTITUTE(SUBSTITUTE(SUBSTITUTE(SUBSTITUTE(SUBSTITUTE(SUBSTITUTE(SUBSTITUTE(SUBSTITUTE(SUBSTITUTE(SUBSTITUTE(SUBSTITUTE(SUBSTITUTE(SUBSTITUTE(SUBSTITUTE(SUBSTITUTE(TRIM($C48),"'",""),"İ","I"),"ı","I"),"i","I"),"Ş","S"),"ş","S"),"Ğ","G"),"ğ","G"),"Ü","U"),"ü","U"),"Ö","O"),"ö","O"),"Ç","C"),"ç","C"),".",""),",","")," ",""),"-","")))
B49: =IF($C49="","",IFERROR(INDEX(MUSTERILER!$B$7:$B$106,MATCH($T49,MUSTERILER!$T$7:$T$106,0)),IFERROR(INDEX(MUSTERILER!$B$7:$B$106,MATCH($C49,MUSTERILER!$B$7:$B$106,0)),IFERROR(INDEX(MUSTERILER!$B$7:$B$106,MATCH($T49&"*",MUSTERILER!$T$7:$T$106,0)),"TANIMSIZ MÜŞTERİ")))) | C49: RASİM DEMİRCİ | D49: 46023 | F49: Aylık | G49: 3000 | H49: Aktif | I49: =IF(OR($C49="",$D49="",$G49="",$F49=""),0,$G49*IF($F49="Aylık",MAX(0,(YEAR(MIN(IF($E49="",TODAY(),$E49),TODAY()))-YEAR($D49))*12+MONTH(MIN(IF($E49="",TODAY(),$E49),TODAY()))-MONTH($D49)+IF(MIN(IF($E49="",TODAY(),$E49),TODAY())>=EOMONTH(MIN(IF($E49="",TODAY(),$E49),TODAY()),0),1,0)),MAX(0,INT((MIN(IF($E49="",TODAY(),$E49),TODAY())-($D49+MOD(SISTEM!$F$8-WEEKDAY($D49,2),7)))/7)+1))) | J49: =IF(OR($C49="",$D49="",$G49="",$F49=""),0,$G49*IF($F49="Aylık",MAX(0,(YEAR(MIN(IF($E49="",TODAY()-8,$E49),TODAY()-8))-YEAR($D49))*12+MONTH(MIN(IF($E49="",TODAY()-8,$E49),TODAY()-8))-MONTH($D49)+IF(MIN(IF($E49="",TODAY()-8,$E49),TODAY()-8)>=EOMONTH(MIN(IF($E49="",TODAY()-8,$E49),TODAY()-8),0),1,0)),MAX(0,INT((MIN(IF($E49="",TODAY()-8,$E49),TODAY()-8)-($D49+MOD(SISTEM!$F$8-WEEKDAY($D49,2),7)))/7)+1))) | K49: =IF(OR($C49="",$D49="",$G49="",$F49=""),0,$G49*IF($F49="Aylık",MAX(0,(YEAR(MIN(IF($E49="",TODAY()-15,$E49),TODAY()-15))-YEAR($D49))*12+MONTH(MIN(IF($E49="",TODAY()-15,$E49),TODAY()-15))-MONTH($D49)+IF(MIN(IF($E49="",TODAY()-15,$E49),TODAY()-15)>=EOMONTH(MIN(IF($E49="",TODAY()-15,$E49),TODAY()-15),0),1,0)),MAX(0,INT((MIN(IF($E49="",TODAY()-15,$E49),TODAY()-15)-($D49+MOD(SISTEM!$F$8-WEEKDAY($D49,2),7)))/7)+1))) | L49: =IF(OR($C49="",$D49="",$G49="",$F49=""),0,$G49*IF($F49="Aylık",MAX(0,(YEAR(MIN(IF($E49="",TODAY()-29,$E49),TODAY()-29))-YEAR($D49))*12+MONTH(MIN(IF($E49="",TODAY()-29,$E49),TODAY()-29))-MONTH($D49)+IF(MIN(IF($E49="",TODAY()-29,$E49),TODAY()-29)>=EOMONTH(MIN(IF($E49="",TODAY()-29,$E49),TODAY()-29),0),1,0)),MAX(0,INT((MIN(IF($E49="",TODAY()-29,$E49),TODAY()-29)-($D49+MOD(SISTEM!$F$8-WEEKDAY($D49,2),7)))/7)+1))) | M49: =IF($G49>0,$I49/$G49,0) | N49: =IF($C49="","",IF($B49="TANIMSIZ MÜŞTERİ","TANIMSIZ MÜŞTERİ",IF($F49="","MODEL SEÇİN",IF(OR($D49="",$G49<=0),"EKSİK",IF(AND($E49<>"",$E49<$D49),"TARİH HATASI",IF($H49="Pasif","KAPALI DÖNEM","UYGUN")))))) | O49: =IF(OR($C49="",$D49="",$F49=""),"",IF($F49="Aylık",EOMONTH($D49,0),($D49+MOD(SISTEM!$F$8-WEEKDAY($D49,2),7)))) | S49: =IF($B49="","",$B49&"|"&COUNTIFS($B$7:$B49,$B49)) | T49: =IF($C49="","",UPPER(SUBSTITUTE(SUBSTITUTE(SUBSTITUTE(SUBSTITUTE(SUBSTITUTE(SUBSTITUTE(SUBSTITUTE(SUBSTITUTE(SUBSTITUTE(SUBSTITUTE(SUBSTITUTE(SUBSTITUTE(SUBSTITUTE(SUBSTITUTE(SUBSTITUTE(SUBSTITUTE(SUBSTITUTE(SUBSTITUTE(TRIM($C49),"'",""),"İ","I"),"ı","I"),"i","I"),"Ş","S"),"ş","S"),"Ğ","G"),"ğ","G"),"Ü","U"),"ü","U"),"Ö","O"),"ö","O"),"Ç","C"),"ç","C"),".",""),",","")," ",""),"-","")))
B50: =IF($C50="","",IFERROR(INDEX(MUSTERILER!$B$7:$B$106,MATCH($T50,MUSTERILER!$T$7:$T$106,0)),IFERROR(INDEX(MUSTERILER!$B$7:$B$106,MATCH($C50,MUSTERILER!$B$7:$B$106,0)),IFERROR(INDEX(MUSTERILER!$B$7:$B$106,MATCH($T50&"*",MUSTERILER!$T$7:$T$106,0)),"TANIMSIZ MÜŞTERİ")))) | C50: RİX ŞOW LTD.ŞTİ. | D50: 46023 | F50: Haftalık | G50: 3000 | H50: Aktif | I50: =IF(OR($C50="",$D50="",$G50="",$F50=""),0,$G50*IF($F50="Aylık",MAX(0,(YEAR(MIN(IF($E50="",TODAY(),$E50),TODAY()))-YEAR($D50))*12+MONTH(MIN(IF($E50="",TODAY(),$E50),TODAY()))-MONTH($D50)+IF(MIN(IF($E50="",TODAY(),$E50),TODAY())>=EOMONTH(MIN(IF($E50="",TODAY(),$E50),TODAY()),0),1,0)),MAX(0,INT((MIN(IF($E50="",TODAY(),$E50),TODAY())-($D50+MOD(SISTEM!$F$8-WEEKDAY($D50,2),7)))/7)+1))) | J50: =IF(OR($C50="",$D50="",$G50="",$F50=""),0,$G50*IF($F50="Aylık",MAX(0,(YEAR(MIN(IF($E50="",TODAY()-8,$E50),TODAY()-8))-YEAR($D50))*12+MONTH(MIN(IF($E50="",TODAY()-8,$E50),TODAY()-8))-MONTH($D50)+IF(MIN(IF($E50="",TODAY()-8,$E50),TODAY()-8)>=EOMONTH(MIN(IF($E50="",TODAY()-8,$E50),TODAY()-8),0),1,0)),MAX(0,INT((MIN(IF($E50="",TODAY()-8,$E50),TODAY()-8)-($D50+MOD(SISTEM!$F$8-WEEKDAY($D50,2),7)))/7)+1))) | K50: =IF(OR($C50="",$D50="",$G50="",$F50=""),0,$G50*IF($F50="Aylık",MAX(0,(YEAR(MIN(IF($E50="",TODAY()-15,$E50),TODAY()-15))-YEAR($D50))*12+MONTH(MIN(IF($E50="",TODAY()-15,$E50),TODAY()-15))-MONTH($D50)+IF(MIN(IF($E50="",TODAY()-15,$E50),TODAY()-15)>=EOMONTH(MIN(IF($E50="",TODAY()-15,$E50),TODAY()-15),0),1,0)),MAX(0,INT((MIN(IF($E50="",TODAY()-15,$E50),TODAY()-15)-($D50+MOD(SISTEM!$F$8-WEEKDAY($D50,2),7)))/7)+1))) | L50: =IF(OR($C50="",$D50="",$G50="",$F50=""),0,$G50*IF($F50="Aylık",MAX(0,(YEAR(MIN(IF($E50="",TODAY()-29,$E50),TODAY()-29))-YEAR($D50))*12+MONTH(MIN(IF($E50="",TODAY()-29,$E50),TODAY()-29))-MONTH($D50)+IF(MIN(IF($E50="",TODAY()-29,$E50),TODAY()-29)>=EOMONTH(MIN(IF($E50="",TODAY()-29,$E50),TODAY()-29),0),1,0)),MAX(0,INT((MIN(IF($E50="",TODAY()-29,$E50),TODAY()-29)-($D50+MOD(SISTEM!$F$8-WEEKDAY($D50,2),7)))/7)+1))) | M50: =IF($G50>0,$I50/$G50,0) | N50: =IF($C50="","",IF($B50="TANIMSIZ MÜŞTERİ","TANIMSIZ MÜŞTERİ",IF($F50="","MODEL SEÇİN",IF(OR($D50="",$G50<=0),"EKSİK",IF(AND($E50<>"",$E50<$D50),"TARİH HATASI",IF($H50="Pasif","KAPALI DÖNEM","UYGUN")))))) | O50: =IF(OR($C50="",$D50="",$F50=""),"",IF($F50="Aylık",EOMONTH($D50,0),($D50+MOD(SISTEM!$F$8-WEEKDAY($D50,2),7)))) | S50: =IF($B50="","",$B50&"|"&COUNTIFS($B$7:$B50,$B50)) | T50: =IF($C50="","",UPPER(SUBSTITUTE(SUBSTITUTE(SUBSTITUTE(SUBSTITUTE(SUBSTITUTE(SUBSTITUTE(SUBSTITUTE(SUBSTITUTE(SUBSTITUTE(SUBSTITUTE(SUBSTITUTE(SUBSTITUTE(SUBSTITUTE(SUBSTITUTE(SUBSTITUTE(SUBSTITUTE(SUBSTITUTE(SUBSTITUTE(TRIM($C50),"'",""),"İ","I"),"ı","I"),"i","I"),"Ş","S"),"ş","S"),"Ğ","G"),"ğ","G"),"Ü","U"),"ü","U"),"Ö","O"),"ö","O"),"Ç","C"),"ç","C"),".",""),",","")," ",""),"-","")))
B51: =IF($C51="","",IFERROR(INDEX(MUSTERILER!$B$7:$B$106,MATCH($T51,MUSTERILER!$T$7:$T$106,0)),IFERROR(INDEX(MUSTERILER!$B$7:$B$106,MATCH($C51,MUSTERILER!$B$7:$B$106,0)),IFERROR(INDEX(MUSTERILER!$B$7:$B$106,MATCH($T51&"*",MUSTERILER!$T$7:$T$106,0)),"TANIMSIZ MÜŞTERİ")))) | C51: SEMRA GÜMÜŞ | D51: 46023 | E51: 46173 | F51: Aylık | G51: 2000 | H51: Pasif | I51: =IF(OR($C51="",$D51="",$G51="",$F51=""),0,$G51*IF($F51="Aylık",MAX(0,(YEAR(MIN(IF($E51="",TODAY(),$E51),TODAY()))-YEAR($D51))*12+MONTH(MIN(IF($E51="",TODAY(),$E51),TODAY()))-MONTH($D51)+IF(MIN(IF($E51="",TODAY(),$E51),TODAY())>=EOMONTH(MIN(IF($E51="",TODAY(),$E51),TODAY()),0),1,0)),MAX(0,INT((MIN(IF($E51="",TODAY(),$E51),TODAY())-($D51+MOD(SISTEM!$F$8-WEEKDAY($D51,2),7)))/7)+1))) | J51: =IF(OR($C51="",$D51="",$G51="",$F51=""),0,$G51*IF($F51="Aylık",MAX(0,(YEAR(MIN(IF($E51="",TODAY()-8,$E51),TODAY()-8))-YEAR($D51))*12+MONTH(MIN(IF($E51="",TODAY()-8,$E51),TODAY()-8))-MONTH($D51)+IF(MIN(IF($E51="",TODAY()-8,$E51),TODAY()-8)>=EOMONTH(MIN(IF($E51="",TODAY()-8,$E51),TODAY()-8),0),1,0)),MAX(0,INT((MIN(IF($E51="",TODAY()-8,$E51),TODAY()-8)-($D51+MOD(SISTEM!$F$8-WEEKDAY($D51,2),7)))/7)+1))) | K51: =IF(OR($C51="",$D51="",$G51="",$F51=""),0,$G51*IF($F51="Aylık",MAX(0,(YEAR(MIN(IF($E51="",TODAY()-15,$E51),TODAY()-15))-YEAR($D51))*12+MONTH(MIN(IF($E51="",TODAY()-15,$E51),TODAY()-15))-MONTH($D51)+IF(MIN(IF($E51="",TODAY()-15,$E51),TODAY()-15)>=EOMONTH(MIN(IF($E51="",TODAY()-15,$E51),TODAY()-15),0),1,0)),MAX(0,INT((MIN(IF($E51="",TODAY()-15,$E51),TODAY()-15)-($D51+MOD(SISTEM!$F$8-WEEKDAY($D51,2),7)))/7)+1))) | L51: =IF(OR($C51="",$D51="",$G51="",$F51=""),0,$G51*IF($F51="Aylık",MAX(0,(YEAR(MIN(IF($E51="",TODAY()-29,$E51),TODAY()-29))-YEAR($D51))*12+MONTH(MIN(IF($E51="",TODAY()-29,$E51),TODAY()-29))-MONTH($D51)+IF(MIN(IF($E51="",TODAY()-29,$E51),TODAY()-29)>=EOMONTH(MIN(IF($E51="",TODAY()-29,$E51),TODAY()-29),0),1,0)),MAX(0,INT((MIN(IF($E51="",TODAY()-29,$E51),TODAY()-29)-($D51+MOD(SISTEM!$F$8-WEEKDAY($D51,2),7)))/7)+1))) | M51: =IF($G51>0,$I51/$G51,0) | N51: =IF($C51="","",IF($B51="TANIMSIZ MÜŞTERİ","TANIMSIZ MÜŞTERİ",IF($F51="","MODEL SEÇİN",IF(OR($D51="",$G51<=0),"EKSİK",IF(AND($E51<>"",$E51<$D51),"TARİH HATASI",IF($H51="Pasif","KAPALI DÖNEM","UYGUN")))))) | O51: =IF(OR($C51="",$D51="",$F51=""),"",IF($F51="Aylık",EOMONTH($D51,0),($D51+MOD(SISTEM!$F$8-WEEKDAY($D51,2),7)))) | S51: =IF($B51="","",$B51&"|"&COUNTIFS($B$7:$B51,$B51)) | T51: =IF($C51="","",UPPER(SUBSTITUTE(SUBSTITUTE(SUBSTITUTE(SUBSTITUTE(SUBSTITUTE(SUBSTITUTE(SUBSTITUTE(SUBSTITUTE(SUBSTITUTE(SUBSTITUTE(SUBSTITUTE(SUBSTITUTE(SUBSTITUTE(SUBSTITUTE(SUBSTITUTE(SUBSTITUTE(SUBSTITUTE(SUBSTITUTE(TRIM($C51),"'",""),"İ","I"),"ı","I"),"i","I"),"Ş","S"),"ş","S"),"Ğ","G"),"ğ","G"),"Ü","U"),"ü","U"),"Ö","O"),"ö","O"),"Ç","C"),"ç","C"),".",""),",","")," ",""),"-","")))
B52: =IF($C52="","",IFERROR(INDEX(MUSTERILER!$B$7:$B$106,MATCH($T52,MUSTERILER!$T$7:$T$106,0)),IFERROR(INDEX(MUSTERILER!$B$7:$B$106,MATCH($C52,MUSTERILER!$B$7:$B$106,0)),IFERROR(INDEX(MUSTERILER!$B$7:$B$106,MATCH($T52&"*",MUSTERILER!$T$7:$T$106,0)),"TANIMSIZ MÜŞTERİ")))) | C52: STAR ŞOW LTD.ŞTİ. | D52: 46235 | F52: Haftalık | G52: 3000 | H52: Aktif | I52: =IF(OR($C52="",$D52="",$G52="",$F52=""),0,$G52*IF($F52="Aylık",MAX(0,(YEAR(MIN(IF($E52="",TODAY(),$E52),TODAY()))-YEAR($D52))*12+MONTH(MIN(IF($E52="",TODAY(),$E52),TODAY()))-MONTH($D52)+IF(MIN(IF($E52="",TODAY(),$E52),TODAY())>=EOMONTH(MIN(IF($E52="",TODAY(),$E52),TODAY()),0),1,0)),MAX(0,INT((MIN(IF($E52="",TODAY(),$E52),TODAY())-($D52+MOD(SISTEM!$F$8-WEEKDAY($D52,2),7)))/7)+1))) | J52: =IF(OR($C52="",$D52="",$G52="",$F52=""),0,$G52*IF($F52="Aylık",MAX(0,(YEAR(MIN(IF($E52="",TODAY()-8,$E52),TODAY()-8))-YEAR($D52))*12+MONTH(MIN(IF($E52="",TODAY()-8,$E52),TODAY()-8))-MONTH($D52)+IF(MIN(IF($E52="",TODAY()-8,$E52),TODAY()-8)>=EOMONTH(MIN(IF($E52="",TODAY()-8,$E52),TODAY()-8),0),1,0)),MAX(0,INT((MIN(IF($E52="",TODAY()-8,$E52),TODAY()-8)-($D52+MOD(SISTEM!$F$8-WEEKDAY($D52,2),7)))/7)+1))) | K52: =IF(OR($C52="",$D52="",$G52="",$F52=""),0,$G52*IF($F52="Aylık",MAX(0,(YEAR(MIN(IF($E52="",TODAY()-15,$E52),TODAY()-15))-YEAR($D52))*12+MONTH(MIN(IF($E52="",TODAY()-15,$E52),TODAY()-15))-MONTH($D52)+IF(MIN(IF($E52="",TODAY()-15,$E52),TODAY()-15)>=EOMONTH(MIN(IF($E52="",TODAY()-15,$E52),TODAY()-15),0),1,0)),MAX(0,INT((MIN(IF($E52="",TODAY()-15,$E52),TODAY()-15)-($D52+MOD(SISTEM!$F$8-WEEKDAY($D52,2),7)))/7)+1))) | L52: =IF(OR($C52="",$D52="",$G52="",$F52=""),0,$G52*IF($F52="Aylık",MAX(0,(YEAR(MIN(IF($E52="",TODAY()-29,$E52),TODAY()-29))-YEAR($D52))*12+MONTH(MIN(IF($E52="",TODAY()-29,$E52),TODAY()-29))-MONTH($D52)+IF(MIN(IF($E52="",TODAY()-29,$E52),TODAY()-29)>=EOMONTH(MIN(IF($E52="",TODAY()-29,$E52),TODAY()-29),0),1,0)),MAX(0,INT((MIN(IF($E52="",TODAY()-29,$E52),TODAY()-29)-($D52+MOD(SISTEM!$F$8-WEEKDAY($D52,2),7)))/7)+1))) | M52: =IF($G52>0,$I52/$G52,0) | N52: =IF($C52="","",IF($B52="TANIMSIZ MÜŞTERİ","TANIMSIZ MÜŞTERİ",IF($F52="","MODEL SEÇİN",IF(OR($D52="",$G52<=0),"EKSİK",IF(AND($E52<>"",$E52<$D52),"TARİH HATASI",IF($H52="Pasif","KAPALI DÖNEM","UYGUN")))))) | O52: =IF(OR($C52="",$D52="",$F52=""),"",IF($F52="Aylık",EOMONTH($D52,0),($D52+MOD(SISTEM!$F$8-WEEKDAY($D52,2),7)))) | S52: =IF($B52="","",$B52&"|"&COUNTIFS($B$7:$B52,$B52)) | T52: =IF($C52="","",UPPER(SUBSTITUTE(SUBSTITUTE(SUBSTITUTE(SUBSTITUTE(SUBSTITUTE(SUBSTITUTE(SUBSTITUTE(SUBSTITUTE(SUBSTITUTE(SUBSTITUTE(SUBSTITUTE(SUBSTITUTE(SUBSTITUTE(SUBSTITUTE(SUBSTITUTE(SUBSTITUTE(SUBSTITUTE(SUBSTITUTE(TRIM($C52),"'",""),"İ","I"),"ı","I"),"i","I"),"Ş","S"),"ş","S"),"Ğ","G"),"ğ","G"),"Ü","U"),"ü","U"),"Ö","O"),"ö","O"),"Ç","C"),"ç","C"),".",""),",","")," ",""),"-","")))
B53: =IF($C53="","",IFERROR(INDEX(MUSTERILER!$B$7:$B$106,MATCH($T53,MUSTERILER!$T$7:$T$106,0)),IFERROR(INDEX(MUSTERILER!$B$7:$B$106,MATCH($C53,MUSTERILER!$B$7:$B$106,0)),IFERROR(INDEX(MUSTERILER!$B$7:$B$106,MATCH($T53&"*",MUSTERILER!$T$7:$T$106,0)),"TANIMSIZ MÜŞTERİ")))) | C53: TANAK LTD.ŞTİ. | D53: 46023 | F53: Haftalık | G53: 4000 | H53: Aktif | I53: =IF(OR($C53="",$D53="",$G53="",$F53=""),0,$G53*IF($F53="Aylık",MAX(0,(YEAR(MIN(IF($E53="",TODAY(),$E53),TODAY()))-YEAR($D53))*12+MONTH(MIN(IF($E53="",TODAY(),$E53),TODAY()))-MONTH($D53)+IF(MIN(IF($E53="",TODAY(),$E53),TODAY())>=EOMONTH(MIN(IF($E53="",TODAY(),$E53),TODAY()),0),1,0)),MAX(0,INT((MIN(IF($E53="",TODAY(),$E53),TODAY())-($D53+MOD(SISTEM!$F$8-WEEKDAY($D53,2),7)))/7)+1))) | J53: =IF(OR($C53="",$D53="",$G53="",$F53=""),0,$G53*IF($F53="Aylık",MAX(0,(YEAR(MIN(IF($E53="",TODAY()-8,$E53),TODAY()-8))-YEAR($D53))*12+MONTH(MIN(IF($E53="",TODAY()-8,$E53),TODAY()-8))-MONTH($D53)+IF(MIN(IF($E53="",TODAY()-8,$E53),TODAY()-8)>=EOMONTH(MIN(IF($E53="",TODAY()-8,$E53),TODAY()-8),0),1,0)),MAX(0,INT((MIN(IF($E53="",TODAY()-8,$E53),TODAY()-8)-($D53+MOD(SISTEM!$F$8-WEEKDAY($D53,2),7)))/7)+1))) | K53: =IF(OR($C53="",$D53="",$G53="",$F53=""),0,$G53*IF($F53="Aylık",MAX(0,(YEAR(MIN(IF($E53="",TODAY()-15,$E53),TODAY()-15))-YEAR($D53))*12+MONTH(MIN(IF($E53="",TODAY()-15,$E53),TODAY()-15))-MONTH($D53)+IF(MIN(IF($E53="",TODAY()-15,$E53),TODAY()-15)>=EOMONTH(MIN(IF($E53="",TODAY()-15,$E53),TODAY()-15),0),1,0)),MAX(0,INT((MIN(IF($E53="",TODAY()-15,$E53),TODAY()-15)-($D53+MOD(SISTEM!$F$8-WEEKDAY($D53,2),7)))/7)+1))) | L53: =IF(OR($C53="",$D53="",$G53="",$F53=""),0,$G53*IF($F53="Aylık",MAX(0,(YEAR(MIN(IF($E53="",TODAY()-29,$E53),TODAY()-29))-YEAR($D53))*12+MONTH(MIN(IF($E53="",TODAY()-29,$E53),TODAY()-29))-MONTH($D53)+IF(MIN(IF($E53="",TODAY()-29,$E53),TODAY()-29)>=EOMONTH(MIN(IF($E53="",TODAY()-29,$E53),TODAY()-29),0),1,0)),MAX(0,INT((MIN(IF($E53="",TODAY()-29,$E53),TODAY()-29)-($D53+MOD(SISTEM!$F$8-WEEKDAY($D53,2),7)))/7)+1))) | M53: =IF($G53>0,$I53/$G53,0) | N53: =IF($C53="","",IF($B53="TANIMSIZ MÜŞTERİ","TANIMSIZ MÜŞTERİ",IF($F53="","MODEL SEÇİN",IF(OR($D53="",$G53<=0),"EKSİK",IF(AND($E53<>"",$E53<$D53),"TARİH HATASI",IF($H53="Pasif","KAPALI DÖNEM","UYGUN")))))) | O53: =IF(OR($C53="",$D53="",$F53=""),"",IF($F53="Aylık",EOMONTH($D53,0),($D53+MOD(SISTEM!$F$8-WEEKDAY($D53,2),7)))) | S53: =IF($B53="","",$B53&"|"&COUNTIFS($B$7:$B53,$B53)) | T53: =IF($C53="","",UPPER(SUBSTITUTE(SUBSTITUTE(SUBSTITUTE(SUBSTITUTE(SUBSTITUTE(SUBSTITUTE(SUBSTITUTE(SUBSTITUTE(SUBSTITUTE(SUBSTITUTE(SUBSTITUTE(SUBSTITUTE(SUBSTITUTE(SUBSTITUTE(SUBSTITUTE(SUBSTITUTE(SUBSTITUTE(SUBSTITUTE(TRIM($C53),"'",""),"İ","I"),"ı","I"),"i","I"),"Ş","S"),"ş","S"),"Ğ","G"),"ğ","G"),"Ü","U"),"ü","U"),"Ö","O"),"ö","O"),"Ç","C"),"ç","C"),".",""),",","")," ",""),"-","")))
B54: =IF($C54="","",IFERROR(INDEX(MUSTERILER!$B$7:$B$106,MATCH($T54,MUSTERILER!$T$7:$T$106,0)),IFERROR(INDEX(MUSTERILER!$B$7:$B$106,MATCH($C54,MUSTERILER!$B$7:$B$106,0)),IFERROR(INDEX(MUSTERILER!$B$7:$B$106,MATCH($T54&"*",MUSTERILER!$T$7:$T$106,0)),"TANIMSIZ MÜŞTERİ")))) | C54: TYANA LTD.ŞTİ. | D54: 46023 | F54: Haftalık | G54: 4000 | H54: Aktif | I54: =IF(OR($C54="",$D54="",$G54="",$F54=""),0,$G54*IF($F54="Aylık",MAX(0,(YEAR(MIN(IF($E54="",TODAY(),$E54),TODAY()))-YEAR($D54))*12+MONTH(MIN(IF($E54="",TODAY(),$E54),TODAY()))-MONTH($D54)+IF(MIN(IF($E54="",TODAY(),$E54),TODAY())>=EOMONTH(MIN(IF($E54="",TODAY(),$E54),TODAY()),0),1,0)),MAX(0,INT((MIN(IF($E54="",TODAY(),$E54),TODAY())-($D54+MOD(SISTEM!$F$8-WEEKDAY($D54,2),7)))/7)+1))) | J54: =IF(OR($C54="",$D54="",$G54="",$F54=""),0,$G54*IF($F54="Aylık",MAX(0,(YEAR(MIN(IF($E54="",TODAY()-8,$E54),TODAY()-8))-YEAR($D54))*12+MONTH(MIN(IF($E54="",TODAY()-8,$E54),TODAY()-8))-MONTH($D54)+IF(MIN(IF($E54="",TODAY()-8,$E54),TODAY()-8)>=EOMONTH(MIN(IF($E54="",TODAY()-8,$E54),TODAY()-8),0),1,0)),MAX(0,INT((MIN(IF($E54="",TODAY()-8,$E54),TODAY()-8)-($D54+MOD(SISTEM!$F$8-WEEKDAY($D54,2),7)))/7)+1))) | K54: =IF(OR($C54="",$D54="",$G54="",$F54=""),0,$G54*IF($F54="Aylık",MAX(0,(YEAR(MIN(IF($E54="",TODAY()-15,$E54),TODAY()-15))-YEAR($D54))*12+MONTH(MIN(IF($E54="",TODAY()-15,$E54),TODAY()-15))-MONTH($D54)+IF(MIN(IF($E54="",TODAY()-15,$E54),TODAY()-15)>=EOMONTH(MIN(IF($E54="",TODAY()-15,$E54),TODAY()-15),0),1,0)),MAX(0,INT((MIN(IF($E54="",TODAY()-15,$E54),TODAY()-15)-($D54+MOD(SISTEM!$F$8-WEEKDAY($D54,2),7)))/7)+1))) | L54: =IF(OR($C54="",$D54="",$G54="",$F54=""),0,$G54*IF($F54="Aylık",MAX(0,(YEAR(MIN(IF($E54="",TODAY()-29,$E54),TODAY()-29))-YEAR($D54))*12+MONTH(MIN(IF($E54="",TODAY()-29,$E54),TODAY()-29))-MONTH($D54)+IF(MIN(IF($E54="",TODAY()-29,$E54),TODAY()-29)>=EOMONTH(MIN(IF($E54="",TODAY()-29,$E54),TODAY()-29),0),1,0)),MAX(0,INT((MIN(IF($E54="",TODAY()-29,$E54),TODAY()-29)-($D54+MOD(SISTEM!$F$8-WEEKDAY($D54,2),7)))/7)+1))) | M54: =IF($G54>0,$I54/$G54,0) | N54: =IF($C54="","",IF($B54="TANIMSIZ MÜŞTERİ","TANIMSIZ MÜŞTERİ",IF($F54="","MODEL SEÇİN",IF(OR($D54="",$G54<=0),"EKSİK",IF(AND($E54<>"",$E54<$D54),"TARİH HATASI",IF($H54="Pasif","KAPALI DÖNEM","UYGUN")))))) | O54: =IF(OR($C54="",$D54="",$F54=""),"",IF($F54="Aylık",EOMONTH($D54,0),($D54+MOD(SISTEM!$F$8-WEEKDAY($D54,2),7)))) | S54: =IF($B54="","",$B54&"|"&COUNTIFS($B$7:$B54,$B54)) | T54: =IF($C54="","",UPPER(SUBSTITUTE(SUBSTITUTE(SUBSTITUTE(SUBSTITUTE(SUBSTITUTE(SUBSTITUTE(SUBSTITUTE(SUBSTITUTE(SUBSTITUTE(SUBSTITUTE(SUBSTITUTE(SUBSTITUTE(SUBSTITUTE(SUBSTITUTE(SUBSTITUTE(SUBSTITUTE(SUBSTITUTE(SUBSTITUTE(TRIM($C54),"'",""),"İ","I"),"ı","I"),"i","I"),"Ş","S"),"ş","S"),"Ğ","G"),"ğ","G"),"Ü","U"),"ü","U"),"Ö","O"),"ö","O"),"Ç","C"),"ç","C"),".",""),",","")," ",""),"-","")))
B55: =IF($C55="","",IFERROR(INDEX(MUSTERILER!$B$7:$B$106,MATCH($T55,MUSTERILER!$T$7:$T$106,0)),IFERROR(INDEX(MUSTERILER!$B$7:$B$106,MATCH($C55,MUSTERILER!$B$7:$B$106,0)),IFERROR(INDEX(MUSTERILER!$B$7:$B$106,MATCH($T55&"*",MUSTERILER!$T$7:$T$106,0)),"TANIMSIZ MÜŞTERİ")))) | C55: UFUK YILMAZ | D55: 46023 | F55: Aylık | G55: 3000 | H55: Aktif | I55: =IF(OR($C55="",$D55="",$G55="",$F55=""),0,$G55*IF($F55="Aylık",MAX(0,(YEAR(MIN(IF($E55="",TODAY(),$E55),TODAY()))-YEAR($D55))*12+MONTH(MIN(IF($E55="",TODAY(),$E55),TODAY()))-MONTH($D55)+IF(MIN(IF($E55="",TODAY(),$E55),TODAY())>=EOMONTH(MIN(IF($E55="",TODAY(),$E55),TODAY()),0),1,0)),MAX(0,INT((MIN(IF($E55="",TODAY(),$E55),TODAY())-($D55+MOD(SISTEM!$F$8-WEEKDAY($D55,2),7)))/7)+1))) | J55: =IF(OR($C55="",$D55="",$G55="",$F55=""),0,$G55*IF($F55="Aylık",MAX(0,(YEAR(MIN(IF($E55="",TODAY()-8,$E55),TODAY()-8))-YEAR($D55))*12+MONTH(MIN(IF($E55="",TODAY()-8,$E55),TODAY()-8))-MONTH($D55)+IF(MIN(IF($E55="",TODAY()-8,$E55),TODAY()-8)>=EOMONTH(MIN(IF($E55="",TODAY()-8,$E55),TODAY()-8),0),1,0)),MAX(0,INT((MIN(IF($E55="",TODAY()-8,$E55),TODAY()-8)-($D55+MOD(SISTEM!$F$8-WEEKDAY($D55,2),7)))/7)+1))) | K55: =IF(OR($C55="",$D55="",$G55="",$F55=""),0,$G55*IF($F55="Aylık",MAX(0,(YEAR(MIN(IF($E55="",TODAY()-15,$E55),TODAY()-15))-YEAR($D55))*12+MONTH(MIN(IF($E55="",TODAY()-15,$E55),TODAY()-15))-MONTH($D55)+IF(MIN(IF($E55="",TODAY()-15,$E55),TODAY()-15)>=EOMONTH(MIN(IF($E55="",TODAY()-15,$E55),TODAY()-15),0),1,0)),MAX(0,INT((MIN(IF($E55="",TODAY()-15,$E55),TODAY()-15)-($D55+MOD(SISTEM!$F$8-WEEKDAY($D55,2),7)))/7)+1))) | L55: =IF(OR($C55="",$D55="",$G55="",$F55=""),0,$G55*IF($F55="Aylık",MAX(0,(YEAR(MIN(IF($E55="",TODAY()-29,$E55),TODAY()-29))-YEAR($D55))*12+MONTH(MIN(IF($E55="",TODAY()-29,$E55),TODAY()-29))-MONTH($D55)+IF(MIN(IF($E55="",TODAY()-29,$E55),TODAY()-29)>=EOMONTH(MIN(IF($E55="",TODAY()-29,$E55),TODAY()-29),0),1,0)),MAX(0,INT((MIN(IF($E55="",TODAY()-29,$E55),TODAY()-29)-($D55+MOD(SISTEM!$F$8-WEEKDAY($D55,2),7)))/7)+1))) | M55: =IF($G55>0,$I55/$G55,0) | N55: =IF($C55="","",IF($B55="TANIMSIZ MÜŞTERİ","TANIMSIZ MÜŞTERİ",IF($F55="","MODEL SEÇİN",IF(OR($D55="",$G55<=0),"EKSİK",IF(AND($E55<>"",$E55<$D55),"TARİH HATASI",IF($H55="Pasif","KAPALI DÖNEM","UYGUN")))))) | O55: =IF(OR($C55="",$D55="",$F55=""),"",IF($F55="Aylık",EOMONTH($D55,0),($D55+MOD(SISTEM!$F$8-WEEKDAY($D55,2),7)))) | S55: =IF($B55="","",$B55&"|"&COUNTIFS($B$7:$B55,$B55)) | T55: =IF($C55="","",UPPER(SUBSTITUTE(SUBSTITUTE(SUBSTITUTE(SUBSTITUTE(SUBSTITUTE(SUBSTITUTE(SUBSTITUTE(SUBSTITUTE(SUBSTITUTE(SUBSTITUTE(SUBSTITUTE(SUBSTITUTE(SUBSTITUTE(SUBSTITUTE(SUBSTITUTE(SUBSTITUTE(SUBSTITUTE(SUBSTITUTE(TRIM($C55),"'",""),"İ","I"),"ı","I"),"i","I"),"Ş","S"),"ş","S"),"Ğ","G"),"ğ","G"),"Ü","U"),"ü","U"),"Ö","O"),"ö","O"),"Ç","C"),"ç","C"),".",""),",","")," ",""),"-","")))
B56: =IF($C56="","",IFERROR(INDEX(MUSTERILER!$B$7:$B$106,MATCH($T56,MUSTERILER!$T$7:$T$106,0)),IFERROR(INDEX(MUSTERILER!$B$7:$B$106,MATCH($C56,MUSTERILER!$B$7:$B$106,0)),IFERROR(INDEX(MUSTERILER!$B$7:$B$106,MATCH($T56&"*",MUSTERILER!$T$7:$T$106,0)),"TANIMSIZ MÜŞTERİ")))) | C56: VANOLYA SU LTD.ŞTİ. | D56: 46204 | F56: Aylık | G56: 10000 | H56: Aktif | I56: =IF(OR($C56="",$D56="",$G56="",$F56=""),0,$G56*IF($F56="Aylık",MAX(0,(YEAR(MIN(IF($E56="",TODAY(),$E56),TODAY()))-YEAR($D56))*12+MONTH(MIN(IF($E56="",TODAY(),$E56),TODAY()))-MONTH($D56)+IF(MIN(IF($E56="",TODAY(),$E56),TODAY())>=EOMONTH(MIN(IF($E56="",TODAY(),$E56),TODAY()),0),1,0)),MAX(0,INT((MIN(IF($E56="",TODAY(),$E56),TODAY())-($D56+MOD(SISTEM!$F$8-WEEKDAY($D56,2),7)))/7)+1))) | J56: =IF(OR($C56="",$D56="",$G56="",$F56=""),0,$G56*IF($F56="Aylık",MAX(0,(YEAR(MIN(IF($E56="",TODAY()-8,$E56),TODAY()-8))-YEAR($D56))*12+MONTH(MIN(IF($E56="",TODAY()-8,$E56),TODAY()-8))-MONTH($D56)+IF(MIN(IF($E56="",TODAY()-8,$E56),TODAY()-8)>=EOMONTH(MIN(IF($E56="",TODAY()-8,$E56),TODAY()-8),0),1,0)),MAX(0,INT((MIN(IF($E56="",TODAY()-8,$E56),TODAY()-8)-($D56+MOD(SISTEM!$F$8-WEEKDAY($D56,2),7)))/7)+1))) | K56: =IF(OR($C56="",$D56="",$G56="",$F56=""),0,$G56*IF($F56="Aylık",MAX(0,(YEAR(MIN(IF($E56="",TODAY()-15,$E56),TODAY()-15))-YEAR($D56))*12+MONTH(MIN(IF($E56="",TODAY()-15,$E56),TODAY()-15))-MONTH($D56)+IF(MIN(IF($E56="",TODAY()-15,$E56),TODAY()-15)>=EOMONTH(MIN(IF($E56="",TODAY()-15,$E56),TODAY()-15),0),1,0)),MAX(0,INT((MIN(IF($E56="",TODAY()-15,$E56),TODAY()-15)-($D56+MOD(SISTEM!$F$8-WEEKDAY($D56,2),7)))/7)+1))) | L56: =IF(OR($C56="",$D56="",$G56="",$F56=""),0,$G56*IF($F56="Aylık",MAX(0,(YEAR(MIN(IF($E56="",TODAY()-29,$E56),TODAY()-29))-YEAR($D56))*12+MONTH(MIN(IF($E56="",TODAY()-29,$E56),TODAY()-29))-MONTH($D56)+IF(MIN(IF($E56="",TODAY()-29,$E56),TODAY()-29)>=EOMONTH(MIN(IF($E56="",TODAY()-29,$E56),TODAY()-29),0),1,0)),MAX(0,INT((MIN(IF($E56="",TODAY()-29,$E56),TODAY()-29)-($D56+MOD(SISTEM!$F$8-WEEKDAY($D56,2),7)))/7)+1))) | M56: =IF($G56>0,$I56/$G56,0) | N56: =IF($C56="","",IF($B56="TANIMSIZ MÜŞTERİ","TANIMSIZ MÜŞTERİ",IF($F56="","MODEL SEÇİN",IF(OR($D56="",$G56<=0),"EKSİK",IF(AND($E56<>"",$E56<$D56),"TARİH HATASI",IF($H56="Pasif","KAPALI DÖNEM","UYGUN")))))) | O56: =IF(OR($C56="",$D56="",$F56=""),"",IF($F56="Aylık",EOMONTH($D56,0),($D56+MOD(SISTEM!$F$8-WEEKDAY($D56,2),7)))) | S56: =IF($B56="","",$B56&"|"&COUNTIFS($B$7:$B56,$B56)) | T56: =IF($C56="","",UPPER(SUBSTITUTE(SUBSTITUTE(SUBSTITUTE(SUBSTITUTE(SUBSTITUTE(SUBSTITUTE(SUBSTITUTE(SUBSTITUTE(SUBSTITUTE(SUBSTITUTE(SUBSTITUTE(SUBSTITUTE(SUBSTITUTE(SUBSTITUTE(SUBSTITUTE(SUBSTITUTE(SUBSTITUTE(SUBSTITUTE(TRIM($C56),"'",""),"İ","I"),"ı","I"),"i","I"),"Ş","S"),"ş","S"),"Ğ","G"),"ğ","G"),"Ü","U"),"ü","U"),"Ö","O"),"ö","O"),"Ç","C"),"ç","C"),".",""),",","")," ",""),"-","")))
B57: =IF($C57="","",IFERROR(INDEX(MUSTERILER!$B$7:$B$106,MATCH($T57,MUSTERILER!$T$7:$T$106,0)),IFERROR(INDEX(MUSTERILER!$B$7:$B$106,MATCH($C57,MUSTERILER!$B$7:$B$106,0)),IFERROR(INDEX(MUSTERILER!$B$7:$B$106,MATCH($T57&"*",MUSTERILER!$T$7:$T$106,0)),"TANIMSIZ MÜŞTERİ")))) | C57: VOLKAN AÇIK | D57: 46023 | F57: Haftalık | G57: 1000 | H57: Aktif | I57: =IF(OR($C57="",$D57="",$G57="",$F57=""),0,$G57*IF($F57="Aylık",MAX(0,(YEAR(MIN(IF($E57="",TODAY(),$E57),TODAY()))-YEAR($D57))*12+MONTH(MIN(IF($E57="",TODAY(),$E57),TODAY()))-MONTH($D57)+IF(MIN(IF($E57="",TODAY(),$E57),TODAY())>=EOMONTH(MIN(IF($E57="",TODAY(),$E57),TODAY()),0),1,0)),MAX(0,INT((MIN(IF($E57="",TODAY(),$E57),TODAY())-($D57+MOD(SISTEM!$F$8-WEEKDAY($D57,2),7)))/7)+1))) | J57: =IF(OR($C57="",$D57="",$G57="",$F57=""),0,$G57*IF($F57="Aylık",MAX(0,(YEAR(MIN(IF($E57="",TODAY()-8,$E57),TODAY()-8))-YEAR($D57))*12+MONTH(MIN(IF($E57="",TODAY()-8,$E57),TODAY()-8))-MONTH($D57)+IF(MIN(IF($E57="",TODAY()-8,$E57),TODAY()-8)>=EOMONTH(MIN(IF($E57="",TODAY()-8,$E57),TODAY()-8),0),1,0)),MAX(0,INT((MIN(IF($E57="",TODAY()-8,$E57),TODAY()-8)-($D57+MOD(SISTEM!$F$8-WEEKDAY($D57,2),7)))/7)+1))) | K57: =IF(OR($C57="",$D57="",$G57="",$F57=""),0,$G57*IF($F57="Aylık",MAX(0,(YEAR(MIN(IF($E57="",TODAY()-15,$E57),TODAY()-15))-YEAR($D57))*12+MONTH(MIN(IF($E57="",TODAY()-15,$E57),TODAY()-15))-MONTH($D57)+IF(MIN(IF($E57="",TODAY()-15,$E57),TODAY()-15)>=EOMONTH(MIN(IF($E57="",TODAY()-15,$E57),TODAY()-15),0),1,0)),MAX(0,INT((MIN(IF($E57="",TODAY()-15,$E57),TODAY()-15)-($D57+MOD(SISTEM!$F$8-WEEKDAY($D57,2),7)))/7)+1))) | L57: =IF(OR($C57="",$D57="",$G57="",$F57=""),0,$G57*IF($F57="Aylık",MAX(0,(YEAR(MIN(IF($E57="",TODAY()-29,$E57),TODAY()-29))-YEAR($D57))*12+MONTH(MIN(IF($E57="",TODAY()-29,$E57),TODAY()-29))-MONTH($D57)+IF(MIN(IF($E57="",TODAY()-29,$E57),TODAY()-29)>=EOMONTH(MIN(IF($E57="",TODAY()-29,$E57),TODAY()-29),0),1,0)),MAX(0,INT((MIN(IF($E57="",TODAY()-29,$E57),TODAY()-29)-($D57+MOD(SISTEM!$F$8-WEEKDAY($D57,2),7)))/7)+1))) | M57: =IF($G57>0,$I57/$G57,0) | N57: =IF($C57="","",IF($B57="TANIMSIZ MÜŞTERİ","TANIMSIZ MÜŞTERİ",IF($F57="","MODEL SEÇİN",IF(OR($D57="",$G57<=0),"EKSİK",IF(AND($E57<>"",$E57<$D57),"TARİH HATASI",IF($H57="Pasif","KAPALI DÖNEM","UYGUN")))))) | O57: =IF(OR($C57="",$D57="",$F57=""),"",IF($F57="Aylık",EOMONTH($D57,0),($D57+MOD(SISTEM!$F$8-WEEKDAY($D57,2),7)))) | S57: =IF($B57="","",$B57&"|"&COUNTIFS($B$7:$B57,$B57)) | T57: =IF($C57="","",UPPER(SUBSTITUTE(SUBSTITUTE(SUBSTITUTE(SUBSTITUTE(SUBSTITUTE(SUBSTITUTE(SUBSTITUTE(SUBSTITUTE(SUBSTITUTE(SUBSTITUTE(SUBSTITUTE(SUBSTITUTE(SUBSTITUTE(SUBSTITUTE(SUBSTITUTE(SUBSTITUTE(SUBSTITUTE(SUBSTITUTE(TRIM($C57),"'",""),"İ","I"),"ı","I"),"i","I"),"Ş","S"),"ş","S"),"Ğ","G"),"ğ","G"),"Ü","U"),"ü","U"),"Ö","O"),"ö","O"),"Ç","C"),"ç","C"),".",""),",","")," ",""),"-","")))
B58: =IF($C58="","",IFERROR(INDEX(MUSTERILER!$B$7:$B$106,MATCH($T58,MUSTERILER!$T$7:$T$106,0)),IFERROR(INDEX(MUSTERILER!$B$7:$B$106,MATCH($C58,MUSTERILER!$B$7:$B$106,0)),IFERROR(INDEX(MUSTERILER!$B$7:$B$106,MATCH($T58&"*",MUSTERILER!$T$7:$T$106,0)),"TANIMSIZ MÜŞTERİ")))) | C58: YALIKENT LTD.ŞTİ. | D58: 46023 | E58: 46203 | F58: Haftalık | G58: 4000 | H58: Pasif | I58: =IF(OR($C58="",$D58="",$G58="",$F58=""),0,$G58*IF($F58="Aylık",MAX(0,(YEAR(MIN(IF($E58="",TODAY(),$E58),TODAY()))-YEAR($D58))*12+MONTH(MIN(IF($E58="",TODAY(),$E58),TODAY()))-MONTH($D58)+IF(MIN(IF($E58="",TODAY(),$E58),TODAY())>=EOMONTH(MIN(IF($E58="",TODAY(),$E58),TODAY()),0),1,0)),MAX(0,INT((MIN(IF($E58="",TODAY(),$E58),TODAY())-($D58+MOD(SISTEM!$F$8-WEEKDAY($D58,2),7)))/7)+1))) | J58: =IF(OR($C58="",$D58="",$G58="",$F58=""),0,$G58*IF($F58="Aylık",MAX(0,(YEAR(MIN(IF($E58="",TODAY()-8,$E58),TODAY()-8))-YEAR($D58))*12+MONTH(MIN(IF($E58="",TODAY()-8,$E58),TODAY()-8))-MONTH($D58)+IF(MIN(IF($E58="",TODAY()-8,$E58),TODAY()-8)>=EOMONTH(MIN(IF($E58="",TODAY()-8,$E58),TODAY()-8),0),1,0)),MAX(0,INT((MIN(IF($E58="",TODAY()-8,$E58),TODAY()-8)-($D58+MOD(SISTEM!$F$8-WEEKDAY($D58,2),7)))/7)+1))) | K58: =IF(OR($C58="",$D58="",$G58="",$F58=""),0,$G58*IF($F58="Aylık",MAX(0,(YEAR(MIN(IF($E58="",TODAY()-15,$E58),TODAY()-15))-YEAR($D58))*12+MONTH(MIN(IF($E58="",TODAY()-15,$E58),TODAY()-15))-MONTH($D58)+IF(MIN(IF($E58="",TODAY()-15,$E58),TODAY()-15)>=EOMONTH(MIN(IF($E58="",TODAY()-15,$E58),TODAY()-15),0),1,0)),MAX(0,INT((MIN(IF($E58="",TODAY()-15,$E58),TODAY()-15)-($D58+MOD(SISTEM!$F$8-WEEKDAY($D58,2),7)))/7)+1))) | L58: =IF(OR($C58="",$D58="",$G58="",$F58=""),0,$G58*IF($F58="Aylık",MAX(0,(YEAR(MIN(IF($E58="",TODAY()-29,$E58),TODAY()-29))-YEAR($D58))*12+MONTH(MIN(IF($E58="",TODAY()-29,$E58),TODAY()-29))-MONTH($D58)+IF(MIN(IF($E58="",TODAY()-29,$E58),TODAY()-29)>=EOMONTH(MIN(IF($E58="",TODAY()-29,$E58),TODAY()-29),0),1,0)),MAX(0,INT((MIN(IF($E58="",TODAY()-29,$E58),TODAY()-29)-($D58+MOD(SISTEM!$F$8-WEEKDAY($D58,2),7)))/7)+1))) | M58: =IF($G58>0,$I58/$G58,0) | N58: =IF($C58="","",IF($B58="TANIMSIZ MÜŞTERİ","TANIMSIZ MÜŞTERİ",IF($F58="","MODEL SEÇİN",IF(OR($D58="",$G58<=0),"EKSİK",IF(AND($E58<>"",$E58<$D58),"TARİH HATASI",IF($H58="Pasif","KAPALI DÖNEM","UYGUN")))))) | O58: =IF(OR($C58="",$D58="",$F58=""),"",IF($F58="Aylık",EOMONTH($D58,0),($D58+MOD(SISTEM!$F$8-WEEKDAY($D58,2),7)))) | S58: =IF($B58="","",$B58&"|"&COUNTIFS($B$7:$B58,$B58)) | T58: =IF($C58="","",UPPER(SUBSTITUTE(SUBSTITUTE(SUBSTITUTE(SUBSTITUTE(SUBSTITUTE(SUBSTITUTE(SUBSTITUTE(SUBSTITUTE(SUBSTITUTE(SUBSTITUTE(SUBSTITUTE(SUBSTITUTE(SUBSTITUTE(SUBSTITUTE(SUBSTITUTE(SUBSTITUTE(SUBSTITUTE(SUBSTITUTE(TRIM($C58),"'",""),"İ","I"),"ı","I"),"i","I"),"Ş","S"),"ş","S"),"Ğ","G"),"ğ","G"),"Ü","U"),"ü","U"),"Ö","O"),"ö","O"),"Ç","C"),"ç","C"),".",""),",","")," ",""),"-","")))
B59: =IF($C59="","",IFERROR(INDEX(MUSTERILER!$B$7:$B$106,MATCH($T59,MUSTERILER!$T$7:$T$106,0)),IFERROR(INDEX(MUSTERILER!$B$7:$B$106,MATCH($C59,MUSTERILER!$B$7:$B$106,0)),IFERROR(INDEX(MUSTERILER!$B$7:$B$106,MATCH($T59&"*",MUSTERILER!$T$7:$T$106,0)),"TANIMSIZ MÜŞTERİ")))) | C59: YEDİYİRMİDÖRT LTD.ŞTİ. | D59: 46023 | F59: Aylık | G59: 10000 | H59: Aktif | I59: =IF(OR($C59="",$D59="",$G59="",$F59=""),0,$G59*IF($F59="Aylık",MAX(0,(YEAR(MIN(IF($E59="",TODAY(),$E59),TODAY()))-YEAR($D59))*12+MONTH(MIN(IF($E59="",TODAY(),$E59),TODAY()))-MONTH($D59)+IF(MIN(IF($E59="",TODAY(),$E59),TODAY())>=EOMONTH(MIN(IF($E59="",TODAY(),$E59),TODAY()),0),1,0)),MAX(0,INT((MIN(IF($E59="",TODAY(),$E59),TODAY())-($D59+MOD(SISTEM!$F$8-WEEKDAY($D59,2),7)))/7)+1))) | J59: =IF(OR($C59="",$D59="",$G59="",$F59=""),0,$G59*IF($F59="Aylık",MAX(0,(YEAR(MIN(IF($E59="",TODAY()-8,$E59),TODAY()-8))-YEAR($D59))*12+MONTH(MIN(IF($E59="",TODAY()-8,$E59),TODAY()-8))-MONTH($D59)+IF(MIN(IF($E59="",TODAY()-8,$E59),TODAY()-8)>=EOMONTH(MIN(IF($E59="",TODAY()-8,$E59),TODAY()-8),0),1,0)),MAX(0,INT((MIN(IF($E59="",TODAY()-8,$E59),TODAY()-8)-($D59+MOD(SISTEM!$F$8-WEEKDAY($D59,2),7)))/7)+1))) | K59: =IF(OR($C59="",$D59="",$G59="",$F59=""),0,$G59*IF($F59="Aylık",MAX(0,(YEAR(MIN(IF($E59="",TODAY()-15,$E59),TODAY()-15))-YEAR($D59))*12+MONTH(MIN(IF($E59="",TODAY()-15,$E59),TODAY()-15))-MONTH($D59)+IF(MIN(IF($E59="",TODAY()-15,$E59),TODAY()-15)>=EOMONTH(MIN(IF($E59="",TODAY()-15,$E59),TODAY()-15),0),1,0)),MAX(0,INT((MIN(IF($E59="",TODAY()-15,$E59),TODAY()-15)-($D59+MOD(SISTEM!$F$8-WEEKDAY($D59,2),7)))/7)+1))) | L59: =IF(OR($C59="",$D59="",$G59="",$F59=""),0,$G59*IF($F59="Aylık",MAX(0,(YEAR(MIN(IF($E59="",TODAY()-29,$E59),TODAY()-29))-YEAR($D59))*12+MONTH(MIN(IF($E59="",TODAY()-29,$E59),TODAY()-29))-MONTH($D59)+IF(MIN(IF($E59="",TODAY()-29,$E59),TODAY()-29)>=EOMONTH(MIN(IF($E59="",TODAY()-29,$E59),TODAY()-29),0),1,0)),MAX(0,INT((MIN(IF($E59="",TODAY()-29,$E59),TODAY()-29)-($D59+MOD(SISTEM!$F$8-WEEKDAY($D59,2),7)))/7)+1))) | M59: =IF($G59>0,$I59/$G59,0) | N59: =IF($C59="","",IF($B59="TANIMSIZ MÜŞTERİ","TANIMSIZ MÜŞTERİ",IF($F59="","MODEL SEÇİN",IF(OR($D59="",$G59<=0),"EKSİK",IF(AND($E59<>"",$E59<$D59),"TARİH HATASI",IF($H59="Pasif","KAPALI DÖNEM","UYGUN")))))) | O59: =IF(OR($C59="",$D59="",$F59=""),"",IF($F59="Aylık",EOMONTH($D59,0),($D59+MOD(SISTEM!$F$8-WEEKDAY($D59,2),7)))) | S59: =IF($B59="","",$B59&"|"&COUNTIFS($B$7:$B59,$B59)) | T59: =IF($C59="","",UPPER(SUBSTITUTE(SUBSTITUTE(SUBSTITUTE(SUBSTITUTE(SUBSTITUTE(SUBSTITUTE(SUBSTITUTE(SUBSTITUTE(SUBSTITUTE(SUBSTITUTE(SUBSTITUTE(SUBSTITUTE(SUBSTITUTE(SUBSTITUTE(SUBSTITUTE(SUBSTITUTE(SUBSTITUTE(SUBSTITUTE(TRIM($C59),"'",""),"İ","I"),"ı","I"),"i","I"),"Ş","S"),"ş","S"),"Ğ","G"),"ğ","G"),"Ü","U"),"ü","U"),"Ö","O"),"ö","O"),"Ç","C"),"ç","C"),".",""),",","")," ",""),"-","")))
B60: =IF($C60="","",IFERROR(INDEX(MUSTERILER!$B$7:$B$106,MATCH($T60,MUSTERILER!$T$7:$T$106,0)),IFERROR(INDEX(MUSTERILER!$B$7:$B$106,MATCH($C60,MUSTERILER!$B$7:$B$106,0)),IFERROR(INDEX(MUSTERILER!$B$7:$B$106,MATCH($T60&"*",MUSTERILER!$T$7:$T$106,0)),"TANIMSIZ MÜŞTERİ")))) | C60: ZÜMRÜT EĞLENCE LTD.ŞTİ. | D60: 46023 | F60: Haftalık | G60: 3000 | H60: Aktif | I60: =IF(OR($C60="",$D60="",$G60="",$F60=""),0,$G60*IF($F60="Aylık",MAX(0,(YEAR(MIN(IF($E60="",TODAY(),$E60),TODAY()))-YEAR($D60))*12+MONTH(MIN(IF($E60="",TODAY(),$E60),TODAY()))-MONTH($D60)+IF(MIN(IF($E60="",TODAY(),$E60),TODAY())>=EOMONTH(MIN(IF($E60="",TODAY(),$E60),TODAY()),0),1,0)),MAX(0,INT((MIN(IF($E60="",TODAY(),$E60),TODAY())-($D60+MOD(SISTEM!$F$8-WEEKDAY($D60,2),7)))/7)+1))) | J60: =IF(OR($C60="",$D60="",$G60="",$F60=""),0,$G60*IF($F60="Aylık",MAX(0,(YEAR(MIN(IF($E60="",TODAY()-8,$E60),TODAY()-8))-YEAR($D60))*12+MONTH(MIN(IF($E60="",TODAY()-8,$E60),TODAY()-8))-MONTH($D60)+IF(MIN(IF($E60="",TODAY()-8,$E60),TODAY()-8)>=EOMONTH(MIN(IF($E60="",TODAY()-8,$E60),TODAY()-8),0),1,0)),MAX(0,INT((MIN(IF($E60="",TODAY()-8,$E60),TODAY()-8)-($D60+MOD(SISTEM!$F$8-WEEKDAY($D60,2),7)))/7)+1))) | K60: =IF(OR($C60="",$D60="",$G60="",$F60=""),0,$G60*IF($F60="Aylık",MAX(0,(YEAR(MIN(IF($E60="",TODAY()-15,$E60),TODAY()-15))-YEAR($D60))*12+MONTH(MIN(IF($E60="",TODAY()-15,$E60),TODAY()-15))-MONTH($D60)+IF(MIN(IF($E60="",TODAY()-15,$E60),TODAY()-15)>=EOMONTH(MIN(IF($E60="",TODAY()-15,$E60),TODAY()-15),0),1,0)),MAX(0,INT((MIN(IF($E60="",TODAY()-15,$E60),TODAY()-15)-($D60+MOD(SISTEM!$F$8-WEEKDAY($D60,2),7)))/7)+1))) | L60: =IF(OR($C60="",$D60="",$G60="",$F60=""),0,$G60*IF($F60="Aylık",MAX(0,(YEAR(MIN(IF($E60="",TODAY()-29,$E60),TODAY()-29))-YEAR($D60))*12+MONTH(MIN(IF($E60="",TODAY()-29,$E60),TODAY()-29))-MONTH($D60)+IF(MIN(IF($E60="",TODAY()-29,$E60),TODAY()-29)>=EOMONTH(MIN(IF($E60="",TODAY()-29,$E60),TODAY()-29),0),1,0)),MAX(0,INT((MIN(IF($E60="",TODAY()-29,$E60),TODAY()-29)-($D60+MOD(SISTEM!$F$8-WEEKDAY($D60,2),7)))/7)+1))) | M60: =IF($G60>0,$I60/$G60,0) | N60: =IF($C60="","",IF($B60="TANIMSIZ MÜŞTERİ","TANIMSIZ MÜŞTERİ",IF($F60="","MODEL SEÇİN",IF(OR($D60="",$G60<=0),"EKSİK",IF(AND($E60<>"",$E60<$D60),"TARİH HATASI",IF($H60="Pasif","KAPALI DÖNEM","UYGUN")))))) | O60: =IF(OR($C60="",$D60="",$F60=""),"",IF($F60="Aylık",EOMONTH($D60,0),($D60+MOD(SISTEM!$F$8-WEEKDAY($D60,2),7)))) | S60: =IF($B60="","",$B60&"|"&COUNTIFS($B$7:$B60,$B60)) | T60: =IF($C60="","",UPPER(SUBSTITUTE(SUBSTITUTE(SUBSTITUTE(SUBSTITUTE(SUBSTITUTE(SUBSTITUTE(SUBSTITUTE(SUBSTITUTE(SUBSTITUTE(SUBSTITUTE(SUBSTITUTE(SUBSTITUTE(SUBSTITUTE(SUBSTITUTE(SUBSTITUTE(SUBSTITUTE(SUBSTITUTE(SUBSTITUTE(TRIM($C60),"'",""),"İ","I"),"ı","I"),"i","I"),"Ş","S"),"ş","S"),"Ğ","G"),"ğ","G"),"Ü","U"),"ü","U"),"Ö","O"),"ö","O"),"Ç","C"),"ç","C"),".",""),",","")," ",""),"-","")))
B61: =IF($C61="","",IFERROR(INDEX(MUSTERILER!$B$7:$B$106,MATCH($T61,MUSTERILER!$T$7:$T$106,0)),IFERROR(INDEX(MUSTERILER!$B$7:$B$106,MATCH($C61,MUSTERILER!$B$7:$B$106,0)),IFERROR(INDEX(MUSTERILER!$B$7:$B$106,MATCH($T61&"*",MUSTERILER!$T$7:$T$106,0)),"TANIMSIZ MÜŞTERİ")))) | C61: ZÜMRÜT GRUP LTD.ŞTİ. | D61: 46023 | F61: Haftalık | G61: 1750 | H61: Aktif | I61: =IF(OR($C61="",$D61="",$G61="",$F61=""),0,$G61*IF($F61="Aylık",MAX(0,(YEAR(MIN(IF($E61="",TODAY(),$E61),TODAY()))-YEAR($D61))*12+MONTH(MIN(IF($E61="",TODAY(),$E61),TODAY()))-MONTH($D61)+IF(MIN(IF($E61="",TODAY(),$E61),TODAY())>=EOMONTH(MIN(IF($E61="",TODAY(),$E61),TODAY()),0),1,0)),MAX(0,INT((MIN(IF($E61="",TODAY(),$E61),TODAY())-($D61+MOD(SISTEM!$F$8-WEEKDAY($D61,2),7)))/7)+1))) | J61: =IF(OR($C61="",$D61="",$G61="",$F61=""),0,$G61*IF($F61="Aylık",MAX(0,(YEAR(MIN(IF($E61="",TODAY()-8,$E61),TODAY()-8))-YEAR($D61))*12+MONTH(MIN(IF($E61="",TODAY()-8,$E61),TODAY()-8))-MONTH($D61)+IF(MIN(IF($E61="",TODAY()-8,$E61),TODAY()-8)>=EOMONTH(MIN(IF($E61="",TODAY()-8,$E61),TODAY()-8),0),1,0)),MAX(0,INT((MIN(IF($E61="",TODAY()-8,$E61),TODAY()-8)-($D61+MOD(SISTEM!$F$8-WEEKDAY($D61,2),7)))/7)+1))) | K61: =IF(OR($C61="",$D61="",$G61="",$F61=""),0,$G61*IF($F61="Aylık",MAX(0,(YEAR(MIN(IF($E61="",TODAY()-15,$E61),TODAY()-15))-YEAR($D61))*12+MONTH(MIN(IF($E61="",TODAY()-15,$E61),TODAY()-15))-MONTH($D61)+IF(MIN(IF($E61="",TODAY()-15,$E61),TODAY()-15)>=EOMONTH(MIN(IF($E61="",TODAY()-15,$E61),TODAY()-15),0),1,0)),MAX(0,INT((MIN(IF($E61="",TODAY()-15,$E61),TODAY()-15)-($D61+MOD(SISTEM!$F$8-WEEKDAY($D61,2),7)))/7)+1))) | L61: =IF(OR($C61="",$D61="",$G61="",$F61=""),0,$G61*IF($F61="Aylık",MAX(0,(YEAR(MIN(IF($E61="",TODAY()-29,$E61),TODAY()-29))-YEAR($D61))*12+MONTH(MIN(IF($E61="",TODAY()-29,$E61),TODAY()-29))-MONTH($D61)+IF(MIN(IF($E61="",TODAY()-29,$E61),TODAY()-29)>=EOMONTH(MIN(IF($E61="",TODAY()-29,$E61),TODAY()-29),0),1,0)),MAX(0,INT((MIN(IF($E61="",TODAY()-29,$E61),TODAY()-29)-($D61+MOD(SISTEM!$F$8-WEEKDAY($D61,2),7)))/7)+1))) | M61: =IF($G61>0,$I61/$G61,0) | N61: =IF($C61="","",IF($B61="TANIMSIZ MÜŞTERİ","TANIMSIZ MÜŞTERİ",IF($F61="","MODEL SEÇİN",IF(OR($D61="",$G61<=0),"EKSİK",IF(AND($E61<>"",$E61<$D61),"TARİH HATASI",IF($H61="Pasif","KAPALI DÖNEM","UYGUN")))))) | O61: =IF(OR($C61="",$D61="",$F61=""),"",IF($F61="Aylık",EOMONTH($D61,0),($D61+MOD(SISTEM!$F$8-WEEKDAY($D61,2),7)))) | S61: =IF($B61="","",$B61&"|"&COUNTIFS($B$7:$B61,$B61)) | T61: =IF($C61="","",UPPER(SUBSTITUTE(SUBSTITUTE(SUBSTITUTE(SUBSTITUTE(SUBSTITUTE(SUBSTITUTE(SUBSTITUTE(SUBSTITUTE(SUBSTITUTE(SUBSTITUTE(SUBSTITUTE(SUBSTITUTE(SUBSTITUTE(SUBSTITUTE(SUBSTITUTE(SUBSTITUTE(SUBSTITUTE(SUBSTITUTE(TRIM($C61),"'",""),"İ","I"),"ı","I"),"i","I"),"Ş","S"),"ş","S"),"Ğ","G"),"ğ","G"),"Ü","U"),"ü","U"),"Ö","O"),"ö","O"),"Ç","C"),"ç","C"),".",""),",","")," ",""),"-","")))
B62: =IF($C62="","",IFERROR(INDEX(MUSTERILER!$B$7:$B$106,MATCH($T62,MUSTERILER!$T$7:$T$106,0)),IFERROR(INDEX(MUSTERILER!$B$7:$B$106,MATCH($C62,MUSTERILER!$B$7:$B$106,0)),IFERROR(INDEX(MUSTERILER!$B$7:$B$106,MATCH($T62&"*",MUSTERILER!$T$7:$T$106,0)),"TANIMSIZ MÜŞTERİ")))) | C62: ÇINARHAN LTD.ŞTİ. | D62: 46249 | F62: Haftalık | G62: 4000 | H62: Aktif | I62: =IF(OR($C62="",$D62="",$G62="",$F62=""),0,$G62*IF($F62="Aylık",MAX(0,(YEAR(MIN(IF($E62="",TODAY(),$E62),TODAY()))-YEAR($D62))*12+MONTH(MIN(IF($E62="",TODAY(),$E62),TODAY()))-MONTH($D62)+IF(MIN(IF($E62="",TODAY(),$E62),TODAY())>=EOMONTH(MIN(IF($E62="",TODAY(),$E62),TODAY()),0),1,0)),MAX(0,INT((MIN(IF($E62="",TODAY(),$E62),TODAY())-($D62+MOD(SISTEM!$F$8-WEEKDAY($D62,2),7)))/7)+1))) | J62: =IF(OR($C62="",$D62="",$G62="",$F62=""),0,$G62*IF($F62="Aylık",MAX(0,(YEAR(MIN(IF($E62="",TODAY()-8,$E62),TODAY()-8))-YEAR($D62))*12+MONTH(MIN(IF($E62="",TODAY()-8,$E62),TODAY()-8))-MONTH($D62)+IF(MIN(IF($E62="",TODAY()-8,$E62),TODAY()-8)>=EOMONTH(MIN(IF($E62="",TODAY()-8,$E62),TODAY()-8),0),1,0)),MAX(0,INT((MIN(IF($E62="",TODAY()-8,$E62),TODAY()-8)-($D62+MOD(SISTEM!$F$8-WEEKDAY($D62,2),7)))/7)+1))) | K62: =IF(OR($C62="",$D62="",$G62="",$F62=""),0,$G62*IF($F62="Aylık",MAX(0,(YEAR(MIN(IF($E62="",TODAY()-15,$E62),TODAY()-15))-YEAR($D62))*12+MONTH(MIN(IF($E62="",TODAY()-15,$E62),TODAY()-15))-MONTH($D62)+IF(MIN(IF($E62="",TODAY()-15,$E62),TODAY()-15)>=EOMONTH(MIN(IF($E62="",TODAY()-15,$E62),TODAY()-15),0),1,0)),MAX(0,INT((MIN(IF($E62="",TODAY()-15,$E62),TODAY()-15)-($D62+MOD(SISTEM!$F$8-WEEKDAY($D62,2),7)))/7)+1))) | L62: =IF(OR($C62="",$D62="",$G62="",$F62=""),0,$G62*IF($F62="Aylık",MAX(0,(YEAR(MIN(IF($E62="",TODAY()-29,$E62),TODAY()-29))-YEAR($D62))*12+MONTH(MIN(IF($E62="",TODAY()-29,$E62),TODAY()-29))-MONTH($D62)+IF(MIN(IF($E62="",TODAY()-29,$E62),TODAY()-29)>=EOMONTH(MIN(IF($E62="",TODAY()-29,$E62),TODAY()-29),0),1,0)),MAX(0,INT((MIN(IF($E62="",TODAY()-29,$E62),TODAY()-29)-($D62+MOD(SISTEM!$F$8-WEEKDAY($D62,2),7)))/7)+1))) | M62: =IF($G62>0,$I62/$G62,0) | N62: =IF($C62="","",IF($B62="TANIMSIZ MÜŞTERİ","TANIMSIZ MÜŞTERİ",IF($F62="","MODEL SEÇİN",IF(OR($D62="",$G62<=0),"EKSİK",IF(AND($E62<>"",$E62<$D62),"TARİH HATASI",IF($H62="Pasif","KAPALI DÖNEM","UYGUN")))))) | O62: =IF(OR($C62="",$D62="",$F62=""),"",IF($F62="Aylık",EOMONTH($D62,0),($D62+MOD(SISTEM!$F$8-WEEKDAY($D62,2),7)))) | S62: =IF($B62="","",$B62&"|"&COUNTIFS($B$7:$B62,$B62)) | T62: =IF($C62="","",UPPER(SUBSTITUTE(SUBSTITUTE(SUBSTITUTE(SUBSTITUTE(SUBSTITUTE(SUBSTITUTE(SUBSTITUTE(SUBSTITUTE(SUBSTITUTE(SUBSTITUTE(SUBSTITUTE(SUBSTITUTE(SUBSTITUTE(SUBSTITUTE(SUBSTITUTE(SUBSTITUTE(SUBSTITUTE(SUBSTITUTE(TRIM($C62),"'",""),"İ","I"),"ı","I"),"i","I"),"Ş","S"),"ş","S"),"Ğ","G"),"ğ","G"),"Ü","U"),"ü","U"),"Ö","O"),"ö","O"),"Ç","C"),"ç","C"),".",""),",","")," ",""),"-","")))
B63: =IF($C63="","",IFERROR(INDEX(MUSTERILER!$B$7:$B$106,MATCH($T63,MUSTERILER!$T$7:$T$106,0)),IFERROR(INDEX(MUSTERILER!$B$7:$B$106,MATCH($C63,MUSTERILER!$B$7:$B$106,0)),IFERROR(INDEX(MUSTERILER!$B$7:$B$106,MATCH($T63&"*",MUSTERILER!$T$7:$T$106,0)),"TANIMSIZ MÜŞTERİ")))) | C63: EĞLENGÖR LTD.ŞTİ. | D63: 46110 | F63: Haftalık | G63: 4000 | H63: Aktif | I63: =IF(OR($C63="",$D63="",$G63="",$F63=""),0,$G63*IF($F63="Aylık",MAX(0,(YEAR(MIN(IF($E63="",TODAY(),$E63),TODAY()))-YEAR($D63))*12+MONTH(MIN(IF($E63="",TODAY(),$E63),TODAY()))-MONTH($D63)+IF(MIN(IF($E63="",TODAY(),$E63),TODAY())>=EOMONTH(MIN(IF($E63="",TODAY(),$E63),TODAY()),0),1,0)),MAX(0,INT((MIN(IF($E63="",TODAY(),$E63),TODAY())-($D63+MOD(SISTEM!$F$8-WEEKDAY($D63,2),7)))/7)+1))) | J63: =IF(OR($C63="",$D63="",$G63="",$F63=""),0,$G63*IF($F63="Aylık",MAX(0,(YEAR(MIN(IF($E63="",TODAY()-8,$E63),TODAY()-8))-YEAR($D63))*12+MONTH(MIN(IF($E63="",TODAY()-8,$E63),TODAY()-8))-MONTH($D63)+IF(MIN(IF($E63="",TODAY()-8,$E63),TODAY()-8)>=EOMONTH(MIN(IF($E63="",TODAY()-8,$E63),TODAY()-8),0),1,0)),MAX(0,INT((MIN(IF($E63="",TODAY()-8,$E63),TODAY()-8)-($D63+MOD(SISTEM!$F$8-WEEKDAY($D63,2),7)))/7)+1))) | K63: =IF(OR($C63="",$D63="",$G63="",$F63=""),0,$G63*IF($F63="Aylık",MAX(0,(YEAR(MIN(IF($E63="",TODAY()-15,$E63),TODAY()-15))-YEAR($D63))*12+MONTH(MIN(IF($E63="",TODAY()-15,$E63),TODAY()-15))-MONTH($D63)+IF(MIN(IF($E63="",TODAY()-15,$E63),TODAY()-15)>=EOMONTH(MIN(IF($E63="",TODAY()-15,$E63),TODAY()-15),0),1,0)),MAX(0,INT((MIN(IF($E63="",TODAY()-15,$E63),TODAY()-15)-($D63+MOD(SISTEM!$F$8-WEEKDAY($D63,2),7)))/7)+1))) | L63: =IF(OR($C63="",$D63="",$G63="",$F63=""),0,$G63*IF($F63="Aylık",MAX(0,(YEAR(MIN(IF($E63="",TODAY()-29,$E63),TODAY()-29))-YEAR($D63))*12+MONTH(MIN(IF($E63="",TODAY()-29,$E63),TODAY()-29))-MONTH($D63)+IF(MIN(IF($E63="",TODAY()-29,$E63),TODAY()-29)>=EOMONTH(MIN(IF($E63="",TODAY()-29,$E63),TODAY()-29),0),1,0)),MAX(0,INT((MIN(IF($E63="",TODAY()-29,$E63),TODAY()-29)-($D63+MOD(SISTEM!$F$8-WEEKDAY($D63,2),7)))/7)+1))) | M63: =IF($G63>0,$I63/$G63,0) | N63: =IF($C63="","",IF($B63="TANIMSIZ MÜŞTERİ","TANIMSIZ MÜŞTERİ",IF($F63="","MODEL SEÇİN",IF(OR($D63="",$G63<=0),"EKSİK",IF(AND($E63<>"",$E63<$D63),"TARİH HATASI",IF($H63="Pasif","KAPALI DÖNEM","UYGUN")))))) | O63: =IF(OR($C63="",$D63="",$F63=""),"",IF($F63="Aylık",EOMONTH($D63,0),($D63+MOD(SISTEM!$F$8-WEEKDAY($D63,2),7)))) | S63: =IF($B63="","",$B63&"|"&COUNTIFS($B$7:$B63,$B63)) | T63: =IF($C63="","",UPPER(SUBSTITUTE(SUBSTITUTE(SUBSTITUTE(SUBSTITUTE(SUBSTITUTE(SUBSTITUTE(SUBSTITUTE(SUBSTITUTE(SUBSTITUTE(SUBSTITUTE(SUBSTITUTE(SUBSTITUTE(SUBSTITUTE(SUBSTITUTE(SUBSTITUTE(SUBSTITUTE(SUBSTITUTE(SUBSTITUTE(TRIM($C63),"'",""),"İ","I"),"ı","I"),"i","I"),"Ş","S"),"ş","S"),"Ğ","G"),"ğ","G"),"Ü","U"),"ü","U"),"Ö","O"),"ö","O"),"Ç","C"),"ç","C"),".",""),",","")," ",""),"-","")))
B64: =IF($C64="","",IFERROR(INDEX(MUSTERILER!$B$7:$B$106,MATCH($T64,MUSTERILER!$T$7:$T$106,0)),IFERROR(INDEX(MUSTERILER!$B$7:$B$106,MATCH($C64,MUSTERILER!$B$7:$B$106,0)),IFERROR(INDEX(MUSTERILER!$B$7:$B$106,MATCH($T64&"*",MUSTERILER!$T$7:$T$106,0)),"TANIMSIZ MÜŞTERİ")))) | C64: FİNAL SİYAH BEYAZ LTD.ŞTİ. | D64: 46116 | F64: Haftalık | G64: 4000 | H64: Aktif | I64: =IF(OR($C64="",$D64="",$G64="",$F64=""),0,$G64*IF($F64="Aylık",MAX(0,(YEAR(MIN(IF($E64="",TODAY(),$E64),TODAY()))-YEAR($D64))*12+MONTH(MIN(IF($E64="",TODAY(),$E64),TODAY()))-MONTH($D64)+IF(MIN(IF($E64="",TODAY(),$E64),TODAY())>=EOMONTH(MIN(IF($E64="",TODAY(),$E64),TODAY()),0),1,0)),MAX(0,INT((MIN(IF($E64="",TODAY(),$E64),TODAY())-($D64+MOD(SISTEM!$F$8-WEEKDAY($D64,2),7)))/7)+1))) | J64: =IF(OR($C64="",$D64="",$G64="",$F64=""),0,$G64*IF($F64="Aylık",MAX(0,(YEAR(MIN(IF($E64="",TODAY()-8,$E64),TODAY()-8))-YEAR($D64))*12+MONTH(MIN(IF($E64="",TODAY()-8,$E64),TODAY()-8))-MONTH($D64)+IF(MIN(IF($E64="",TODAY()-8,$E64),TODAY()-8)>=EOMONTH(MIN(IF($E64="",TODAY()-8,$E64),TODAY()-8),0),1,0)),MAX(0,INT((MIN(IF($E64="",TODAY()-8,$E64),TODAY()-8)-($D64+MOD(SISTEM!$F$8-WEEKDAY($D64,2),7)))/7)+1))) | K64: =IF(OR($C64="",$D64="",$G64="",$F64=""),0,$G64*IF($F64="Aylık",MAX(0,(YEAR(MIN(IF($E64="",TODAY()-15,$E64),TODAY()-15))-YEAR($D64))*12+MONTH(MIN(IF($E64="",TODAY()-15,$E64),TODAY()-15))-MONTH($D64)+IF(MIN(IF($E64="",TODAY()-15,$E64),TODAY()-15)>=EOMONTH(MIN(IF($E64="",TODAY()-15,$E64),TODAY()-15),0),1,0)),MAX(0,INT((MIN(IF($E64="",TODAY()-15,$E64),TODAY()-15)-($D64+MOD(SISTEM!$F$8-WEEKDAY($D64,2),7)))/7)+1))) | L64: =IF(OR($C64="",$D64="",$G64="",$F64=""),0,$G64*IF($F64="Aylık",MAX(0,(YEAR(MIN(IF($E64="",TODAY()-29,$E64),TODAY()-29))-YEAR($D64))*12+MONTH(MIN(IF($E64="",TODAY()-29,$E64),TODAY()-29))-MONTH($D64)+IF(MIN(IF($E64="",TODAY()-29,$E64),TODAY()-29)>=EOMONTH(MIN(IF($E64="",TODAY()-29,$E64),TODAY()-29),0),1,0)),MAX(0,INT((MIN(IF($E64="",TODAY()-29,$E64),TODAY()-29)-($D64+MOD(SISTEM!$F$8-WEEKDAY($D64,2),7)))/7)+1))) | M64: =IF($G64>0,$I64/$G64,0) | N64: =IF($C64="","",IF($B64="TANIMSIZ MÜŞTERİ","TANIMSIZ MÜŞTERİ",IF($F64="","MODEL SEÇİN",IF(OR($D64="",$G64<=0),"EKSİK",IF(AND($E64<>"",$E64<$D64),"TARİH HATASI",IF($H64="Pasif","KAPALI DÖNEM","UYGUN")))))) | O64: =IF(OR($C64="",$D64="",$F64=""),"",IF($F64="Aylık",EOMONTH($D64,0),($D64+MOD(SISTEM!$F$8-WEEKDAY($D64,2),7)))) | S64: =IF($B64="","",$B64&"|"&COUNTIFS($B$7:$B64,$B64)) | T64: =IF($C64="","",UPPER(SUBSTITUTE(SUBSTITUTE(SUBSTITUTE(SUBSTITUTE(SUBSTITUTE(SUBSTITUTE(SUBSTITUTE(SUBSTITUTE(SUBSTITUTE(SUBSTITUTE(SUBSTITUTE(SUBSTITUTE(SUBSTITUTE(SUBSTITUTE(SUBSTITUTE(SUBSTITUTE(SUBSTITUTE(SUBSTITUTE(TRIM($C64),"'",""),"İ","I"),"ı","I"),"i","I"),"Ş","S"),"ş","S"),"Ğ","G"),"ğ","G"),"Ü","U"),"ü","U"),"Ö","O"),"ö","O"),"Ç","C"),"ç","C"),".",""),",","")," ",""),"-","")))
B65: =IF($C65="","",IFERROR(INDEX(MUSTERILER!$B$7:$B$106,MATCH($T65,MUSTERILER!$T$7:$T$106,0)),IFERROR(INDEX(MUSTERILER!$B$7:$B$106,MATCH($C65,MUSTERILER!$B$7:$B$106,0)),IFERROR(INDEX(MUSTERILER!$B$7:$B$106,MATCH($T65&"*",MUSTERILER!$T$7:$T$106,0)),"TANIMSIZ MÜŞTERİ")))) | C65: İBRAHİM MALDAN | D65: 46082 | F65: Haftalık | G65: 4000 | H65: Aktif | I65: =IF(OR($C65="",$D65="",$G65="",$F65=""),0,$G65*IF($F65="Aylık",MAX(0,(YEAR(MIN(IF($E65="",TODAY(),$E65),TODAY()))-YEAR($D65))*12+MONTH(MIN(IF($E65="",TODAY(),$E65),TODAY()))-MONTH($D65)+IF(MIN(IF($E65="",TODAY(),$E65),TODAY())>=EOMONTH(MIN(IF($E65="",TODAY(),$E65),TODAY()),0),1,0)),MAX(0,INT((MIN(IF($E65="",TODAY(),$E65),TODAY())-($D65+MOD(SISTEM!$F$8-WEEKDAY($D65,2),7)))/7)+1))) | J65: =IF(OR($C65="",$D65="",$G65="",$F65=""),0,$G65*IF($F65="Aylık",MAX(0,(YEAR(MIN(IF($E65="",TODAY()-8,$E65),TODAY()-8))-YEAR($D65))*12+MONTH(MIN(IF($E65="",TODAY()-8,$E65),TODAY()-8))-MONTH($D65)+IF(MIN(IF($E65="",TODAY()-8,$E65),TODAY()-8)>=EOMONTH(MIN(IF($E65="",TODAY()-8,$E65),TODAY()-8),0),1,0)),MAX(0,INT((MIN(IF($E65="",TODAY()-8,$E65),TODAY()-8)-($D65+MOD(SISTEM!$F$8-WEEKDAY($D65,2),7)))/7)+1))) | K65: =IF(OR($C65="",$D65="",$G65="",$F65=""),0,$G65*IF($F65="Aylık",MAX(0,(YEAR(MIN(IF($E65="",TODAY()-15,$E65),TODAY()-15))-YEAR($D65))*12+MONTH(MIN(IF($E65="",TODAY()-15,$E65),TODAY()-15))-MONTH($D65)+IF(MIN(IF($E65="",TODAY()-15,$E65),TODAY()-15)>=EOMONTH(MIN(IF($E65="",TODAY()-15,$E65),TODAY()-15),0),1,0)),MAX(0,INT((MIN(IF($E65="",TODAY()-15,$E65),TODAY()-15)-($D65+MOD(SISTEM!$F$8-WEEKDAY($D65,2),7)))/7)+1))) | L65: =IF(OR($C65="",$D65="",$G65="",$F65=""),0,$G65*IF($F65="Aylık",MAX(0,(YEAR(MIN(IF($E65="",TODAY()-29,$E65),TODAY()-29))-YEAR($D65))*12+MONTH(MIN(IF($E65="",TODAY()-29,$E65),TODAY()-29))-MONTH($D65)+IF(MIN(IF($E65="",TODAY()-29,$E65),TODAY()-29)>=EOMONTH(MIN(IF($E65="",TODAY()-29,$E65),TODAY()-29),0),1,0)),MAX(0,INT((MIN(IF($E65="",TODAY()-29,$E65),TODAY()-29)-($D65+MOD(SISTEM!$F$8-WEEKDAY($D65,2),7)))/7)+1))) | M65: =IF($G65>0,$I65/$G65,0) | N65: =IF($C65="","",IF($B65="TANIMSIZ MÜŞTERİ","TANIMSIZ MÜŞTERİ",IF($F65="","MODEL SEÇİN",IF(OR($D65="",$G65<=0),"EKSİK",IF(AND($E65<>"",$E65<$D65),"TARİH HATASI",IF($H65="Pasif","KAPALI DÖNEM","UYGUN")))))) | O65: =IF(OR($C65="",$D65="",$F65=""),"",IF($F65="Aylık",EOMONTH($D65,0),($D65+MOD(SISTEM!$F$8-WEEKDAY($D65,2),7)))) | S65: =IF($B65="","",$B65&"|"&COUNTIFS($B$7:$B65,$B65)) | T65: =IF($C65="","",UPPER(SUBSTITUTE(SUBSTITUTE(SUBSTITUTE(SUBSTITUTE(SUBSTITUTE(SUBSTITUTE(SUBSTITUTE(SUBSTITUTE(SUBSTITUTE(SUBSTITUTE(SUBSTITUTE(SUBSTITUTE(SUBSTITUTE(SUBSTITUTE(SUBSTITUTE(SUBSTITUTE(SUBSTITUTE(SUBSTITUTE(TRIM($C65),"'",""),"İ","I"),"ı","I"),"i","I"),"Ş","S"),"ş","S"),"Ğ","G"),"ğ","G"),"Ü","U"),"ü","U"),"Ö","O"),"ö","O"),"Ç","C"),"ç","C"),".",""),",","")," ",""),"-","")))
B66: =IF($C66="","",IFERROR(INDEX(MUSTERILER!$B$7:$B$106,MATCH($T66,MUSTERILER!$T$7:$T$106,0)),IFERROR(INDEX(MUSTERILER!$B$7:$B$106,MATCH($C66,MUSTERILER!$B$7:$B$106,0)),IFERROR(INDEX(MUSTERILER!$B$7:$B$106,MATCH($T66&"*",MUSTERILER!$T$7:$T$106,0)),"TANIMSIZ MÜŞTERİ")))) | C66: İLDEŞ LTD.ŞTİ. | D66: 46113 | F66: Haftalık | G66: 4000 | H66: Aktif | I66: =IF(OR($C66="",$D66="",$G66="",$F66=""),0,$G66*IF($F66="Aylık",MAX(0,(YEAR(MIN(IF($E66="",TODAY(),$E66),TODAY()))-YEAR($D66))*12+MONTH(MIN(IF($E66="",TODAY(),$E66),TODAY()))-MONTH($D66)+IF(MIN(IF($E66="",TODAY(),$E66),TODAY())>=EOMONTH(MIN(IF($E66="",TODAY(),$E66),TODAY()),0),1,0)),MAX(0,INT((MIN(IF($E66="",TODAY(),$E66),TODAY())-($D66+MOD(SISTEM!$F$8-WEEKDAY($D66,2),7)))/7)+1))) | J66: =IF(OR($C66="",$D66="",$G66="",$F66=""),0,$G66*IF($F66="Aylık",MAX(0,(YEAR(MIN(IF($E66="",TODAY()-8,$E66),TODAY()-8))-YEAR($D66))*12+MONTH(MIN(IF($E66="",TODAY()-8,$E66),TODAY()-8))-MONTH($D66)+IF(MIN(IF($E66="",TODAY()-8,$E66),TODAY()-8)>=EOMONTH(MIN(IF($E66="",TODAY()-8,$E66),TODAY()-8),0),1,0)),MAX(0,INT((MIN(IF($E66="",TODAY()-8,$E66),TODAY()-8)-($D66+MOD(SISTEM!$F$8-WEEKDAY($D66,2),7)))/7)+1))) | K66: =IF(OR($C66="",$D66="",$G66="",$F66=""),0,$G66*IF($F66="Aylık",MAX(0,(YEAR(MIN(IF($E66="",TODAY()-15,$E66),TODAY()-15))-YEAR($D66))*12+MONTH(MIN(IF($E66="",TODAY()-15,$E66),TODAY()-15))-MONTH($D66)+IF(MIN(IF($E66="",TODAY()-15,$E66),TODAY()-15)>=EOMONTH(MIN(IF($E66="",TODAY()-15,$E66),TODAY()-15),0),1,0)),MAX(0,INT((MIN(IF($E66="",TODAY()-15,$E66),TODAY()-15)-($D66+MOD(SISTEM!$F$8-WEEKDAY($D66,2),7)))/7)+1))) | L66: =IF(OR($C66="",$D66="",$G66="",$F66=""),0,$G66*IF($F66="Aylık",MAX(0,(YEAR(MIN(IF($E66="",TODAY()-29,$E66),TODAY()-29))-YEAR($D66))*12+MONTH(MIN(IF($E66="",TODAY()-29,$E66),TODAY()-29))-MONTH($D66)+IF(MIN(IF($E66="",TODAY()-29,$E66),TODAY()-29)>=EOMONTH(MIN(IF($E66="",TODAY()-29,$E66),TODAY()-29),0),1,0)),MAX(0,INT((MIN(IF($E66="",TODAY()-29,$E66),TODAY()-29)-($D66+MOD(SISTEM!$F$8-WEEKDAY($D66,2),7)))/7)+1))) | M66: =IF($G66>0,$I66/$G66,0) | N66: =IF($C66="","",IF($B66="TANIMSIZ MÜŞTERİ","TANIMSIZ MÜŞTERİ",IF($F66="","MODEL SEÇİN",IF(OR($D66="",$G66<=0),"EKSİK",IF(AND($E66<>"",$E66<$D66),"TARİH HATASI",IF($H66="Pasif","KAPALI DÖNEM","UYGUN")))))) | O66: =IF(OR($C66="",$D66="",$F66=""),"",IF($F66="Aylık",EOMONTH($D66,0),($D66+MOD(SISTEM!$F$8-WEEKDAY($D66,2),7)))) | S66: =IF($B66="","",$B66&"|"&COUNTIFS($B$7:$B66,$B66)) | T66: =IF($C66="","",UPPER(SUBSTITUTE(SUBSTITUTE(SUBSTITUTE(SUBSTITUTE(SUBSTITUTE(SUBSTITUTE(SUBSTITUTE(SUBSTITUTE(SUBSTITUTE(SUBSTITUTE(SUBSTITUTE(SUBSTITUTE(SUBSTITUTE(SUBSTITUTE(SUBSTITUTE(SUBSTITUTE(SUBSTITUTE(SUBSTITUTE(TRIM($C66),"'",""),"İ","I"),"ı","I"),"i","I"),"Ş","S"),"ş","S"),"Ğ","G"),"ğ","G"),"Ü","U"),"ü","U"),"Ö","O"),"ö","O"),"Ç","C"),"ç","C"),".",""),",","")," ",""),"-","")))
