Workbook
Name LST_MUSTERI_ADI: MUSTERILER!$C$7:$C$106
Name LST_HESAP: HESAPLAR!$B$7:$B$16
Name LST_KATEGORI: SISTEM!$K$8:$K$37
Name CARI_BAKIYE: MUSTERI_360!$J$7:$J$106
Name GECIKMIS_29: MUSTERI_360!$N$7:$N$106
Name NAKIT_POZISYON: HESAPLAR!$K$18
Name SISTEM_SONUC: SISTEM!$F$23:$F$55
Name EKSTRE_BAKIYE: CARI_EKSTRE!$F$9
Name EKSTRE: OFFSET(CARI_EKSTRE!$A$1,0,0,15+COUNT(CARI_EKSTRE!$C$12:$C$311)+4,9)
Name EKSTRE_TABLO: OFFSET(CARI_EKSTRE!$B$11,0,0,1+COUNT(CARI_EKSTRE!$C$12:$C$311),8)

Sheet PANO
A1: KILIÇ MUHASEBE │ YÖNETİM PANOSU
A2: ="Bu ekran karar, alarm ve seçim ekranıdır │ SİSTEM DURUMU: "&IF(COUNTIFS(SISTEM!$C$23:$C$55,"KRİTİK",SISTEM!$F$23:$F$55,"KALDI")>0,"KRİTİK HATA – AY KAPATILAMAZ",IF(COUNTIF(SISTEM!$F$23:$F$55,"KALDI")=0,"KULLANIMA UYGUN","UYARI VAR – İNCELEYİN"))&" │ "&COUNTIF(SISTEM!$F$23:$F$55,"GEÇTİ")&" / "&COUNTIF(SISTEM!$F$23:$F$55,"<>BİLGİ")&" kontrol geçti"
B4: =TEXT(TODAY(),"dd.mm.yyyy")&" │ "&SISTEM!$C$7
B5: MENÜ | D5: AKTİF MÜŞTERİ | G5: TOPLAM CARİ ALACAK | J5: 29+ GÜN GECİKMİŞ | M5: KASA + BANKA
B6: =HYPERLINK("#PANO!A1"," PANO") | D6: =COUNTIF(MUSTERILER!$D$7:$D$106,"Aktif") | G6: =SUM(MUSTERI_360!$J$7:$J$106) | J6: =SUM(MUSTERI_360!$N$7:$N$106) | M6: =HESAPLAR!$K$18
B7: =HYPERLINK("#MUSTERILER!A1"," Müşteriler") | D7: =COUNTA(MUSTERILER!$B$7:$B$106)&" kayıtlı müşteri" | G7: =COUNTIF(MUSTERI_360!$J$7:$J$106,">0")&" müşteride açık bakiye" | J7: =TEXT(IFERROR(SUM(MUSTERI_360!$N$7:$N$106)/SUM(MUSTERI_360!$J$7:$J$106),0),"0,0%")&" toplam alacağın payı" | M7: =COUNTIF(HESAPLAR!$D$7:$D$16,"Aktif")&" aktif hesap"
B8: =HYPERLINK("#UCRETLER!A1"," Haftalık Ücretler")
B9: =HYPERLINK("#TAHSILAT!A1"," Tahsilat") | D9: BU AY NAKİT KÂR | G9: BU AY TAHSİLAT | J9: HAFTALIK TAHAKKUK | M9: GECİKMİŞ İŞ
B10: =HYPERLINK("#GELIR_GIDER!A1"," Gelir / Gider") | D10: =SUMIFS(AY_SONU!$I$7:$I$42,AY_SONU!$B$7:$B$42,">="&EOMONTH(TODAY(),-1)+1,AY_SONU!$B$7:$B$42,"<="&EOMONTH(TODAY(),0)) | G10: =SUMIFS(AY_SONU!$D$7:$D$42,AY_SONU!$B$7:$B$42,">="&EOMONTH(TODAY(),-1)+1,AY_SONU!$B$7:$B$42,"<="&EOMONTH(TODAY(),0)) | J10: =SUMIFS(UCRETLER!$G$7:$G$406,UCRETLER!$H$7:$H$406,"Aktif",UCRETLER!$F$7:$F$406,"Haftalık") | M10: =COUNTIF(AKTIVITE!$Q$7:$Q$1006,"GECİKMİŞ")
B11: =HYPERLINK("#VIRMAN!A1"," Virman") | D11: =TEXT(TODAY(),"mmmm yyyy")&" dönemi" | G11: ="Ay tahakkuku "&TEXT(SUMIFS(AY_SONU!$C$7:$C$42,AY_SONU!$B$7:$B$42,">="&EOMONTH(TODAY(),-1)+1,AY_SONU!$B$7:$B$42,"<="&EOMONTH(TODAY(),0)),"#,##0")&" ₺" | J11: ="Aylık: "&TEXT(SUMIFS(UCRETLER!$G$7:$G$406,UCRETLER!$H$7:$H$406,"Aktif",UCRETLER!$F$7:$F$406,"Aylık"),"#,##0")&" ₺ │ "&COUNTIFS(UCRETLER!$H$7:$H$406,"Aktif")&" aktif dönem" | M11: =COUNTIF(AKTIVITE!$Q$7:$Q$1006,"BUGÜN")&" iş bugün teslim"
B12: =HYPERLINK("#AKTIVITE!A1"," Aktivite")
B13: =HYPERLINK("#MUSTERI_360!A1"," Müşteri 360") | D13: AYLIK NAKİT KÂR EĞRİSİ | H13: TAHAKKUK ↔ TAHSİLAT | L13: ALACAK YAŞLANDIRMASI
B14: =HYPERLINK("#CARI_EKSTRE!A1"," Cari Ekstre")
B15: =HYPERLINK("#HESAPLAR!A1"," Hesaplar")
B16: =HYPERLINK("#AY_SONU!A1"," Ay Sonu")
B17: =HYPERLINK("#SISTEM!A1"," Sistem & Kontrol")
B18: =HYPERLINK("#BASLANGIC!A1"," Başlangıç")
D23: MÜŞTERİ HIZLI KARTI | J23: BUGÜNÜN UYARILARI
D24: Müşteri seçin | F24: ANKARA HAVANA LTD.ŞTİ. | J24: Gecikmiş müşteri işi | O24: =COUNTIF(AKTIVITE!$Q$7:$Q$1006,"GECİKMİŞ")
D25: Müşteri No | F25: =IF($F$24="","",IFERROR(INDEX(MUSTERI_360!$B$7:$B$106,MATCH($F$24,MUSTERI_360!$C$7:$C$106,0)),"")) | J25: Bugün teslim edilecek iş | O25: =COUNTIF(AKTIVITE!$Q$7:$Q$1006,"BUGÜN")
D26: Borç Durumu | F26: =IF($F$24="","",IFERROR(INDEX(MUSTERI_360!$Q$7:$Q$106,MATCH($F$24,MUSTERI_360!$C$7:$C$106,0)),"")) | J26: 7 gün içindeki işler | O26: =COUNTIF(AKTIVITE!$Q$7:$Q$1006,"7 GÜN İÇİNDE")
D27: Haftalık Ücret | F27: =IF($F$24="","",IFERROR(INDEX(MUSTERI_360!$D$7:$D$106,MATCH($F$24,MUSTERI_360!$C$7:$C$106,0)),"")) | J27: Gecikmiş müşteri teması | O27: =COUNTIFS(AKTIVITE!$C$7:$C$1006,"Görüşme",AKTIVITE!$Q$7:$Q$1006,"GECİKMİŞ")
D28: Aylık Ücret | F28: =IF($F$24="","",IFERROR(INDEX(MUSTERI_360!$E$7:$E$106,MATCH($F$24,MUSTERI_360!$C$7:$C$106,0)),"")) | J28: Kritik borç durumundaki müşteri | O28: =COUNTIF(MUSTERI_360!$Q$7:$Q$106,"KRİTİK")
D29: Devir Alacağı | F29: =IF($F$24="","",IFERROR(INDEX(MUSTERI_360!$F$7:$F$106,MATCH($F$24,MUSTERI_360!$C$7:$C$106,0)),"")) | J29: Bilgisi eksik müşteri kaydı | O29: =COUNTIF(MUSTERILER!$P$7:$P$106,"EKSİK")
D30: Yeni Tahakkuk | F30: =IF($F$24="","",IFERROR(INDEX(MUSTERI_360!$G$7:$G$106,MATCH($F$24,MUSTERI_360!$C$7:$C$106,0)),"")) | J30: Aktif ama ücretsiz müşteri | O30: =COUNTIFS(MUSTERILER!$D$7:$D$106,"Aktif",MUSTERILER!$O$7:$O$106,"HAYIR")
D31: Toplam Borç | F31: =IF($F$24="","",IFERROR(INDEX(MUSTERI_360!$H$7:$H$106,MATCH($F$24,MUSTERI_360!$C$7:$C$106,0)),"")) | J31: Eksik tahsilat kaydı | O31: =COUNTIF(TAHSILAT!$M$7:$M$1506,"EKSİK")
D32: Toplam Tahsilat | F32: =IF($F$24="","",IFERROR(INDEX(MUSTERI_360!$I$7:$I$106,MATCH($F$24,MUSTERI_360!$C$7:$C$106,0)),"")) | J32: Eksik gelir/gider kaydı | O32: =COUNTIF(GELIR_GIDER!$O$7:$O$1206,"EKSİK")
D33: Cari Bakiye | F33: =IF($F$24="","",IFERROR(INDEX(MUSTERI_360!$J$7:$J$106,MATCH($F$24,MUSTERI_360!$C$7:$C$106,0)),"")) | J33: Sistem kontrolünde KALDI satırı | O33: =COUNTIF(SISTEM!$F$23:$F$55,"KALDI")
D34: 0–7 Gün | F34: =IF($F$24="","",IFERROR(INDEX(MUSTERI_360!$K$7:$K$106,MATCH($F$24,MUSTERI_360!$C$7:$C$106,0)),""))
D35: 8–14 Gün | F35: =IF($F$24="","",IFERROR(INDEX(MUSTERI_360!$L$7:$L$106,MATCH($F$24,MUSTERI_360!$C$7:$C$106,0)),""))
D36: 15–28 Gün | F36: =IF($F$24="","",IFERROR(INDEX(MUSTERI_360!$M$7:$M$106,MATCH($F$24,MUSTERI_360!$C$7:$C$106,0)),""))
D37: 29+ Gün | F37: =IF($F$24="","",IFERROR(INDEX(MUSTERI_360!$N$7:$N$106,MATCH($F$24,MUSTERI_360!$C$7:$C$106,0)),""))
D38: Tahsilat Oranı | F38: =IF($F$24="","",IFERROR(INDEX(MUSTERI_360!$O$7:$O$106,MATCH($F$24,MUSTERI_360!$C$7:$C$106,0)),""))
D39: Son Tahsilat | F39: =IF($F$24="","",IFERROR(INDEX(MUSTERI_360!$P$7:$P$106,MATCH($F$24,MUSTERI_360!$C$7:$C$106,0)),""))
D40: Önerilen İşlem | F40: =IF($F$24="","",IFERROR(INDEX(MUSTERI_360!$R$7:$R$106,MATCH($F$24,MUSTERI_360!$C$7:$C$106,0)),""))

Sheet BASLANGIC
A1: KILIÇ MUHASEBE │ BAŞLANGIÇ │ AMAÇ, RENK KİLAVUZU VE KULLANIM
A2: Bu ekran sistemin kimlik kartıdır │ İlk kez açıyorsanız baştan sona okuyun
B4: =HYPERLINK("#PANO!A1","← PANO")
B5: KILIÇ MUHASEBE │ OFİS YÖNETİM SİSTEMİ
B6: Enterprise Exclusive sürüm │ Haftalık ücretle çalışan muhasebe ofisleri için müşteri, tahakkuk, tahsilat, cari, kasa ve ortak payı yönetimi
B8: 1. BU EXCEL NE İÇİN ÜRETİLDİ?
B9: Başlık | D9: Açıklama
B10: Amaç | D10: Haftalık ücretle çalışan bir muhasebe ofisinin tüm ticari işleyişini tek dosyada, tek veri girişiyle ve kendi kendini denetleyen bir yapıyla yönetmek.
B11: Kimin için? | D11: Müşterilerinden haftalık / dönemsel ücret tahsil eden, ortaklı veya tek kişilik muhasebe ve mali müşavirlik ofisleri için.
B12: Neyi çözer? | D12: “Kim ne kadar borçlu, bu borç kaç günlük, kasada ne kadar param var, bu ay gerçekten ne kazandım ve ortaklara ne dağıtabilirim” sorularını tahmine dayanmadan cevaplar.
B13: Nasıl çalışır? | D13: Siz yalnızca sarı hücrelere gerçek işlemi girersiniz. Cari hesap, yaşlandırma, kasa bakiyesi, aylık kapanış ve ortak payları otomatik olarak hesaplanır.
B14: Neden güvenilir? | D14: Sistem her açılışta 28 otomatik kontrol çalıştırır. Bir tanesi bile KALDI verirse ay kapatılamaz; hata sessizce geçmez.
B15: Tahakkuk esası | D15: Haftalık ücret her Cumartesi otomatik tahakkuk eder. Ücret değiştiğinde eski dönem kapatılır, yeni dönem açılır; geçmiş hesaplar asla bozulmaz.
B16: Kâr esası | D16: Dağıtım yalnız tahsil edilmiş nakit kârdan yapılır. Tahsil edilmemiş müşteri alacağı kâr sayılmaz ve ortaklara dağıtılmaz.
B18: 2. RENK KİLAVUZU │ EKRANDAKİ RENKLER NE ANLAMA GELİR?
B19: Renk | C19: Ne görünür | E19: Anlamı | G19: Ne yapmanız gerekir
B20: ■ | C20: SARI ZEMİN / MAVİ YAZI | E20: Veri giriş alanı | G20: Bu hücrelere siz yazarsınız. Sistemin tek besleme kaynağı bu alanlardır.
B21: ■ | C21: BEYAZ ZEMİN / SİYAH YAZI | E21: Otomatik hesaplanan alan | G21: Sistem hesaplar, kilitlidir. Elle değiştirilemez; değiştirmeye çalışırsanız uyarı alırsınız.
B22: ■ | C22: LACİVERT BANT | E22: Başlık ve tablo başlığı | G22: Ekran adı ve sütun başlıkları. Altındaki altın çizgi tablonun başladığı yeri gösterir.
B23: ■ | C23: AÇIK MAVİ SATIR | E23: TOPLAM satırı | G23: Tablo başlığının hemen üstünde durur ve aşağı kaydırsanız da ekranda kalır.
B24: ■ | C24: YEŞİL ROZET | E24: UYGUN / GEÇTİ / TEMİZ | G24: Kayıt eksiksiz, kontrol başarılı. Herhangi bir işlem gerekmiyor.
B25: ■ | C25: TURUNCU ROZET | E25: EKSİK / BUGÜN / ORTA | G25: Dikkat gerektirir. Kayıt tamamlanmalı veya iş bugün teslim edilmeli.
B26: ■ | C26: KIRMIZI ROZET | E26: HATA / KALDI / KRİTİK / GECİKMİŞ | G26: Acil müdahale. Kırmızı satır varken ay sonu kapatılmamalıdır.
B27: ■ | C27: GRİ ROZET | E27: PASİF / PLANLI / İZLE | G27: Bilgi amaçlıdır, işlem gerektirmez.
B29: 3. SEKME RENK HARİTASI │ ALTTAKİ SEKME RENKLERİ NE İŞE YARAR?
B30: Renk | C30: Sekme | D30: Ne için? | F30: Açıklama
B31: ■ | C31: =HYPERLINK("#PANO!A1","PANO") | D31: Yönetim panosu | F31: Günüe buradan başlayın: özet rakamlar, grafikler ve uyarılar.
B32: ■ | C32: =HYPERLINK("#BASLANGIC!A1","BASLANGIC") | D32: Kullanım kılavuzu | F32: Şu an okuduğunuz ekran. Amaç, renk kuralı ve adımlar.
B33: ■ | C33: =HYPERLINK("#MUSTERILER!A1","MUSTERILER") | D33: Ana müşteri kartı | F33: Her müşteri için tek kayıt. Devir alacağı burada tanımlanır.
B34: ■ | C34: =HYPERLINK("#UCRETLER!A1","UCRETLER") | D34: Haftalık ücret dönemleri | F34: Fiyat geçmişi. Tahakkuk motorunun kaynağı.
B35: ■ | C35: =HYPERLINK("#TAHSILAT!A1","TAHSILAT") | D35: Müşteri tahsilatı | F35: Müşteriden gelen her ödeme yalnız buraya girilir.
B36: ■ | C36: =HYPERLINK("#GELIR_GIDER!A1","GELIR_GIDER") | D36: Ofis gelir ve giderleri | F36: Kira, personel, fatura gibi müşteri dışı hareketler.
B37: ■ | C37: =HYPERLINK("#VIRMAN!A1","VIRMAN") | D37: Hesaplar arası transfer | F37: Kasadan bankaya para geçişi. Kârı etkilemez.
B38: ■ | C38: =HYPERLINK("#AKTIVITE!A1","AKTIVITE") | D38: İşler ve görüşmeler | F38: Beyanname, bildirim, telefon, toplantı ve son tarihler.
B39: ■ | C39: =HYPERLINK("#MUSTERI_360!A1","MUSTERI_360") | D39: Cari ve yaşlandırma | F39: Salt okunur karar ekranı. Kimden ne kadar alacaksınız?
B40: ■ | C40: =HYPERLINK("#CARI_EKSTRE!A1","CARI_EKSTRE") | D40: Müşteri cari ekstresi | F40: Seçilen müşterinin borç / alacak / bakiye hareketleri, tarih sırasıyla.
B41: ■ | C41: =HYPERLINK("#HESAPLAR!A1","HESAPLAR") | D41: Kasa ve banka | F41: Her hesabın güncel bakiyesi ve toplam nakit pozisyonu.
B42: ■ | C42: =HYPERLINK("#AY_SONU!A1","AY_SONU") | D42: Aylık kapanış | F42: Nakit kâr, dağıtılabilir kâr ve ortak payları.
B43: ■ | C43: =HYPERLINK("#SISTEM!A1","SISTEM") | D43: Ayarlar ve kontrol | F43: Ortak payları, kategoriler ve 28 otomatik denetim.
B45: 4. 11 ADIMDA KULLANIM │ HANGİ EKRANA NE GİRİLİR?
B46: Adım | C46: Ne yapılacak? | D46: Hangi ekran? | E46: Kullanıcı ne girer? | G46: Sistem ne yapar? | H46: Kontrol noktası | I46: Sıklık
B47: 1 | C47: Müşteri kartı aç | D47: =HYPERLINK("#MUSTERILER!A1","MUSTERILER") | E47: Müşteri no, unvan, durum ve varsa devir alacağı | G47: Müşteri tüm ekranlara tanıtılır | H47: Kayıt Kontrolü = UYGUN | I47: Yeni müşteride
B48: 2 | C48: Haftalık ücreti tanımla | D48: =HYPERLINK("#UCRETLER!A1","UCRETLER") | E48: Başlangıç Cumartesi tarihi ve haftalık ücret | G48: Her Cumartesi otomatik tahakkuk oluşur | H48: Sistem Kontrolü = UYGUN | I48: Yeni müşteride
B49: 3 | C49: Ücret değişikliğini işle | D49: =HYPERLINK("#UCRETLER!A1","UCRETLER") | E49: Eski satıra bitiş Cumartesi, yeni satıra yeni ücret | G49: Geçmiş haftalar bozulmadan yeni fiyat uygulanır | H49: İki aktif dönem çakışmamalı | I49: Ücret değişinde
B50: 4 | C50: Tahsilat gir | D50: =HYPERLINK("#TAHSILAT!A1","TAHSILAT") | E50: Müşteri no, tarih, tutar, kasa/banka | G50: Cari, kasa, aylık kapanış ve nakit kâr güncellenir | H50: Kayıt Kontrolü = UYGUN | I50: Ödeme geldikçe
B51: 5 | C51: Gelir / gider gir | D51: =HYPERLINK("#GELIR_GIDER!A1","GELIR_GIDER") | E51: Tarih, tür, kategori, tutar, hesap, gerçekleşti | G51: Kasa bakiyesi ve nakit kâr güncellenir | H51: Gerçekleşti = Evet olmalı | I51: Harcama oldukça
B52: 6 | C52: Hesaplar arası transfer | D52: =HYPERLINK("#VIRMAN!A1","VIRMAN") | E52: Çıkan hesap, giren hesap, tutar | G52: Yalnız paranın yeri değişir, kâr etkilenmez | H52: Sistem Kontrolü = UYGUN | I52: Para taşınınca
B53: 7 | C53: İş ve görüşme kaydet | D53: =HYPERLINK("#AKTIVITE!A1","AKTIVITE") | E53: Tür, müşteri, konu, son tarih, sorumlu | G53: Gecikme uyarısı ve sonraki adım üretir | H53: Uyarı = GECİKMİŞ olmamalı | I53: Her gün
B54: 8 | C54: Alacağı izle | D54: =HYPERLINK("#MUSTERI_360!A1","MUSTERI_360") | E54: Veri girilmez, yalnız okunur | G54: Cari, yaşlandırma ve önerilen işlem | H54: Kontrol = UYGUN | I54: Haftada bir
B55: 9 | C55: Nakit pozisyonunu gör | D55: =HYPERLINK("#HESAPLAR!A1","HESAPLAR") | E55: Yeni hesap adı ve açılış bakiyesi | G55: Her hesabın güncel bakiyesi hesaplanır | H55: Toplam nakit pozisyonu | I55: Her gün
B56: 10 | C56: Ayı kapat | D56: =HYPERLINK("#AY_SONU!A1","AY_SONU") | E56: Dağıtıldı mı ve ortak ödemeleri | G56: Nakit kâr, dağıtılabilir kâr ve ortak payları | H56: Dönem Durumu = KAPANABİLİR | I56: Ay sonunda
B57: 11 | C57: Sistemi denetle | D57: =HYPERLINK("#SISTEM!A1","SISTEM") | E57: Ortak payı, kasa tamponu, kategoriler | G57: 28 otomatik kontrol çalışır | H57: Tüm satırlar GEÇTİ olmalı | I57: Ay kapatmadan önce
B59: 5. TAHAKKUK MODELLERİ, ZAM VE PARA GİRİŞİ
B60: Konu | D60: Kural | G60: Açıklama ve örnek
B61: Haftalık model | D61: Ücret her Cumartesi tahakkuk eder. | G61: Başlangıç ve bitiş tarihi mutlaka Cumartesi olmalıdır. 4 Cumartesi olan ayda 4, 5 Cumartesi olan ayda 5 kez tahakkuk oluşur.
B62: Aylık model | D62: Ücret her ayın SON GÜNÜ tahakkuk eder. | G62: 15.09.2026'da başlasa bile ilk tahakkuk 30.09.2026'da oluşur. Ay içinde başlayan müşteri o ayın tam ücretini tahakkuk ettirir.
B63: Model seçimi | D63: ÜCRET DÖNEMLERİ ▸ Tahakkuk Modeli sütunu | G63: Her müşteri ayrı model kullanabilir. Bir müşterinin aynı anda yalnız bir Aktif dönemi olmalıdır; sistem çakışmayı otomatik yakalar.
B64: ZAM / ücret değişikliği | D64: Eski satırı kapat, yeni satır aç. Satır silme, tutarı değiştirme. | G64: Örnek: Eylül 4.000 ₺ → Ekim 7.000 ₺. Eski satır: 01.09.2026 – 30.09.2026, Aylık, 4.000, Durum = Pasif. Yeni satır: 01.10.2026 – (bitiş boş), Aylık, 7.000, Durum = Aktif.
B65: Sonuç | D65: Geçmiş asla bozulmaz. | G65: Eylül 4.000 ₺, Ekim ve sonrası 7.000 ₺ olarak tahakkuk eder. Kapanmış ayların rakamı değişmez.
B66: Müşteri seçimi | D66: Müşteri adı açılır listeden seçilir. | G66: TAHSİLAT, ÜCRET DÖNEMLERİ ve AKTİVİTE ekranlarında müşteri unvanı listeden seçilir; Müşteri No sütunu otomatik dolar. Elle numara yazılmaz.
B67: SÖZLEŞME ÜCRETİ TAHSİLATI | D67: TAHSİLAT ekranı — başka hiçbir yere girilmez. | G67: Haftalık veya aylık muhasebe ücreti müşteriden tahsil edildiğinde yalnız buraya girilir. Cari bakiye, yaşlandırma, kasa ve nakit kâr otomatik güncellenir.
B68: EK HİZMET BEDELLERİ | D68: GELİR VE GİDER ekranı | G68: Defter tasdik, kontör ücreti, geçici vergi / damga, danışmanlık hizmeti gibi sözleşme dışı gelirler buraya girilir. Bunlar cari borç doğurmaz, doğrudan nakit gelirdir.
B69: CARİ EKSTRE | D69: CARİ EKSTRE ekranı — müşteriyi seçin, geçmiş otomatik gelsin. | G69: Tahakkuk satırları BORÇ, tahsilat satırları ALACAK sütununda listelenir; bakiye satır satır yürür. Örnek: 03.01.2026 1. hafta muhasebe 1.000 borç → bakiye 1.000; aynı gün nakit alınan 1.000 alacak → bakiye 0.
B70: BORÇLU / ALACAKLI GÖRÜNÜMÜ | D70: GELİR VE GİDER ekranının sağındaki panel | G70: Sözleşme ücreti tahakkuk ettiğinde: Müşteri Carisi BORÇLU / Muhasebe Hizmet Geliri ALACAKLI. Panel otomatiktir, elle girilmez; çift kayıt oluşmaz.
B71: 6. DEĞİŞMEZ KURALLAR │ BU KURALLAR BOZULURSA SİSTEM YANLIŞ SONUÇ VERİR
B72: Kural | D72: Uygulama | G72: Yasak
B73: Tek veri girişi | D73: Bir gerçek işlem yalnız bir ekrana girilir. | G73: ✖ Aynı tahsilatı hem TAHSİLAT hem GELİR/GİDER ekranına yazmak
B74: Ücret geçmişi | D74: Eski dönemi kapat, yeni dönem aç. | G74: ✖ Eski ücret tutarını geriye dönük değiştirmek veya satırı silmek
B75: Kâr dağıtımı | D75: Dağıtım yalnız tahsil edilmiş nakit kârdan yapılır. | G75: ✖ Tahsil edilmemiş cari alacağı kâr sayarak dağıtmak
B76: Formül disiplini | D76: Her fark ayrı bir işlem satırı olarak girilir. | G76: ✖ Formülün içine elle rakam eklemek
B77: Virman | D77: Hesaplar arası transfer VIRMAN ekranına girilir. | G77: ✖ Transferi gelir veya gider olarak yazmak
B78: Devir bakiyesi | D78: Eski alacak tek satırda devir olarak taşınır. | G78: ✖ Geçmiş tahakkukları uydurarak yeniden üretmek
B79: Müşteri seçimi | D79: Müşteri her ekranda listeden seçilir. | G79: ✖ Müşteri numarasını elle yazmak veya unvanı elle değiştirmek
B81: 7. KORUMA VE GÜVENLİK
B82: Konu | D82: Değer | E82: Açıklama
B83: Sayfa şifresi | D83: 1234 | E83: Otomatik hücreler kilitlidir. Yapıyı değiştirmek gerekirse: Gözden Geçir ▸ Sayfa Korumasını Kaldır ▸ Şifre: 1234
B84: Yedekleme | D84: Haftada bir | E84: Dosyayı hafta sonu tarih ekleyerek kopyalayın (örnek: Ofis_Yonetim_2026-08-29.xlsx).
B85: Uyumluluk | D85: Windows Excel | E85: Windows üzerinde Microsoft Excel 2016 ve üzeri için optimize edilmiştir. Makro içermez, güvenlik uyarısı vermez.
B86: Kapasite | D86: Hazır satır | E86: 100 müşteri │ 400 ücret dönemi │ 1.500 tahsilat │ 1.200 gelir-gider │ 400 virman │ 1.000 aktivite │ 36 ay kapanış.

Sheet MUSTERILER
A1: KILIÇ MUHASEBE │ MÜŞTERİLER
A2: Ana müşteri kartı │ Her müşteri için tek kayıt │ Devir alacağı bu ekranda tanımlanır
B4: =HYPERLINK("#PANO!A1","← PANO") | D4: =HYPERLINK("#UCRETLER!A1","Haftalık Ücretler") | F4: =HYPERLINK("#MUSTERI_360!A1","Müşteri 360") | H4: Sarı hücreler veri girişidir. Beyaz hücreler sistem tarafından hesaplanır ve kilitlidir. Devir Alacak Tarihi yaşlandırmayı belirler — boş bırakılırsa tutar 29+ gün kabul edilir.
C5: TOPLAM │ Aktif müşteri ve devir alacağı | D5: =COUNTIF($D$7:$D$106,"Aktif") | J5: =SUM($J$7:$J$106)
B6: Müşteri No | C6: Müşteri / Mükellef Unvanı | D6: Durum | E6: Sorumlu Kişi | F6: Telefon | G6: Vergi No | H6: Ödeme Şekli | I6: Başlangıç Tarihi | J6: Devir Alacağı | K6: Devir Alacak Tarihi | L6: Devir Kaynağı | M6: Özel Not | N6: Bilgi Durumu | O6: Aktif Ücret Tanımı | P6: Kayıt Kontrolü
B7: M001 | C7: ANKARA HAVANA LTD.ŞTİ. | D7: Aktif | H7: Nakit | I7: 46023 | J7: 0 | O7: =IF($C7="","",IF(COUNTIFS(UCRETLER!$B$7:$B$406,$B7,UCRETLER!$H$7:$H$406,"Aktif")>0,"EVET","HAYIR")) | P7: =IF($C7="","",IF($B7="","NO EKSİK",IF(COUNTIF($B$7:$B$106,$B7)>1,"NO TEKRARI",IF(COUNTIF($C$7:$C$106,$C7)>1,"UNVAN TEKRARI",IF($D7="","DURUM EKSİK",IF(AND($J7>0,$K7=""),"DEVİR TARİHİ EKSİK","UYGUN"))))))
B8: M002 | C8: ESERLİ LTD.ŞTİ. | D8: Aktif | H8: Nakit | I8: 46023 | J8: 0 | O8: =IF($C8="","",IF(COUNTIFS(UCRETLER!$B$7:$B$406,$B8,UCRETLER!$H$7:$H$406,"Aktif")>0,"EVET","HAYIR")) | P8: =IF($C8="","",IF($B8="","NO EKSİK",IF(COUNTIF($B$7:$B$106,$B8)>1,"NO TEKRARI",IF(COUNTIF($C$7:$C$106,$C8)>1,"UNVAN TEKRARI",IF($D8="","DURUM EKSİK",IF(AND($J8>0,$K8=""),"DEVİR TARİHİ EKSİK","UYGUN"))))))
B9: M003 | C9: TYANA LTD.ŞTİ. | D9: Aktif | H9: Nakit | I9: 46023 | J9: 0 | O9: =IF($C9="","",IF(COUNTIFS(UCRETLER!$B$7:$B$406,$B9,UCRETLER!$H$7:$H$406,"Aktif")>0,"EVET","HAYIR")) | P9: =IF($C9="","",IF($B9="","NO EKSİK",IF(COUNTIF($B$7:$B$106,$B9)>1,"NO TEKRARI",IF(COUNTIF($C$7:$C$106,$C9)>1,"UNVAN TEKRARI",IF($D9="","DURUM EKSİK",IF(AND($J9>0,$K9=""),"DEVİR TARİHİ EKSİK","UYGUN"))))))
B10: M004 | C10: ZÜMRÜT EĞLENCE LTD.ŞTİ. | D10: Aktif | H10: Nakit | I10: 46023 | J10: 0 | O10: =IF($C10="","",IF(COUNTIFS(UCRETLER!$B$7:$B$406,$B10,UCRETLER!$H$7:$H$406,"Aktif")>0,"EVET","HAYIR")) | P10: =IF($C10="","",IF($B10="","NO EKSİK",IF(COUNTIF($B$7:$B$106,$B10)>1,"NO TEKRARI",IF(COUNTIF($C$7:$C$106,$C10)>1,"UNVAN TEKRARI",IF($D10="","DURUM EKSİK",IF(AND($J10>0,$K10=""),"DEVİR TARİHİ EKSİK","UYGUN"))))))
B11: M005 | C11: ZÜMRÜT GRUP LTD.ŞTİ. | D11: Aktif | H11: Nakit | I11: 46023 | J11: 0 | O11: =IF($C11="","",IF(COUNTIFS(UCRETLER!$B$7:$B$406,$B11,UCRETLER!$H$7:$H$406,"Aktif")>0,"EVET","HAYIR")) | P11: =IF($C11="","",IF($B11="","NO EKSİK",IF(COUNTIF($B$7:$B$106,$B11)>1,"NO TEKRARI",IF(COUNTIF($C$7:$C$106,$C11)>1,"UNVAN TEKRARI",IF($D11="","DURUM EKSİK",IF(AND($J11>0,$K11=""),"DEVİR TARİHİ EKSİK","UYGUN"))))))
B12: M006 | C12: VOLKAN AÇIK | D12: Aktif | H12: Nakit | I12: 46023 | J12: 0 | O12: =IF($C12="","",IF(COUNTIFS(UCRETLER!$B$7:$B$406,$B12,UCRETLER!$H$7:$H$406,"Aktif")>0,"EVET","HAYIR")) | P12: =IF($C12="","",IF($B12="","NO EKSİK",IF(COUNTIF($B$7:$B$106,$B12)>1,"NO TEKRARI",IF(COUNTIF($C$7:$C$106,$C12)>1,"UNVAN TEKRARI",IF($D12="","DURUM EKSİK",IF(AND($J12>0,$K12=""),"DEVİR TARİHİ EKSİK","UYGUN"))))))
B13: M007 | C13: MONAMOUR LTD.ŞTİ. | D13: Aktif | H13: Nakit | I13: 46023 | J13: 0 | O13: =IF($C13="","",IF(COUNTIFS(UCRETLER!$B$7:$B$406,$B13,UCRETLER!$H$7:$H$406,"Aktif")>0,"EVET","HAYIR")) | P13: =IF($C13="","",IF($B13="","NO EKSİK",IF(COUNTIF($B$7:$B$106,$B13)>1,"NO TEKRARI",IF(COUNTIF($C$7:$C$106,$C13)>1,"UNVAN TEKRARI",IF($D13="","DURUM EKSİK",IF(AND($J13>0,$K13=""),"DEVİR TARİHİ EKSİK","UYGUN"))))))
B14: M008 | C14: KÖŞK YÜKSELEN LTD.ŞTİ. | D14: Aktif | H14: Nakit | I14: 46023 | J14: 0 | O14: =IF($C14="","",IF(COUNTIFS(UCRETLER!$B$7:$B$406,$B14,UCRETLER!$H$7:$H$406,"Aktif")>0,"EVET","HAYIR")) | P14: =IF($C14="","",IF($B14="","NO EKSİK",IF(COUNTIF($B$7:$B$106,$B14)>1,"NO TEKRARI",IF(COUNTIF($C$7:$C$106,$C14)>1,"UNVAN TEKRARI",IF($D14="","DURUM EKSİK",IF(AND($J14>0,$K14=""),"DEVİR TARİHİ EKSİK","UYGUN"))))))
B15: M009 | C15: PAKYILDIZ LTD.ŞTİ. | D15: Aktif | H15: Nakit | I15: 46023 | J15: 0 | O15: =IF($C15="","",IF(COUNTIFS(UCRETLER!$B$7:$B$406,$B15,UCRETLER!$H$7:$H$406,"Aktif")>0,"EVET","HAYIR")) | P15: =IF($C15="","",IF($B15="","NO EKSİK",IF(COUNTIF($B$7:$B$106,$B15)>1,"NO TEKRARI",IF(COUNTIF($C$7:$C$106,$C15)>1,"UNVAN TEKRARI",IF($D15="","DURUM EKSİK",IF(AND($J15>0,$K15=""),"DEVİR TARİHİ EKSİK","UYGUN"))))))
B16: M010 | C16: ÖZFİDANLAR LTD.ŞTİ. | D16: Aktif | H16: Nakit | I16: 46023 | J16: 0 | O16: =IF($C16="","",IF(COUNTIFS(UCRETLER!$B$7:$B$406,$B16,UCRETLER!$H$7:$H$406,"Aktif")>0,"EVET","HAYIR")) | P16: =IF($C16="","",IF($B16="","NO EKSİK",IF(COUNTIF($B$7:$B$106,$B16)>1,"NO TEKRARI",IF(COUNTIF($C$7:$C$106,$C16)>1,"UNVAN TEKRARI",IF($D16="","DURUM EKSİK",IF(AND($J16>0,$K16=""),"DEVİR TARİHİ EKSİK","UYGUN"))))))
B17: M011 | C17: EĞLENGÖR LTD.ŞTİ. | D17: Aktif | H17: Nakit | I17: 46023 | J17: 0 | O17: =IF($C17="","",IF(COUNTIFS(UCRETLER!$B$7:$B$406,$B17,UCRETLER!$H$7:$H$406,"Aktif")>0,"EVET","HAYIR")) | P17: =IF($C17="","",IF($B17="","NO EKSİK",IF(COUNTIF($B$7:$B$106,$B17)>1,"NO TEKRARI",IF(COUNTIF($C$7:$C$106,$C17)>1,"UNVAN TEKRARI",IF($D17="","DURUM EKSİK",IF(AND($J17>0,$K17=""),"DEVİR TARİHİ EKSİK","UYGUN"))))))
B18: M012 | C18: İLDEŞ LTD.ŞTİ. | D18: Aktif | H18: Nakit | I18: 46023 | J18: 0 | O18: =IF($C18="","",IF(COUNTIFS(UCRETLER!$B$7:$B$406,$B18,UCRETLER!$H$7:$H$406,"Aktif")>0,"EVET","HAYIR")) | P18: =IF($C18="","",IF($B18="","NO EKSİK",IF(COUNTIF($B$7:$B$106,$B18)>1,"NO TEKRARI",IF(COUNTIF($C$7:$C$106,$C18)>1,"UNVAN TEKRARI",IF($D18="","DURUM EKSİK",IF(AND($J18>0,$K18=""),"DEVİR TARİHİ EKSİK","UYGUN"))))))
... B59: M053 | C59: YEDİYİRMİDÖRT LTD.ŞTİ. | D59: Aktif | H59: Nakit | I59: 46023 | J59: 0 | O59: =IF($C59="","",IF(COUNTIFS(UCRETLER!$B$7:$B$406,$B59,UCRETLER!$H$7:$H$406,"Aktif")>0,"EVET","HAYIR")) | P59: =IF($C59="","",IF($B59="","NO EKSİK",IF(COUNTIF($B$7:$B$106,$B59)>1,"NO TEKRARI",IF(COUNTIF($C$7:$C$106,$C59)>1,"UNVAN TEKRARI",IF($D59="","DURUM EKSİK",IF(AND($J59>0,$K59=""),"DEVİR TARİHİ EKSİK","UYGUN"))))))
B60: TST01 | C60: TEST HAFTALIK A.Ş. | D60: Aktif | J60: 5000 | K60: 46006 | L60: TEST devir | O60: =IF($C60="","",IF(COUNTIFS(UCRETLER!$B$7:$B$406,$B60,UCRETLER!$H$7:$H$406,"Aktif")>0,"EVET","HAYIR")) | P60: =IF($C60="","",IF($B60="","NO EKSİK",IF(COUNTIF($B$7:$B$106,$B60)>1,"NO TEKRARI",IF(COUNTIF($C$7:$C$106,$C60)>1,"UNVAN TEKRARI",IF($D60="","DURUM EKSİK",IF(AND($J60>0,$K60=""),"DEVİR TARİHİ EKSİK","UYGUN"))))))
B61: TST02 | C61: TEST AYLIK LTD. | D61: Aktif | O61: =IF($C61="","",IF(COUNTIFS(UCRETLER!$B$7:$B$406,$B61,UCRETLER!$H$7:$H$406,"Aktif")>0,"EVET","HAYIR")) | P61: =IF($C61="","",IF($B61="","NO EKSİK",IF(COUNTIF($B$7:$B$106,$B61)>1,"NO TEKRARI",IF(COUNTIF($C$7:$C$106,$C61)>1,"UNVAN TEKRARI",IF($D61="","DURUM EKSİK",IF(AND($J61>0,$K61=""),"DEVİR TARİHİ EKSİK","UYGUN"))))))
B62: M056 | O62: =IF($C62="","",IF(COUNTIFS(UCRETLER!$B$7:$B$406,$B62,UCRETLER!$H$7:$H$406,"Aktif")>0,"EVET","HAYIR")) | P62: =IF($C62="","",IF($B62="","NO EKSİK",IF(COUNTIF($B$7:$B$106,$B62)>1,"NO TEKRARI",IF(COUNTIF($C$7:$C$106,$C62)>1,"UNVAN TEKRARI",IF($D62="","DURUM EKSİK",IF(AND($J62>0,$K62=""),"DEVİR TARİHİ EKSİK","UYGUN"))))))
B63: M057 | O63: =IF($C63="","",IF(COUNTIFS(UCRETLER!$B$7:$B$406,$B63,UCRETLER!$H$7:$H$406,"Aktif")>0,"EVET","HAYIR")) | P63: =IF($C63="","",IF($B63="","NO EKSİK",IF(COUNTIF($B$7:$B$106,$B63)>1,"NO TEKRARI",IF(COUNTIF($C$7:$C$106,$C63)>1,"UNVAN TEKRARI",IF($D63="","DURUM EKSİK",IF(AND($J63>0,$K63=""),"DEVİR TARİHİ EKSİK","UYGUN"))))))
B64: M058 | O64: =IF($C64="","",IF(COUNTIFS(UCRETLER!$B$7:$B$406,$B64,UCRETLER!$H$7:$H$406,"Aktif")>0,"EVET","HAYIR")) | P64: =IF($C64="","",IF($B64="","NO EKSİK",IF(COUNTIF($B$7:$B$106,$B64)>1,"NO TEKRARI",IF(COUNTIF($C$7:$C$106,$C64)>1,"UNVAN TEKRARI",IF($D64="","DURUM EKSİK",IF(AND($J64>0,$K64=""),"DEVİR TARİHİ EKSİK","UYGUN"))))))
B65: M059 | O65: =IF($C65="","",IF(COUNTIFS(UCRETLER!$B$7:$B$406,$B65,UCRETLER!$H$7:$H$406,"Aktif")>0,"EVET","HAYIR")) | P65: =IF($C65="","",IF($B65="","NO EKSİK",IF(COUNTIF($B$7:$B$106,$B65)>1,"NO TEKRARI",IF(COUNTIF($C$7:$C$106,$C65)>1,"UNVAN TEKRARI",IF($D65="","DURUM EKSİK",IF(AND($J65>0,$K65=""),"DEVİR TARİHİ EKSİK","UYGUN"))))))
B66: M060 | O66: =IF($C66="","",IF(COUNTIFS(UCRETLER!$B$7:$B$406,$B66,UCRETLER!$H$7:$H$406,"Aktif")>0,"EVET","HAYIR")) | P66: =IF($C66="","",IF($B66="","NO EKSİK",IF(COUNTIF($B$7:$B$106,$B66)>1,"NO TEKRARI",IF(COUNTIF($C$7:$C$106,$C66)>1,"UNVAN TEKRARI",IF($D66="","DURUM EKSİK",IF(AND($J66>0,$K66=""),"DEVİR TARİHİ EKSİK","UYGUN"))))))
B67: M061 | O67: =IF($C67="","",IF(COUNTIFS(UCRETLER!$B$7:$B$406,$B67,UCRETLER!$H$7:$H$406,"Aktif")>0,"EVET","HAYIR")) | P67: =IF($C67="","",IF($B67="","NO EKSİK",IF(COUNTIF($B$7:$B$106,$B67)>1,"NO TEKRARI",IF(COUNTIF($C$7:$C$106,$C67)>1,"UNVAN TEKRARI",IF($D67="","DURUM EKSİK",IF(AND($J67>0,$K67=""),"DEVİR TARİHİ EKSİK","UYGUN"))))))
B68: M062 | O68: =IF($C68="","",IF(COUNTIFS(UCRETLER!$B$7:$B$406,$B68,UCRETLER!$H$7:$H$406,"Aktif")>0,"EVET","HAYIR")) | P68: =IF($C68="","",IF($B68="","NO EKSİK",IF(COUNTIF($B$7:$B$106,$B68)>1,"NO TEKRARI",IF(COUNTIF($C$7:$C$106,$C68)>1,"UNVAN TEKRARI",IF($D68="","DURUM EKSİK",IF(AND($J68>0,$K68=""),"DEVİR TARİHİ EKSİK","UYGUN"))))))
B69: M063 | O69: =IF($C69="","",IF(COUNTIFS(UCRETLER!$B$7:$B$406,$B69,UCRETLER!$H$7:$H$406,"Aktif")>0,"EVET","HAYIR")) | P69: =IF($C69="","",IF($B69="","NO EKSİK",IF(COUNTIF($B$7:$B$106,$B69)>1,"NO TEKRARI",IF(COUNTIF($C$7:$C$106,$C69)>1,"UNVAN TEKRARI",IF($D69="","DURUM EKSİK",IF(AND($J69>0,$K69=""),"DEVİR TARİHİ EKSİK","UYGUN"))))))
B70: M064 | O70: =IF($C70="","",IF(COUNTIFS(UCRETLER!$B$7:$B$406,$B70,UCRETLER!$H$7:$H$406,"Aktif")>0,"EVET","HAYIR")) | P70: =IF($C70="","",IF($B70="","NO EKSİK",IF(COUNTIF($B$7:$B$106,$B70)>1,"NO TEKRARI",IF(COUNTIF($C$7:$C$106,$C70)>1,"UNVAN TEKRARI",IF($D70="","DURUM EKSİK",IF(AND($J70>0,$K70=""),"DEVİR TARİHİ EKSİK","UYGUN"))))))
B71: M065 | O71: =IF($C71="","",IF(COUNTIFS(UCRETLER!$B$7:$B$406,$B71,UCRETLER!$H$7:$H$406,"Aktif")>0,"EVET","HAYIR")) | P71: =IF($C71="","",IF($B71="","NO EKSİK",IF(COUNTIF($B$7:$B$106,$B71)>1,"NO TEKRARI",IF(COUNTIF($C$7:$C$106,$C71)>1,"UNVAN TEKRARI",IF($D71="","DURUM EKSİK",IF(AND($J71>0,$K71=""),"DEVİR TARİHİ EKSİK","UYGUN"))))))
B72: M066 | O72: =IF($C72="","",IF(COUNTIFS(UCRETLER!$B$7:$B$406,$B72,UCRETLER!$H$7:$H$406,"Aktif")>0,"EVET","HAYIR")) | P72: =IF($C72="","",IF($B72="","NO EKSİK",IF(COUNTIF($B$7:$B$106,$B72)>1,"NO TEKRARI",IF(COUNTIF($C$7:$C$106,$C72)>1,"UNVAN TEKRARI",IF($D72="","DURUM EKSİK",IF(AND($J72>0,$K72=""),"DEVİR TARİHİ EKSİK","UYGUN"))))))
B73: M067 | O73: =IF($C73="","",IF(COUNTIFS(UCRETLER!$B$7:$B$406,$B73,UCRETLER!$H$7:$H$406,"Aktif")>0,"EVET","HAYIR")) | P73: =IF($C73="","",IF($B73="","NO EKSİK",IF(COUNTIF($B$7:$B$106,$B73)>1,"NO TEKRARI",IF(COUNTIF($C$7:$C$106,$C73)>1,"UNVAN TEKRARI",IF($D73="","DURUM EKSİK",IF(AND($J73>0,$K73=""),"DEVİR TARİHİ EKSİK","UYGUN"))))))
... B106: M100 | O106: =IF($C106="","",IF(COUNTIFS(UCRETLER!$B$7:$B$406,$B106,UCRETLER!$H$7:$H$406,"Aktif")>0,"EVET","HAYIR")) | P106: =IF($C106="","",IF($B106="","NO EKSİK",IF(COUNTIF($B$7:$B$106,$B106)>1,"NO TEKRARI",IF(COUNTIF($C$7:$C$106,$C106)>1,"UNVAN TEKRARI",IF($D106="","DURUM EKSİK",IF(AND($J106>0,$K106=""),"DEVİR TARİHİ EKSİK","UYGUN"))))))

Sheet UCRETLER
A1: KILIÇ MUHASEBE │ ÜCRET DÖNEMLERİ │ HAFTALIK VE AYLIK TAHAKKUK
A2: Ücret değişinde eski dönemi kapat, yeni satır aç │ Geçmiş tahakkuk asla bozulmaz
B4: =HYPERLINK("#PANO!A1","← PANO") | D4: =HYPERLINK("#MUSTERILER!A1","Müşteriler") | F4: =HYPERLINK("#MUSTERI_360!A1","Müşteri 360") | H4: Sarı hücreler veri girişidir. Beyaz hücreler sistem tarafından hesaplanır ve kilitlidir. Başlangıç tarihi serbesttir: haftalık modelde ilk tahakkuk bu tarihten sonraki ilk tahakkuk gününde, aylık modelde ayın son gününde oluşur.
C5: TOPLAM │ Aktif haftalık + aylık tahakkuk ve oluşan ücret | G5: =SUMIFS($G$7:$G$406,$H$7:$H$406,"Aktif") | I5: =SUM($I$7:$I$406)
B6: Müşteri No | C6: Müşteri (yazın veya seçin) | D6: Ücret Başlangıç Tarihi | E6: Ücret Bitiş Tarihi | F6: Tahakkuk Modeli | G6: Ücret Tutarı | H6: Dönem Durumu | I6: Bugüne Kadar Oluşan | J6: 8 Gün Öncesine Kadar | K6: 15 Gün Öncesine Kadar | L6: 29 Gün Öncesine Kadar | M6: Oluşan Dönem | N6: Sistem Kontrolü | O6: İlk Tahakkuk Tarihi | P6: Not
B7: =IF($C7="","",IFERROR(INDEX(MUSTERILER!$B$7:$B$106,MATCH($C7,MUSTERILER!$C$7:$C$106,0)),IFERROR(INDEX(MUSTERILER!$B$7:$B$106,MATCH($C7,MUSTERILER!$B$7:$B$106,0)),IFERROR(INDEX(MUSTERILER!$B$7:$B$106,MATCH($C7&"*",MUSTERILER!$C$7:$C$106,0)),"TANIMSIZ MÜŞTERİ")))) | C7: ANKARA HAVANA LTD.ŞTİ. | D7: 46023 | F7: Haftalık | G7: 4000 | H7: Aktif | I7: =IF(OR($C7="",$D7="",$G7="",$F7=""),0,$G7*IF($F7="Aylık",MAX(0,(YEAR(MIN(IF($E7="",TODAY(),$E7),TODAY()))-YEAR($D7))*12+MONTH(MIN(IF($E7="",TODAY(),$E7),TODAY()))-MONTH($D7)+IF(MIN(IF($E7="",TODAY(),$E7),TODAY())>=EOMONTH(MIN(IF($E7="",TODAY(),$E7),TODAY()),0),1,0)),MAX(0,INT((MIN(IF($E7="",TODAY(),$E7),TODAY())-($D7+MOD(SISTEM!$F$8-WEEKDAY($D7,2),7)))/7)+1))) | J7: =IF(OR($C7="",$D7="",$G7="",$F7=""),0,$G7*IF($F7="Aylık",MAX(0,(YEAR(MIN(IF($E7="",TODAY()-8,$E7),TODAY()-8))-YEAR($D7))*12+MONTH(MIN(IF($E7="",TODAY()-8,$E7),TODAY()-8))-MONTH($D7)+IF(MIN(IF($E7="",TODAY()-8,$E7),TODAY()-8)>=EOMONTH(MIN(IF($E7="",TODAY()-8,$E7),TODAY()-8),0),1,0)),MAX(0,INT((MIN(IF($E7="",TODAY()-8,$E7),TODAY()-8)-($D7+MOD(SISTEM!$F$8-WEEKDAY($D7,2),7)))/7)+1))) | K7: =IF(OR($C7="",$D7="",$G7="",$F7=""),0,$G7*IF($F7="Aylık",MAX(0,(YEAR(MIN(IF($E7="",TODAY()-15,$E7),TODAY()-15))-YEAR($D7))*12+MONTH(MIN(IF($E7="",TODAY()-15,$E7),TODAY()-15))-MONTH($D7)+IF(MIN(IF($E7="",TODAY()-15,$E7),TODAY()-15)>=EOMONTH(MIN(IF($E7="",TODAY()-15,$E7),TODAY()-15),0),1,0)),MAX(0,INT((MIN(IF($E7="",TODAY()-15,$E7),TODAY()-15)-($D7+MOD(SISTEM!$F$8-WEEKDAY($D7,2),7)))/7)+1))) | L7: =IF(OR($C7="",$D7="",$G7="",$F7=""),0,$G7*IF($F7="Aylık",MAX(0,(YEAR(MIN(IF($E7="",TODAY()-29,$E7),TODAY()-29))-YEAR($D7))*12+MONTH(MIN(IF($E7="",TODAY()-29,$E7),TODAY()-29))-MONTH($D7)+IF(MIN(IF($E7="",TODAY()-29,$E7),TODAY()-29)>=EOMONTH(MIN(IF($E7="",TODAY()-29,$E7),TODAY()-29),0),1,0)),MAX(0,INT((MIN(IF($E7="",TODAY()-29,$E7),TODAY()-29)-($D7+MOD(SISTEM!$F$8-WEEKDAY($D7,2),7)))/7)+1))) | M7: =IF($G7>0,$I7/$G7,0) | N7: =IF($C7="","",IF($B7="TANIMSIZ MÜŞTERİ","TANIMSIZ MÜŞTERİ",IF($F7="","MODEL SEÇİN",IF(OR($D7="",$G7<=0),"EKSİK",IF(AND($E7<>"",$E7<$D7),"TARİH HATASI",IF($H7="Pasif","KAPALI DÖNEM","UYGUN")))))) | O7: =IF(OR($C7="",$D7="",$F7=""),"",IF($F7="Aylık",EOMONTH($D7,0),($D7+MOD(SISTEM!$F$8-WEEKDAY($D7,2),7)))) | P7: Mevcut dosyadan aktarıldı | S7: =IF($B7="","",$B7&"|"&COUNTIFS($B$7:$B7,$B7))
B8: =IF($C8="","",IFERROR(INDEX(MUSTERILER!$B$7:$B$106,MATCH($C8,MUSTERILER!$C$7:$C$106,0)),IFERROR(INDEX(MUSTERILER!$B$7:$B$106,MATCH($C8,MUSTERILER!$B$7:$B$106,0)),IFERROR(INDEX(MUSTERILER!$B$7:$B$106,MATCH($C8&"*",MUSTERILER!$C$7:$C$106,0)),"TANIMSIZ MÜŞTERİ")))) | C8: ESERLİ LTD.ŞTİ. | D8: 46023 | F8: Haftalık | G8: 3500 | H8: Aktif | I8: =IF(OR($C8="",$D8="",$G8="",$F8=""),0,$G8*IF($F8="Aylık",MAX(0,(YEAR(MIN(IF($E8="",TODAY(),$E8),TODAY()))-YEAR($D8))*12+MONTH(MIN(IF($E8="",TODAY(),$E8),TODAY()))-MONTH($D8)+IF(MIN(IF($E8="",TODAY(),$E8),TODAY())>=EOMONTH(MIN(IF($E8="",TODAY(),$E8),TODAY()),0),1,0)),MAX(0,INT((MIN(IF($E8="",TODAY(),$E8),TODAY())-($D8+MOD(SISTEM!$F$8-WEEKDAY($D8,2),7)))/7)+1))) | J8: =IF(OR($C8="",$D8="",$G8="",$F8=""),0,$G8*IF($F8="Aylık",MAX(0,(YEAR(MIN(IF($E8="",TODAY()-8,$E8),TODAY()-8))-YEAR($D8))*12+MONTH(MIN(IF($E8="",TODAY()-8,$E8),TODAY()-8))-MONTH($D8)+IF(MIN(IF($E8="",TODAY()-8,$E8),TODAY()-8)>=EOMONTH(MIN(IF($E8="",TODAY()-8,$E8),TODAY()-8),0),1,0)),MAX(0,INT((MIN(IF($E8="",TODAY()-8,$E8),TODAY()-8)-($D8+MOD(SISTEM!$F$8-WEEKDAY($D8,2),7)))/7)+1))) | K8: =IF(OR($C8="",$D8="",$G8="",$F8=""),0,$G8*IF($F8="Aylık",MAX(0,(YEAR(MIN(IF($E8="",TODAY()-15,$E8),TODAY()-15))-YEAR($D8))*12+MONTH(MIN(IF($E8="",TODAY()-15,$E8),TODAY()-15))-MONTH($D8)+IF(MIN(IF($E8="",TODAY()-15,$E8),TODAY()-15)>=EOMONTH(MIN(IF($E8="",TODAY()-15,$E8),TODAY()-15),0),1,0)),MAX(0,INT((MIN(IF($E8="",TODAY()-15,$E8),TODAY()-15)-($D8+MOD(SISTEM!$F$8-WEEKDAY($D8,2),7)))/7)+1))) | L8: =IF(OR($C8="",$D8="",$G8="",$F8=""),0,$G8*IF($F8="Aylık",MAX(0,(YEAR(MIN(IF($E8="",TODAY()-29,$E8),TODAY()-29))-YEAR($D8))*12+MONTH(MIN(IF($E8="",TODAY()-29,$E8),TODAY()-29))-MONTH($D8)+IF(MIN(IF($E8="",TODAY()-29,$E8),TODAY()-29)>=EOMONTH(MIN(IF($E8="",TODAY()-29,$E8),TODAY()-29),0),1,0)),MAX(0,INT((MIN(IF($E8="",TODAY()-29,$E8),TODAY()-29)-($D8+MOD(SISTEM!$F$8-WEEKDAY($D8,2),7)))/7)+1))) | M8: =IF($G8>0,$I8/$G8,0) | N8: =IF($C8="","",IF($B8="TANIMSIZ MÜŞTERİ","TANIMSIZ MÜŞTERİ",IF($F8="","MODEL SEÇİN",IF(OR($D8="",$G8<=0),"EKSİK",IF(AND($E8<>"",$E8<$D8),"TARİH HATASI",IF($H8="Pasif","KAPALI DÖNEM","UYGUN")))))) | O8: =IF(OR($C8="",$D8="",$F8=""),"",IF($F8="Aylık",EOMONTH($D8,0),($D8+MOD(SISTEM!$F$8-WEEKDAY($D8,2),7)))) | P8: Mevcut dosyadan aktarıldı | S8: =IF($B8="","",$B8&"|"&COUNTIFS($B$7:$B8,$B8))
B9: =IF($C9="","",IFERROR(INDEX(MUSTERILER!$B$7:$B$106,MATCH($C9,MUSTERILER!$C$7:$C$106,0)),IFERROR(INDEX(MUSTERILER!$B$7:$B$106,MATCH($C9,MUSTERILER!$B$7:$B$106,0)),IFERROR(INDEX(MUSTERILER!$B$7:$B$106,MATCH($C9&"*",MUSTERILER!$C$7:$C$106,0)),"TANIMSIZ MÜŞTERİ")))) | C9: TYANA LTD.ŞTİ. | D9: 46023 | F9: Haftalık | G9: 4000 | H9: Aktif | I9: =IF(OR($C9="",$D9="",$G9="",$F9=""),0,$G9*IF($F9="Aylık",MAX(0,(YEAR(MIN(IF($E9="",TODAY(),$E9),TODAY()))-YEAR($D9))*12+MONTH(MIN(IF($E9="",TODAY(),$E9),TODAY()))-MONTH($D9)+IF(MIN(IF($E9="",TODAY(),$E9),TODAY())>=EOMONTH(MIN(IF($E9="",TODAY(),$E9),TODAY()),0),1,0)),MAX(0,INT((MIN(IF($E9="",TODAY(),$E9),TODAY())-($D9+MOD(SISTEM!$F$8-WEEKDAY($D9,2),7)))/7)+1))) | J9: =IF(OR($C9="",$D9="",$G9="",$F9=""),0,$G9*IF($F9="Aylık",MAX(0,(YEAR(MIN(IF($E9="",TODAY()-8,$E9),TODAY()-8))-YEAR($D9))*12+MONTH(MIN(IF($E9="",TODAY()-8,$E9),TODAY()-8))-MONTH($D9)+IF(MIN(IF($E9="",TODAY()-8,$E9),TODAY()-8)>=EOMONTH(MIN(IF($E9="",TODAY()-8,$E9),TODAY()-8),0),1,0)),MAX(0,INT((MIN(IF($E9="",TODAY()-8,$E9),TODAY()-8)-($D9+MOD(SISTEM!$F$8-WEEKDAY($D9,2),7)))/7)+1))) | K9: =IF(OR($C9="",$D9="",$G9="",$F9=""),0,$G9*IF($F9="Aylık",MAX(0,(YEAR(MIN(IF($E9="",TODAY()-15,$E9),TODAY()-15))-YEAR($D9))*12+MONTH(MIN(IF($E9="",TODAY()-15,$E9),TODAY()-15))-MONTH($D9)+IF(MIN(IF($E9="",TODAY()-15,$E9),TODAY()-15)>=EOMONTH(MIN(IF($E9="",TODAY()-15,$E9),TODAY()-15),0),1,0)),MAX(0,INT((MIN(IF($E9="",TODAY()-15,$E9),TODAY()-15)-($D9+MOD(SISTEM!$F$8-WEEKDAY($D9,2),7)))/7)+1))) | L9: =IF(OR($C9="",$D9="",$G9="",$F9=""),0,$G9*IF($F9="Aylık",MAX(0,(YEAR(MIN(IF($E9="",TODAY()-29,$E9),TODAY()-29))-YEAR($D9))*12+MONTH(MIN(IF($E9="",TODAY()-29,$E9),TODAY()-29))-MONTH($D9)+IF(MIN(IF($E9="",TODAY()-29,$E9),TODAY()-29)>=EOMONTH(MIN(IF($E9="",TODAY()-29,$E9),TODAY()-29),0),1,0)),MAX(0,INT((MIN(IF($E9="",TODAY()-29,$E9),TODAY()-29)-($D9+MOD(SISTEM!$F$8-WEEKDAY($D9,2),7)))/7)+1))) | M9: =IF($G9>0,$I9/$G9,0) | N9: =IF($C9="","",IF($B9="TANIMSIZ MÜŞTERİ","TANIMSIZ MÜŞTERİ",IF($F9="","MODEL SEÇİN",IF(OR($D9="",$G9<=0),"EKSİK",IF(AND($E9<>"",$E9<$D9),"TARİH HATASI",IF($H9="Pasif","KAPALI DÖNEM","UYGUN")))))) | O9: =IF(OR($C9="",$D9="",$F9=""),"",IF($F9="Aylık",EOMONTH($D9,0),($D9+MOD(SISTEM!$F$8-WEEKDAY($D9,2),7)))) | P9: Mevcut dosyadan aktarıldı | S9: =IF($B9="","",$B9&"|"&COUNTIFS($B$7:$B9,$B9))
B10: =IF($C10="","",IFERROR(INDEX(MUSTERILER!$B$7:$B$106,MATCH($C10,MUSTERILER!$C$7:$C$106,0)),IFERROR(INDEX(MUSTERILER!$B$7:$B$106,MATCH($C10,MUSTERILER!$B$7:$B$106,0)),IFERROR(INDEX(MUSTERILER!$B$7:$B$106,MATCH($C10&"*",MUSTERILER!$C$7:$C$106,0)),"TANIMSIZ MÜŞTERİ")))) | C10: ZÜMRÜT EĞLENCE LTD.ŞTİ. | D10: 46023 | F10: Haftalık | G10: 1750 | H10: Aktif | I10: =IF(OR($C10="",$D10="",$G10="",$F10=""),0,$G10*IF($F10="Aylık",MAX(0,(YEAR(MIN(IF($E10="",TODAY(),$E10),TODAY()))-YEAR($D10))*12+MONTH(MIN(IF($E10="",TODAY(),$E10),TODAY()))-MONTH($D10)+IF(MIN(IF($E10="",TODAY(),$E10),TODAY())>=EOMONTH(MIN(IF($E10="",TODAY(),$E10),TODAY()),0),1,0)),MAX(0,INT((MIN(IF($E10="",TODAY(),$E10),TODAY())-($D10+MOD(SISTEM!$F$8-WEEKDAY($D10,2),7)))/7)+1))) | J10: =IF(OR($C10="",$D10="",$G10="",$F10=""),0,$G10*IF($F10="Aylık",MAX(0,(YEAR(MIN(IF($E10="",TODAY()-8,$E10),TODAY()-8))-YEAR($D10))*12+MONTH(MIN(IF($E10="",TODAY()-8,$E10),TODAY()-8))-MONTH($D10)+IF(MIN(IF($E10="",TODAY()-8,$E10),TODAY()-8)>=EOMONTH(MIN(IF($E10="",TODAY()-8,$E10),TODAY()-8),0),1,0)),MAX(0,INT((MIN(IF($E10="",TODAY()-8,$E10),TODAY()-8)-($D10+MOD(SISTEM!$F$8-WEEKDAY($D10,2),7)))/7)+1))) | K10: =IF(OR($C10="",$D10="",$G10="",$F10=""),0,$G10*IF($F10="Aylık",MAX(0,(YEAR(MIN(IF($E10="",TODAY()-15,$E10),TODAY()-15))-YEAR($D10))*12+MONTH(MIN(IF($E10="",TODAY()-15,$E10),TODAY()-15))-MONTH($D10)+IF(MIN(IF($E10="",TODAY()-15,$E10),TODAY()-15)>=EOMONTH(MIN(IF($E10="",TODAY()-15,$E10),TODAY()-15),0),1,0)),MAX(0,INT((MIN(IF($E10="",TODAY()-15,$E10),TODAY()-15)-($D10+MOD(SISTEM!$F$8-WEEKDAY($D10,2),7)))/7)+1))) | L10: =IF(OR($C10="",$D10="",$G10="",$F10=""),0,$G10*IF($F10="Aylık",MAX(0,(YEAR(MIN(IF($E10="",TODAY()-29,$E10),TODAY()-29))-YEAR($D10))*12+MONTH(MIN(IF($E10="",TODAY()-29,$E10),TODAY()-29))-MONTH($D10)+IF(MIN(IF($E10="",TODAY()-29,$E10),TODAY()-29)>=EOMONTH(MIN(IF($E10="",TODAY()-29,$E10),TODAY()-29),0),1,0)),MAX(0,INT((MIN(IF($E10="",TODAY()-29,$E10),TODAY()-29)-($D10+MOD(SISTEM!$F$8-WEEKDAY($D10,2),7)))/7)+1))) | M10: =IF($G10>0,$I10/$G10,0) | N10: =IF($C10="","",IF($B10="TANIMSIZ MÜŞTERİ","TANIMSIZ MÜŞTERİ",IF($F10="","MODEL SEÇİN",IF(OR($D10="",$G10<=0),"EKSİK",IF(AND($E10<>"",$E10<$D10),"TARİH HATASI",IF($H10="Pasif","KAPALI DÖNEM","UYGUN")))))) | O10: =IF(OR($C10="",$D10="",$F10=""),"",IF($F10="Aylık",EOMONTH($D10,0),($D10+MOD(SISTEM!$F$8-WEEKDAY($D10,2),7)))) | P10: Mevcut dosyadan aktarıldı | S10: =IF($B10="","",$B10&"|"&COUNTIFS($B$7:$B10,$B10))
B11: =IF($C11="","",IFERROR(INDEX(MUSTERILER!$B$7:$B$106,MATCH($C11,MUSTERILER!$C$7:$C$106,0)),IFERROR(INDEX(MUSTERILER!$B$7:$B$106,MATCH($C11,MUSTERILER!$B$7:$B$106,0)),IFERROR(INDEX(MUSTERILER!$B$7:$B$106,MATCH($C11&"*",MUSTERILER!$C$7:$C$106,0)),"TANIMSIZ MÜŞTERİ")))) | C11: ZÜMRÜT GRUP LTD.ŞTİ. | D11: 46023 | F11: Haftalık | G11: 1750 | H11: Aktif | I11: =IF(OR($C11="",$D11="",$G11="",$F11=""),0,$G11*IF($F11="Aylık",MAX(0,(YEAR(MIN(IF($E11="",TODAY(),$E11),TODAY()))-YEAR($D11))*12+MONTH(MIN(IF($E11="",TODAY(),$E11),TODAY()))-MONTH($D11)+IF(MIN(IF($E11="",TODAY(),$E11),TODAY())>=EOMONTH(MIN(IF($E11="",TODAY(),$E11),TODAY()),0),1,0)),MAX(0,INT((MIN(IF($E11="",TODAY(),$E11),TODAY())-($D11+MOD(SISTEM!$F$8-WEEKDAY($D11,2),7)))/7)+1))) | J11: =IF(OR($C11="",$D11="",$G11="",$F11=""),0,$G11*IF($F11="Aylık",MAX(0,(YEAR(MIN(IF($E11="",TODAY()-8,$E11),TODAY()-8))-YEAR($D11))*12+MONTH(MIN(IF($E11="",TODAY()-8,$E11),TODAY()-8))-MONTH($D11)+IF(MIN(IF($E11="",TODAY()-8,$E11),TODAY()-8)>=EOMONTH(MIN(IF($E11="",TODAY()-8,$E11),TODAY()-8),0),1,0)),MAX(0,INT((MIN(IF($E11="",TODAY()-8,$E11),TODAY()-8)-($D11+MOD(SISTEM!$F$8-WEEKDAY($D11,2),7)))/7)+1))) | K11: =IF(OR($C11="",$D11="",$G11="",$F11=""),0,$G11*IF($F11="Aylık",MAX(0,(YEAR(MIN(IF($E11="",TODAY()-15,$E11),TODAY()-15))-YEAR($D11))*12+MONTH(MIN(IF($E11="",TODAY()-15,$E11),TODAY()-15))-MONTH($D11)+IF(MIN(IF($E11="",TODAY()-15,$E11),TODAY()-15)>=EOMONTH(MIN(IF($E11="",TODAY()-15,$E11),TODAY()-15),0),1,0)),MAX(0,INT((MIN(IF($E11="",TODAY()-15,$E11),TODAY()-15)-($D11+MOD(SISTEM!$F$8-WEEKDAY($D11,2),7)))/7)+1))) | L11: =IF(OR($C11="",$D11="",$G11="",$F11=""),0,$G11*IF($F11="Aylık",MAX(0,(YEAR(MIN(IF($E11="",TODAY()-29,$E11),TODAY()-29))-YEAR($D11))*12+MONTH(MIN(IF($E11="",TODAY()-29,$E11),TODAY()-29))-MONTH($D11)+IF(MIN(IF($E11="",TODAY()-29,$E11),TODAY()-29)>=EOMONTH(MIN(IF($E11="",TODAY()-29,$E11),TODAY()-29),0),1,0)),MAX(0,INT((MIN(IF($E11="",TODAY()-29,$E11),TODAY()-29)-($D11+MOD(SISTEM!$F$8-WEEKDAY($D11,2),7)))/7)+1))) | M11: =IF($G11>0,$I11/$G11,0) | N11: =IF($C11="","",IF($B11="TANIMSIZ MÜŞTERİ","TANIMSIZ MÜŞTERİ",IF($F11="","MODEL SEÇİN",IF(OR($D11="",$G11<=0),"EKSİK",IF(AND($E11<>"",$E11<$D11),"TARİH HATASI",IF($H11="Pasif","KAPALI DÖNEM","UYGUN")))))) | O11: =IF(OR($C11="",$D11="",$F11=""),"",IF($F11="Aylık",EOMONTH($D11,0),($D11+MOD(SISTEM!$F$8-WEEKDAY($D11,2),7)))) | P11: Mevcut dosyadan aktarıldı | S11: =IF($B11="","",$B11&"|"&COUNTIFS($B$7:$B11,$B11))
B12: =IF($C12="","",IFERROR(INDEX(MUSTERILER!$B$7:$B$106,MATCH($C12,MUSTERILER!$C$7:$C$106,0)),IFERROR(INDEX(MUSTERILER!$B$7:$B$106,MATCH($C12,MUSTERILER!$B$7:$B$106,0)),IFERROR(INDEX(MUSTERILER!$B$7:$B$106,MATCH($C12&"*",MUSTERILER!$C$7:$C$106,0)),"TANIMSIZ MÜŞTERİ")))) | C12: VOLKAN AÇIK | D12: 46023 | F12: Haftalık | G12: 1000 | H12: Aktif | I12: =IF(OR($C12="",$D12="",$G12="",$F12=""),0,$G12*IF($F12="Aylık",MAX(0,(YEAR(MIN(IF($E12="",TODAY(),$E12),TODAY()))-YEAR($D12))*12+MONTH(MIN(IF($E12="",TODAY(),$E12),TODAY()))-MONTH($D12)+IF(MIN(IF($E12="",TODAY(),$E12),TODAY())>=EOMONTH(MIN(IF($E12="",TODAY(),$E12),TODAY()),0),1,0)),MAX(0,INT((MIN(IF($E12="",TODAY(),$E12),TODAY())-($D12+MOD(SISTEM!$F$8-WEEKDAY($D12,2),7)))/7)+1))) | J12: =IF(OR($C12="",$D12="",$G12="",$F12=""),0,$G12*IF($F12="Aylık",MAX(0,(YEAR(MIN(IF($E12="",TODAY()-8,$E12),TODAY()-8))-YEAR($D12))*12+MONTH(MIN(IF($E12="",TODAY()-8,$E12),TODAY()-8))-MONTH($D12)+IF(MIN(IF($E12="",TODAY()-8,$E12),TODAY()-8)>=EOMONTH(MIN(IF($E12="",TODAY()-8,$E12),TODAY()-8),0),1,0)),MAX(0,INT((MIN(IF($E12="",TODAY()-8,$E12),TODAY()-8)-($D12+MOD(SISTEM!$F$8-WEEKDAY($D12,2),7)))/7)+1))) | K12: =IF(OR($C12="",$D12="",$G12="",$F12=""),0,$G12*IF($F12="Aylık",MAX(0,(YEAR(MIN(IF($E12="",TODAY()-15,$E12),TODAY()-15))-YEAR($D12))*12+MONTH(MIN(IF($E12="",TODAY()-15,$E12),TODAY()-15))-MONTH($D12)+IF(MIN(IF($E12="",TODAY()-15,$E12),TODAY()-15)>=EOMONTH(MIN(IF($E12="",TODAY()-15,$E12),TODAY()-15),0),1,0)),MAX(0,INT((MIN(IF($E12="",TODAY()-15,$E12),TODAY()-15)-($D12+MOD(SISTEM!$F$8-WEEKDAY($D12,2),7)))/7)+1))) | L12: =IF(OR($C12="",$D12="",$G12="",$F12=""),0,$G12*IF($F12="Aylık",MAX(0,(YEAR(MIN(IF($E12="",TODAY()-29,$E12),TODAY()-29))-YEAR($D12))*12+MONTH(MIN(IF($E12="",TODAY()-29,$E12),TODAY()-29))-MONTH($D12)+IF(MIN(IF($E12="",TODAY()-29,$E12),TODAY()-29)>=EOMONTH(MIN(IF($E12="",TODAY()-29,$E12),TODAY()-29),0),1,0)),MAX(0,INT((MIN(IF($E12="",TODAY()-29,$E12),TODAY()-29)-($D12+MOD(SISTEM!$F$8-WEEKDAY($D12,2),7)))/7)+1))) | M12: =IF($G12>0,$I12/$G12,0) | N12: =IF($C12="","",IF($B12="TANIMSIZ MÜŞTERİ","TANIMSIZ MÜŞTERİ",IF($F12="","MODEL SEÇİN",IF(OR($D12="",$G12<=0),"EKSİK",IF(AND($E12<>"",$E12<$D12),"TARİH HATASI",IF($H12="Pasif","KAPALI DÖNEM","UYGUN")))))) | O12: =IF(OR($C12="",$D12="",$F12=""),"",IF($F12="Aylık",EOMONTH($D12,0),($D12+MOD(SISTEM!$F$8-WEEKDAY($D12,2),7)))) | P12: Mevcut dosyadan aktarıldı | S12: =IF($B12="","",$B12&"|"&COUNTIFS($B$7:$B12,$B12))
B13: =IF($C13="","",IFERROR(INDEX(MUSTERILER!$B$7:$B$106,MATCH($C13,MUSTERILER!$C$7:$C$106,0)),IFERROR(INDEX(MUSTERILER!$B$7:$B$106,MATCH($C13,MUSTERILER!$B$7:$B$106,0)),IFERROR(INDEX(MUSTERILER!$B$7:$B$106,MATCH($C13&"*",MUSTERILER!$C$7:$C$106,0)),"TANIMSIZ MÜŞTERİ")))) | C13: MONAMOUR LTD.ŞTİ. | D13: 46023 | F13: Haftalık | G13: 3500 | H13: Aktif | I13: =IF(OR($C13="",$D13="",$G13="",$F13=""),0,$G13*IF($F13="Aylık",MAX(0,(YEAR(MIN(IF($E13="",TODAY(),$E13),TODAY()))-YEAR($D13))*12+MONTH(MIN(IF($E13="",TODAY(),$E13),TODAY()))-MONTH($D13)+IF(MIN(IF($E13="",TODAY(),$E13),TODAY())>=EOMONTH(MIN(IF($E13="",TODAY(),$E13),TODAY()),0),1,0)),MAX(0,INT((MIN(IF($E13="",TODAY(),$E13),TODAY())-($D13+MOD(SISTEM!$F$8-WEEKDAY($D13,2),7)))/7)+1))) | J13: =IF(OR($C13="",$D13="",$G13="",$F13=""),0,$G13*IF($F13="Aylık",MAX(0,(YEAR(MIN(IF($E13="",TODAY()-8,$E13),TODAY()-8))-YEAR($D13))*12+MONTH(MIN(IF($E13="",TODAY()-8,$E13),TODAY()-8))-MONTH($D13)+IF(MIN(IF($E13="",TODAY()-8,$E13),TODAY()-8)>=EOMONTH(MIN(IF($E13="",TODAY()-8,$E13),TODAY()-8),0),1,0)),MAX(0,INT((MIN(IF($E13="",TODAY()-8,$E13),TODAY()-8)-($D13+MOD(SISTEM!$F$8-WEEKDAY($D13,2),7)))/7)+1))) | K13: =IF(OR($C13="",$D13="",$G13="",$F13=""),0,$G13*IF($F13="Aylık",MAX(0,(YEAR(MIN(IF($E13="",TODAY()-15,$E13),TODAY()-15))-YEAR($D13))*12+MONTH(MIN(IF($E13="",TODAY()-15,$E13),TODAY()-15))-MONTH($D13)+IF(MIN(IF($E13="",TODAY()-15,$E13),TODAY()-15)>=EOMONTH(MIN(IF($E13="",TODAY()-15,$E13),TODAY()-15),0),1,0)),MAX(0,INT((MIN(IF($E13="",TODAY()-15,$E13),TODAY()-15)-($D13+MOD(SISTEM!$F$8-WEEKDAY($D13,2),7)))/7)+1))) | L13: =IF(OR($C13="",$D13="",$G13="",$F13=""),0,$G13*IF($F13="Aylık",MAX(0,(YEAR(MIN(IF($E13="",TODAY()-29,$E13),TODAY()-29))-YEAR($D13))*12+MONTH(MIN(IF($E13="",TODAY()-29,$E13),TODAY()-29))-MONTH($D13)+IF(MIN(IF($E13="",TODAY()-29,$E13),TODAY()-29)>=EOMONTH(MIN(IF($E13="",TODAY()-29,$E13),TODAY()-29),0),1,0)),MAX(0,INT((MIN(IF($E13="",TODAY()-29,$E13),TODAY()-29)-($D13+MOD(SISTEM!$F$8-WEEKDAY($D13,2),7)))/7)+1))) | M13: =IF($G13>0,$I13/$G13,0) | N13: =IF($C13="","",IF($B13="TANIMSIZ MÜŞTERİ","TANIMSIZ MÜŞTERİ",IF($F13="","MODEL SEÇİN",IF(OR($D13="",$G13<=0),"EKSİK",IF(AND($E13<>"",$E13<$D13),"TARİH HATASI",IF($H13="Pasif","KAPALI DÖNEM","UYGUN")))))) | O13: =IF(OR($C13="",$D13="",$F13=""),"",IF($F13="Aylık",EOMONTH($D13,0),($D13+MOD(SISTEM!$F$8-WEEKDAY($D13,2),7)))) | P13: Mevcut dosyadan aktarıldı | S13: =IF($B13="","",$B13&"|"&COUNTIFS($B$7:$B13,$B13))
B14: =IF($C14="","",IFERROR(INDEX(MUSTERILER!$B$7:$B$106,MATCH($C14,MUSTERILER!$C$7:$C$106,0)),IFERROR(INDEX(MUSTERILER!$B$7:$B$106,MATCH($C14,MUSTERILER!$B$7:$B$106,0)),IFERROR(INDEX(MUSTERILER!$B$7:$B$106,MATCH($C14&"*",MUSTERILER!$C$7:$C$106,0)),"TANIMSIZ MÜŞTERİ")))) | C14: KÖŞK YÜKSELEN LTD.ŞTİ. | D14: 46023 | F14: Haftalık | G14: 3500 | H14: Aktif | I14: =IF(OR($C14="",$D14="",$G14="",$F14=""),0,$G14*IF($F14="Aylık",MAX(0,(YEAR(MIN(IF($E14="",TODAY(),$E14),TODAY()))-YEAR($D14))*12+MONTH(MIN(IF($E14="",TODAY(),$E14),TODAY()))-MONTH($D14)+IF(MIN(IF($E14="",TODAY(),$E14),TODAY())>=EOMONTH(MIN(IF($E14="",TODAY(),$E14),TODAY()),0),1,0)),MAX(0,INT((MIN(IF($E14="",TODAY(),$E14),TODAY())-($D14+MOD(SISTEM!$F$8-WEEKDAY($D14,2),7)))/7)+1))) | J14: =IF(OR($C14="",$D14="",$G14="",$F14=""),0,$G14*IF($F14="Aylık",MAX(0,(YEAR(MIN(IF($E14="",TODAY()-8,$E14),TODAY()-8))-YEAR($D14))*12+MONTH(MIN(IF($E14="",TODAY()-8,$E14),TODAY()-8))-MONTH($D14)+IF(MIN(IF($E14="",TODAY()-8,$E14),TODAY()-8)>=EOMONTH(MIN(IF($E14="",TODAY()-8,$E14),TODAY()-8),0),1,0)),MAX(0,INT((MIN(IF($E14="",TODAY()-8,$E14),TODAY()-8)-($D14+MOD(SISTEM!$F$8-WEEKDAY($D14,2),7)))/7)+1))) | K14: =IF(OR($C14="",$D14="",$G14="",$F14=""),0,$G14*IF($F14="Aylık",MAX(0,(YEAR(MIN(IF($E14="",TODAY()-15,$E14),TODAY()-15))-YEAR($D14))*12+MONTH(MIN(IF($E14="",TODAY()-15,$E14),TODAY()-15))-MONTH($D14)+IF(MIN(IF($E14="",TODAY()-15,$E14),TODAY()-15)>=EOMONTH(MIN(IF($E14="",TODAY()-15,$E14),TODAY()-15),0),1,0)),MAX(0,INT((MIN(IF($E14="",TODAY()-15,$E14),TODAY()-15)-($D14+MOD(SISTEM!$F$8-WEEKDAY($D14,2),7)))/7)+1))) | L14: =IF(OR($C14="",$D14="",$G14="",$F14=""),0,$G14*IF($F14="Aylık",MAX(0,(YEAR(MIN(IF($E14="",TODAY()-29,$E14),TODAY()-29))-YEAR($D14))*12+MONTH(MIN(IF($E14="",TODAY()-29,$E14),TODAY()-29))-MONTH($D14)+IF(MIN(IF($E14="",TODAY()-29,$E14),TODAY()-29)>=EOMONTH(MIN(IF($E14="",TODAY()-29,$E14),TODAY()-29),0),1,0)),MAX(0,INT((MIN(IF($E14="",TODAY()-29,$E14),TODAY()-29)-($D14+MOD(SISTEM!$F$8-WEEKDAY($D14,2),7)))/7)+1))) | M14: =IF($G14>0,$I14/$G14,0) | N14: =IF($C14="","",IF($B14="TANIMSIZ MÜŞTERİ","TANIMSIZ MÜŞTERİ",IF($F14="","MODEL SEÇİN",IF(OR($D14="",$G14<=0),"EKSİK",IF(AND($E14<>"",$E14<$D14),"TARİH HATASI",IF($H14="Pasif","KAPALI DÖNEM","UYGUN")))))) | O14: =IF(OR($C14="",$D14="",$F14=""),"",IF($F14="Aylık",EOMONTH($D14,0),($D14+MOD(SISTEM!$F$8-WEEKDAY($D14,2),7)))) | P14: Mevcut dosyadan aktarıldı | S14: =IF($B14="","",$B14&"|"&COUNTIFS($B$7:$B14,$B14))
B15: =IF($C15="","",IFERROR(INDEX(MUSTERILER!$B$7:$B$106,MATCH($C15,MUSTERILER!$C$7:$C$106,0)),IFERROR(INDEX(MUSTERILER!$B$7:$B$106,MATCH($C15,MUSTERILER!$B$7:$B$106,0)),IFERROR(INDEX(MUSTERILER!$B$7:$B$106,MATCH($C15&"*",MUSTERILER!$C$7:$C$106,0)),"TANIMSIZ MÜŞTERİ")))) | C15: PAKYILDIZ LTD.ŞTİ. | D15: 46023 | F15: Haftalık | G15: 4000 | H15: Aktif | I15: =IF(OR($C15="",$D15="",$G15="",$F15=""),0,$G15*IF($F15="Aylık",MAX(0,(YEAR(MIN(IF($E15="",TODAY(),$E15),TODAY()))-YEAR($D15))*12+MONTH(MIN(IF($E15="",TODAY(),$E15),TODAY()))-MONTH($D15)+IF(MIN(IF($E15="",TODAY(),$E15),TODAY())>=EOMONTH(MIN(IF($E15="",TODAY(),$E15),TODAY()),0),1,0)),MAX(0,INT((MIN(IF($E15="",TODAY(),$E15),TODAY())-($D15+MOD(SISTEM!$F$8-WEEKDAY($D15,2),7)))/7)+1))) | J15: =IF(OR($C15="",$D15="",$G15="",$F15=""),0,$G15*IF($F15="Aylık",MAX(0,(YEAR(MIN(IF($E15="",TODAY()-8,$E15),TODAY()-8))-YEAR($D15))*12+MONTH(MIN(IF($E15="",TODAY()-8,$E15),TODAY()-8))-MONTH($D15)+IF(MIN(IF($E15="",TODAY()-8,$E15),TODAY()-8)>=EOMONTH(MIN(IF($E15="",TODAY()-8,$E15),TODAY()-8),0),1,0)),MAX(0,INT((MIN(IF($E15="",TODAY()-8,$E15),TODAY()-8)-($D15+MOD(SISTEM!$F$8-WEEKDAY($D15,2),7)))/7)+1))) | K15: =IF(OR($C15="",$D15="",$G15="",$F15=""),0,$G15*IF($F15="Aylık",MAX(0,(YEAR(MIN(IF($E15="",TODAY()-15,$E15),TODAY()-15))-YEAR($D15))*12+MONTH(MIN(IF($E15="",TODAY()-15,$E15),TODAY()-15))-MONTH($D15)+IF(MIN(IF($E15="",TODAY()-15,$E15),TODAY()-15)>=EOMONTH(MIN(IF($E15="",TODAY()-15,$E15),TODAY()-15),0),1,0)),MAX(0,INT((MIN(IF($E15="",TODAY()-15,$E15),TODAY()-15)-($D15+MOD(SISTEM!$F$8-WEEKDAY($D15,2),7)))/7)+1))) | L15: =IF(OR($C15="",$D15="",$G15="",$F15=""),0,$G15*IF($F15="Aylık",MAX(0,(YEAR(MIN(IF($E15="",TODAY()-29,$E15),TODAY()-29))-YEAR($D15))*12+MONTH(MIN(IF($E15="",TODAY()-29,$E15),TODAY()-29))-MONTH($D15)+IF(MIN(IF($E15="",TODAY()-29,$E15),TODAY()-29)>=EOMONTH(MIN(IF($E15="",TODAY()-29,$E15),TODAY()-29),0),1,0)),MAX(0,INT((MIN(IF($E15="",TODAY()-29,$E15),TODAY()-29)-($D15+MOD(SISTEM!$F$8-WEEKDAY($D15,2),7)))/7)+1))) | M15: =IF($G15>0,$I15/$G15,0) | N15: =IF($C15="","",IF($B15="TANIMSIZ MÜŞTERİ","TANIMSIZ MÜŞTERİ",IF($F15="","MODEL SEÇİN",IF(OR($D15="",$G15<=0),"EKSİK",IF(AND($E15<>"",$E15<$D15),"TARİH HATASI",IF($H15="Pasif","KAPALI DÖNEM","UYGUN")))))) | O15: =IF(OR($C15="",$D15="",$F15=""),"",IF($F15="Aylık",EOMONTH($D15,0),($D15+MOD(SISTEM!$F$8-WEEKDAY($D15,2),7)))) | P15: Tahakkuk modeli ve ücret girilmeli | S15: =IF($B15="","",$B15&"|"&COUNTIFS($B$7:$B15,$B15))
B16: =IF($C16="","",IFERROR(INDEX(MUSTERILER!$B$7:$B$106,MATCH($C16,MUSTERILER!$C$7:$C$106,0)),IFERROR(INDEX(MUSTERILER!$B$7:$B$106,MATCH($C16,MUSTERILER!$B$7:$B$106,0)),IFERROR(INDEX(MUSTERILER!$B$7:$B$106,MATCH($C16&"*",MUSTERILER!$C$7:$C$106,0)),"TANIMSIZ MÜŞTERİ")))) | C16: ÖZFİDANLAR LTD.ŞTİ. | D16: 46023 | F16: Haftalık | G16: 4000 | H16: Aktif | I16: =IF(OR($C16="",$D16="",$G16="",$F16=""),0,$G16*IF($F16="Aylık",MAX(0,(YEAR(MIN(IF($E16="",TODAY(),$E16),TODAY()))-YEAR($D16))*12+MONTH(MIN(IF($E16="",TODAY(),$E16),TODAY()))-MONTH($D16)+IF(MIN(IF($E16="",TODAY(),$E16),TODAY())>=EOMONTH(MIN(IF($E16="",TODAY(),$E16),TODAY()),0),1,0)),MAX(0,INT((MIN(IF($E16="",TODAY(),$E16),TODAY())-($D16+MOD(SISTEM!$F$8-WEEKDAY($D16,2),7)))/7)+1))) | J16: =IF(OR($C16="",$D16="",$G16="",$F16=""),0,$G16*IF($F16="Aylık",MAX(0,(YEAR(MIN(IF($E16="",TODAY()-8,$E16),TODAY()-8))-YEAR($D16))*12+MONTH(MIN(IF($E16="",TODAY()-8,$E16),TODAY()-8))-MONTH($D16)+IF(MIN(IF($E16="",TODAY()-8,$E16),TODAY()-8)>=EOMONTH(MIN(IF($E16="",TODAY()-8,$E16),TODAY()-8),0),1,0)),MAX(0,INT((MIN(IF($E16="",TODAY()-8,$E16),TODAY()-8)-($D16+MOD(SISTEM!$F$8-WEEKDAY($D16,2),7)))/7)+1))) | K16: =IF(OR($C16="",$D16="",$G16="",$F16=""),0,$G16*IF($F16="Aylık",MAX(0,(YEAR(MIN(IF($E16="",TODAY()-15,$E16),TODAY()-15))-YEAR($D16))*12+MONTH(MIN(IF($E16="",TODAY()-15,$E16),TODAY()-15))-MONTH($D16)+IF(MIN(IF($E16="",TODAY()-15,$E16),TODAY()-15)>=EOMONTH(MIN(IF($E16="",TODAY()-15,$E16),TODAY()-15),0),1,0)),MAX(0,INT((MIN(IF($E16="",TODAY()-15,$E16),TODAY()-15)-($D16+MOD(SISTEM!$F$8-WEEKDAY($D16,2),7)))/7)+1))) | L16: =IF(OR($C16="",$D16="",$G16="",$F16=""),0,$G16*IF($F16="Aylık",MAX(0,(YEAR(MIN(IF($E16="",TODAY()-29,$E16),TODAY()-29))-YEAR($D16))*12+MONTH(MIN(IF($E16="",TODAY()-29,$E16),TODAY()-29))-MONTH($D16)+IF(MIN(IF($E16="",TODAY()-29,$E16),TODAY()-29)>=EOMONTH(MIN(IF($E16="",TODAY()-29,$E16),TODAY()-29),0),1,0)),MAX(0,INT((MIN(IF($E16="",TODAY()-29,$E16),TODAY()-29)-($D16+MOD(SISTEM!$F$8-WEEKDAY($D16,2),7)))/7)+1))) | M16: =IF($G16>0,$I16/$G16,0) | N16: =IF($C16="","",IF($B16="TANIMSIZ MÜŞTERİ","TANIMSIZ MÜŞTERİ",IF($F16="","MODEL SEÇİN",IF(OR($D16="",$G16<=0),"EKSİK",IF(AND($E16<>"",$E16<$D16),"TARİH HATASI",IF($H16="Pasif","KAPALI DÖNEM","UYGUN")))))) | O16: =IF(OR($C16="",$D16="",$F16=""),"",IF($F16="Aylık",EOMONTH($D16,0),($D16+MOD(SISTEM!$F$8-WEEKDAY($D16,2),7)))) | P16: Tahakkuk modeli ve ücret girilmeli | S16: =IF($B16="","",$B16&"|"&COUNTIFS($B$7:$B16,$B16))
B17: =IF($C17="","",IFERROR(INDEX(MUSTERILER!$B$7:$B$106,MATCH($C17,MUSTERILER!$C$7:$C$106,0)),IFERROR(INDEX(MUSTERILER!$B$7:$B$106,MATCH($C17,MUSTERILER!$B$7:$B$106,0)),IFERROR(INDEX(MUSTERILER!$B$7:$B$106,MATCH($C17&"*",MUSTERILER!$C$7:$C$106,0)),"TANIMSIZ MÜŞTERİ")))) | C17: EĞLENGÖR LTD.ŞTİ. | D17: 46023 | F17: Haftalık | G17: 4000 | H17: Aktif | I17: =IF(OR($C17="",$D17="",$G17="",$F17=""),0,$G17*IF($F17="Aylık",MAX(0,(YEAR(MIN(IF($E17="",TODAY(),$E17),TODAY()))-YEAR($D17))*12+MONTH(MIN(IF($E17="",TODAY(),$E17),TODAY()))-MONTH($D17)+IF(MIN(IF($E17="",TODAY(),$E17),TODAY())>=EOMONTH(MIN(IF($E17="",TODAY(),$E17),TODAY()),0),1,0)),MAX(0,INT((MIN(IF($E17="",TODAY(),$E17),TODAY())-($D17+MOD(SISTEM!$F$8-WEEKDAY($D17,2),7)))/7)+1))) | J17: =IF(OR($C17="",$D17="",$G17="",$F17=""),0,$G17*IF($F17="Aylık",MAX(0,(YEAR(MIN(IF($E17="",TODAY()-8,$E17),TODAY()-8))-YEAR($D17))*12+MONTH(MIN(IF($E17="",TODAY()-8,$E17),TODAY()-8))-MONTH($D17)+IF(MIN(IF($E17="",TODAY()-8,$E17),TODAY()-8)>=EOMONTH(MIN(IF($E17="",TODAY()-8,$E17),TODAY()-8),0),1,0)),MAX(0,INT((MIN(IF($E17="",TODAY()-8,$E17),TODAY()-8)-($D17+MOD(SISTEM!$F$8-WEEKDAY($D17,2),7)))/7)+1))) | K17: =IF(OR($C17="",$D17="",$G17="",$F17=""),0,$G17*IF($F17="Aylık",MAX(0,(YEAR(MIN(IF($E17="",TODAY()-15,$E17),TODAY()-15))-YEAR($D17))*12+MONTH(MIN(IF($E17="",TODAY()-15,$E17),TODAY()-15))-MONTH($D17)+IF(MIN(IF($E17="",TODAY()-15,$E17),TODAY()-15)>=EOMONTH(MIN(IF($E17="",TODAY()-15,$E17),TODAY()-15),0),1,0)),MAX(0,INT((MIN(IF($E17="",TODAY()-15,$E17),TODAY()-15)-($D17+MOD(SISTEM!$F$8-WEEKDAY($D17,2),7)))/7)+1))) | L17: =IF(OR($C17="",$D17="",$G17="",$F17=""),0,$G17*IF($F17="Aylık",MAX(0,(YEAR(MIN(IF($E17="",TODAY()-29,$E17),TODAY()-29))-YEAR($D17))*12+MONTH(MIN(IF($E17="",TODAY()-29,$E17),TODAY()-29))-MONTH($D17)+IF(MIN(IF($E17="",TODAY()-29,$E17),TODAY()-29)>=EOMONTH(MIN(IF($E17="",TODAY()-29,$E17),TODAY()-29),0),1,0)),MAX(0,INT((MIN(IF($E17="",TODAY()-29,$E17),TODAY()-29)-($D17+MOD(SISTEM!$F$8-WEEKDAY($D17,2),7)))/7)+1))) | M17: =IF($G17>0,$I17/$G17,0) | N17: =IF($C17="","",IF($B17="TANIMSIZ MÜŞTERİ","TANIMSIZ MÜŞTERİ",IF($F17="","MODEL SEÇİN",IF(OR($D17="",$G17<=0),"EKSİK",IF(AND($E17<>"",$E17<$D17),"TARİH HATASI",IF($H17="Pasif","KAPALI DÖNEM","UYGUN")))))) | O17: =IF(OR($C17="",$D17="",$F17=""),"",IF($F17="Aylık",EOMONTH($D17,0),($D17+MOD(SISTEM!$F$8-WEEKDAY($D17,2),7)))) | P17: Tahakkuk modeli ve ücret girilmeli | S17: =IF($B17="","",$B17&"|"&COUNTIFS($B$7:$B17,$B17))
B18: =IF($C18="","",IFERROR(INDEX(MUSTERILER!$B$7:$B$106,MATCH($C18,MUSTERILER!$C$7:$C$106,0)),IFERROR(INDEX(MUSTERILER!$B$7:$B$106,MATCH($C18,MUSTERILER!$B$7:$B$106,0)),IFERROR(INDEX(MUSTERILER!$B$7:$B$106,MATCH($C18&"*",MUSTERILER!$C$7:$C$106,0)),"TANIMSIZ MÜŞTERİ")))) | C18: İLDEŞ LTD.ŞTİ. | D18: 46023 | F18: Haftalık | G18: 4000 | H18: Aktif | I18: =IF(OR($C18="",$D18="",$G18="",$F18=""),0,$G18*IF($F18="Aylık",MAX(0,(YEAR(MIN(IF($E18="",TODAY(),$E18),TODAY()))-YEAR($D18))*12+MONTH(MIN(IF($E18="",TODAY(),$E18),TODAY()))-MONTH($D18)+IF(MIN(IF($E18="",TODAY(),$E18),TODAY())>=EOMONTH(MIN(IF($E18="",TODAY(),$E18),TODAY()),0),1,0)),MAX(0,INT((MIN(IF($E18="",TODAY(),$E18),TODAY())-($D18+MOD(SISTEM!$F$8-WEEKDAY($D18,2),7)))/7)+1))) | J18: =IF(OR($C18="",$D18="",$G18="",$F18=""),0,$G18*IF($F18="Aylık",MAX(0,(YEAR(MIN(IF($E18="",TODAY()-8,$E18),TODAY()-8))-YEAR($D18))*12+MONTH(MIN(IF($E18="",TODAY()-8,$E18),TODAY()-8))-MONTH($D18)+IF(MIN(IF($E18="",TODAY()-8,$E18),TODAY()-8)>=EOMONTH(MIN(IF($E18="",TODAY()-8,$E18),TODAY()-8),0),1,0)),MAX(0,INT((MIN(IF($E18="",TODAY()-8,$E18),TODAY()-8)-($D18+MOD(SISTEM!$F$8-WEEKDAY($D18,2),7)))/7)+1))) | K18: =IF(OR($C18="",$D18="",$G18="",$F18=""),0,$G18*IF($F18="Aylık",MAX(0,(YEAR(MIN(IF($E18="",TODAY()-15,$E18),TODAY()-15))-YEAR($D18))*12+MONTH(MIN(IF($E18="",TODAY()-15,$E18),TODAY()-15))-MONTH($D18)+IF(MIN(IF($E18="",TODAY()-15,$E18),TODAY()-15)>=EOMONTH(MIN(IF($E18="",TODAY()-15,$E18),TODAY()-15),0),1,0)),MAX(0,INT((MIN(IF($E18="",TODAY()-15,$E18),TODAY()-15)-($D18+MOD(SISTEM!$F$8-WEEKDAY($D18,2),7)))/7)+1))) | L18: =IF(OR($C18="",$D18="",$G18="",$F18=""),0,$G18*IF($F18="Aylık",MAX(0,(YEAR(MIN(IF($E18="",TODAY()-29,$E18),TODAY()-29))-YEAR($D18))*12+MONTH(MIN(IF($E18="",TODAY()-29,$E18),TODAY()-29))-MONTH($D18)+IF(MIN(IF($E18="",TODAY()-29,$E18),TODAY()-29)>=EOMONTH(MIN(IF($E18="",TODAY()-29,$E18),TODAY()-29),0),1,0)),MAX(0,INT((MIN(IF($E18="",TODAY()-29,$E18),TODAY()-29)-($D18+MOD(SISTEM!$F$8-WEEKDAY($D18,2),7)))/7)+1))) | M18: =IF($G18>0,$I18/$G18,0) | N18: =IF($C18="","",IF($B18="TANIMSIZ MÜŞTERİ","TANIMSIZ MÜŞTERİ",IF($F18="","MODEL SEÇİN",IF(OR($D18="",$G18<=0),"EKSİK",IF(AND($E18<>"",$E18<$D18),"TARİH HATASI",IF($H18="Pasif","KAPALI DÖNEM","UYGUN")))))) | O18: =IF(OR($C18="",$D18="",$F18=""),"",IF($F18="Aylık",EOMONTH($D18,0),($D18+MOD(SISTEM!$F$8-WEEKDAY($D18,2),7)))) | P18: Tahakkuk modeli ve ücret girilmeli | S18: =IF($B18="","",$B18&"|"&COUNTIFS($B$7:$B18,$B18))
... B27: =IF($C27="","",IFERROR(INDEX(MUSTERILER!$B$7:$B$106,MATCH($C27,MUSTERILER!$C$7:$C$106,0)),IFERROR(INDEX(MUSTERILER!$B$7:$B$106,MATCH($C27,MUSTERILER!$B$7:$B$106,0)),IFERROR(INDEX(MUSTERILER!$B$7:$B$106,MATCH($C27&"*",MUSTERILER!$C$7:$C$106,0)),"TANIMSIZ MÜŞTERİ")))) | C27: ARON TOPTAN LTD.ŞTİ. | D27: 46023 | F27: Aylık | G27: 10000 | H27: Aktif | I27: =IF(OR($C27="",$D27="",$G27="",$F27=""),0,$G27*IF($F27="Aylık",MAX(0,(YEAR(MIN(IF($E27="",TODAY(),$E27),TODAY()))-YEAR($D27))*12+MONTH(MIN(IF($E27="",TODAY(),$E27),TODAY()))-MONTH($D27)+IF(MIN(IF($E27="",TODAY(),$E27),TODAY())>=EOMONTH(MIN(IF($E27="",TODAY(),$E27),TODAY()),0),1,0)),MAX(0,INT((MIN(IF($E27="",TODAY(),$E27),TODAY())-($D27+MOD(SISTEM!$F$8-WEEKDAY($D27,2),7)))/7)+1))) | J27: =IF(OR($C27="",$D27="",$G27="",$F27=""),0,$G27*IF($F27="Aylık",MAX(0,(YEAR(MIN(IF($E27="",TODAY()-8,$E27),TODAY()-8))-YEAR($D27))*12+MONTH(MIN(IF($E27="",TODAY()-8,$E27),TODAY()-8))-MONTH($D27)+IF(MIN(IF($E27="",TODAY()-8,$E27),TODAY()-8)>=EOMONTH(MIN(IF($E27="",TODAY()-8,$E27),TODAY()-8),0),1,0)),MAX(0,INT((MIN(IF($E27="",TODAY()-8,$E27),TODAY()-8)-($D27+MOD(SISTEM!$F$8-WEEKDAY($D27,2),7)))/7)+1))) | K27: =IF(OR($C27="",$D27="",$G27="",$F27=""),0,$G27*IF($F27="Aylık",MAX(0,(YEAR(MIN(IF($E27="",TODAY()-15,$E27),TODAY()-15))-YEAR($D27))*12+MONTH(MIN(IF($E27="",TODAY()-15,$E27),TODAY()-15))-MONTH($D27)+IF(MIN(IF($E27="",TODAY()-15,$E27),TODAY()-15)>=EOMONTH(MIN(IF($E27="",TODAY()-15,$E27),TODAY()-15),0),1,0)),MAX(0,INT((MIN(IF($E27="",TODAY()-15,$E27),TODAY()-15)-($D27+MOD(SISTEM!$F$8-WEEKDAY($D27,2),7)))/7)+1))) | L27: =IF(OR($C27="",$D27="",$G27="",$F27=""),0,$G27*IF($F27="Aylık",MAX(0,(YEAR(MIN(IF($E27="",TODAY()-29,$E27),TODAY()-29))-YEAR($D27))*12+MONTH(MIN(IF($E27="",TODAY()-29,$E27),TODAY()-29))-MONTH($D27)+IF(MIN(IF($E27="",TODAY()-29,$E27),TODAY()-29)>=EOMONTH(MIN(IF($E27="",TODAY()-29,$E27),TODAY()-29),0),1,0)),MAX(0,INT((MIN(IF($E27="",TODAY()-29,$E27),TODAY()-29)-($D27+MOD(SISTEM!$F$8-WEEKDAY($D27,2),7)))/7)+1))) | M27: =IF($G27>0,$I27/$G27,0) | N27: =IF($C27="","",IF($B27="TANIMSIZ MÜŞTERİ","TANIMSIZ MÜŞTERİ",IF($F27="","MODEL SEÇİN",IF(OR($D27="",$G27<=0),"EKSİK",IF(AND($E27<>"",$E27<$D27),"TARİH HATASI",IF($H27="Pasif","KAPALI DÖNEM","UYGUN")))))) | O27: =IF(OR($C27="",$D27="",$F27=""),"",IF($F27="Aylık",EOMONTH($D27,0),($D27+MOD(SISTEM!$F$8-WEEKDAY($D27,2),7)))) | P27: Tahakkuk modeli ve ücret girilmeli | S27: =IF($B27="","",$B27&"|"&COUNTIFS($B$7:$B27,$B27))
B28: =IF($C28="","",IFERROR(INDEX(MUSTERILER!$B$7:$B$106,MATCH($C28,MUSTERILER!$C$7:$C$106,0)),IFERROR(INDEX(MUSTERILER!$B$7:$B$106,MATCH($C28,MUSTERILER!$B$7:$B$106,0)),IFERROR(INDEX(MUSTERILER!$B$7:$B$106,MATCH($C28&"*",MUSTERILER!$C$7:$C$106,0)),"TANIMSIZ MÜŞTERİ")))) | C28: ADEM KARABENLİ | D28: 46023 | F28: Aylık | G28: 3000 | H28: Aktif | I28: =IF(OR($C28="",$D28="",$G28="",$F28=""),0,$G28*IF($F28="Aylık",MAX(0,(YEAR(MIN(IF($E28="",TODAY(),$E28),TODAY()))-YEAR($D28))*12+MONTH(MIN(IF($E28="",TODAY(),$E28),TODAY()))-MONTH($D28)+IF(MIN(IF($E28="",TODAY(),$E28),TODAY())>=EOMONTH(MIN(IF($E28="",TODAY(),$E28),TODAY()),0),1,0)),MAX(0,INT((MIN(IF($E28="",TODAY(),$E28),TODAY())-($D28+MOD(SISTEM!$F$8-WEEKDAY($D28,2),7)))/7)+1))) | J28: =IF(OR($C28="",$D28="",$G28="",$F28=""),0,$G28*IF($F28="Aylık",MAX(0,(YEAR(MIN(IF($E28="",TODAY()-8,$E28),TODAY()-8))-YEAR($D28))*12+MONTH(MIN(IF($E28="",TODAY()-8,$E28),TODAY()-8))-MONTH($D28)+IF(MIN(IF($E28="",TODAY()-8,$E28),TODAY()-8)>=EOMONTH(MIN(IF($E28="",TODAY()-8,$E28),TODAY()-8),0),1,0)),MAX(0,INT((MIN(IF($E28="",TODAY()-8,$E28),TODAY()-8)-($D28+MOD(SISTEM!$F$8-WEEKDAY($D28,2),7)))/7)+1))) | K28: =IF(OR($C28="",$D28="",$G28="",$F28=""),0,$G28*IF($F28="Aylık",MAX(0,(YEAR(MIN(IF($E28="",TODAY()-15,$E28),TODAY()-15))-YEAR($D28))*12+MONTH(MIN(IF($E28="",TODAY()-15,$E28),TODAY()-15))-MONTH($D28)+IF(MIN(IF($E28="",TODAY()-15,$E28),TODAY()-15)>=EOMONTH(MIN(IF($E28="",TODAY()-15,$E28),TODAY()-15),0),1,0)),MAX(0,INT((MIN(IF($E28="",TODAY()-15,$E28),TODAY()-15)-($D28+MOD(SISTEM!$F$8-WEEKDAY($D28,2),7)))/7)+1))) | L28: =IF(OR($C28="",$D28="",$G28="",$F28=""),0,$G28*IF($F28="Aylık",MAX(0,(YEAR(MIN(IF($E28="",TODAY()-29,$E28),TODAY()-29))-YEAR($D28))*12+MONTH(MIN(IF($E28="",TODAY()-29,$E28),TODAY()-29))-MONTH($D28)+IF(MIN(IF($E28="",TODAY()-29,$E28),TODAY()-29)>=EOMONTH(MIN(IF($E28="",TODAY()-29,$E28),TODAY()-29),0),1,0)),MAX(0,INT((MIN(IF($E28="",TODAY()-29,$E28),TODAY()-29)-($D28+MOD(SISTEM!$F$8-WEEKDAY($D28,2),7)))/7)+1))) | M28: =IF($G28>0,$I28/$G28,0) | N28: =IF($C28="","",IF($B28="TANIMSIZ MÜŞTERİ","TANIMSIZ MÜŞTERİ",IF($F28="","MODEL SEÇİN",IF(OR($D28="",$G28<=0),"EKSİK",IF(AND($E28<>"",$E28<$D28),"TARİH HATASI",IF($H28="Pasif","KAPALI DÖNEM","UYGUN")))))) | O28: =IF(OR($C28="",$D28="",$F28=""),"",IF($F28="Aylık",EOMONTH($D28,0),($D28+MOD(SISTEM!$F$8-WEEKDAY($D28,2),7)))) | S28: =IF($B28="","",$B28&"|"&COUNTIFS($B$7:$B28,$B28))
B29: =IF($C29="","",IFERROR(INDEX(MUSTERILER!$B$7:$B$106,MATCH($C29,MUSTERILER!$C$7:$C$106,0)),IFERROR(INDEX(MUSTERILER!$B$7:$B$106,MATCH($C29,MUSTERILER!$B$7:$B$106,0)),IFERROR(INDEX(MUSTERILER!$B$7:$B$106,MATCH($C29&"*",MUSTERILER!$C$7:$C$106,0)),"TANIMSIZ MÜŞTERİ")))) | C29: ALTINEL LTD.ŞTİ. | D29: 46266 | F29: Aylık | G29: 10000 | H29: Aktif | I29: =IF(OR($C29="",$D29="",$G29="",$F29=""),0,$G29*IF($F29="Aylık",MAX(0,(YEAR(MIN(IF($E29="",TODAY(),$E29),TODAY()))-YEAR($D29))*12+MONTH(MIN(IF($E29="",TODAY(),$E29),TODAY()))-MONTH($D29)+IF(MIN(IF($E29="",TODAY(),$E29),TODAY())>=EOMONTH(MIN(IF($E29="",TODAY(),$E29),TODAY()),0),1,0)),MAX(0,INT((MIN(IF($E29="",TODAY(),$E29),TODAY())-($D29+MOD(SISTEM!$F$8-WEEKDAY($D29,2),7)))/7)+1))) | J29: =IF(OR($C29="",$D29="",$G29="",$F29=""),0,$G29*IF($F29="Aylık",MAX(0,(YEAR(MIN(IF($E29="",TODAY()-8,$E29),TODAY()-8))-YEAR($D29))*12+MONTH(MIN(IF($E29="",TODAY()-8,$E29),TODAY()-8))-MONTH($D29)+IF(MIN(IF($E29="",TODAY()-8,$E29),TODAY()-8)>=EOMONTH(MIN(IF($E29="",TODAY()-8,$E29),TODAY()-8),0),1,0)),MAX(0,INT((MIN(IF($E29="",TODAY()-8,$E29),TODAY()-8)-($D29+MOD(SISTEM!$F$8-WEEKDAY($D29,2),7)))/7)+1))) | K29: =IF(OR($C29="",$D29="",$G29="",$F29=""),0,$G29*IF($F29="Aylık",MAX(0,(YEAR(MIN(IF($E29="",TODAY()-15,$E29),TODAY()-15))-YEAR($D29))*12+MONTH(MIN(IF($E29="",TODAY()-15,$E29),TODAY()-15))-MONTH($D29)+IF(MIN(IF($E29="",TODAY()-15,$E29),TODAY()-15)>=EOMONTH(MIN(IF($E29="",TODAY()-15,$E29),TODAY()-15),0),1,0)),MAX(0,INT((MIN(IF($E29="",TODAY()-15,$E29),TODAY()-15)-($D29+MOD(SISTEM!$F$8-WEEKDAY($D29,2),7)))/7)+1))) | L29: =IF(OR($C29="",$D29="",$G29="",$F29=""),0,$G29*IF($F29="Aylık",MAX(0,(YEAR(MIN(IF($E29="",TODAY()-29,$E29),TODAY()-29))-YEAR($D29))*12+MONTH(MIN(IF($E29="",TODAY()-29,$E29),TODAY()-29))-MONTH($D29)+IF(MIN(IF($E29="",TODAY()-29,$E29),TODAY()-29)>=EOMONTH(MIN(IF($E29="",TODAY()-29,$E29),TODAY()-29),0),1,0)),MAX(0,INT((MIN(IF($E29="",TODAY()-29,$E29),TODAY()-29)-($D29+MOD(SISTEM!$F$8-WEEKDAY($D29,2),7)))/7)+1))) | M29: =IF($G29>0,$I29/$G29,0) | N29: =IF($C29="","",IF($B29="TANIMSIZ MÜŞTERİ","TANIMSIZ MÜŞTERİ",IF($F29="","MODEL SEÇİN",IF(OR($D29="",$G29<=0),"EKSİK",IF(AND($E29<>"",$E29<$D29),"TARİH HATASI",IF($H29="Pasif","KAPALI DÖNEM","UYGUN")))))) | O29: =IF(OR($C29="",$D29="",$F29=""),"",IF($F29="Aylık",EOMONTH($D29,0),($D29+MOD(SISTEM!$F$8-WEEKDAY($D29,2),7)))) | S29: =IF($B29="","",$B29&"|"&COUNTIFS($B$7:$B29,$B29))
B30: =IF($C30="","",IFERROR(INDEX(MUSTERILER!$B$7:$B$106,MATCH($C30,MUSTERILER!$C$7:$C$106,0)),IFERROR(INDEX(MUSTERILER!$B$7:$B$106,MATCH($C30,MUSTERILER!$B$7:$B$106,0)),IFERROR(INDEX(MUSTERILER!$B$7:$B$106,MATCH($C30&"*",MUSTERILER!$C$7:$C$106,0)),"TANIMSIZ MÜŞTERİ")))) | C30: ARMAN DİK | D30: 46023 | F30: Aylık | G30: 3000 | H30: Aktif | I30: =IF(OR($C30="",$D30="",$G30="",$F30=""),0,$G30*IF($F30="Aylık",MAX(0,(YEAR(MIN(IF($E30="",TODAY(),$E30),TODAY()))-YEAR($D30))*12+MONTH(MIN(IF($E30="",TODAY(),$E30),TODAY()))-MONTH($D30)+IF(MIN(IF($E30="",TODAY(),$E30),TODAY())>=EOMONTH(MIN(IF($E30="",TODAY(),$E30),TODAY()),0),1,0)),MAX(0,INT((MIN(IF($E30="",TODAY(),$E30),TODAY())-($D30+MOD(SISTEM!$F$8-WEEKDAY($D30,2),7)))/7)+1))) | J30: =IF(OR($C30="",$D30="",$G30="",$F30=""),0,$G30*IF($F30="Aylık",MAX(0,(YEAR(MIN(IF($E30="",TODAY()-8,$E30),TODAY()-8))-YEAR($D30))*12+MONTH(MIN(IF($E30="",TODAY()-8,$E30),TODAY()-8))-MONTH($D30)+IF(MIN(IF($E30="",TODAY()-8,$E30),TODAY()-8)>=EOMONTH(MIN(IF($E30="",TODAY()-8,$E30),TODAY()-8),0),1,0)),MAX(0,INT((MIN(IF($E30="",TODAY()-8,$E30),TODAY()-8)-($D30+MOD(SISTEM!$F$8-WEEKDAY($D30,2),7)))/7)+1))) | K30: =IF(OR($C30="",$D30="",$G30="",$F30=""),0,$G30*IF($F30="Aylık",MAX(0,(YEAR(MIN(IF($E30="",TODAY()-15,$E30),TODAY()-15))-YEAR($D30))*12+MONTH(MIN(IF($E30="",TODAY()-15,$E30),TODAY()-15))-MONTH($D30)+IF(MIN(IF($E30="",TODAY()-15,$E30),TODAY()-15)>=EOMONTH(MIN(IF($E30="",TODAY()-15,$E30),TODAY()-15),0),1,0)),MAX(0,INT((MIN(IF($E30="",TODAY()-15,$E30),TODAY()-15)-($D30+MOD(SISTEM!$F$8-WEEKDAY($D30,2),7)))/7)+1))) | L30: =IF(OR($C30="",$D30="",$G30="",$F30=""),0,$G30*IF($F30="Aylık",MAX(0,(YEAR(MIN(IF($E30="",TODAY()-29,$E30),TODAY()-29))-YEAR($D30))*12+MONTH(MIN(IF($E30="",TODAY()-29,$E30),TODAY()-29))-MONTH($D30)+IF(MIN(IF($E30="",TODAY()-29,$E30),TODAY()-29)>=EOMONTH(MIN(IF($E30="",TODAY()-29,$E30),TODAY()-29),0),1,0)),MAX(0,INT((MIN(IF($E30="",TODAY()-29,$E30),TODAY()-29)-($D30+MOD(SISTEM!$F$8-WEEKDAY($D30,2),7)))/7)+1))) | M30: =IF($G30>0,$I30/$G30,0) | N30: =IF($C30="","",IF($B30="TANIMSIZ MÜŞTERİ","TANIMSIZ MÜŞTERİ",IF($F30="","MODEL SEÇİN",IF(OR($D30="",$G30<=0),"EKSİK",IF(AND($E30<>"",$E30<$D30),"TARİH HATASI",IF($H30="Pasif","KAPALI DÖNEM","UYGUN")))))) | O30: =IF(OR($C30="",$D30="",$F30=""),"",IF($F30="Aylık",EOMONTH($D30,0),($D30+MOD(SISTEM!$F$8-WEEKDAY($D30,2),7)))) | S30: =IF($B30="","",$B30&"|"&COUNTIFS($B$7:$B30,$B30))
B31: =IF($C31="","",IFERROR(INDEX(MUSTERILER!$B$7:$B$106,MATCH($C31,MUSTERILER!$C$7:$C$106,0)),IFERROR(INDEX(MUSTERILER!$B$7:$B$106,MATCH($C31,MUSTERILER!$B$7:$B$106,0)),IFERROR(INDEX(MUSTERILER!$B$7:$B$106,MATCH($C31&"*",MUSTERILER!$C$7:$C$106,0)),"TANIMSIZ MÜŞTERİ")))) | C31: ASIM AÇIKGÖZ | D31: 46023 | F31: Haftalık | G31: 2000 | H31: Aktif | I31: =IF(OR($C31="",$D31="",$G31="",$F31=""),0,$G31*IF($F31="Aylık",MAX(0,(YEAR(MIN(IF($E31="",TODAY(),$E31),TODAY()))-YEAR($D31))*12+MONTH(MIN(IF($E31="",TODAY(),$E31),TODAY()))-MONTH($D31)+IF(MIN(IF($E31="",TODAY(),$E31),TODAY())>=EOMONTH(MIN(IF($E31="",TODAY(),$E31),TODAY()),0),1,0)),MAX(0,INT((MIN(IF($E31="",TODAY(),$E31),TODAY())-($D31+MOD(SISTEM!$F$8-WEEKDAY($D31,2),7)))/7)+1))) | J31: =IF(OR($C31="",$D31="",$G31="",$F31=""),0,$G31*IF($F31="Aylık",MAX(0,(YEAR(MIN(IF($E31="",TODAY()-8,$E31),TODAY()-8))-YEAR($D31))*12+MONTH(MIN(IF($E31="",TODAY()-8,$E31),TODAY()-8))-MONTH($D31)+IF(MIN(IF($E31="",TODAY()-8,$E31),TODAY()-8)>=EOMONTH(MIN(IF($E31="",TODAY()-8,$E31),TODAY()-8),0),1,0)),MAX(0,INT((MIN(IF($E31="",TODAY()-8,$E31),TODAY()-8)-($D31+MOD(SISTEM!$F$8-WEEKDAY($D31,2),7)))/7)+1))) | K31: =IF(OR($C31="",$D31="",$G31="",$F31=""),0,$G31*IF($F31="Aylık",MAX(0,(YEAR(MIN(IF($E31="",TODAY()-15,$E31),TODAY()-15))-YEAR($D31))*12+MONTH(MIN(IF($E31="",TODAY()-15,$E31),TODAY()-15))-MONTH($D31)+IF(MIN(IF($E31="",TODAY()-15,$E31),TODAY()-15)>=EOMONTH(MIN(IF($E31="",TODAY()-15,$E31),TODAY()-15),0),1,0)),MAX(0,INT((MIN(IF($E31="",TODAY()-15,$E31),TODAY()-15)-($D31+MOD(SISTEM!$F$8-WEEKDAY($D31,2),7)))/7)+1))) | L31: =IF(OR($C31="",$D31="",$G31="",$F31=""),0,$G31*IF($F31="Aylık",MAX(0,(YEAR(MIN(IF($E31="",TODAY()-29,$E31),TODAY()-29))-YEAR($D31))*12+MONTH(MIN(IF($E31="",TODAY()-29,$E31),TODAY()-29))-MONTH($D31)+IF(MIN(IF($E31="",TODAY()-29,$E31),TODAY()-29)>=EOMONTH(MIN(IF($E31="",TODAY()-29,$E31),TODAY()-29),0),1,0)),MAX(0,INT((MIN(IF($E31="",TODAY()-29,$E31),TODAY()-29)-($D31+MOD(SISTEM!$F$8-WEEKDAY($D31,2),7)))/7)+1))) | M31: =IF($G31>0,$I31/$G31,0) | N31: =IF($C31="","",IF($B31="TANIMSIZ MÜŞTERİ","TANIMSIZ MÜŞTERİ",IF($F31="","MODEL SEÇİN",IF(OR($D31="",$G31<=0),"EKSİK",IF(AND($E31<>"",$E31<$D31),"TARİH HATASI",IF($H31="Pasif","KAPALI DÖNEM","UYGUN")))))) | O31: =IF(OR($C31="",$D31="",$F31=""),"",IF($F31="Aylık",EOMONTH($D31,0),($D31+MOD(SISTEM!$F$8-WEEKDAY($D31,2),7)))) | S31: =IF($B31="","",$B31&"|"&COUNTIFS($B$7:$B31,$B31))
B32: =IF($C32="","",IFERROR(INDEX(MUSTERILER!$B$7:$B$106,MATCH($C32,MUSTERILER!$C$7:$C$106,0)),IFERROR(INDEX(MUSTERILER!$B$7:$B$106,MATCH($C32,MUSTERILER!$B$7:$B$106,0)),IFERROR(INDEX(MUSTERILER!$B$7:$B$106,MATCH($C32&"*",MUSTERILER!$C$7:$C$106,0)),"TANIMSIZ MÜŞTERİ")))) | C32: AYDES LTD.ŞTİ. | D32: 46023 | F32: Aylık | G32: 7500 | H32: Aktif | I32: =IF(OR($C32="",$D32="",$G32="",$F32=""),0,$G32*IF($F32="Aylık",MAX(0,(YEAR(MIN(IF($E32="",TODAY(),$E32),TODAY()))-YEAR($D32))*12+MONTH(MIN(IF($E32="",TODAY(),$E32),TODAY()))-MONTH($D32)+IF(MIN(IF($E32="",TODAY(),$E32),TODAY())>=EOMONTH(MIN(IF($E32="",TODAY(),$E32),TODAY()),0),1,0)),MAX(0,INT((MIN(IF($E32="",TODAY(),$E32),TODAY())-($D32+MOD(SISTEM!$F$8-WEEKDAY($D32,2),7)))/7)+1))) | J32: =IF(OR($C32="",$D32="",$G32="",$F32=""),0,$G32*IF($F32="Aylık",MAX(0,(YEAR(MIN(IF($E32="",TODAY()-8,$E32),TODAY()-8))-YEAR($D32))*12+MONTH(MIN(IF($E32="",TODAY()-8,$E32),TODAY()-8))-MONTH($D32)+IF(MIN(IF($E32="",TODAY()-8,$E32),TODAY()-8)>=EOMONTH(MIN(IF($E32="",TODAY()-8,$E32),TODAY()-8),0),1,0)),MAX(0,INT((MIN(IF($E32="",TODAY()-8,$E32),TODAY()-8)-($D32+MOD(SISTEM!$F$8-WEEKDAY($D32,2),7)))/7)+1))) | K32: =IF(OR($C32="",$D32="",$G32="",$F32=""),0,$G32*IF($F32="Aylık",MAX(0,(YEAR(MIN(IF($E32="",TODAY()-15,$E32),TODAY()-15))-YEAR($D32))*12+MONTH(MIN(IF($E32="",TODAY()-15,$E32),TODAY()-15))-MONTH($D32)+IF(MIN(IF($E32="",TODAY()-15,$E32),TODAY()-15)>=EOMONTH(MIN(IF($E32="",TODAY()-15,$E32),TODAY()-15),0),1,0)),MAX(0,INT((MIN(IF($E32="",TODAY()-15,$E32),TODAY()-15)-($D32+MOD(SISTEM!$F$8-WEEKDAY($D32,2),7)))/7)+1))) | L32: =IF(OR($C32="",$D32="",$G32="",$F32=""),0,$G32*IF($F32="Aylık",MAX(0,(YEAR(MIN(IF($E32="",TODAY()-29,$E32),TODAY()-29))-YEAR($D32))*12+MONTH(MIN(IF($E32="",TODAY()-29,$E32),TODAY()-29))-MONTH($D32)+IF(MIN(IF($E32="",TODAY()-29,$E32),TODAY()-29)>=EOMONTH(MIN(IF($E32="",TODAY()-29,$E32),TODAY()-29),0),1,0)),MAX(0,INT((MIN(IF($E32="",TODAY()-29,$E32),TODAY()-29)-($D32+MOD(SISTEM!$F$8-WEEKDAY($D32,2),7)))/7)+1))) | M32: =IF($G32>0,$I32/$G32,0) | N32: =IF($C32="","",IF($B32="TANIMSIZ MÜŞTERİ","TANIMSIZ MÜŞTERİ",IF($F32="","MODEL SEÇİN",IF(OR($D32="",$G32<=0),"EKSİK",IF(AND($E32<>"",$E32<$D32),"TARİH HATASI",IF($H32="Pasif","KAPALI DÖNEM","UYGUN")))))) | O32: =IF(OR($C32="",$D32="",$F32=""),"",IF($F32="Aylık",EOMONTH($D32,0),($D32+MOD(SISTEM!$F$8-WEEKDAY($D32,2),7)))) | S32: =IF($B32="","",$B32&"|"&COUNTIFS($B$7:$B32,$B32))
B33: =IF($C33="","",IFERROR(INDEX(MUSTERILER!$B$7:$B$106,MATCH($C33,MUSTERILER!$C$7:$C$106,0)),IFERROR(INDEX(MUSTERILER!$B$7:$B$106,MATCH($C33,MUSTERILER!$B$7:$B$106,0)),IFERROR(INDEX(MUSTERILER!$B$7:$B$106,MATCH($C33&"*",MUSTERILER!$C$7:$C$106,0)),"TANIMSIZ MÜŞTERİ")))) | C33: CEREN DEMİRCİ | D33: 46023 | F33: Aylık | G33: 4000 | H33: Aktif | I33: =IF(OR($C33="",$D33="",$G33="",$F33=""),0,$G33*IF($F33="Aylık",MAX(0,(YEAR(MIN(IF($E33="",TODAY(),$E33),TODAY()))-YEAR($D33))*12+MONTH(MIN(IF($E33="",TODAY(),$E33),TODAY()))-MONTH($D33)+IF(MIN(IF($E33="",TODAY(),$E33),TODAY())>=EOMONTH(MIN(IF($E33="",TODAY(),$E33),TODAY()),0),1,0)),MAX(0,INT((MIN(IF($E33="",TODAY(),$E33),TODAY())-($D33+MOD(SISTEM!$F$8-WEEKDAY($D33,2),7)))/7)+1))) | J33: =IF(OR($C33="",$D33="",$G33="",$F33=""),0,$G33*IF($F33="Aylık",MAX(0,(YEAR(MIN(IF($E33="",TODAY()-8,$E33),TODAY()-8))-YEAR($D33))*12+MONTH(MIN(IF($E33="",TODAY()-8,$E33),TODAY()-8))-MONTH($D33)+IF(MIN(IF($E33="",TODAY()-8,$E33),TODAY()-8)>=EOMONTH(MIN(IF($E33="",TODAY()-8,$E33),TODAY()-8),0),1,0)),MAX(0,INT((MIN(IF($E33="",TODAY()-8,$E33),TODAY()-8)-($D33+MOD(SISTEM!$F$8-WEEKDAY($D33,2),7)))/7)+1))) | K33: =IF(OR($C33="",$D33="",$G33="",$F33=""),0,$G33*IF($F33="Aylık",MAX(0,(YEAR(MIN(IF($E33="",TODAY()-15,$E33),TODAY()-15))-YEAR($D33))*12+MONTH(MIN(IF($E33="",TODAY()-15,$E33),TODAY()-15))-MONTH($D33)+IF(MIN(IF($E33="",TODAY()-15,$E33),TODAY()-15)>=EOMONTH(MIN(IF($E33="",TODAY()-15,$E33),TODAY()-15),0),1,0)),MAX(0,INT((MIN(IF($E33="",TODAY()-15,$E33),TODAY()-15)-($D33+MOD(SISTEM!$F$8-WEEKDAY($D33,2),7)))/7)+1))) | L33: =IF(OR($C33="",$D33="",$G33="",$F33=""),0,$G33*IF($F33="Aylık",MAX(0,(YEAR(MIN(IF($E33="",TODAY()-29,$E33),TODAY()-29))-YEAR($D33))*12+MONTH(MIN(IF($E33="",TODAY()-29,$E33),TODAY()-29))-MONTH($D33)+IF(MIN(IF($E33="",TODAY()-29,$E33),TODAY()-29)>=EOMONTH(MIN(IF($E33="",TODAY()-29,$E33),TODAY()-29),0),1,0)),MAX(0,INT((MIN(IF($E33="",TODAY()-29,$E33),TODAY()-29)-($D33+MOD(SISTEM!$F$8-WEEKDAY($D33,2),7)))/7)+1))) | M33: =IF($G33>0,$I33/$G33,0) | N33: =IF($C33="","",IF($B33="TANIMSIZ MÜŞTERİ","TANIMSIZ MÜŞTERİ",IF($F33="","MODEL SEÇİN",IF(OR($D33="",$G33<=0),"EKSİK",IF(AND($E33<>"",$E33<$D33),"TARİH HATASI",IF($H33="Pasif","KAPALI DÖNEM","UYGUN")))))) | O33: =IF(OR($C33="",$D33="",$F33=""),"",IF($F33="Aylık",EOMONTH($D33,0),($D33+MOD(SISTEM!$F$8-WEEKDAY($D33,2),7)))) | S33: =IF($B33="","",$B33&"|"&COUNTIFS($B$7:$B33,$B33))
B34: =IF($C34="","",IFERROR(INDEX(MUSTERILER!$B$7:$B$106,MATCH($C34,MUSTERILER!$C$7:$C$106,0)),IFERROR(INDEX(MUSTERILER!$B$7:$B$106,MATCH($C34,MUSTERILER!$B$7:$B$106,0)),IFERROR(INDEX(MUSTERILER!$B$7:$B$106,MATCH($C34&"*",MUSTERILER!$C$7:$C$106,0)),"TANIMSIZ MÜŞTERİ")))) | C34: DERVİŞHAN LTD.ŞTİ. | D34: 46023 | F34: Aylık | G34: 10000 | H34: Aktif | I34: =IF(OR($C34="",$D34="",$G34="",$F34=""),0,$G34*IF($F34="Aylık",MAX(0,(YEAR(MIN(IF($E34="",TODAY(),$E34),TODAY()))-YEAR($D34))*12+MONTH(MIN(IF($E34="",TODAY(),$E34),TODAY()))-MONTH($D34)+IF(MIN(IF($E34="",TODAY(),$E34),TODAY())>=EOMONTH(MIN(IF($E34="",TODAY(),$E34),TODAY()),0),1,0)),MAX(0,INT((MIN(IF($E34="",TODAY(),$E34),TODAY())-($D34+MOD(SISTEM!$F$8-WEEKDAY($D34,2),7)))/7)+1))) | J34: =IF(OR($C34="",$D34="",$G34="",$F34=""),0,$G34*IF($F34="Aylık",MAX(0,(YEAR(MIN(IF($E34="",TODAY()-8,$E34),TODAY()-8))-YEAR($D34))*12+MONTH(MIN(IF($E34="",TODAY()-8,$E34),TODAY()-8))-MONTH($D34)+IF(MIN(IF($E34="",TODAY()-8,$E34),TODAY()-8)>=EOMONTH(MIN(IF($E34="",TODAY()-8,$E34),TODAY()-8),0),1,0)),MAX(0,INT((MIN(IF($E34="",TODAY()-8,$E34),TODAY()-8)-($D34+MOD(SISTEM!$F$8-WEEKDAY($D34,2),7)))/7)+1))) | K34: =IF(OR($C34="",$D34="",$G34="",$F34=""),0,$G34*IF($F34="Aylık",MAX(0,(YEAR(MIN(IF($E34="",TODAY()-15,$E34),TODAY()-15))-YEAR($D34))*12+MONTH(MIN(IF($E34="",TODAY()-15,$E34),TODAY()-15))-MONTH($D34)+IF(MIN(IF($E34="",TODAY()-15,$E34),TODAY()-15)>=EOMONTH(MIN(IF($E34="",TODAY()-15,$E34),TODAY()-15),0),1,0)),MAX(0,INT((MIN(IF($E34="",TODAY()-15,$E34),TODAY()-15)-($D34+MOD(SISTEM!$F$8-WEEKDAY($D34,2),7)))/7)+1))) | L34: =IF(OR($C34="",$D34="",$G34="",$F34=""),0,$G34*IF($F34="Aylık",MAX(0,(YEAR(MIN(IF($E34="",TODAY()-29,$E34),TODAY()-29))-YEAR($D34))*12+MONTH(MIN(IF($E34="",TODAY()-29,$E34),TODAY()-29))-MONTH($D34)+IF(MIN(IF($E34="",TODAY()-29,$E34),TODAY()-29)>=EOMONTH(MIN(IF($E34="",TODAY()-29,$E34),TODAY()-29),0),1,0)),MAX(0,INT((MIN(IF($E34="",TODAY()-29,$E34),TODAY()-29)-($D34+MOD(SISTEM!$F$8-WEEKDAY($D34,2),7)))/7)+1))) | M34: =IF($G34>0,$I34/$G34,0) | N34: =IF($C34="","",IF($B34="TANIMSIZ MÜŞTERİ","TANIMSIZ MÜŞTERİ",IF($F34="","MODEL SEÇİN",IF(OR($D34="",$G34<=0),"EKSİK",IF(AND($E34<>"",$E34<$D34),"TARİH HATASI",IF($H34="Pasif","KAPALI DÖNEM","UYGUN")))))) | O34: =IF(OR($C34="",$D34="",$F34=""),"",IF($F34="Aylık",EOMONTH($D34,0),($D34+MOD(SISTEM!$F$8-WEEKDAY($D34,2),7)))) | S34: =IF($B34="","",$B34&"|"&COUNTIFS($B$7:$B34,$B34))
B35: =IF($C35="","",IFERROR(INDEX(MUSTERILER!$B$7:$B$106,MATCH($C35,MUSTERILER!$C$7:$C$106,0)),IFERROR(INDEX(MUSTERILER!$B$7:$B$106,MATCH($C35,MUSTERILER!$B$7:$B$106,0)),IFERROR(INDEX(MUSTERILER!$B$7:$B$106,MATCH($C35&"*",MUSTERILER!$C$7:$C$106,0)),"TANIMSIZ MÜŞTERİ")))) | C35: EMRAH SAVURKAN | D35: 46023 | F35: Aylık | G35: 2000 | H35: Aktif | I35: =IF(OR($C35="",$D35="",$G35="",$F35=""),0,$G35*IF($F35="Aylık",MAX(0,(YEAR(MIN(IF($E35="",TODAY(),$E35),TODAY()))-YEAR($D35))*12+MONTH(MIN(IF($E35="",TODAY(),$E35),TODAY()))-MONTH($D35)+IF(MIN(IF($E35="",TODAY(),$E35),TODAY())>=EOMONTH(MIN(IF($E35="",TODAY(),$E35),TODAY()),0),1,0)),MAX(0,INT((MIN(IF($E35="",TODAY(),$E35),TODAY())-($D35+MOD(SISTEM!$F$8-WEEKDAY($D35,2),7)))/7)+1))) | J35: =IF(OR($C35="",$D35="",$G35="",$F35=""),0,$G35*IF($F35="Aylık",MAX(0,(YEAR(MIN(IF($E35="",TODAY()-8,$E35),TODAY()-8))-YEAR($D35))*12+MONTH(MIN(IF($E35="",TODAY()-8,$E35),TODAY()-8))-MONTH($D35)+IF(MIN(IF($E35="",TODAY()-8,$E35),TODAY()-8)>=EOMONTH(MIN(IF($E35="",TODAY()-8,$E35),TODAY()-8),0),1,0)),MAX(0,INT((MIN(IF($E35="",TODAY()-8,$E35),TODAY()-8)-($D35+MOD(SISTEM!$F$8-WEEKDAY($D35,2),7)))/7)+1))) | K35: =IF(OR($C35="",$D35="",$G35="",$F35=""),0,$G35*IF($F35="Aylık",MAX(0,(YEAR(MIN(IF($E35="",TODAY()-15,$E35),TODAY()-15))-YEAR($D35))*12+MONTH(MIN(IF($E35="",TODAY()-15,$E35),TODAY()-15))-MONTH($D35)+IF(MIN(IF($E35="",TODAY()-15,$E35),TODAY()-15)>=EOMONTH(MIN(IF($E35="",TODAY()-15,$E35),TODAY()-15),0),1,0)),MAX(0,INT((MIN(IF($E35="",TODAY()-15,$E35),TODAY()-15)-($D35+MOD(SISTEM!$F$8-WEEKDAY($D35,2),7)))/7)+1))) | L35: =IF(OR($C35="",$D35="",$G35="",$F35=""),0,$G35*IF($F35="Aylık",MAX(0,(YEAR(MIN(IF($E35="",TODAY()-29,$E35),TODAY()-29))-YEAR($D35))*12+MONTH(MIN(IF($E35="",TODAY()-29,$E35),TODAY()-29))-MONTH($D35)+IF(MIN(IF($E35="",TODAY()-29,$E35),TODAY()-29)>=EOMONTH(MIN(IF($E35="",TODAY()-29,$E35),TODAY()-29),0),1,0)),MAX(0,INT((MIN(IF($E35="",TODAY()-29,$E35),TODAY()-29)-($D35+MOD(SISTEM!$F$8-WEEKDAY($D35,2),7)))/7)+1))) | M35: =IF($G35>0,$I35/$G35,0) | N35: =IF($C35="","",IF($B35="TANIMSIZ MÜŞTERİ","TANIMSIZ MÜŞTERİ",IF($F35="","MODEL SEÇİN",IF(OR($D35="",$G35<=0),"EKSİK",IF(AND($E35<>"",$E35<$D35),"TARİH HATASI",IF($H35="Pasif","KAPALI DÖNEM","UYGUN")))))) | O35: =IF(OR($C35="",$D35="",$F35=""),"",IF($F35="Aylık",EOMONTH($D35,0),($D35+MOD(SISTEM!$F$8-WEEKDAY($D35,2),7)))) | S35: =IF($B35="","",$B35&"|"&COUNTIFS($B$7:$B35,$B35))
B36: =IF($C36="","",IFERROR(INDEX(MUSTERILER!$B$7:$B$106,MATCH($C36,MUSTERILER!$C$7:$C$106,0)),IFERROR(INDEX(MUSTERILER!$B$7:$B$106,MATCH($C36,MUSTERILER!$B$7:$B$106,0)),IFERROR(INDEX(MUSTERILER!$B$7:$B$106,MATCH($C36&"*",MUSTERILER!$C$7:$C$106,0)),"TANIMSIZ MÜŞTERİ")))) | C36: FARUK DEMİRCİ | D36: 46023 | F36: Aylık | G36: 2000 | H36: Aktif | I36: =IF(OR($C36="",$D36="",$G36="",$F36=""),0,$G36*IF($F36="Aylık",MAX(0,(YEAR(MIN(IF($E36="",TODAY(),$E36),TODAY()))-YEAR($D36))*12+MONTH(MIN(IF($E36="",TODAY(),$E36),TODAY()))-MONTH($D36)+IF(MIN(IF($E36="",TODAY(),$E36),TODAY())>=EOMONTH(MIN(IF($E36="",TODAY(),$E36),TODAY()),0),1,0)),MAX(0,INT((MIN(IF($E36="",TODAY(),$E36),TODAY())-($D36+MOD(SISTEM!$F$8-WEEKDAY($D36,2),7)))/7)+1))) | J36: =IF(OR($C36="",$D36="",$G36="",$F36=""),0,$G36*IF($F36="Aylık",MAX(0,(YEAR(MIN(IF($E36="",TODAY()-8,$E36),TODAY()-8))-YEAR($D36))*12+MONTH(MIN(IF($E36="",TODAY()-8,$E36),TODAY()-8))-MONTH($D36)+IF(MIN(IF($E36="",TODAY()-8,$E36),TODAY()-8)>=EOMONTH(MIN(IF($E36="",TODAY()-8,$E36),TODAY()-8),0),1,0)),MAX(0,INT((MIN(IF($E36="",TODAY()-8,$E36),TODAY()-8)-($D36+MOD(SISTEM!$F$8-WEEKDAY($D36,2),7)))/7)+1))) | K36: =IF(OR($C36="",$D36="",$G36="",$F36=""),0,$G36*IF($F36="Aylık",MAX(0,(YEAR(MIN(IF($E36="",TODAY()-15,$E36),TODAY()-15))-YEAR($D36))*12+MONTH(MIN(IF($E36="",TODAY()-15,$E36),TODAY()-15))-MONTH($D36)+IF(MIN(IF($E36="",TODAY()-15,$E36),TODAY()-15)>=EOMONTH(MIN(IF($E36="",TODAY()-15,$E36),TODAY()-15),0),1,0)),MAX(0,INT((MIN(IF($E36="",TODAY()-15,$E36),TODAY()-15)-($D36+MOD(SISTEM!$F$8-WEEKDAY($D36,2),7)))/7)+1))) | L36: =IF(OR($C36="",$D36="",$G36="",$F36=""),0,$G36*IF($F36="Aylık",MAX(0,(YEAR(MIN(IF($E36="",TODAY()-29,$E36),TODAY()-29))-YEAR($D36))*12+MONTH(MIN(IF($E36="",TODAY()-29,$E36),TODAY()-29))-MONTH($D36)+IF(MIN(IF($E36="",TODAY()-29,$E36),TODAY()-29)>=EOMONTH(MIN(IF($E36="",TODAY()-29,$E36),TODAY()-29),0),1,0)),MAX(0,INT((MIN(IF($E36="",TODAY()-29,$E36),TODAY()-29)-($D36+MOD(SISTEM!$F$8-WEEKDAY($D36,2),7)))/7)+1))) | M36: =IF($G36>0,$I36/$G36,0) | N36: =IF($C36="","",IF($B36="TANIMSIZ MÜŞTERİ","TANIMSIZ MÜŞTERİ",IF($F36="","MODEL SEÇİN",IF(OR($D36="",$G36<=0),"EKSİK",IF(AND($E36<>"",$E36<$D36),"TARİH HATASI",IF($H36="Pasif","KAPALI DÖNEM","UYGUN")))))) | O36: =IF(OR($C36="",$D36="",$F36=""),"",IF($F36="Aylık",EOMONTH($D36,0),($D36+MOD(SISTEM!$F$8-WEEKDAY($D36,2),7)))) | S36: =IF($B36="","",$B36&"|"&COUNTIFS($B$7:$B36,$B36))
B37: =IF($C37="","",IFERROR(INDEX(MUSTERILER!$B$7:$B$106,MATCH($C37,MUSTERILER!$C$7:$C$106,0)),IFERROR(INDEX(MUSTERILER!$B$7:$B$106,MATCH($C37,MUSTERILER!$B$7:$B$106,0)),IFERROR(INDEX(MUSTERILER!$B$7:$B$106,MATCH($C37&"*",MUSTERILER!$C$7:$C$106,0)),"TANIMSIZ MÜŞTERİ")))) | C37: HALİL AVŞAR | D37: 46023 | F37: Aylık | G37: 3000 | H37: Aktif | I37: =IF(OR($C37="",$D37="",$G37="",$F37=""),0,$G37*IF($F37="Aylık",MAX(0,(YEAR(MIN(IF($E37="",TODAY(),$E37),TODAY()))-YEAR($D37))*12+MONTH(MIN(IF($E37="",TODAY(),$E37),TODAY()))-MONTH($D37)+IF(MIN(IF($E37="",TODAY(),$E37),TODAY())>=EOMONTH(MIN(IF($E37="",TODAY(),$E37),TODAY()),0),1,0)),MAX(0,INT((MIN(IF($E37="",TODAY(),$E37),TODAY())-($D37+MOD(SISTEM!$F$8-WEEKDAY($D37,2),7)))/7)+1))) | J37: =IF(OR($C37="",$D37="",$G37="",$F37=""),0,$G37*IF($F37="Aylık",MAX(0,(YEAR(MIN(IF($E37="",TODAY()-8,$E37),TODAY()-8))-YEAR($D37))*12+MONTH(MIN(IF($E37="",TODAY()-8,$E37),TODAY()-8))-MONTH($D37)+IF(MIN(IF($E37="",TODAY()-8,$E37),TODAY()-8)>=EOMONTH(MIN(IF($E37="",TODAY()-8,$E37),TODAY()-8),0),1,0)),MAX(0,INT((MIN(IF($E37="",TODAY()-8,$E37),TODAY()-8)-($D37+MOD(SISTEM!$F$8-WEEKDAY($D37,2),7)))/7)+1))) | K37: =IF(OR($C37="",$D37="",$G37="",$F37=""),0,$G37*IF($F37="Aylık",MAX(0,(YEAR(MIN(IF($E37="",TODAY()-15,$E37),TODAY()-15))-YEAR($D37))*12+MONTH(MIN(IF($E37="",TODAY()-15,$E37),TODAY()-15))-MONTH($D37)+IF(MIN(IF($E37="",TODAY()-15,$E37),TODAY()-15)>=EOMONTH(MIN(IF($E37="",TODAY()-15,$E37),TODAY()-15),0),1,0)),MAX(0,INT((MIN(IF($E37="",TODAY()-15,$E37),TODAY()-15)-($D37+MOD(SISTEM!$F$8-WEEKDAY($D37,2),7)))/7)+1))) | L37: =IF(OR($C37="",$D37="",$G37="",$F37=""),0,$G37*IF($F37="Aylık",MAX(0,(YEAR(MIN(IF($E37="",TODAY()-29,$E37),TODAY()-29))-YEAR($D37))*12+MONTH(MIN(IF($E37="",TODAY()-29,$E37),TODAY()-29))-MONTH($D37)+IF(MIN(IF($E37="",TODAY()-29,$E37),TODAY()-29)>=EOMONTH(MIN(IF($E37="",TODAY()-29,$E37),TODAY()-29),0),1,0)),MAX(0,INT((MIN(IF($E37="",TODAY()-29,$E37),TODAY()-29)-($D37+MOD(SISTEM!$F$8-WEEKDAY($D37,2),7)))/7)+1))) | M37: =IF($G37>0,$I37/$G37,0) | N37: =IF($C37="","",IF($B37="TANIMSIZ MÜŞTERİ","TANIMSIZ MÜŞTERİ",IF($F37="","MODEL SEÇİN",IF(OR($D37="",$G37<=0),"EKSİK",IF(AND($E37<>"",$E37<$D37),"TARİH HATASI",IF($H37="Pasif","KAPALI DÖNEM","UYGUN")))))) | O37: =IF(OR($C37="",$D37="",$F37=""),"",IF($F37="Aylık",EOMONTH($D37,0),($D37+MOD(SISTEM!$F$8-WEEKDAY($D37,2),7)))) | S37: =IF($B37="","",$B37&"|"&COUNTIFS($B$7:$B37,$B37))
B38: =IF($C38="","",IFERROR(INDEX(MUSTERILER!$B$7:$B$106,MATCH($C38,MUSTERILER!$C$7:$C$106,0)),IFERROR(INDEX(MUSTERILER!$B$7:$B$106,MATCH($C38,MUSTERILER!$B$7:$B$106,0)),IFERROR(INDEX(MUSTERILER!$B$7:$B$106,MATCH($C38&"*",MUSTERILER!$C$7:$C$106,0)),"TANIMSIZ MÜŞTERİ")))) | C38: HAYDAR KAYA | D38: 46023 | F38: Aylık | G38: 1000 | H38: Aktif | I38: =IF(OR($C38="",$D38="",$G38="",$F38=""),0,$G38*IF($F38="Aylık",MAX(0,(YEAR(MIN(IF($E38="",TODAY(),$E38),TODAY()))-YEAR($D38))*12+MONTH(MIN(IF($E38="",TODAY(),$E38),TODAY()))-MONTH($D38)+IF(MIN(IF($E38="",TODAY(),$E38),TODAY())>=EOMONTH(MIN(IF($E38="",TODAY(),$E38),TODAY()),0),1,0)),MAX(0,INT((MIN(IF($E38="",TODAY(),$E38),TODAY())-($D38+MOD(SISTEM!$F$8-WEEKDAY($D38,2),7)))/7)+1))) | J38: =IF(OR($C38="",$D38="",$G38="",$F38=""),0,$G38*IF($F38="Aylık",MAX(0,(YEAR(MIN(IF($E38="",TODAY()-8,$E38),TODAY()-8))-YEAR($D38))*12+MONTH(MIN(IF($E38="",TODAY()-8,$E38),TODAY()-8))-MONTH($D38)+IF(MIN(IF($E38="",TODAY()-8,$E38),TODAY()-8)>=EOMONTH(MIN(IF($E38="",TODAY()-8,$E38),TODAY()-8),0),1,0)),MAX(0,INT((MIN(IF($E38="",TODAY()-8,$E38),TODAY()-8)-($D38+MOD(SISTEM!$F$8-WEEKDAY($D38,2),7)))/7)+1))) | K38: =IF(OR($C38="",$D38="",$G38="",$F38=""),0,$G38*IF($F38="Aylık",MAX(0,(YEAR(MIN(IF($E38="",TODAY()-15,$E38),TODAY()-15))-YEAR($D38))*12+MONTH(MIN(IF($E38="",TODAY()-15,$E38),TODAY()-15))-MONTH($D38)+IF(MIN(IF($E38="",TODAY()-15,$E38),TODAY()-15)>=EOMONTH(MIN(IF($E38="",TODAY()-15,$E38),TODAY()-15),0),1,0)),MAX(0,INT((MIN(IF($E38="",TODAY()-15,$E38),TODAY()-15)-($D38+MOD(SISTEM!$F$8-WEEKDAY($D38,2),7)))/7)+1))) | L38: =IF(OR($C38="",$D38="",$G38="",$F38=""),0,$G38*IF($F38="Aylık",MAX(0,(YEAR(MIN(IF($E38="",TODAY()-29,$E38),TODAY()-29))-YEAR($D38))*12+MONTH(MIN(IF($E38="",TODAY()-29,$E38),TODAY()-29))-MONTH($D38)+IF(MIN(IF($E38="",TODAY()-29,$E38),TODAY()-29)>=EOMONTH(MIN(IF($E38="",TODAY()-29,$E38),TODAY()-29),0),1,0)),MAX(0,INT((MIN(IF($E38="",TODAY()-29,$E38),TODAY()-29)-($D38+MOD(SISTEM!$F$8-WEEKDAY($D38,2),7)))/7)+1))) | M38: =IF($G38>0,$I38/$G38,0) | N38: =IF($C38="","",IF($B38="TANIMSIZ MÜŞTERİ","TANIMSIZ MÜŞTERİ",IF($F38="","MODEL SEÇİN",IF(OR($D38="",$G38<=0),"EKSİK",IF(AND($E38<>"",$E38<$D38),"TARİH HATASI",IF($H38="Pasif","KAPALI DÖNEM","UYGUN")))))) | O38: =IF(OR($C38="",$D38="",$F38=""),"",IF($F38="Aylık",EOMONTH($D38,0),($D38+MOD(SISTEM!$F$8-WEEKDAY($D38,2),7)))) | S38: =IF($B38="","",$B38&"|"&COUNTIFS($B$7:$B38,$B38))
B39: =IF($C39="","",IFERROR(INDEX(MUSTERILER!$B$7:$B$106,MATCH($C39,MUSTERILER!$C$7:$C$106,0)),IFERROR(INDEX(MUSTERILER!$B$7:$B$106,MATCH($C39,MUSTERILER!$B$7:$B$106,0)),IFERROR(INDEX(MUSTERILER!$B$7:$B$106,MATCH($C39&"*",MUSTERILER!$C$7:$C$106,0)),"TANIMSIZ MÜŞTERİ")))) | C39: IŞIL GRUP LTD.ŞTİ. | D39: 46023 | F39: Aylık | G39: 7500 | H39: Aktif | I39: =IF(OR($C39="",$D39="",$G39="",$F39=""),0,$G39*IF($F39="Aylık",MAX(0,(YEAR(MIN(IF($E39="",TODAY(),$E39),TODAY()))-YEAR($D39))*12+MONTH(MIN(IF($E39="",TODAY(),$E39),TODAY()))-MONTH($D39)+IF(MIN(IF($E39="",TODAY(),$E39),TODAY())>=EOMONTH(MIN(IF($E39="",TODAY(),$E39),TODAY()),0),1,0)),MAX(0,INT((MIN(IF($E39="",TODAY(),$E39),TODAY())-($D39+MOD(SISTEM!$F$8-WEEKDAY($D39,2),7)))/7)+1))) | J39: =IF(OR($C39="",$D39="",$G39="",$F39=""),0,$G39*IF($F39="Aylık",MAX(0,(YEAR(MIN(IF($E39="",TODAY()-8,$E39),TODAY()-8))-YEAR($D39))*12+MONTH(MIN(IF($E39="",TODAY()-8,$E39),TODAY()-8))-MONTH($D39)+IF(MIN(IF($E39="",TODAY()-8,$E39),TODAY()-8)>=EOMONTH(MIN(IF($E39="",TODAY()-8,$E39),TODAY()-8),0),1,0)),MAX(0,INT((MIN(IF($E39="",TODAY()-8,$E39),TODAY()-8)-($D39+MOD(SISTEM!$F$8-WEEKDAY($D39,2),7)))/7)+1))) | K39: =IF(OR($C39="",$D39="",$G39="",$F39=""),0,$G39*IF($F39="Aylık",MAX(0,(YEAR(MIN(IF($E39="",TODAY()-15,$E39),TODAY()-15))-YEAR($D39))*12+MONTH(MIN(IF($E39="",TODAY()-15,$E39),TODAY()-15))-MONTH($D39)+IF(MIN(IF($E39="",TODAY()-15,$E39),TODAY()-15)>=EOMONTH(MIN(IF($E39="",TODAY()-15,$E39),TODAY()-15),0),1,0)),MAX(0,INT((MIN(IF($E39="",TODAY()-15,$E39),TODAY()-15)-($D39+MOD(SISTEM!$F$8-WEEKDAY($D39,2),7)))/7)+1))) | L39: =IF(OR($C39="",$D39="",$G39="",$F39=""),0,$G39*IF($F39="Aylık",MAX(0,(YEAR(MIN(IF($E39="",TODAY()-29,$E39),TODAY()-29))-YEAR($D39))*12+MONTH(MIN(IF($E39="",TODAY()-29,$E39),TODAY()-29))-MONTH($D39)+IF(MIN(IF($E39="",TODAY()-29,$E39),TODAY()-29)>=EOMONTH(MIN(IF($E39="",TODAY()-29,$E39),TODAY()-29),0),1,0)),MAX(0,INT((MIN(IF($E39="",TODAY()-29,$E39),TODAY()-29)-($D39+MOD(SISTEM!$F$8-WEEKDAY($D39,2),7)))/7)+1))) | M39: =IF($G39>0,$I39/$G39,0) | N39: =IF($C39="","",IF($B39="TANIMSIZ MÜŞTERİ","TANIMSIZ MÜŞTERİ",IF($F39="","MODEL SEÇİN",IF(OR($D39="",$G39<=0),"EKSİK",IF(AND($E39<>"",$E39<$D39),"TARİH HATASI",IF($H39="Pasif","KAPALI DÖNEM","UYGUN")))))) | O39: =IF(OR($C39="",$D39="",$F39=""),"",IF($F39="Aylık",EOMONTH($D39,0),($D39+MOD(SISTEM!$F$8-WEEKDAY($D39,2),7)))) | S39: =IF($B39="","",$B39&"|"&COUNTIFS($B$7:$B39,$B39))
... B59: =IF($C59="","",IFERROR(INDEX(MUSTERILER!$B$7:$B$106,MATCH($C59,MUSTERILER!$C$7:$C$106,0)),IFERROR(INDEX(MUSTERILER!$B$7:$B$106,MATCH($C59,MUSTERILER!$B$7:$B$106,0)),IFERROR(INDEX(MUSTERILER!$B$7:$B$106,MATCH($C59&"*",MUSTERILER!$C$7:$C$106,0)),"TANIMSIZ MÜŞTERİ")))) | C59: YEDİYİRMİDÖRT LTD.ŞTİ. | D59: 46023 | F59: Aylık | G59: 10000 | H59: Aktif | I59: =IF(OR($C59="",$D59="",$G59="",$F59=""),0,$G59*IF($F59="Aylık",MAX(0,(YEAR(MIN(IF($E59="",TODAY(),$E59),TODAY()))-YEAR($D59))*12+MONTH(MIN(IF($E59="",TODAY(),$E59),TODAY()))-MONTH($D59)+IF(MIN(IF($E59="",TODAY(),$E59),TODAY())>=EOMONTH(MIN(IF($E59="",TODAY(),$E59),TODAY()),0),1,0)),MAX(0,INT((MIN(IF($E59="",TODAY(),$E59),TODAY())-($D59+MOD(SISTEM!$F$8-WEEKDAY($D59,2),7)))/7)+1))) | J59: =IF(OR($C59="",$D59="",$G59="",$F59=""),0,$G59*IF($F59="Aylık",MAX(0,(YEAR(MIN(IF($E59="",TODAY()-8,$E59),TODAY()-8))-YEAR($D59))*12+MONTH(MIN(IF($E59="",TODAY()-8,$E59),TODAY()-8))-MONTH($D59)+IF(MIN(IF($E59="",TODAY()-8,$E59),TODAY()-8)>=EOMONTH(MIN(IF($E59="",TODAY()-8,$E59),TODAY()-8),0),1,0)),MAX(0,INT((MIN(IF($E59="",TODAY()-8,$E59),TODAY()-8)-($D59+MOD(SISTEM!$F$8-WEEKDAY($D59,2),7)))/7)+1))) | K59: =IF(OR($C59="",$D59="",$G59="",$F59=""),0,$G59*IF($F59="Aylık",MAX(0,(YEAR(MIN(IF($E59="",TODAY()-15,$E59),TODAY()-15))-YEAR($D59))*12+MONTH(MIN(IF($E59="",TODAY()-15,$E59),TODAY()-15))-MONTH($D59)+IF(MIN(IF($E59="",TODAY()-15,$E59),TODAY()-15)>=EOMONTH(MIN(IF($E59="",TODAY()-15,$E59),TODAY()-15),0),1,0)),MAX(0,INT((MIN(IF($E59="",TODAY()-15,$E59),TODAY()-15)-($D59+MOD(SISTEM!$F$8-WEEKDAY($D59,2),7)))/7)+1))) | L59: =IF(OR($C59="",$D59="",$G59="",$F59=""),0,$G59*IF($F59="Aylık",MAX(0,(YEAR(MIN(IF($E59="",TODAY()-29,$E59),TODAY()-29))-YEAR($D59))*12+MONTH(MIN(IF($E59="",TODAY()-29,$E59),TODAY()-29))-MONTH($D59)+IF(MIN(IF($E59="",TODAY()-29,$E59),TODAY()-29)>=EOMONTH(MIN(IF($E59="",TODAY()-29,$E59),TODAY()-29),0),1,0)),MAX(0,INT((MIN(IF($E59="",TODAY()-29,$E59),TODAY()-29)-($D59+MOD(SISTEM!$F$8-WEEKDAY($D59,2),7)))/7)+1))) | M59: =IF($G59>0,$I59/$G59,0) | N59: =IF($C59="","",IF($B59="TANIMSIZ MÜŞTERİ","TANIMSIZ MÜŞTERİ",IF($F59="","MODEL SEÇİN",IF(OR($D59="",$G59<=0),"EKSİK",IF(AND($E59<>"",$E59<$D59),"TARİH HATASI",IF($H59="Pasif","KAPALI DÖNEM","UYGUN")))))) | O59: =IF(OR($C59="",$D59="",$F59=""),"",IF($F59="Aylık",EOMONTH($D59,0),($D59+MOD(SISTEM!$F$8-WEEKDAY($D59,2),7)))) | S59: =IF($B59="","",$B59&"|"&COUNTIFS($B$7:$B59,$B59))
B60: =IF($C60="","",IFERROR(INDEX(MUSTERILER!$B$7:$B$106,MATCH($C60,MUSTERILER!$C$7:$C$106,0)),IFERROR(INDEX(MUSTERILER!$B$7:$B$106,MATCH($C60,MUSTERILER!$B$7:$B$106,0)),IFERROR(INDEX(MUSTERILER!$B$7:$B$106,MATCH($C60&"*",MUSTERILER!$C$7:$C$106,0)),"TANIMSIZ MÜŞTERİ")))) | C60: TEST HAFTALIK A.Ş. | D60: 46023 | E60: 46060 | F60: Haftalık | G60: 700 | H60: Pasif | I60: =IF(OR($C60="",$D60="",$G60="",$F60=""),0,$G60*IF($F60="Aylık",MAX(0,(YEAR(MIN(IF($E60="",TODAY(),$E60),TODAY()))-YEAR($D60))*12+MONTH(MIN(IF($E60="",TODAY(),$E60),TODAY()))-MONTH($D60)+IF(MIN(IF($E60="",TODAY(),$E60),TODAY())>=EOMONTH(MIN(IF($E60="",TODAY(),$E60),TODAY()),0),1,0)),MAX(0,INT((MIN(IF($E60="",TODAY(),$E60),TODAY())-($D60+MOD(SISTEM!$F$8-WEEKDAY($D60,2),7)))/7)+1))) | J60: =IF(OR($C60="",$D60="",$G60="",$F60=""),0,$G60*IF($F60="Aylık",MAX(0,(YEAR(MIN(IF($E60="",TODAY()-8,$E60),TODAY()-8))-YEAR($D60))*12+MONTH(MIN(IF($E60="",TODAY()-8,$E60),TODAY()-8))-MONTH($D60)+IF(MIN(IF($E60="",TODAY()-8,$E60),TODAY()-8)>=EOMONTH(MIN(IF($E60="",TODAY()-8,$E60),TODAY()-8),0),1,0)),MAX(0,INT((MIN(IF($E60="",TODAY()-8,$E60),TODAY()-8)-($D60+MOD(SISTEM!$F$8-WEEKDAY($D60,2),7)))/7)+1))) | K60: =IF(OR($C60="",$D60="",$G60="",$F60=""),0,$G60*IF($F60="Aylık",MAX(0,(YEAR(MIN(IF($E60="",TODAY()-15,$E60),TODAY()-15))-YEAR($D60))*12+MONTH(MIN(IF($E60="",TODAY()-15,$E60),TODAY()-15))-MONTH($D60)+IF(MIN(IF($E60="",TODAY()-15,$E60),TODAY()-15)>=EOMONTH(MIN(IF($E60="",TODAY()-15,$E60),TODAY()-15),0),1,0)),MAX(0,INT((MIN(IF($E60="",TODAY()-15,$E60),TODAY()-15)-($D60+MOD(SISTEM!$F$8-WEEKDAY($D60,2),7)))/7)+1))) | L60: =IF(OR($C60="",$D60="",$G60="",$F60=""),0,$G60*IF($F60="Aylık",MAX(0,(YEAR(MIN(IF($E60="",TODAY()-29,$E60),TODAY()-29))-YEAR($D60))*12+MONTH(MIN(IF($E60="",TODAY()-29,$E60),TODAY()-29))-MONTH($D60)+IF(MIN(IF($E60="",TODAY()-29,$E60),TODAY()-29)>=EOMONTH(MIN(IF($E60="",TODAY()-29,$E60),TODAY()-29),0),1,0)),MAX(0,INT((MIN(IF($E60="",TODAY()-29,$E60),TODAY()-29)-($D60+MOD(SISTEM!$F$8-WEEKDAY($D60,2),7)))/7)+1))) | M60: =IF($G60>0,$I60/$G60,0) | N60: =IF($C60="","",IF($B60="TANIMSIZ MÜŞTERİ","TANIMSIZ MÜŞTERİ",IF($F60="","MODEL SEÇİN",IF(OR($D60="",$G60<=0),"EKSİK",IF(AND($E60<>"",$E60<$D60),"TARİH HATASI",IF($H60="Pasif","KAPALI DÖNEM","UYGUN")))))) | O60: =IF(OR($C60="",$D60="",$F60=""),"",IF($F60="Aylık",EOMONTH($D60,0),($D60+MOD(SISTEM!$F$8-WEEKDAY($D60,2),7)))) | P60: TEST – zam öncesi dönem | S60: =IF($B60="","",$B60&"|"&COUNTIFS($B$7:$B60,$B60))
B61: =IF($C61="","",IFERROR(INDEX(MUSTERILER!$B$7:$B$106,MATCH($C61,MUSTERILER!$C$7:$C$106,0)),IFERROR(INDEX(MUSTERILER!$B$7:$B$106,MATCH($C61,MUSTERILER!$B$7:$B$106,0)),IFERROR(INDEX(MUSTERILER!$B$7:$B$106,MATCH($C61&"*",MUSTERILER!$C$7:$C$106,0)),"TANIMSIZ MÜŞTERİ")))) | C61: TEST HAF | D61: 46061 | F61: Haftalık | G61: 1000 | H61: Aktif | I61: =IF(OR($C61="",$D61="",$G61="",$F61=""),0,$G61*IF($F61="Aylık",MAX(0,(YEAR(MIN(IF($E61="",TODAY(),$E61),TODAY()))-YEAR($D61))*12+MONTH(MIN(IF($E61="",TODAY(),$E61),TODAY()))-MONTH($D61)+IF(MIN(IF($E61="",TODAY(),$E61),TODAY())>=EOMONTH(MIN(IF($E61="",TODAY(),$E61),TODAY()),0),1,0)),MAX(0,INT((MIN(IF($E61="",TODAY(),$E61),TODAY())-($D61+MOD(SISTEM!$F$8-WEEKDAY($D61,2),7)))/7)+1))) | J61: =IF(OR($C61="",$D61="",$G61="",$F61=""),0,$G61*IF($F61="Aylık",MAX(0,(YEAR(MIN(IF($E61="",TODAY()-8,$E61),TODAY()-8))-YEAR($D61))*12+MONTH(MIN(IF($E61="",TODAY()-8,$E61),TODAY()-8))-MONTH($D61)+IF(MIN(IF($E61="",TODAY()-8,$E61),TODAY()-8)>=EOMONTH(MIN(IF($E61="",TODAY()-8,$E61),TODAY()-8),0),1,0)),MAX(0,INT((MIN(IF($E61="",TODAY()-8,$E61),TODAY()-8)-($D61+MOD(SISTEM!$F$8-WEEKDAY($D61,2),7)))/7)+1))) | K61: =IF(OR($C61="",$D61="",$G61="",$F61=""),0,$G61*IF($F61="Aylık",MAX(0,(YEAR(MIN(IF($E61="",TODAY()-15,$E61),TODAY()-15))-YEAR($D61))*12+MONTH(MIN(IF($E61="",TODAY()-15,$E61),TODAY()-15))-MONTH($D61)+IF(MIN(IF($E61="",TODAY()-15,$E61),TODAY()-15)>=EOMONTH(MIN(IF($E61="",TODAY()-15,$E61),TODAY()-15),0),1,0)),MAX(0,INT((MIN(IF($E61="",TODAY()-15,$E61),TODAY()-15)-($D61+MOD(SISTEM!$F$8-WEEKDAY($D61,2),7)))/7)+1))) | L61: =IF(OR($C61="",$D61="",$G61="",$F61=""),0,$G61*IF($F61="Aylık",MAX(0,(YEAR(MIN(IF($E61="",TODAY()-29,$E61),TODAY()-29))-YEAR($D61))*12+MONTH(MIN(IF($E61="",TODAY()-29,$E61),TODAY()-29))-MONTH($D61)+IF(MIN(IF($E61="",TODAY()-29,$E61),TODAY()-29)>=EOMONTH(MIN(IF($E61="",TODAY()-29,$E61),TODAY()-29),0),1,0)),MAX(0,INT((MIN(IF($E61="",TODAY()-29,$E61),TODAY()-29)-($D61+MOD(SISTEM!$F$8-WEEKDAY($D61,2),7)))/7)+1))) | M61: =IF($G61>0,$I61/$G61,0) | N61: =IF($C61="","",IF($B61="TANIMSIZ MÜŞTERİ","TANIMSIZ MÜŞTERİ",IF($F61="","MODEL SEÇİN",IF(OR($D61="",$G61<=0),"EKSİK",IF(AND($E61<>"",$E61<$D61),"TARİH HATASI",IF($H61="Pasif","KAPALI DÖNEM","UYGUN")))))) | O61: =IF(OR($C61="",$D61="",$F61=""),"",IF($F61="Aylık",EOMONTH($D61,0),($D61+MOD(SISTEM!$F$8-WEEKDAY($D61,2),7)))) | P61: TEST – zam sonrası dönem (ön ek ile) | S61: =IF($B61="","",$B61&"|"&COUNTIFS($B$7:$B61,$B61))
B62: =IF($C62="","",IFERROR(INDEX(MUSTERILER!$B$7:$B$106,MATCH($C62,MUSTERILER!$C$7:$C$106,0)),IFERROR(INDEX(MUSTERILER!$B$7:$B$106,MATCH($C62,MUSTERILER!$B$7:$B$106,0)),IFERROR(INDEX(MUSTERILER!$B$7:$B$106,MATCH($C62&"*",MUSTERILER!$C$7:$C$106,0)),"TANIMSIZ MÜŞTERİ")))) | C62: TEST AYLIK LTD. | D62: 46091 | F62: Aylık | G62: 2500 | H62: Aktif | I62: =IF(OR($C62="",$D62="",$G62="",$F62=""),0,$G62*IF($F62="Aylık",MAX(0,(YEAR(MIN(IF($E62="",TODAY(),$E62),TODAY()))-YEAR($D62))*12+MONTH(MIN(IF($E62="",TODAY(),$E62),TODAY()))-MONTH($D62)+IF(MIN(IF($E62="",TODAY(),$E62),TODAY())>=EOMONTH(MIN(IF($E62="",TODAY(),$E62),TODAY()),0),1,0)),MAX(0,INT((MIN(IF($E62="",TODAY(),$E62),TODAY())-($D62+MOD(SISTEM!$F$8-WEEKDAY($D62,2),7)))/7)+1))) | J62: =IF(OR($C62="",$D62="",$G62="",$F62=""),0,$G62*IF($F62="Aylık",MAX(0,(YEAR(MIN(IF($E62="",TODAY()-8,$E62),TODAY()-8))-YEAR($D62))*12+MONTH(MIN(IF($E62="",TODAY()-8,$E62),TODAY()-8))-MONTH($D62)+IF(MIN(IF($E62="",TODAY()-8,$E62),TODAY()-8)>=EOMONTH(MIN(IF($E62="",TODAY()-8,$E62),TODAY()-8),0),1,0)),MAX(0,INT((MIN(IF($E62="",TODAY()-8,$E62),TODAY()-8)-($D62+MOD(SISTEM!$F$8-WEEKDAY($D62,2),7)))/7)+1))) | K62: =IF(OR($C62="",$D62="",$G62="",$F62=""),0,$G62*IF($F62="Aylık",MAX(0,(YEAR(MIN(IF($E62="",TODAY()-15,$E62),TODAY()-15))-YEAR($D62))*12+MONTH(MIN(IF($E62="",TODAY()-15,$E62),TODAY()-15))-MONTH($D62)+IF(MIN(IF($E62="",TODAY()-15,$E62),TODAY()-15)>=EOMONTH(MIN(IF($E62="",TODAY()-15,$E62),TODAY()-15),0),1,0)),MAX(0,INT((MIN(IF($E62="",TODAY()-15,$E62),TODAY()-15)-($D62+MOD(SISTEM!$F$8-WEEKDAY($D62,2),7)))/7)+1))) | L62: =IF(OR($C62="",$D62="",$G62="",$F62=""),0,$G62*IF($F62="Aylık",MAX(0,(YEAR(MIN(IF($E62="",TODAY()-29,$E62),TODAY()-29))-YEAR($D62))*12+MONTH(MIN(IF($E62="",TODAY()-29,$E62),TODAY()-29))-MONTH($D62)+IF(MIN(IF($E62="",TODAY()-29,$E62),TODAY()-29)>=EOMONTH(MIN(IF($E62="",TODAY()-29,$E62),TODAY()-29),0),1,0)),MAX(0,INT((MIN(IF($E62="",TODAY()-29,$E62),TODAY()-29)-($D62+MOD(SISTEM!$F$8-WEEKDAY($D62,2),7)))/7)+1))) | M62: =IF($G62>0,$I62/$G62,0) | N62: =IF($C62="","",IF($B62="TANIMSIZ MÜŞTERİ","TANIMSIZ MÜŞTERİ",IF($F62="","MODEL SEÇİN",IF(OR($D62="",$G62<=0),"EKSİK",IF(AND($E62<>"",$E62<$D62),"TARİH HATASI",IF($H62="Pasif","KAPALI DÖNEM","UYGUN")))))) | O62: =IF(OR($C62="",$D62="",$F62=""),"",IF($F62="Aylık",EOMONTH($D62,0),($D62+MOD(SISTEM!$F$8-WEEKDAY($D62,2),7)))) | P62: TEST – aylık model, ay ortası başlangıç | S62: =IF($B62="","",$B62&"|"&COUNTIFS($B$7:$B62,$B62))
B63: =IF($C63="","",IFERROR(INDEX(MUSTERILER!$B$7:$B$106,MATCH($C63,MUSTERILER!$C$7:$C$106,0)),IFERROR(INDEX(MUSTERILER!$B$7:$B$106,MATCH($C63,MUSTERILER!$B$7:$B$106,0)),IFERROR(INDEX(MUSTERILER!$B$7:$B$106,MATCH($C63&"*",MUSTERILER!$C$7:$C$106,0)),"TANIMSIZ MÜŞTERİ")))) | I63: =IF(OR($C63="",$D63="",$G63="",$F63=""),0,$G63*IF($F63="Aylık",MAX(0,(YEAR(MIN(IF($E63="",TODAY(),$E63),TODAY()))-YEAR($D63))*12+MONTH(MIN(IF($E63="",TODAY(),$E63),TODAY()))-MONTH($D63)+IF(MIN(IF($E63="",TODAY(),$E63),TODAY())>=EOMONTH(MIN(IF($E63="",TODAY(),$E63),TODAY()),0),1,0)),MAX(0,INT((MIN(IF($E63="",TODAY(),$E63),TODAY())-($D63+MOD(SISTEM!$F$8-WEEKDAY($D63,2),7)))/7)+1))) | J63: =IF(OR($C63="",$D63="",$G63="",$F63=""),0,$G63*IF($F63="Aylık",MAX(0,(YEAR(MIN(IF($E63="",TODAY()-8,$E63),TODAY()-8))-YEAR($D63))*12+MONTH(MIN(IF($E63="",TODAY()-8,$E63),TODAY()-8))-MONTH($D63)+IF(MIN(IF($E63="",TODAY()-8,$E63),TODAY()-8)>=EOMONTH(MIN(IF($E63="",TODAY()-8,$E63),TODAY()-8),0),1,0)),MAX(0,INT((MIN(IF($E63="",TODAY()-8,$E63),TODAY()-8)-($D63+MOD(SISTEM!$F$8-WEEKDAY($D63,2),7)))/7)+1))) | K63: =IF(OR($C63="",$D63="",$G63="",$F63=""),0,$G63*IF($F63="Aylık",MAX(0,(YEAR(MIN(IF($E63="",TODAY()-15,$E63),TODAY()-15))-YEAR($D63))*12+MONTH(MIN(IF($E63="",TODAY()-15,$E63),TODAY()-15))-MONTH($D63)+IF(MIN(IF($E63="",TODAY()-15,$E63),TODAY()-15)>=EOMONTH(MIN(IF($E63="",TODAY()-15,$E63),TODAY()-15),0),1,0)),MAX(0,INT((MIN(IF($E63="",TODAY()-15,$E63),TODAY()-15)-($D63+MOD(SISTEM!$F$8-WEEKDAY($D63,2),7)))/7)+1))) | L63: =IF(OR($C63="",$D63="",$G63="",$F63=""),0,$G63*IF($F63="Aylık",MAX(0,(YEAR(MIN(IF($E63="",TODAY()-29,$E63),TODAY()-29))-YEAR($D63))*12+MONTH(MIN(IF($E63="",TODAY()-29,$E63),TODAY()-29))-MONTH($D63)+IF(MIN(IF($E63="",TODAY()-29,$E63),TODAY()-29)>=EOMONTH(MIN(IF($E63="",TODAY()-29,$E63),TODAY()-29),0),1,0)),MAX(0,INT((MIN(IF($E63="",TODAY()-29,$E63),TODAY()-29)-($D63+MOD(SISTEM!$F$8-WEEKDAY($D63,2),7)))/7)+1))) | M63: =IF($G63>0,$I63/$G63,0) | N63: =IF($C63="","",IF($B63="TANIMSIZ MÜŞTERİ","TANIMSIZ MÜŞTERİ",IF($F63="","MODEL SEÇİN",IF(OR($D63="",$G63<=0),"EKSİK",IF(AND($E63<>"",$E63<$D63),"TARİH HATASI",IF($H63="Pasif","KAPALI DÖNEM","UYGUN")))))) | O63: =IF(OR($C63="",$D63="",$F63=""),"",IF($F63="Aylık",EOMONTH($D63,0),($D63+MOD(SISTEM!$F$8-WEEKDAY($D63,2),7)))) | S63: =IF($B63="","",$B63&"|"&COUNTIFS($B$7:$B63,$B63))
B64: =IF($C64="","",IFERROR(INDEX(MUSTERILER!$B$7:$B$106,MATCH($C64,MUSTERILER!$C$7:$C$106,0)),IFERROR(INDEX(MUSTERILER!$B$7:$B$106,MATCH($C64,MUSTERILER!$B$7:$B$106,0)),IFERROR(INDEX(MUSTERILER!$B$7:$B$106,MATCH($C64&"*",MUSTERILER!$C$7:$C$106,0)),"TANIMSIZ MÜŞTERİ")))) | I64: =IF(OR($C64="",$D64="",$G64="",$F64=""),0,$G64*IF($F64="Aylık",MAX(0,(YEAR(MIN(IF($E64="",TODAY(),$E64),TODAY()))-YEAR($D64))*12+MONTH(MIN(IF($E64="",TODAY(),$E64),TODAY()))-MONTH($D64)+IF(MIN(IF($E64="",TODAY(),$E64),TODAY())>=EOMONTH(MIN(IF($E64="",TODAY(),$E64),TODAY()),0),1,0)),MAX(0,INT((MIN(IF($E64="",TODAY(),$E64),TODAY())-($D64+MOD(SISTEM!$F$8-WEEKDAY($D64,2),7)))/7)+1))) | J64: =IF(OR($C64="",$D64="",$G64="",$F64=""),0,$G64*IF($F64="Aylık",MAX(0,(YEAR(MIN(IF($E64="",TODAY()-8,$E64),TODAY()-8))-YEAR($D64))*12+MONTH(MIN(IF($E64="",TODAY()-8,$E64),TODAY()-8))-MONTH($D64)+IF(MIN(IF($E64="",TODAY()-8,$E64),TODAY()-8)>=EOMONTH(MIN(IF($E64="",TODAY()-8,$E64),TODAY()-8),0),1,0)),MAX(0,INT((MIN(IF($E64="",TODAY()-8,$E64),TODAY()-8)-($D64+MOD(SISTEM!$F$8-WEEKDAY($D64,2),7)))/7)+1))) | K64: =IF(OR($C64="",$D64="",$G64="",$F64=""),0,$G64*IF($F64="Aylık",MAX(0,(YEAR(MIN(IF($E64="",TODAY()-15,$E64),TODAY()-15))-YEAR($D64))*12+MONTH(MIN(IF($E64="",TODAY()-15,$E64),TODAY()-15))-MONTH($D64)+IF(MIN(IF($E64="",TODAY()-15,$E64),TODAY()-15)>=EOMONTH(MIN(IF($E64="",TODAY()-15,$E64),TODAY()-15),0),1,0)),MAX(0,INT((MIN(IF($E64="",TODAY()-15,$E64),TODAY()-15)-($D64+MOD(SISTEM!$F$8-WEEKDAY($D64,2),7)))/7)+1))) | L64: =IF(OR($C64="",$D64="",$G64="",$F64=""),0,$G64*IF($F64="Aylık",MAX(0,(YEAR(MIN(IF($E64="",TODAY()-29,$E64),TODAY()-29))-YEAR($D64))*12+MONTH(MIN(IF($E64="",TODAY()-29,$E64),TODAY()-29))-MONTH($D64)+IF(MIN(IF($E64="",TODAY()-29,$E64),TODAY()-29)>=EOMONTH(MIN(IF($E64="",TODAY()-29,$E64),TODAY()-29),0),1,0)),MAX(0,INT((MIN(IF($E64="",TODAY()-29,$E64),TODAY()-29)-($D64+MOD(SISTEM!$F$8-WEEKDAY($D64,2),7)))/7)+1))) | M64: =IF($G64>0,$I64/$G64,0) | N64: =IF($C64="","",IF($B64="TANIMSIZ MÜŞTERİ","TANIMSIZ MÜŞTERİ",IF($F64="","MODEL SEÇİN",IF(OR($D64="",$G64<=0),"EKSİK",IF(AND($E64<>"",$E64<$D64),"TARİH HATASI",IF($H64="Pasif","KAPALI DÖNEM","UYGUN")))))) | O64: =IF(OR($C64="",$D64="",$F64=""),"",IF($F64="Aylık",EOMONTH($D64,0),($D64+MOD(SISTEM!$F$8-WEEKDAY($D64,2),7)))) | S64: =IF($B64="","",$B64&"|"&COUNTIFS($B$7:$B64,$B64))
B65: =IF($C65="","",IFERROR(INDEX(MUSTERILER!$B$7:$B$106,MATCH($C65,MUSTERILER!$C$7:$C$106,0)),IFERROR(INDEX(MUSTERILER!$B$7:$B$106,MATCH($C65,MUSTERILER!$B$7:$B$106,0)),IFERROR(INDEX(MUSTERILER!$B$7:$B$106,MATCH($C65&"*",MUSTERILER!$C$7:$C$106,0)),"TANIMSIZ MÜŞTERİ")))) | I65: =IF(OR($C65="",$D65="",$G65="",$F65=""),0,$G65*IF($F65="Aylık",MAX(0,(YEAR(MIN(IF($E65="",TODAY(),$E65),TODAY()))-YEAR($D65))*12+MONTH(MIN(IF($E65="",TODAY(),$E65),TODAY()))-MONTH($D65)+IF(MIN(IF($E65="",TODAY(),$E65),TODAY())>=EOMONTH(MIN(IF($E65="",TODAY(),$E65),TODAY()),0),1,0)),MAX(0,INT((MIN(IF($E65="",TODAY(),$E65),TODAY())-($D65+MOD(SISTEM!$F$8-WEEKDAY($D65,2),7)))/7)+1))) | J65: =IF(OR($C65="",$D65="",$G65="",$F65=""),0,$G65*IF($F65="Aylık",MAX(0,(YEAR(MIN(IF($E65="",TODAY()-8,$E65),TODAY()-8))-YEAR($D65))*12+MONTH(MIN(IF($E65="",TODAY()-8,$E65),TODAY()-8))-MONTH($D65)+IF(MIN(IF($E65="",TODAY()-8,$E65),TODAY()-8)>=EOMONTH(MIN(IF($E65="",TODAY()-8,$E65),TODAY()-8),0),1,0)),MAX(0,INT((MIN(IF($E65="",TODAY()-8,$E65),TODAY()-8)-($D65+MOD(SISTEM!$F$8-WEEKDAY($D65,2),7)))/7)+1))) | K65: =IF(OR($C65="",$D65="",$G65="",$F65=""),0,$G65*IF($F65="Aylık",MAX(0,(YEAR(MIN(IF($E65="",TODAY()-15,$E65),TODAY()-15))-YEAR($D65))*12+MONTH(MIN(IF($E65="",TODAY()-15,$E65),TODAY()-15))-MONTH($D65)+IF(MIN(IF($E65="",TODAY()-15,$E65),TODAY()-15)>=EOMONTH(MIN(IF($E65="",TODAY()-15,$E65),TODAY()-15),0),1,0)),MAX(0,INT((MIN(IF($E65="",TODAY()-15,$E65),TODAY()-15)-($D65+MOD(SISTEM!$F$8-WEEKDAY($D65,2),7)))/7)+1))) | L65: =IF(OR($C65="",$D65="",$G65="",$F65=""),0,$G65*IF($F65="Aylık",MAX(0,(YEAR(MIN(IF($E65="",TODAY()-29,$E65),TODAY()-29))-YEAR($D65))*12+MONTH(MIN(IF($E65="",TODAY()-29,$E65),TODAY()-29))-MONTH($D65)+IF(MIN(IF($E65="",TODAY()-29,$E65),TODAY()-29)>=EOMONTH(MIN(IF($E65="",TODAY()-29,$E65),TODAY()-29),0),1,0)),MAX(0,INT((MIN(IF($E65="",TODAY()-29,$E65),TODAY()-29)-($D65+MOD(SISTEM!$F$8-WEEKDAY($D65,2),7)))/7)+1))) | M65: =IF($G65>0,$I65/$G65,0) | N65: =IF($C65="","",IF($B65="TANIMSIZ MÜŞTERİ","TANIMSIZ MÜŞTERİ",IF($F65="","MODEL SEÇİN",IF(OR($D65="",$G65<=0),"EKSİK",IF(AND($E65<>"",$E65<$D65),"TARİH HATASI",IF($H65="Pasif","KAPALI DÖNEM","UYGUN")))))) | O65: =IF(OR($C65="",$D65="",$F65=""),"",IF($F65="Aylık",EOMONTH($D65,0),($D65+MOD(SISTEM!$F$8-WEEKDAY($D65,2),7)))) | S65: =IF($B65="","",$B65&"|"&COUNTIFS($B$7:$B65,$B65))
B66: =IF($C66="","",IFERROR(INDEX(MUSTERILER!$B$7:$B$106,MATCH($C66,MUSTERILER!$C$7:$C$106,0)),IFERROR(INDEX(MUSTERILER!$B$7:$B$106,MATCH($C66,MUSTERILER!$B$7:$B$106,0)),IFERROR(INDEX(MUSTERILER!$B$7:$B$106,MATCH($C66&"*",MUSTERILER!$C$7:$C$106,0)),"TANIMSIZ MÜŞTERİ")))) | I66: =IF(OR($C66="",$D66="",$G66="",$F66=""),0,$G66*IF($F66="Aylık",MAX(0,(YEAR(MIN(IF($E66="",TODAY(),$E66),TODAY()))-YEAR($D66))*12+MONTH(MIN(IF($E66="",TODAY(),$E66),TODAY()))-MONTH($D66)+IF(MIN(IF($E66="",TODAY(),$E66),TODAY())>=EOMONTH(MIN(IF($E66="",TODAY(),$E66),TODAY()),0),1,0)),MAX(0,INT((MIN(IF($E66="",TODAY(),$E66),TODAY())-($D66+MOD(SISTEM!$F$8-WEEKDAY($D66,2),7)))/7)+1))) | J66: =IF(OR($C66="",$D66="",$G66="",$F66=""),0,$G66*IF($F66="Aylık",MAX(0,(YEAR(MIN(IF($E66="",TODAY()-8,$E66),TODAY()-8))-YEAR($D66))*12+MONTH(MIN(IF($E66="",TODAY()-8,$E66),TODAY()-8))-MONTH($D66)+IF(MIN(IF($E66="",TODAY()-8,$E66),TODAY()-8)>=EOMONTH(MIN(IF($E66="",TODAY()-8,$E66),TODAY()-8),0),1,0)),MAX(0,INT((MIN(IF($E66="",TODAY()-8,$E66),TODAY()-8)-($D66+MOD(SISTEM!$F$8-WEEKDAY($D66,2),7)))/7)+1))) | K66: =IF(OR($C66="",$D66="",$G66="",$F66=""),0,$G66*IF($F66="Aylık",MAX(0,(YEAR(MIN(IF($E66="",TODAY()-15,$E66),TODAY()-15))-YEAR($D66))*12+MONTH(MIN(IF($E66="",TODAY()-15,$E66),TODAY()-15))-MONTH($D66)+IF(MIN(IF($E66="",TODAY()-15,$E66),TODAY()-15)>=EOMONTH(MIN(IF($E66="",TODAY()-15,$E66),TODAY()-15),0),1,0)),MAX(0,INT((MIN(IF($E66="",TODAY()-15,$E66),TODAY()-15)-($D66+MOD(SISTEM!$F$8-WEEKDAY($D66,2),7)))/7)+1))) | L66: =IF(OR($C66="",$D66="",$G66="",$F66=""),0,$G66*IF($F66="Aylık",MAX(0,(YEAR(MIN(IF($E66="",TODAY()-29,$E66),TODAY()-29))-YEAR($D66))*12+MONTH(MIN(IF($E66="",TODAY()-29,$E66),TODAY()-29))-MONTH($D66)+IF(MIN(IF($E66="",TODAY()-29,$E66),TODAY()-29)>=EOMONTH(MIN(IF($E66="",TODAY()-29,$E66),TODAY()-29),0),1,0)),MAX(0,INT((MIN(IF($E66="",TODAY()-29,$E66),TODAY()-29)-($D66+MOD(SISTEM!$F$8-WEEKDAY($D66,2),7)))/7)+1))) | M66: =IF($G66>0,$I66/$G66,0) | N66: =IF($C66="","",IF($B66="TANIMSIZ MÜŞTERİ","TANIMSIZ MÜŞTERİ",IF($F66="","MODEL SEÇİN",IF(OR($D66="",$G66<=0),"EKSİK",IF(AND($E66<>"",$E66<$D66),"TARİH HATASI",IF($H66="Pasif","KAPALI DÖNEM","UYGUN")))))) | O66: =IF(OR($C66="",$D66="",$F66=""),"",IF($F66="Aylık",EOMONTH($D66,0),($D66+MOD(SISTEM!$F$8-WEEKDAY($D66,2),7)))) | S66: =IF($B66="","",$B66&"|"&COUNTIFS($B$7:$B66,$B66))
B67: =IF($C67="","",IFERROR(INDEX(MUSTERILER!$B$7:$B$106,MATCH($C67,MUSTERILER!$C$7:$C$106,0)),IFERROR(INDEX(MUSTERILER!$B$7:$B$106,MATCH($C67,MUSTERILER!$B$7:$B$106,0)),IFERROR(INDEX(MUSTERILER!$B$7:$B$106,MATCH($C67&"*",MUSTERILER!$C$7:$C$106,0)),"TANIMSIZ MÜŞTERİ")))) | I67: =IF(OR($C67="",$D67="",$G67="",$F67=""),0,$G67*IF($F67="Aylık",MAX(0,(YEAR(MIN(IF($E67="",TODAY(),$E67),TODAY()))-YEAR($D67))*12+MONTH(MIN(IF($E67="",TODAY(),$E67),TODAY()))-MONTH($D67)+IF(MIN(IF($E67="",TODAY(),$E67),TODAY())>=EOMONTH(MIN(IF($E67="",TODAY(),$E67),TODAY()),0),1,0)),MAX(0,INT((MIN(IF($E67="",TODAY(),$E67),TODAY())-($D67+MOD(SISTEM!$F$8-WEEKDAY($D67,2),7)))/7)+1))) | J67: =IF(OR($C67="",$D67="",$G67="",$F67=""),0,$G67*IF($F67="Aylık",MAX(0,(YEAR(MIN(IF($E67="",TODAY()-8,$E67),TODAY()-8))-YEAR($D67))*12+MONTH(MIN(IF($E67="",TODAY()-8,$E67),TODAY()-8))-MONTH($D67)+IF(MIN(IF($E67="",TODAY()-8,$E67),TODAY()-8)>=EOMONTH(MIN(IF($E67="",TODAY()-8,$E67),TODAY()-8),0),1,0)),MAX(0,INT((MIN(IF($E67="",TODAY()-8,$E67),TODAY()-8)-($D67+MOD(SISTEM!$F$8-WEEKDAY($D67,2),7)))/7)+1))) | K67: =IF(OR($C67="",$D67="",$G67="",$F67=""),0,$G67*IF($F67="Aylık",MAX(0,(YEAR(MIN(IF($E67="",TODAY()-15,$E67),TODAY()-15))-YEAR($D67))*12+MONTH(MIN(IF($E67="",TODAY()-15,$E67),TODAY()-15))-MONTH($D67)+IF(MIN(IF($E67="",TODAY()-15,$E67),TODAY()-15)>=EOMONTH(MIN(IF($E67="",TODAY()-15,$E67),TODAY()-15),0),1,0)),MAX(0,INT((MIN(IF($E67="",TODAY()-15,$E67),TODAY()-15)-($D67+MOD(SISTEM!$F$8-WEEKDAY($D67,2),7)))/7)+1))) | L67: =IF(OR($C67="",$D67="",$G67="",$F67=""),0,$G67*IF($F67="Aylık",MAX(0,(YEAR(MIN(IF($E67="",TODAY()-29,$E67),TODAY()-29))-YEAR($D67))*12+MONTH(MIN(IF($E67="",TODAY()-29,$E67),TODAY()-29))-MONTH($D67)+IF(MIN(IF($E67="",TODAY()-29,$E67),TODAY()-29)>=EOMONTH(MIN(IF($E67="",TODAY()-29,$E67),TODAY()-29),0),1,0)),MAX(0,INT((MIN(IF($E67="",TODAY()-29,$E67),TODAY()-29)-($D67+MOD(SISTEM!$F$8-WEEKDAY($D67,2),7)))/7)+1))) | M67: =IF($G67>0,$I67/$G67,0) | N67: =IF($C67="","",IF($B67="TANIMSIZ MÜŞTERİ","TANIMSIZ MÜŞTERİ",IF($F67="","MODEL SEÇİN",IF(OR($D67="",$G67<=0),"EKSİK",IF(AND($E67<>"",$E67<$D67),"TARİH HATASI",IF($H67="Pasif","KAPALI DÖNEM","UYGUN")))))) | O67: =IF(OR($C67="",$D67="",$F67=""),"",IF($F67="Aylık",EOMONTH($D67,0),($D67+MOD(SISTEM!$F$8-WEEKDAY($D67,2),7)))) | S67: =IF($B67="","",$B67&"|"&COUNTIFS($B$7:$B67,$B67))
B68: =IF($C68="","",IFERROR(INDEX(MUSTERILER!$B$7:$B$106,MATCH($C68,MUSTERILER!$C$7:$C$106,0)),IFERROR(INDEX(MUSTERILER!$B$7:$B$106,MATCH($C68,MUSTERILER!$B$7:$B$106,0)),IFERROR(INDEX(MUSTERILER!$B$7:$B$106,MATCH($C68&"*",MUSTERILER!$C$7:$C$106,0)),"TANIMSIZ MÜŞTERİ")))) | I68: =IF(OR($C68="",$D68="",$G68="",$F68=""),0,$G68*IF($F68="Aylık",MAX(0,(YEAR(MIN(IF($E68="",TODAY(),$E68),TODAY()))-YEAR($D68))*12+MONTH(MIN(IF($E68="",TODAY(),$E68),TODAY()))-MONTH($D68)+IF(MIN(IF($E68="",TODAY(),$E68),TODAY())>=EOMONTH(MIN(IF($E68="",TODAY(),$E68),TODAY()),0),1,0)),MAX(0,INT((MIN(IF($E68="",TODAY(),$E68),TODAY())-($D68+MOD(SISTEM!$F$8-WEEKDAY($D68,2),7)))/7)+1))) | J68: =IF(OR($C68="",$D68="",$G68="",$F68=""),0,$G68*IF($F68="Aylık",MAX(0,(YEAR(MIN(IF($E68="",TODAY()-8,$E68),TODAY()-8))-YEAR($D68))*12+MONTH(MIN(IF($E68="",TODAY()-8,$E68),TODAY()-8))-MONTH($D68)+IF(MIN(IF($E68="",TODAY()-8,$E68),TODAY()-8)>=EOMONTH(MIN(IF($E68="",TODAY()-8,$E68),TODAY()-8),0),1,0)),MAX(0,INT((MIN(IF($E68="",TODAY()-8,$E68),TODAY()-8)-($D68+MOD(SISTEM!$F$8-WEEKDAY($D68,2),7)))/7)+1))) | K68: =IF(OR($C68="",$D68="",$G68="",$F68=""),0,$G68*IF($F68="Aylık",MAX(0,(YEAR(MIN(IF($E68="",TODAY()-15,$E68),TODAY()-15))-YEAR($D68))*12+MONTH(MIN(IF($E68="",TODAY()-15,$E68),TODAY()-15))-MONTH($D68)+IF(MIN(IF($E68="",TODAY()-15,$E68),TODAY()-15)>=EOMONTH(MIN(IF($E68="",TODAY()-15,$E68),TODAY()-15),0),1,0)),MAX(0,INT((MIN(IF($E68="",TODAY()-15,$E68),TODAY()-15)-($D68+MOD(SISTEM!$F$8-WEEKDAY($D68,2),7)))/7)+1))) | L68: =IF(OR($C68="",$D68="",$G68="",$F68=""),0,$G68*IF($F68="Aylık",MAX(0,(YEAR(MIN(IF($E68="",TODAY()-29,$E68),TODAY()-29))-YEAR($D68))*12+MONTH(MIN(IF($E68="",TODAY()-29,$E68),TODAY()-29))-MONTH($D68)+IF(MIN(IF($E68="",TODAY()-29,$E68),TODAY()-29)>=EOMONTH(MIN(IF($E68="",TODAY()-29,$E68),TODAY()-29),0),1,0)),MAX(0,INT((MIN(IF($E68="",TODAY()-29,$E68),TODAY()-29)-($D68+MOD(SISTEM!$F$8-WEEKDAY($D68,2),7)))/7)+1))) | M68: =IF($G68>0,$I68/$G68,0) | N68: =IF($C68="","",IF($B68="TANIMSIZ MÜŞTERİ","TANIMSIZ MÜŞTERİ",IF($F68="","MODEL SEÇİN",IF(OR($D68="",$G68<=0),"EKSİK",IF(AND($E68<>"",$E68<$D68),"TARİH HATASI",IF($H68="Pasif","KAPALI DÖNEM","UYGUN")))))) | O68: =IF(OR($C68="",$D68="",$F68=""),"",IF($F68="Aylık",EOMONTH($D68,0),($D68+MOD(SISTEM!$F$8-WEEKDAY($D68,2),7)))) | S68: =IF($B68="","",$B68&"|"&COUNTIFS($B$7:$B68,$B68))
B69: =IF($C69="","",IFERROR(INDEX(MUSTERILER!$B$7:$B$106,MATCH($C69,MUSTERILER!$C$7:$C$106,0)),IFERROR(INDEX(MUSTERILER!$B$7:$B$106,MATCH($C69,MUSTERILER!$B$7:$B$106,0)),IFERROR(INDEX(MUSTERILER!$B$7:$B$106,MATCH($C69&"*",MUSTERILER!$C$7:$C$106,0)),"TANIMSIZ MÜŞTERİ")))) | I69: =IF(OR($C69="",$D69="",$G69="",$F69=""),0,$G69*IF($F69="Aylık",MAX(0,(YEAR(MIN(IF($E69="",TODAY(),$E69),TODAY()))-YEAR($D69))*12+MONTH(MIN(IF($E69="",TODAY(),$E69),TODAY()))-MONTH($D69)+IF(MIN(IF($E69="",TODAY(),$E69),TODAY())>=EOMONTH(MIN(IF($E69="",TODAY(),$E69),TODAY()),0),1,0)),MAX(0,INT((MIN(IF($E69="",TODAY(),$E69),TODAY())-($D69+MOD(SISTEM!$F$8-WEEKDAY($D69,2),7)))/7)+1))) | J69: =IF(OR($C69="",$D69="",$G69="",$F69=""),0,$G69*IF($F69="Aylık",MAX(0,(YEAR(MIN(IF($E69="",TODAY()-8,$E69),TODAY()-8))-YEAR($D69))*12+MONTH(MIN(IF($E69="",TODAY()-8,$E69),TODAY()-8))-MONTH($D69)+IF(MIN(IF($E69="",TODAY()-8,$E69),TODAY()-8)>=EOMONTH(MIN(IF($E69="",TODAY()-8,$E69),TODAY()-8),0),1,0)),MAX(0,INT((MIN(IF($E69="",TODAY()-8,$E69),TODAY()-8)-($D69+MOD(SISTEM!$F$8-WEEKDAY($D69,2),7)))/7)+1))) | K69: =IF(OR($C69="",$D69="",$G69="",$F69=""),0,$G69*IF($F69="Aylık",MAX(0,(YEAR(MIN(IF($E69="",TODAY()-15,$E69),TODAY()-15))-YEAR($D69))*12+MONTH(MIN(IF($E69="",TODAY()-15,$E69),TODAY()-15))-MONTH($D69)+IF(MIN(IF($E69="",TODAY()-15,$E69),TODAY()-15)>=EOMONTH(MIN(IF($E69="",TODAY()-15,$E69),TODAY()-15),0),1,0)),MAX(0,INT((MIN(IF($E69="",TODAY()-15,$E69),TODAY()-15)-($D69+MOD(SISTEM!$F$8-WEEKDAY($D69,2),7)))/7)+1))) | L69: =IF(OR($C69="",$D69="",$G69="",$F69=""),0,$G69*IF($F69="Aylık",MAX(0,(YEAR(MIN(IF($E69="",TODAY()-29,$E69),TODAY()-29))-YEAR($D69))*12+MONTH(MIN(IF($E69="",TODAY()-29,$E69),TODAY()-29))-MONTH($D69)+IF(MIN(IF($E69="",TODAY()-29,$E69),TODAY()-29)>=EOMONTH(MIN(IF($E69="",TODAY()-29,$E69),TODAY()-29),0),1,0)),MAX(0,INT((MIN(IF($E69="",TODAY()-29,$E69),TODAY()-29)-($D69+MOD(SISTEM!$F$8-WEEKDAY($D69,2),7)))/7)+1))) | M69: =IF($G69>0,$I69/$G69,0) | N69: =IF($C69="","",IF($B69="TANIMSIZ MÜŞTERİ","TANIMSIZ MÜŞTERİ",IF($F69="","MODEL SEÇİN",IF(OR($D69="",$G69<=0),"EKSİK",IF(AND($E69<>"",$E69<$D69),"TARİH HATASI",IF($H69="Pasif","KAPALI DÖNEM","UYGUN")))))) | O69: =IF(OR($C69="",$D69="",$F69=""),"",IF($F69="Aylık",EOMONTH($D69,0),($D69+MOD(SISTEM!$F$8-WEEKDAY($D69,2),7)))) | S69: =IF($B69="","",$B69&"|"&COUNTIFS($B$7:$B69,$B69))
B70: =IF($C70="","",IFERROR(INDEX(MUSTERILER!$B$7:$B$106,MATCH($C70,MUSTERILER!$C$7:$C$106,0)),IFERROR(INDEX(MUSTERILER!$B$7:$B$106,MATCH($C70,MUSTERILER!$B$7:$B$106,0)),IFERROR(INDEX(MUSTERILER!$B$7:$B$106,MATCH($C70&"*",MUSTERILER!$C$7:$C$106,0)),"TANIMSIZ MÜŞTERİ")))) | I70: =IF(OR($C70="",$D70="",$G70="",$F70=""),0,$G70*IF($F70="Aylık",MAX(0,(YEAR(MIN(IF($E70="",TODAY(),$E70),TODAY()))-YEAR($D70))*12+MONTH(MIN(IF($E70="",TODAY(),$E70),TODAY()))-MONTH($D70)+IF(MIN(IF($E70="",TODAY(),$E70),TODAY())>=EOMONTH(MIN(IF($E70="",TODAY(),$E70),TODAY()),0),1,0)),MAX(0,INT((MIN(IF($E70="",TODAY(),$E70),TODAY())-($D70+MOD(SISTEM!$F$8-WEEKDAY($D70,2),7)))/7)+1))) | J70: =IF(OR($C70="",$D70="",$G70="",$F70=""),0,$G70*IF($F70="Aylık",MAX(0,(YEAR(MIN(IF($E70="",TODAY()-8,$E70),TODAY()-8))-YEAR($D70))*12+MONTH(MIN(IF($E70="",TODAY()-8,$E70),TODAY()-8))-MONTH($D70)+IF(MIN(IF($E70="",TODAY()-8,$E70),TODAY()-8)>=EOMONTH(MIN(IF($E70="",TODAY()-8,$E70),TODAY()-8),0),1,0)),MAX(0,INT((MIN(IF($E70="",TODAY()-8,$E70),TODAY()-8)-($D70+MOD(SISTEM!$F$8-WEEKDAY($D70,2),7)))/7)+1))) | K70: =IF(OR($C70="",$D70="",$G70="",$F70=""),0,$G70*IF($F70="Aylık",MAX(0,(YEAR(MIN(IF($E70="",TODAY()-15,$E70),TODAY()-15))-YEAR($D70))*12+MONTH(MIN(IF($E70="",TODAY()-15,$E70),TODAY()-15))-MONTH($D70)+IF(MIN(IF($E70="",TODAY()-15,$E70),TODAY()-15)>=EOMONTH(MIN(IF($E70="",TODAY()-15,$E70),TODAY()-15),0),1,0)),MAX(0,INT((MIN(IF($E70="",TODAY()-15,$E70),TODAY()-15)-($D70+MOD(SISTEM!$F$8-WEEKDAY($D70,2),7)))/7)+1))) | L70: =IF(OR($C70="",$D70="",$G70="",$F70=""),0,$G70*IF($F70="Aylık",MAX(0,(YEAR(MIN(IF($E70="",TODAY()-29,$E70),TODAY()-29))-YEAR($D70))*12+MONTH(MIN(IF($E70="",TODAY()-29,$E70),TODAY()-29))-MONTH($D70)+IF(MIN(IF($E70="",TODAY()-29,$E70),TODAY()-29)>=EOMONTH(MIN(IF($E70="",TODAY()-29,$E70),TODAY()-29),0),1,0)),MAX(0,INT((MIN(IF($E70="",TODAY()-29,$E70),TODAY()-29)-($D70+MOD(SISTEM!$F$8-WEEKDAY($D70,2),7)))/7)+1))) | M70: =IF($G70>0,$I70/$G70,0) | N70: =IF($C70="","",IF($B70="TANIMSIZ MÜŞTERİ","TANIMSIZ MÜŞTERİ",IF($F70="","MODEL SEÇİN",IF(OR($D70="",$G70<=0),"EKSİK",IF(AND($E70<>"",$E70<$D70),"TARİH HATASI",IF($H70="Pasif","KAPALI DÖNEM","UYGUN")))))) | O70: =IF(OR($C70="",$D70="",$F70=""),"",IF($F70="Aylık",EOMONTH($D70,0),($D70+MOD(SISTEM!$F$8-WEEKDAY($D70,2),7)))) | S70: =IF($B70="","",$B70&"|"&COUNTIFS($B$7:$B70,$B70))
B71: =IF($C71="","",IFERROR(INDEX(MUSTERILER!$B$7:$B$106,MATCH($C71,MUSTERILER!$C$7:$C$106,0)),IFERROR(INDEX(MUSTERILER!$B$7:$B$106,MATCH($C71,MUSTERILER!$B$7:$B$106,0)),IFERROR(INDEX(MUSTERILER!$B$7:$B$106,MATCH($C71&"*",MUSTERILER!$C$7:$C$106,0)),"TANIMSIZ MÜŞTERİ")))) | I71: =IF(OR($C71="",$D71="",$G71="",$F71=""),0,$G71*IF($F71="Aylık",MAX(0,(YEAR(MIN(IF($E71="",TODAY(),$E71),TODAY()))-YEAR($D71))*12+MONTH(MIN(IF($E71="",TODAY(),$E71),TODAY()))-MONTH($D71)+IF(MIN(IF($E71="",TODAY(),$E71),TODAY())>=EOMONTH(MIN(IF($E71="",TODAY(),$E71),TODAY()),0),1,0)),MAX(0,INT((MIN(IF($E71="",TODAY(),$E71),TODAY())-($D71+MOD(SISTEM!$F$8-WEEKDAY($D71,2),7)))/7)+1))) | J71: =IF(OR($C71="",$D71="",$G71="",$F71=""),0,$G71*IF($F71="Aylık",MAX(0,(YEAR(MIN(IF($E71="",TODAY()-8,$E71),TODAY()-8))-YEAR($D71))*12+MONTH(MIN(IF($E71="",TODAY()-8,$E71),TODAY()-8))-MONTH($D71)+IF(MIN(IF($E71="",TODAY()-8,$E71),TODAY()-8)>=EOMONTH(MIN(IF($E71="",TODAY()-8,$E71),TODAY()-8),0),1,0)),MAX(0,INT((MIN(IF($E71="",TODAY()-8,$E71),TODAY()-8)-($D71+MOD(SISTEM!$F$8-WEEKDAY($D71,2),7)))/7)+1))) | K71: =IF(OR($C71="",$D71="",$G71="",$F71=""),0,$G71*IF($F71="Aylık",MAX(0,(YEAR(MIN(IF($E71="",TODAY()-15,$E71),TODAY()-15))-YEAR($D71))*12+MONTH(MIN(IF($E71="",TODAY()-15,$E71),TODAY()-15))-MONTH($D71)+IF(MIN(IF($E71="",TODAY()-15,$E71),TODAY()-15)>=EOMONTH(MIN(IF($E71="",TODAY()-15,$E71),TODAY()-15),0),1,0)),MAX(0,INT((MIN(IF($E71="",TODAY()-15,$E71),TODAY()-15)-($D71+MOD(SISTEM!$F$8-WEEKDAY($D71,2),7)))/7)+1))) | L71: =IF(OR($C71="",$D71="",$G71="",$F71=""),0,$G71*IF($F71="Aylık",MAX(0,(YEAR(MIN(IF($E71="",TODAY()-29,$E71),TODAY()-29))-YEAR($D71))*12+MONTH(MIN(IF($E71="",TODAY()-29,$E71),TODAY()-29))-MONTH($D71)+IF(MIN(IF($E71="",TODAY()-29,$E71),TODAY()-29)>=EOMONTH(MIN(IF($E71="",TODAY()-29,$E71),TODAY()-29),0),1,0)),MAX(0,INT((MIN(IF($E71="",TODAY()-29,$E71),TODAY()-29)-($D71+MOD(SISTEM!$F$8-WEEKDAY($D71,2),7)))/7)+1))) | M71: =IF($G71>0,$I71/$G71,0) | N71: =IF($C71="","",IF($B71="TANIMSIZ MÜŞTERİ","TANIMSIZ MÜŞTERİ",IF($F71="","MODEL SEÇİN",IF(OR($D71="",$G71<=0),"EKSİK",IF(AND($E71<>"",$E71<$D71),"TARİH HATASI",IF($H71="Pasif","KAPALI DÖNEM","UYGUN")))))) | O71: =IF(OR($C71="",$D71="",$F71=""),"",IF($F71="Aylık",EOMONTH($D71,0),($D71+MOD(SISTEM!$F$8-WEEKDAY($D71,2),7)))) | S71: =IF($B71="","",$B71&"|"&COUNTIFS($B$7:$B71,$B71))
B72: =IF($C72="","",IFERROR(INDEX(MUSTERILER!$B$7:$B$106,MATCH($C72,MUSTERILER!$C$7:$C$106,0)),IFERROR(INDEX(MUSTERILER!$B$7:$B$106,MATCH($C72,MUSTERILER!$B$7:$B$106,0)),IFERROR(INDEX(MUSTERILER!$B$7:$B$106,MATCH($C72&"*",MUSTERILER!$C$7:$C$106,0)),"TANIMSIZ MÜŞTERİ")))) | I72: =IF(OR($C72="",$D72="",$G72="",$F72=""),0,$G72*IF($F72="Aylık",MAX(0,(YEAR(MIN(IF($E72="",TODAY(),$E72),TODAY()))-YEAR($D72))*12+MONTH(MIN(IF($E72="",TODAY(),$E72),TODAY()))-MONTH($D72)+IF(MIN(IF($E72="",TODAY(),$E72),TODAY())>=EOMONTH(MIN(IF($E72="",TODAY(),$E72),TODAY()),0),1,0)),MAX(0,INT((MIN(IF($E72="",TODAY(),$E72),TODAY())-($D72+MOD(SISTEM!$F$8-WEEKDAY($D72,2),7)))/7)+1))) | J72: =IF(OR($C72="",$D72="",$G72="",$F72=""),0,$G72*IF($F72="Aylık",MAX(0,(YEAR(MIN(IF($E72="",TODAY()-8,$E72),TODAY()-8))-YEAR($D72))*12+MONTH(MIN(IF($E72="",TODAY()-8,$E72),TODAY()-8))-MONTH($D72)+IF(MIN(IF($E72="",TODAY()-8,$E72),TODAY()-8)>=EOMONTH(MIN(IF($E72="",TODAY()-8,$E72),TODAY()-8),0),1,0)),MAX(0,INT((MIN(IF($E72="",TODAY()-8,$E72),TODAY()-8)-($D72+MOD(SISTEM!$F$8-WEEKDAY($D72,2),7)))/7)+1))) | K72: =IF(OR($C72="",$D72="",$G72="",$F72=""),0,$G72*IF($F72="Aylık",MAX(0,(YEAR(MIN(IF($E72="",TODAY()-15,$E72),TODAY()-15))-YEAR($D72))*12+MONTH(MIN(IF($E72="",TODAY()-15,$E72),TODAY()-15))-MONTH($D72)+IF(MIN(IF($E72="",TODAY()-15,$E72),TODAY()-15)>=EOMONTH(MIN(IF($E72="",TODAY()-15,$E72),TODAY()-15),0),1,0)),MAX(0,INT((MIN(IF($E72="",TODAY()-15,$E72),TODAY()-15)-($D72+MOD(SISTEM!$F$8-WEEKDAY($D72,2),7)))/7)+1))) | L72: =IF(OR($C72="",$D72="",$G72="",$F72=""),0,$G72*IF($F72="Aylık",MAX(0,(YEAR(MIN(IF($E72="",TODAY()-29,$E72),TODAY()-29))-YEAR($D72))*12+MONTH(MIN(IF($E72="",TODAY()-29,$E72),TODAY()-29))-MONTH($D72)+IF(MIN(IF($E72="",TODAY()-29,$E72),TODAY()-29)>=EOMONTH(MIN(IF($E72="",TODAY()-29,$E72),TODAY()-29),0),1,0)),MAX(0,INT((MIN(IF($E72="",TODAY()-29,$E72),TODAY()-29)-($D72+MOD(SISTEM!$F$8-WEEKDAY($D72,2),7)))/7)+1))) | M72: =IF($G72>0,$I72/$G72,0) | N72: =IF($C72="","",IF($B72="TANIMSIZ MÜŞTERİ","TANIMSIZ MÜŞTERİ",IF($F72="","MODEL SEÇİN",IF(OR($D72="",$G72<=0),"EKSİK",IF(AND($E72<>"",$E72<$D72),"TARİH HATASI",IF($H72="Pasif","KAPALI DÖNEM","UYGUN")))))) | O72: =IF(OR($C72="",$D72="",$F72=""),"",IF($F72="Aylık",EOMONTH($D72,0),($D72+MOD(SISTEM!$F$8-WEEKDAY($D72,2),7)))) | S72: =IF($B72="","",$B72&"|"&COUNTIFS($B$7:$B72,$B72))
B73: =IF($C73="","",IFERROR(INDEX(MUSTERILER!$B$7:$B$106,MATCH($C73,MUSTERILER!$C$7:$C$106,0)),IFERROR(INDEX(MUSTERILER!$B$7:$B$106,MATCH($C73,MUSTERILER!$B$7:$B$106,0)),IFERROR(INDEX(MUSTERILER!$B$7:$B$106,MATCH($C73&"*",MUSTERILER!$C$7:$C$106,0)),"TANIMSIZ MÜŞTERİ")))) | I73: =IF(OR($C73="",$D73="",$G73="",$F73=""),0,$G73*IF($F73="Aylık",MAX(0,(YEAR(MIN(IF($E73="",TODAY(),$E73),TODAY()))-YEAR($D73))*12+MONTH(MIN(IF($E73="",TODAY(),$E73),TODAY()))-MONTH($D73)+IF(MIN(IF($E73="",TODAY(),$E73),TODAY())>=EOMONTH(MIN(IF($E73="",TODAY(),$E73),TODAY()),0),1,0)),MAX(0,INT((MIN(IF($E73="",TODAY(),$E73),TODAY())-($D73+MOD(SISTEM!$F$8-WEEKDAY($D73,2),7)))/7)+1))) | J73: =IF(OR($C73="",$D73="",$G73="",$F73=""),0,$G73*IF($F73="Aylık",MAX(0,(YEAR(MIN(IF($E73="",TODAY()-8,$E73),TODAY()-8))-YEAR($D73))*12+MONTH(MIN(IF($E73="",TODAY()-8,$E73),TODAY()-8))-MONTH($D73)+IF(MIN(IF($E73="",TODAY()-8,$E73),TODAY()-8)>=EOMONTH(MIN(IF($E73="",TODAY()-8,$E73),TODAY()-8),0),1,0)),MAX(0,INT((MIN(IF($E73="",TODAY()-8,$E73),TODAY()-8)-($D73+MOD(SISTEM!$F$8-WEEKDAY($D73,2),7)))/7)+1))) | K73: =IF(OR($C73="",$D73="",$G73="",$F73=""),0,$G73*IF($F73="Aylık",MAX(0,(YEAR(MIN(IF($E73="",TODAY()-15,$E73),TODAY()-15))-YEAR($D73))*12+MONTH(MIN(IF($E73="",TODAY()-15,$E73),TODAY()-15))-MONTH($D73)+IF(MIN(IF($E73="",TODAY()-15,$E73),TODAY()-15)>=EOMONTH(MIN(IF($E73="",TODAY()-15,$E73),TODAY()-15),0),1,0)),MAX(0,INT((MIN(IF($E73="",TODAY()-15,$E73),TODAY()-15)-($D73+MOD(SISTEM!$F$8-WEEKDAY($D73,2),7)))/7)+1))) | L73: =IF(OR($C73="",$D73="",$G73="",$F73=""),0,$G73*IF($F73="Aylık",MAX(0,(YEAR(MIN(IF($E73="",TODAY()-29,$E73),TODAY()-29))-YEAR($D73))*12+MONTH(MIN(IF($E73="",TODAY()-29,$E73),TODAY()-29))-MONTH($D73)+IF(MIN(IF($E73="",TODAY()-29,$E73),TODAY()-29)>=EOMONTH(MIN(IF($E73="",TODAY()-29,$E73),TODAY()-29),0),1,0)),MAX(0,INT((MIN(IF($E73="",TODAY()-29,$E73),TODAY()-29)-($D73+MOD(SISTEM!$F$8-WEEKDAY($D73,2),7)))/7)+1))) | M73: =IF($G73>0,$I73/$G73,0) | N73: =IF($C73="","",IF($B73="TANIMSIZ MÜŞTERİ","TANIMSIZ MÜŞTERİ",IF($F73="","MODEL SEÇİN",IF(OR($D73="",$G73<=0),"EKSİK",IF(AND($E73<>"",$E73<$D73),"TARİH HATASI",IF($H73="Pasif","KAPALI DÖNEM","UYGUN")))))) | O73: =IF(OR($C73="",$D73="",$F73=""),"",IF($F73="Aylık",EOMONTH($D73,0),($D73+MOD(SISTEM!$F$8-WEEKDAY($D73,2),7)))) | S73: =IF($B73="","",$B73&"|"&COUNTIFS($B$7:$B73,$B73))
B74: =IF($C74="","",IFERROR(INDEX(MUSTERILER!$B$7:$B$106,MATCH($C74,MUSTERILER!$C$7:$C$106,0)),IFERROR(INDEX(MUSTERILER!$B$7:$B$106,MATCH($C74,MUSTERILER!$B$7:$B$106,0)),IFERROR(INDEX(MUSTERILER!$B$7:$B$106,MATCH($C74&"*",MUSTERILER!$C$7:$C$106,0)),"TANIMSIZ MÜŞTERİ")))) | I74: =IF(OR($C74="",$D74="",$G74="",$F74=""),0,$G74*IF($F74="Aylık",MAX(0,(YEAR(MIN(IF($E74="",TODAY(),$E74),TODAY()))-YEAR($D74))*12+MONTH(MIN(IF($E74="",TODAY(),$E74),TODAY()))-MONTH($D74)+IF(MIN(IF($E74="",TODAY(),$E74),TODAY())>=EOMONTH(MIN(IF($E74="",TODAY(),$E74),TODAY()),0),1,0)),MAX(0,INT((MIN(IF($E74="",TODAY(),$E74),TODAY())-($D74+MOD(SISTEM!$F$8-WEEKDAY($D74,2),7)))/7)+1))) | J74: =IF(OR($C74="",$D74="",$G74="",$F74=""),0,$G74*IF($F74="Aylık",MAX(0,(YEAR(MIN(IF($E74="",TODAY()-8,$E74),TODAY()-8))-YEAR($D74))*12+MONTH(MIN(IF($E74="",TODAY()-8,$E74),TODAY()-8))-MONTH($D74)+IF(MIN(IF($E74="",TODAY()-8,$E74),TODAY()-8)>=EOMONTH(MIN(IF($E74="",TODAY()-8,$E74),TODAY()-8),0),1,0)),MAX(0,INT((MIN(IF($E74="",TODAY()-8,$E74),TODAY()-8)-($D74+MOD(SISTEM!$F$8-WEEKDAY($D74,2),7)))/7)+1))) | K74: =IF(OR($C74="",$D74="",$G74="",$F74=""),0,$G74*IF($F74="Aylık",MAX(0,(YEAR(MIN(IF($E74="",TODAY()-15,$E74),TODAY()-15))-YEAR($D74))*12+MONTH(MIN(IF($E74="",TODAY()-15,$E74),TODAY()-15))-MONTH($D74)+IF(MIN(IF($E74="",TODAY()-15,$E74),TODAY()-15)>=EOMONTH(MIN(IF($E74="",TODAY()-15,$E74),TODAY()-15),0),1,0)),MAX(0,INT((MIN(IF($E74="",TODAY()-15,$E74),TODAY()-15)-($D74+MOD(SISTEM!$F$8-WEEKDAY($D74,2),7)))/7)+1))) | L74: =IF(OR($C74="",$D74="",$G74="",$F74=""),0,$G74*IF($F74="Aylık",MAX(0,(YEAR(MIN(IF($E74="",TODAY()-29,$E74),TODAY()-29))-YEAR($D74))*12+MONTH(MIN(IF($E74="",TODAY()-29,$E74),TODAY()-29))-MONTH($D74)+IF(MIN(IF($E74="",TODAY()-29,$E74),TODAY()-29)>=EOMONTH(MIN(IF($E74="",TODAY()-29,$E74),TODAY()-29),0),1,0)),MAX(0,INT((MIN(IF($E74="",TODAY()-29,$E74),TODAY()-29)-($D74+MOD(SISTEM!$F$8-WEEKDAY($D74,2),7)))/7)+1))) | M74: =IF($G74>0,$I74/$G74,0) | N74: =IF($C74="","",IF($B74="TANIMSIZ MÜŞTERİ","TANIMSIZ MÜŞTERİ",IF($F74="","MODEL SEÇİN",IF(OR($D74="",$G74<=0),"EKSİK",IF(AND($E74<>"",$E74<$D74),"TARİH HATASI",IF($H74="Pasif","KAPALI DÖNEM","UYGUN")))))) | O74: =IF(OR($C74="",$D74="",$F74=""),"",IF($F74="Aylık",EOMONTH($D74,0),($D74+MOD(SISTEM!$F$8-WEEKDAY($D74,2),7)))) | S74: =IF($B74="","",$B74&"|"&COUNTIFS($B$7:$B74,$B74))
... B406: =IF($C406="","",IFERROR(INDEX(MUSTERILER!$B$7:$B$106,MATCH($C406,MUSTERILER!$C$7:$C$106,0)),IFERROR(INDEX(MUSTERILER!$B$7:$B$106,MATCH($C406,MUSTERILER!$B$7:$B$106,0)),IFERROR(INDEX(MUSTERILER!$B$7:$B$106,MATCH($C406&"*",MUSTERILER!$C$7:$C$106,0)),"TANIMSIZ MÜŞTERİ")))) | I406: =IF(OR($C406="",$D406="",$G406="",$F406=""),0,$G406*IF($F406="Aylık",MAX(0,(YEAR(MIN(IF($E406="",TODAY(),$E406),TODAY()))-YEAR($D406))*12+MONTH(MIN(IF($E406="",TODAY(),$E406),TODAY()))-MONTH($D406)+IF(MIN(IF($E406="",TODAY(),$E406),TODAY())>=EOMONTH(MIN(IF($E406="",TODAY(),$E406),TODAY()),0),1,0)),MAX(0,INT((MIN(IF($E406="",TODAY(),$E406),TODAY())-($D406+MOD(SISTEM!$F$8-WEEKDAY($D406,2),7)))/7)+1))) | J406: =IF(OR($C406="",$D406="",$G406="",$F406=""),0,$G406*IF($F406="Aylık",MAX(0,(YEAR(MIN(IF($E406="",TODAY()-8,$E406),TODAY()-8))-YEAR($D406))*12+MONTH(MIN(IF($E406="",TODAY()-8,$E406),TODAY()-8))-MONTH($D406)+IF(MIN(IF($E406="",TODAY()-8,$E406),TODAY()-8)>=EOMONTH(MIN(IF($E406="",TODAY()-8,$E406),TODAY()-8),0),1,0)),MAX(0,INT((MIN(IF($E406="",TODAY()-8,$E406),TODAY()-8)-($D406+MOD(SISTEM!$F$8-WEEKDAY($D406,2),7)))/7)+1))) | K406: =IF(OR($C406="",$D406="",$G406="",$F406=""),0,$G406*IF($F406="Aylık",MAX(0,(YEAR(MIN(IF($E406="",TODAY()-15,$E406),TODAY()-15))-YEAR($D406))*12+MONTH(MIN(IF($E406="",TODAY()-15,$E406),TODAY()-15))-MONTH($D406)+IF(MIN(IF($E406="",TODAY()-15,$E406),TODAY()-15)>=EOMONTH(MIN(IF($E406="",TODAY()-15,$E406),TODAY()-15),0),1,0)),MAX(0,INT((MIN(IF($E406="",TODAY()-15,$E406),TODAY()-15)-($D406+MOD(SISTEM!$F$8-WEEKDAY($D406,2),7)))/7)+1))) | L406: =IF(OR($C406="",$D406="",$G406="",$F406=""),0,$G406*IF($F406="Aylık",MAX(0,(YEAR(MIN(IF($E406="",TODAY()-29,$E406),TODAY()-29))-YEAR($D406))*12+MONTH(MIN(IF($E406="",TODAY()-29,$E406),TODAY()-29))-MONTH($D406)+IF(MIN(IF($E406="",TODAY()-29,$E406),TODAY()-29)>=EOMONTH(MIN(IF($E406="",TODAY()-29,$E406),TODAY()-29),0),1,0)),MAX(0,INT((MIN(IF($E406="",TODAY()-29,$E406),TODAY()-29)-($D406+MOD(SISTEM!$F$8-WEEKDAY($D406,2),7)))/7)+1))) | M406: =IF($G406>0,$I406/$G406,0) | N406: =IF($C406="","",IF($B406="TANIMSIZ MÜŞTERİ","TANIMSIZ MÜŞTERİ",IF($F406="","MODEL SEÇİN",IF(OR($D406="",$G406<=0),"EKSİK",IF(AND($E406<>"",$E406<$D406),"TARİH HATASI",IF($H406="Pasif","KAPALI DÖNEM","UYGUN")))))) | O406: =IF(OR($C406="",$D406="",$F406=""),"",IF($F406="Aylık",EOMONTH($D406,0),($D406+MOD(SISTEM!$F$8-WEEKDAY($D406,2),7)))) | S406: =IF($B406="","",$B406&"|"&COUNTIFS($B$7:$B406,$B406))

Sheet TAHSILAT
A1: KILIÇ MUHASEBE │ MÜŞTERİ TAHSİLATI
A2: Bir ödeme yalnız buraya girilir │ Cari, kasa, aylık kapanış ve nakit kâr otomatik güncellenir
B4: =HYPERLINK("#PANO!A1","← PANO") | D4: =HYPERLINK("#MUSTERI_360!A1","Müşteri 360") | F4: =HYPERLINK("#HESAPLAR!A1","Hesaplar") | H4: Sarı hücreler veri girişidir. Beyaz hücreler sistem tarafından hesaplanır ve kilitlidir. Aynı ödemeyi başka bir ekrana tekrar girmeyin.
B5: =COUNTIF($D$7:$D$1506,"<>") | C5: TOPLAM │ Kayıtlı tahsilat | F5: =SUM($F$7:$F$1506)
B6: Tahsilat No | C6: Müşteri No | D6: Müşteri (listeden seçin) | E6: Tarih | F6: Tutar | G6: Kasa / Banka | H6: Ödeme Türü | I6: Belge No | J6: Açıklama | K6: İşlemi Giren | L6: Ay | M6: Kayıt Kontrolü | N6: Kayda Alınan Müşteri
B7: =IF($D7="","","T"&TEXT(ROW()-6,"00000")) | C7: =IF($D7="","",IFERROR(INDEX(MUSTERILER!$B$7:$B$106,MATCH($D7,MUSTERILER!$C$7:$C$106,0)),IFERROR(INDEX(MUSTERILER!$B$7:$B$106,MATCH($D7,MUSTERILER!$B$7:$B$106,0)),IFERROR(INDEX(MUSTERILER!$B$7:$B$106,MATCH($D7&"*",MUSTERILER!$C$7:$C$106,0)),"TANIMSIZ MÜŞTERİ")))) | D7: TEST HAFTALIK A.Ş. | E7: 46083 | F7: 5000 | G7: MERKEZ KASA | H7: Nakit | K7: TEST | L7: =IF($E7="","",DATE(YEAR($E7),MONTH($E7),1)) | M7: =IF($D7="","",IF($C7="TANIMSIZ MÜŞTERİ","HATA",IF(OR($E7="",$F7<=0,$G7=""),"EKSİK",IF($E7>TODAY(),"İLERİ TARİH","UYGUN")))) | N7: =IF($C7="","",IF($C7="TANIMSIZ MÜŞTERİ","—",INDEX(MUSTERILER!$C$7:$C$106,MATCH($C7,MUSTERILER!$B$7:$B$106,0)))) | Q7: =IF($D7="","",$C7&"|"&COUNTIFS($C$7:$C7,$C7))
B8: =IF($D8="","","T"&TEXT(ROW()-6,"00000")) | C8: =IF($D8="","",IFERROR(INDEX(MUSTERILER!$B$7:$B$106,MATCH($D8,MUSTERILER!$C$7:$C$106,0)),IFERROR(INDEX(MUSTERILER!$B$7:$B$106,MATCH($D8,MUSTERILER!$B$7:$B$106,0)),IFERROR(INDEX(MUSTERILER!$B$7:$B$106,MATCH($D8&"*",MUSTERILER!$C$7:$C$106,0)),"TANIMSIZ MÜŞTERİ")))) | D8: TST01 | E8: 46188 | F8: 12000 | G8: Banka Ortak 1 | H8: Havale/EFT | K8: TEST | L8: =IF($E8="","",DATE(YEAR($E8),MONTH($E8),1)) | M8: =IF($D8="","",IF($C8="TANIMSIZ MÜŞTERİ","HATA",IF(OR($E8="",$F8<=0,$G8=""),"EKSİK",IF($E8>TODAY(),"İLERİ TARİH","UYGUN")))) | N8: =IF($C8="","",IF($C8="TANIMSIZ MÜŞTERİ","—",INDEX(MUSTERILER!$C$7:$C$106,MATCH($C8,MUSTERILER!$B$7:$B$106,0)))) | Q8: =IF($D8="","",$C8&"|"&COUNTIFS($C$7:$C8,$C8))
B9: =IF($D9="","","T"&TEXT(ROW()-6,"00000")) | C9: =IF($D9="","",IFERROR(INDEX(MUSTERILER!$B$7:$B$106,MATCH($D9,MUSTERILER!$C$7:$C$106,0)),IFERROR(INDEX(MUSTERILER!$B$7:$B$106,MATCH($D9,MUSTERILER!$B$7:$B$106,0)),IFERROR(INDEX(MUSTERILER!$B$7:$B$106,MATCH($D9&"*",MUSTERILER!$C$7:$C$106,0)),"TANIMSIZ MÜŞTERİ")))) | D9: TEST AY | E9: 46235 | F9: 7500 | G9: MERKEZ KASA | H9: Nakit | K9: TEST | L9: =IF($E9="","",DATE(YEAR($E9),MONTH($E9),1)) | M9: =IF($D9="","",IF($C9="TANIMSIZ MÜŞTERİ","HATA",IF(OR($E9="",$F9<=0,$G9=""),"EKSİK",IF($E9>TODAY(),"İLERİ TARİH","UYGUN")))) | N9: =IF($C9="","",IF($C9="TANIMSIZ MÜŞTERİ","—",INDEX(MUSTERILER!$C$7:$C$106,MATCH($C9,MUSTERILER!$B$7:$B$106,0)))) | Q9: =IF($D9="","",$C9&"|"&COUNTIFS($C$7:$C9,$C9))
B10: =IF($D10="","","T"&TEXT(ROW()-6,"00000")) | C10: =IF($D10="","",IFERROR(INDEX(MUSTERILER!$B$7:$B$106,MATCH($D10,MUSTERILER!$C$7:$C$106,0)),IFERROR(INDEX(MUSTERILER!$B$7:$B$106,MATCH($D10,MUSTERILER!$B$7:$B$106,0)),IFERROR(INDEX(MUSTERILER!$B$7:$B$106,MATCH($D10&"*",MUSTERILER!$C$7:$C$106,0)),"TANIMSIZ MÜŞTERİ")))) | L10: =IF($E10="","",DATE(YEAR($E10),MONTH($E10),1)) | M10: =IF($D10="","",IF($C10="TANIMSIZ MÜŞTERİ","HATA",IF(OR($E10="",$F10<=0,$G10=""),"EKSİK",IF($E10>TODAY(),"İLERİ TARİH","UYGUN")))) | N10: =IF($C10="","",IF($C10="TANIMSIZ MÜŞTERİ","—",INDEX(MUSTERILER!$C$7:$C$106,MATCH($C10,MUSTERILER!$B$7:$B$106,0)))) | Q10: =IF($D10="","",$C10&"|"&COUNTIFS($C$7:$C10,$C10))
B11: =IF($D11="","","T"&TEXT(ROW()-6,"00000")) | C11: =IF($D11="","",IFERROR(INDEX(MUSTERILER!$B$7:$B$106,MATCH($D11,MUSTERILER!$C$7:$C$106,0)),IFERROR(INDEX(MUSTERILER!$B$7:$B$106,MATCH($D11,MUSTERILER!$B$7:$B$106,0)),IFERROR(INDEX(MUSTERILER!$B$7:$B$106,MATCH($D11&"*",MUSTERILER!$C$7:$C$106,0)),"TANIMSIZ MÜŞTERİ")))) | L11: =IF($E11="","",DATE(YEAR($E11),MONTH($E11),1)) | M11: =IF($D11="","",IF($C11="TANIMSIZ MÜŞTERİ","HATA",IF(OR($E11="",$F11<=0,$G11=""),"EKSİK",IF($E11>TODAY(),"İLERİ TARİH","UYGUN")))) | N11: =IF($C11="","",IF($C11="TANIMSIZ MÜŞTERİ","—",INDEX(MUSTERILER!$C$7:$C$106,MATCH($C11,MUSTERILER!$B$7:$B$106,0)))) | Q11: =IF($D11="","",$C11&"|"&COUNTIFS($C$7:$C11,$C11))
B12: =IF($D12="","","T"&TEXT(ROW()-6,"00000")) | C12: =IF($D12="","",IFERROR(INDEX(MUSTERILER!$B$7:$B$106,MATCH($D12,MUSTERILER!$C$7:$C$106,0)),IFERROR(INDEX(MUSTERILER!$B$7:$B$106,MATCH($D12,MUSTERILER!$B$7:$B$106,0)),IFERROR(INDEX(MUSTERILER!$B$7:$B$106,MATCH($D12&"*",MUSTERILER!$C$7:$C$106,0)),"TANIMSIZ MÜŞTERİ")))) | L12: =IF($E12="","",DATE(YEAR($E12),MONTH($E12),1)) | M12: =IF($D12="","",IF($C12="TANIMSIZ MÜŞTERİ","HATA",IF(OR($E12="",$F12<=0,$G12=""),"EKSİK",IF($E12>TODAY(),"İLERİ TARİH","UYGUN")))) | N12: =IF($C12="","",IF($C12="TANIMSIZ MÜŞTERİ","—",INDEX(MUSTERILER!$C$7:$C$106,MATCH($C12,MUSTERILER!$B$7:$B$106,0)))) | Q12: =IF($D12="","",$C12&"|"&COUNTIFS($C$7:$C12,$C12))
B13: =IF($D13="","","T"&TEXT(ROW()-6,"00000")) | C13: =IF($D13="","",IFERROR(INDEX(MUSTERILER!$B$7:$B$106,MATCH($D13,MUSTERILER!$C$7:$C$106,0)),IFERROR(INDEX(MUSTERILER!$B$7:$B$106,MATCH($D13,MUSTERILER!$B$7:$B$106,0)),IFERROR(INDEX(MUSTERILER!$B$7:$B$106,MATCH($D13&"*",MUSTERILER!$C$7:$C$106,0)),"TANIMSIZ MÜŞTERİ")))) | L13: =IF($E13="","",DATE(YEAR($E13),MONTH($E13),1)) | M13: =IF($D13="","",IF($C13="TANIMSIZ MÜŞTERİ","HATA",IF(OR($E13="",$F13<=0,$G13=""),"EKSİK",IF($E13>TODAY(),"İLERİ TARİH","UYGUN")))) | N13: =IF($C13="","",IF($C13="TANIMSIZ MÜŞTERİ","—",INDEX(MUSTERILER!$C$7:$C$106,MATCH($C13,MUSTERILER!$B$7:$B$106,0)))) | Q13: =IF($D13="","",$C13&"|"&COUNTIFS($C$7:$C13,$C13))
B14: =IF($D14="","","T"&TEXT(ROW()-6,"00000")) | C14: =IF($D14="","",IFERROR(INDEX(MUSTERILER!$B$7:$B$106,MATCH($D14,MUSTERILER!$C$7:$C$106,0)),IFERROR(INDEX(MUSTERILER!$B$7:$B$106,MATCH($D14,MUSTERILER!$B$7:$B$106,0)),IFERROR(INDEX(MUSTERILER!$B$7:$B$106,MATCH($D14&"*",MUSTERILER!$C$7:$C$106,0)),"TANIMSIZ MÜŞTERİ")))) | L14: =IF($E14="","",DATE(YEAR($E14),MONTH($E14),1)) | M14: =IF($D14="","",IF($C14="TANIMSIZ MÜŞTERİ","HATA",IF(OR($E14="",$F14<=0,$G14=""),"EKSİK",IF($E14>TODAY(),"İLERİ TARİH","UYGUN")))) | N14: =IF($C14="","",IF($C14="TANIMSIZ MÜŞTERİ","—",INDEX(MUSTERILER!$C$7:$C$106,MATCH($C14,MUSTERILER!$B$7:$B$106,0)))) | Q14: =IF($D14="","",$C14&"|"&COUNTIFS($C$7:$C14,$C14))
B15: =IF($D15="","","T"&TEXT(ROW()-6,"00000")) | C15: =IF($D15="","",IFERROR(INDEX(MUSTERILER!$B$7:$B$106,MATCH($D15,MUSTERILER!$C$7:$C$106,0)),IFERROR(INDEX(MUSTERILER!$B$7:$B$106,MATCH($D15,MUSTERILER!$B$7:$B$106,0)),IFERROR(INDEX(MUSTERILER!$B$7:$B$106,MATCH($D15&"*",MUSTERILER!$C$7:$C$106,0)),"TANIMSIZ MÜŞTERİ")))) | L15: =IF($E15="","",DATE(YEAR($E15),MONTH($E15),1)) | M15: =IF($D15="","",IF($C15="TANIMSIZ MÜŞTERİ","HATA",IF(OR($E15="",$F15<=0,$G15=""),"EKSİK",IF($E15>TODAY(),"İLERİ TARİH","UYGUN")))) | N15: =IF($C15="","",IF($C15="TANIMSIZ MÜŞTERİ","—",INDEX(MUSTERILER!$C$7:$C$106,MATCH($C15,MUSTERILER!$B$7:$B$106,0)))) | Q15: =IF($D15="","",$C15&"|"&COUNTIFS($C$7:$C15,$C15))
B16: =IF($D16="","","T"&TEXT(ROW()-6,"00000")) | C16: =IF($D16="","",IFERROR(INDEX(MUSTERILER!$B$7:$B$106,MATCH($D16,MUSTERILER!$C$7:$C$106,0)),IFERROR(INDEX(MUSTERILER!$B$7:$B$106,MATCH($D16,MUSTERILER!$B$7:$B$106,0)),IFERROR(INDEX(MUSTERILER!$B$7:$B$106,MATCH($D16&"*",MUSTERILER!$C$7:$C$106,0)),"TANIMSIZ MÜŞTERİ")))) | L16: =IF($E16="","",DATE(YEAR($E16),MONTH($E16),1)) | M16: =IF($D16="","",IF($C16="TANIMSIZ MÜŞTERİ","HATA",IF(OR($E16="",$F16<=0,$G16=""),"EKSİK",IF($E16>TODAY(),"İLERİ TARİH","UYGUN")))) | N16: =IF($C16="","",IF($C16="TANIMSIZ MÜŞTERİ","—",INDEX(MUSTERILER!$C$7:$C$106,MATCH($C16,MUSTERILER!$B$7:$B$106,0)))) | Q16: =IF($D16="","",$C16&"|"&COUNTIFS($C$7:$C16,$C16))
B17: =IF($D17="","","T"&TEXT(ROW()-6,"00000")) | C17: =IF($D17="","",IFERROR(INDEX(MUSTERILER!$B$7:$B$106,MATCH($D17,MUSTERILER!$C$7:$C$106,0)),IFERROR(INDEX(MUSTERILER!$B$7:$B$106,MATCH($D17,MUSTERILER!$B$7:$B$106,0)),IFERROR(INDEX(MUSTERILER!$B$7:$B$106,MATCH($D17&"*",MUSTERILER!$C$7:$C$106,0)),"TANIMSIZ MÜŞTERİ")))) | L17: =IF($E17="","",DATE(YEAR($E17),MONTH($E17),1)) | M17: =IF($D17="","",IF($C17="TANIMSIZ MÜŞTERİ","HATA",IF(OR($E17="",$F17<=0,$G17=""),"EKSİK",IF($E17>TODAY(),"İLERİ TARİH","UYGUN")))) | N17: =IF($C17="","",IF($C17="TANIMSIZ MÜŞTERİ","—",INDEX(MUSTERILER!$C$7:$C$106,MATCH($C17,MUSTERILER!$B$7:$B$106,0)))) | Q17: =IF($D17="","",$C17&"|"&COUNTIFS($C$7:$C17,$C17))
B18: =IF($D18="","","T"&TEXT(ROW()-6,"00000")) | C18: =IF($D18="","",IFERROR(INDEX(MUSTERILER!$B$7:$B$106,MATCH($D18,MUSTERILER!$C$7:$C$106,0)),IFERROR(INDEX(MUSTERILER!$B$7:$B$106,MATCH($D18,MUSTERILER!$B$7:$B$106,0)),IFERROR(INDEX(MUSTERILER!$B$7:$B$106,MATCH($D18&"*",MUSTERILER!$C$7:$C$106,0)),"TANIMSIZ MÜŞTERİ")))) | L18: =IF($E18="","",DATE(YEAR($E18),MONTH($E18),1)) | M18: =IF($D18="","",IF($C18="TANIMSIZ MÜŞTERİ","HATA",IF(OR($E18="",$F18<=0,$G18=""),"EKSİK",IF($E18>TODAY(),"İLERİ TARİH","UYGUN")))) | N18: =IF($C18="","",IF($C18="TANIMSIZ MÜŞTERİ","—",INDEX(MUSTERILER!$C$7:$C$106,MATCH($C18,MUSTERILER!$B$7:$B$106,0)))) | Q18: =IF($D18="","",$C18&"|"&COUNTIFS($C$7:$C18,$C18))
B19: =IF($D19="","","T"&TEXT(ROW()-6,"00000")) | C19: =IF($D19="","",IFERROR(INDEX(MUSTERILER!$B$7:$B$106,MATCH($D19,MUSTERILER!$C$7:$C$106,0)),IFERROR(INDEX(MUSTERILER!$B$7:$B$106,MATCH($D19,MUSTERILER!$B$7:$B$106,0)),IFERROR(INDEX(MUSTERILER!$B$7:$B$106,MATCH($D19&"*",MUSTERILER!$C$7:$C$106,0)),"TANIMSIZ MÜŞTERİ")))) | L19: =IF($E19="","",DATE(YEAR($E19),MONTH($E19),1)) | M19: =IF($D19="","",IF($C19="TANIMSIZ MÜŞTERİ","HATA",IF(OR($E19="",$F19<=0,$G19=""),"EKSİK",IF($E19>TODAY(),"İLERİ TARİH","UYGUN")))) | N19: =IF($C19="","",IF($C19="TANIMSIZ MÜŞTERİ","—",INDEX(MUSTERILER!$C$7:$C$106,MATCH($C19,MUSTERILER!$B$7:$B$106,0)))) | Q19: =IF($D19="","",$C19&"|"&COUNTIFS($C$7:$C19,$C19))
B20: =IF($D20="","","T"&TEXT(ROW()-6,"00000")) | C20: =IF($D20="","",IFERROR(INDEX(MUSTERILER!$B$7:$B$106,MATCH($D20,MUSTERILER!$C$7:$C$106,0)),IFERROR(INDEX(MUSTERILER!$B$7:$B$106,MATCH($D20,MUSTERILER!$B$7:$B$106,0)),IFERROR(INDEX(MUSTERILER!$B$7:$B$106,MATCH($D20&"*",MUSTERILER!$C$7:$C$106,0)),"TANIMSIZ MÜŞTERİ")))) | L20: =IF($E20="","",DATE(YEAR($E20),MONTH($E20),1)) | M20: =IF($D20="","",IF($C20="TANIMSIZ MÜŞTERİ","HATA",IF(OR($E20="",$F20<=0,$G20=""),"EKSİK",IF($E20>TODAY(),"İLERİ TARİH","UYGUN")))) | N20: =IF($C20="","",IF($C20="TANIMSIZ MÜŞTERİ","—",INDEX(MUSTERILER!$C$7:$C$106,MATCH($C20,MUSTERILER!$B$7:$B$106,0)))) | Q20: =IF($D20="","",$C20&"|"&COUNTIFS($C$7:$C20,$C20))
B21: =IF($D21="","","T"&TEXT(ROW()-6,"00000")) | C21: =IF($D21="","",IFERROR(INDEX(MUSTERILER!$B$7:$B$106,MATCH($D21,MUSTERILER!$C$7:$C$106,0)),IFERROR(INDEX(MUSTERILER!$B$7:$B$106,MATCH($D21,MUSTERILER!$B$7:$B$106,0)),IFERROR(INDEX(MUSTERILER!$B$7:$B$106,MATCH($D21&"*",MUSTERILER!$C$7:$C$106,0)),"TANIMSIZ MÜŞTERİ")))) | L21: =IF($E21="","",DATE(YEAR($E21),MONTH($E21),1)) | M21: =IF($D21="","",IF($C21="TANIMSIZ MÜŞTERİ","HATA",IF(OR($E21="",$F21<=0,$G21=""),"EKSİK",IF($E21>TODAY(),"İLERİ TARİH","UYGUN")))) | N21: =IF($C21="","",IF($C21="TANIMSIZ MÜŞTERİ","—",INDEX(MUSTERILER!$C$7:$C$106,MATCH($C21,MUSTERILER!$B$7:$B$106,0)))) | Q21: =IF($D21="","",$C21&"|"&COUNTIFS($C$7:$C21,$C21))
... B1506: =IF($D1506="","","T"&TEXT(ROW()-6,"00000")) | C1506: =IF($D1506="","",IFERROR(INDEX(MUSTERILER!$B$7:$B$106,MATCH($D1506,MUSTERILER!$C$7:$C$106,0)),IFERROR(INDEX(MUSTERILER!$B$7:$B$106,MATCH($D1506,MUSTERILER!$B$7:$B$106,0)),IFERROR(INDEX(MUSTERILER!$B$7:$B$106,MATCH($D1506&"*",MUSTERILER!$C$7:$C$106,0)),"TANIMSIZ MÜŞTERİ")))) | L1506: =IF($E1506="","",DATE(YEAR($E1506),MONTH($E1506),1)) | M1506: =IF($D1506="","",IF($C1506="TANIMSIZ MÜŞTERİ","HATA",IF(OR($E1506="",$F1506<=0,$G1506=""),"EKSİK",IF($E1506>TODAY(),"İLERİ TARİH","UYGUN")))) | N1506: =IF($C1506="","",IF($C1506="TANIMSIZ MÜŞTERİ","—",INDEX(MUSTERILER!$C$7:$C$106,MATCH($C1506,MUSTERILER!$B$7:$B$106,0)))) | Q1506: =IF($D1506="","",$C1506&"|"&COUNTIFS($C$7:$C1506,$C1506))

Sheet GELIR_GIDER
A1: KILIÇ MUHASEBE │ OFİS GELİR VE GİDERLERİ
A2: Sözleşme ücreti dışındaki tüm gelir ve giderler │ Her kayıt borçlu ve alacaklı hesabını otomatik üretir
B4: =HYPERLINK("#PANO!A1","← PANO") | D4: =HYPERLINK("#VIRMAN!A1","Virman") | F4: =HYPERLINK("#AY_SONU!A1","Ay Sonu") | H4: Sarı hücreler veri girişidir. Beyaz hücreler sistem tarafından hesaplanır ve kilitlidir. Sözleşmeli muhasebe ücreti buraya GİRİLMEZ — TAHSİLAT ekranına girilir; sağdaki panelde otomatik görünür.
C5: TOPLAM │ Gerçekleşmiş gelir eksi gider | G5: =SUMIFS($G$7:$G$1206,$D$7:$D$1206,"Gelir",$I$7:$I$1206,"Evet")-SUMIFS($G$7:$G$1206,$D$7:$D$1206,"Gider",$I$7:$I$1206,"Evet") | R5: OTOMATİK TAHAKKUK GELİRİ │ SÖZLEŞME ÜCRETİ (elle girilmez)
B6: Kayıt No | C6: Tarih | D6: Tür | E6: Kategori | F6: Açıklama | G6: Tutar | H6: Kasa / Banka | I6: Gerçekleşti | J6: Belge No | K6: Sorumlu | L6: Borçlu Hesap | M6: Alacaklı Hesap | N6: Ay | O6: Kayıt Kontrolü | P6: Kayda Alınan Müşteri | R6: Ay | S6: Borçlu Hesap | T6: Alacaklı Hesap | U6: Tahakkuk Eden | V6: Tahsil Edilen | W6: Açık Alacak Farkı
B7: =IF($C7="","","GG"&TEXT(ROW()-6,"00000")) | C7: 46035 | D7: Gider | E7: Kırtasiye | F7: Merdiven İki Basamaklı | G7: 1060 | H7: Merkez Kasa | I7: Evet | L7: =IF($C7="","",IF($D7="Gider",$E7,$H7)) | M7: =IF($C7="","",IF($D7="Gider",$H7,$E7)) | N7: =IF($C7="","",DATE(YEAR($C7),MONTH($C7),1)) | O7: =IF($C7="","",IF(AND($D7<>"",$E7<>"",$G7>0,$H7<>"",$I7<>""),IF($C7>TODAY(),"İLERİ TARİH","UYGUN"),"EKSİK")) | R7: =AY_SONU!$B7 | S7: ="Müşteri Carisi (MÜŞTERİ 360)" | T7: ="600 Muhasebe Hizmet Geliri (sözleşme)" | U7: =AY_SONU!$C7 | V7: =AY_SONU!$D7 | W7: =AY_SONU!$C7-AY_SONU!$D7
B8: =IF($C8="","","GG"&TEXT(ROW()-6,"00000")) | C8: 46036 | D8: Gider | E8: Telefon / İnternet | F8: Ofis Whatsapp Hattı Ocak | G8: 800 | H8: Merkez Kasa | I8: Evet | L8: =IF($C8="","",IF($D8="Gider",$E8,$H8)) | M8: =IF($C8="","",IF($D8="Gider",$H8,$E8)) | N8: =IF($C8="","",DATE(YEAR($C8),MONTH($C8),1)) | O8: =IF($C8="","",IF(AND($D8<>"",$E8<>"",$G8>0,$H8<>"",$I8<>""),IF($C8>TODAY(),"İLERİ TARİH","UYGUN"),"EKSİK")) | R8: =AY_SONU!$B8 | S8: ="Müşteri Carisi (MÜŞTERİ 360)" | T8: ="600 Muhasebe Hizmet Geliri (sözleşme)" | U8: =AY_SONU!$C8 | V8: =AY_SONU!$D8 | W8: =AY_SONU!$C8-AY_SONU!$D8
B9: =IF($C9="","","GG"&TEXT(ROW()-6,"00000")) | C9: 46044 | D9: Gider | E9: Diğer Gider | F9: Ofis Lavabo Su Tesisatı Tamirat ve Malzeme | G9: 3000 | H9: Merkez Kasa | I9: Evet | L9: =IF($C9="","",IF($D9="Gider",$E9,$H9)) | M9: =IF($C9="","",IF($D9="Gider",$H9,$E9)) | N9: =IF($C9="","",DATE(YEAR($C9),MONTH($C9),1)) | O9: =IF($C9="","",IF(AND($D9<>"",$E9<>"",$G9>0,$H9<>"",$I9<>""),IF($C9>TODAY(),"İLERİ TARİH","UYGUN"),"EKSİK")) | R9: =AY_SONU!$B9 | S9: ="Müşteri Carisi (MÜŞTERİ 360)" | T9: ="600 Muhasebe Hizmet Geliri (sözleşme)" | U9: =AY_SONU!$C9 | V9: =AY_SONU!$D9 | W9: =AY_SONU!$C9-AY_SONU!$D9
B10: =IF($C10="","","GG"&TEXT(ROW()-6,"00000")) | C10: 46049 | D10: Gider | E10: Elektrik / Su / Doğalgaz | F10: Elektrik Ödemesi | G10: 1035 | H10: Merkez Kasa | I10: Evet | L10: =IF($C10="","",IF($D10="Gider",$E10,$H10)) | M10: =IF($C10="","",IF($D10="Gider",$H10,$E10)) | N10: =IF($C10="","",DATE(YEAR($C10),MONTH($C10),1)) | O10: =IF($C10="","",IF(AND($D10<>"",$E10<>"",$G10>0,$H10<>"",$I10<>""),IF($C10>TODAY(),"İLERİ TARİH","UYGUN"),"EKSİK")) | R10: =AY_SONU!$B10 | S10: ="Müşteri Carisi (MÜŞTERİ 360)" | T10: ="600 Muhasebe Hizmet Geliri (sözleşme)" | U10: =AY_SONU!$C10 | V10: =AY_SONU!$D10 | W10: =AY_SONU!$C10-AY_SONU!$D10
B11: =IF($C11="","","GG"&TEXT(ROW()-6,"00000")) | C11: 46049 | D11: Gider | E11: Elektrik / Su / Doğalgaz | F11: Elektrik Ödemesi | G11: 949.97 | H11: Merkez Kasa | I11: Evet | L11: =IF($C11="","",IF($D11="Gider",$E11,$H11)) | M11: =IF($C11="","",IF($D11="Gider",$H11,$E11)) | N11: =IF($C11="","",DATE(YEAR($C11),MONTH($C11),1)) | O11: =IF($C11="","",IF(AND($D11<>"",$E11<>"",$G11>0,$H11<>"",$I11<>""),IF($C11>TODAY(),"İLERİ TARİH","UYGUN"),"EKSİK")) | R11: =AY_SONU!$B11 | S11: ="Müşteri Carisi (MÜŞTERİ 360)" | T11: ="600 Muhasebe Hizmet Geliri (sözleşme)" | U11: =AY_SONU!$C11 | V11: =AY_SONU!$D11 | W11: =AY_SONU!$C11-AY_SONU!$D11
B12: =IF($C12="","","GG"&TEXT(ROW()-6,"00000")) | C12: 46049 | D12: Gider | E12: Elektrik / Su / Doğalgaz | F12: Su Ödemesi | G12: 469.9 | H12: Merkez Kasa | I12: Evet | L12: =IF($C12="","",IF($D12="Gider",$E12,$H12)) | M12: =IF($C12="","",IF($D12="Gider",$H12,$E12)) | N12: =IF($C12="","",DATE(YEAR($C12),MONTH($C12),1)) | O12: =IF($C12="","",IF(AND($D12<>"",$E12<>"",$G12>0,$H12<>"",$I12<>""),IF($C12>TODAY(),"İLERİ TARİH","UYGUN"),"EKSİK")) | R12: =AY_SONU!$B12 | S12: ="Müşteri Carisi (MÜŞTERİ 360)" | T12: ="600 Muhasebe Hizmet Geliri (sözleşme)" | U12: =AY_SONU!$C12 | V12: =AY_SONU!$D12 | W12: =AY_SONU!$C12-AY_SONU!$D12
B13: =IF($C13="","","GG"&TEXT(ROW()-6,"00000")) | C13: 46049 | D13: Gider | E13: Elektrik / Su / Doğalgaz | F13: Su Ödemesi | G13: 249.5 | H13: Merkez Kasa | I13: Evet | L13: =IF($C13="","",IF($D13="Gider",$E13,$H13)) | M13: =IF($C13="","",IF($D13="Gider",$H13,$E13)) | N13: =IF($C13="","",DATE(YEAR($C13),MONTH($C13),1)) | O13: =IF($C13="","",IF(AND($D13<>"",$E13<>"",$G13>0,$H13<>"",$I13<>""),IF($C13>TODAY(),"İLERİ TARİH","UYGUN"),"EKSİK")) | R13: =AY_SONU!$B13 | S13: ="Müşteri Carisi (MÜŞTERİ 360)" | T13: ="600 Muhasebe Hizmet Geliri (sözleşme)" | U13: =AY_SONU!$C13 | V13: =AY_SONU!$D13 | W13: =AY_SONU!$C13-AY_SONU!$D13
B14: =IF($C14="","","GG"&TEXT(ROW()-6,"00000")) | C14: 46049 | D14: Gider | E14: Elektrik / Su / Doğalgaz | F14: Su Ödemesi | G14: 167.45 | H14: Merkez Kasa | I14: Evet | L14: =IF($C14="","",IF($D14="Gider",$E14,$H14)) | M14: =IF($C14="","",IF($D14="Gider",$H14,$E14)) | N14: =IF($C14="","",DATE(YEAR($C14),MONTH($C14),1)) | O14: =IF($C14="","",IF(AND($D14<>"",$E14<>"",$G14>0,$H14<>"",$I14<>""),IF($C14>TODAY(),"İLERİ TARİH","UYGUN"),"EKSİK")) | R14: =AY_SONU!$B14 | S14: ="Müşteri Carisi (MÜŞTERİ 360)" | T14: ="600 Muhasebe Hizmet Geliri (sözleşme)" | U14: =AY_SONU!$C14 | V14: =AY_SONU!$D14 | W14: =AY_SONU!$C14-AY_SONU!$D14
B15: =IF($C15="","","GG"&TEXT(ROW()-6,"00000")) | C15: 46049 | D15: Gider | E15: Telefon / İnternet | F15: İnternet Ödemesi | G15: 602 | H15: Merkez Kasa | I15: Evet | L15: =IF($C15="","",IF($D15="Gider",$E15,$H15)) | M15: =IF($C15="","",IF($D15="Gider",$H15,$E15)) | N15: =IF($C15="","",DATE(YEAR($C15),MONTH($C15),1)) | O15: =IF($C15="","",IF(AND($D15<>"",$E15<>"",$G15>0,$H15<>"",$I15<>""),IF($C15>TODAY(),"İLERİ TARİH","UYGUN"),"EKSİK")) | R15: =AY_SONU!$B15 | S15: ="Müşteri Carisi (MÜŞTERİ 360)" | T15: ="600 Muhasebe Hizmet Geliri (sözleşme)" | U15: =AY_SONU!$C15 | V15: =AY_SONU!$D15 | W15: =AY_SONU!$C15-AY_SONU!$D15
B16: =IF($C16="","","GG"&TEXT(ROW()-6,"00000")) | C16: 46053 | D16: Gider | E16: Ulaşım | F16: Araç Yakıt Alımı | G16: 1750 | H16: Merkez Kasa | I16: Evet | L16: =IF($C16="","",IF($D16="Gider",$E16,$H16)) | M16: =IF($C16="","",IF($D16="Gider",$H16,$E16)) | N16: =IF($C16="","",DATE(YEAR($C16),MONTH($C16),1)) | O16: =IF($C16="","",IF(AND($D16<>"",$E16<>"",$G16>0,$H16<>"",$I16<>""),IF($C16>TODAY(),"İLERİ TARİH","UYGUN"),"EKSİK")) | R16: =AY_SONU!$B16 | S16: ="Müşteri Carisi (MÜŞTERİ 360)" | T16: ="600 Muhasebe Hizmet Geliri (sözleşme)" | U16: =AY_SONU!$C16 | V16: =AY_SONU!$D16 | W16: =AY_SONU!$C16-AY_SONU!$D16
B17: =IF($C17="","","GG"&TEXT(ROW()-6,"00000")) | C17: 46053 | D17: Gider | E17: Temsil / Ağırlama | F17: Ofis Çay Kahve ve Temizlik Alışverişi | G17: 2000 | H17: Merkez Kasa | I17: Evet | L17: =IF($C17="","",IF($D17="Gider",$E17,$H17)) | M17: =IF($C17="","",IF($D17="Gider",$H17,$E17)) | N17: =IF($C17="","",DATE(YEAR($C17),MONTH($C17),1)) | O17: =IF($C17="","",IF(AND($D17<>"",$E17<>"",$G17>0,$H17<>"",$I17<>""),IF($C17>TODAY(),"İLERİ TARİH","UYGUN"),"EKSİK")) | R17: =AY_SONU!$B17 | S17: ="Müşteri Carisi (MÜŞTERİ 360)" | T17: ="600 Muhasebe Hizmet Geliri (sözleşme)" | U17: =AY_SONU!$C17 | V17: =AY_SONU!$D17 | W17: =AY_SONU!$C17-AY_SONU!$D17
B18: =IF($C18="","","GG"&TEXT(ROW()-6,"00000")) | C18: 46056 | D18: Gider | E18: Personel | F18: Zeynep Hanım Maaş | G18: 40000 | H18: Merkez Kasa | I18: Evet | L18: =IF($C18="","",IF($D18="Gider",$E18,$H18)) | M18: =IF($C18="","",IF($D18="Gider",$H18,$E18)) | N18: =IF($C18="","",DATE(YEAR($C18),MONTH($C18),1)) | O18: =IF($C18="","",IF(AND($D18<>"",$E18<>"",$G18>0,$H18<>"",$I18<>""),IF($C18>TODAY(),"İLERİ TARİH","UYGUN"),"EKSİK")) | R18: =AY_SONU!$B18 | S18: ="Müşteri Carisi (MÜŞTERİ 360)" | T18: ="600 Muhasebe Hizmet Geliri (sözleşme)" | U18: =AY_SONU!$C18 | V18: =AY_SONU!$D18 | W18: =AY_SONU!$C18-AY_SONU!$D18
... B42: =IF($C42="","","GG"&TEXT(ROW()-6,"00000")) | C42: 46083 | D42: Gider | E42: Temsil / Ağırlama | F42: Mutfak Gereci | G42: 1500 | H42: Merkez Kasa | I42: Evet | L42: =IF($C42="","",IF($D42="Gider",$E42,$H42)) | M42: =IF($C42="","",IF($D42="Gider",$H42,$E42)) | N42: =IF($C42="","",DATE(YEAR($C42),MONTH($C42),1)) | O42: =IF($C42="","",IF(AND($D42<>"",$E42<>"",$G42>0,$H42<>"",$I42<>""),IF($C42>TODAY(),"İLERİ TARİH","UYGUN"),"EKSİK")) | R42: =AY_SONU!$B42 | S42: ="Müşteri Carisi (MÜŞTERİ 360)" | T42: ="600 Muhasebe Hizmet Geliri (sözleşme)" | U42: =AY_SONU!$C42 | V42: =AY_SONU!$D42 | W42: =AY_SONU!$C42-AY_SONU!$D42
B43: =IF($C43="","","GG"&TEXT(ROW()-6,"00000")) | C43: 46083 | D43: Gider | E43: Kırtasiye | F43: Kırtasiye | G43: 100 | H43: Merkez Kasa | I43: Evet | L43: =IF($C43="","",IF($D43="Gider",$E43,$H43)) | M43: =IF($C43="","",IF($D43="Gider",$H43,$E43)) | N43: =IF($C43="","",DATE(YEAR($C43),MONTH($C43),1)) | O43: =IF($C43="","",IF(AND($D43<>"",$E43<>"",$G43>0,$H43<>"",$I43<>""),IF($C43>TODAY(),"İLERİ TARİH","UYGUN"),"EKSİK"))
B44: =IF($C44="","","GG"&TEXT(ROW()-6,"00000")) | C44: 46083 | D44: Gider | E44: Temsil / Ağırlama | F44: Gıda Alışverişi | G44: 860 | H44: Merkez Kasa | I44: Evet | L44: =IF($C44="","",IF($D44="Gider",$E44,$H44)) | M44: =IF($C44="","",IF($D44="Gider",$H44,$E44)) | N44: =IF($C44="","",DATE(YEAR($C44),MONTH($C44),1)) | O44: =IF($C44="","",IF(AND($D44<>"",$E44<>"",$G44>0,$H44<>"",$I44<>""),IF($C44>TODAY(),"İLERİ TARİH","UYGUN"),"EKSİK"))
B45: =IF($C45="","","GG"&TEXT(ROW()-6,"00000")) | C45: 46083 | D45: Gider | E45: Temsil / Ağırlama | F45: Çay | G45: 380 | H45: Merkez Kasa | I45: Evet | L45: =IF($C45="","",IF($D45="Gider",$E45,$H45)) | M45: =IF($C45="","",IF($D45="Gider",$H45,$E45)) | N45: =IF($C45="","",DATE(YEAR($C45),MONTH($C45),1)) | O45: =IF($C45="","",IF(AND($D45<>"",$E45<>"",$G45>0,$H45<>"",$I45<>""),IF($C45>TODAY(),"İLERİ TARİH","UYGUN"),"EKSİK"))
B46: =IF($C46="","","GG"&TEXT(ROW()-6,"00000")) | C46: 46083 | D46: Gider | E46: Temsil / Ağırlama | F46: Market | G46: 250 | H46: Merkez Kasa | I46: Evet | L46: =IF($C46="","",IF($D46="Gider",$E46,$H46)) | M46: =IF($C46="","",IF($D46="Gider",$H46,$E46)) | N46: =IF($C46="","",DATE(YEAR($C46),MONTH($C46),1)) | O46: =IF($C46="","",IF(AND($D46<>"",$E46<>"",$G46>0,$H46<>"",$I46<>""),IF($C46>TODAY(),"İLERİ TARİH","UYGUN"),"EKSİK"))
B47: =IF($C47="","","GG"&TEXT(ROW()-6,"00000")) | C47: 46083 | D47: Gider | E47: Telefon / İnternet | F47: Ofis İnternet | G47: 610 | H47: Merkez Kasa | I47: Evet | L47: =IF($C47="","",IF($D47="Gider",$E47,$H47)) | M47: =IF($C47="","",IF($D47="Gider",$H47,$E47)) | N47: =IF($C47="","",DATE(YEAR($C47),MONTH($C47),1)) | O47: =IF($C47="","",IF(AND($D47<>"",$E47<>"",$G47>0,$H47<>"",$I47<>""),IF($C47>TODAY(),"İLERİ TARİH","UYGUN"),"EKSİK"))
B48: =IF($C48="","","GG"&TEXT(ROW()-6,"00000")) | C48: 46088 | D48: Gider | E48: Ulaşım | F48: Araç Yakıt Alımı | G48: 2000 | H48: Merkez Kasa | I48: Evet | L48: =IF($C48="","",IF($D48="Gider",$E48,$H48)) | M48: =IF($C48="","",IF($D48="Gider",$H48,$E48)) | N48: =IF($C48="","",DATE(YEAR($C48),MONTH($C48),1)) | O48: =IF($C48="","",IF(AND($D48<>"",$E48<>"",$G48>0,$H48<>"",$I48<>""),IF($C48>TODAY(),"İLERİ TARİH","UYGUN"),"EKSİK"))
B49: =IF($C49="","","GG"&TEXT(ROW()-6,"00000")) | C49: 46090 | D49: Gider | E49: Personel | F49: Zeynep Hanım Maaş Bakiye | G49: 5000 | H49: Merkez Kasa | I49: Evet | L49: =IF($C49="","",IF($D49="Gider",$E49,$H49)) | M49: =IF($C49="","",IF($D49="Gider",$H49,$E49)) | N49: =IF($C49="","",DATE(YEAR($C49),MONTH($C49),1)) | O49: =IF($C49="","",IF(AND($D49<>"",$E49<>"",$G49>0,$H49<>"",$I49<>""),IF($C49>TODAY(),"İLERİ TARİH","UYGUN"),"EKSİK"))
B50: =IF($C50="","","GG"&TEXT(ROW()-6,"00000")) | C50: 46090 | D50: Gider | E50: Ofis Kirası | F50: Mart Ayı Ofis Kirası | G50: 14000 | H50: Merkez Kasa | I50: Evet | L50: =IF($C50="","",IF($D50="Gider",$E50,$H50)) | M50: =IF($C50="","",IF($D50="Gider",$H50,$E50)) | N50: =IF($C50="","",DATE(YEAR($C50),MONTH($C50),1)) | O50: =IF($C50="","",IF(AND($D50<>"",$E50<>"",$G50>0,$H50<>"",$I50<>""),IF($C50>TODAY(),"İLERİ TARİH","UYGUN"),"EKSİK"))
B51: =IF($C51="","","GG"&TEXT(ROW()-6,"00000")) | C51: 46090 | D51: Gider | E51: Ofis Kirası | F51: Mart Ayı Aidat | G51: 2000 | H51: Merkez Kasa | I51: Evet | L51: =IF($C51="","",IF($D51="Gider",$E51,$H51)) | M51: =IF($C51="","",IF($D51="Gider",$H51,$E51)) | N51: =IF($C51="","",DATE(YEAR($C51),MONTH($C51),1)) | O51: =IF($C51="","",IF(AND($D51<>"",$E51<>"",$G51>0,$H51<>"",$I51<>""),IF($C51>TODAY(),"İLERİ TARİH","UYGUN"),"EKSİK"))
B52: =IF($C52="","","GG"&TEXT(ROW()-6,"00000")) | C52: 46090 | D52: Gider | E52: Telefon / İnternet | F52: Şubat Ayı Fatura | G52: 764 | H52: Merkez Kasa | I52: Evet | L52: =IF($C52="","",IF($D52="Gider",$E52,$H52)) | M52: =IF($C52="","",IF($D52="Gider",$H52,$E52)) | N52: =IF($C52="","",DATE(YEAR($C52),MONTH($C52),1)) | O52: =IF($C52="","",IF(AND($D52<>"",$E52<>"",$G52>0,$H52<>"",$I52<>""),IF($C52>TODAY(),"İLERİ TARİH","UYGUN"),"EKSİK"))
B53: =IF($C53="","","GG"&TEXT(ROW()-6,"00000")) | C53: 46090 | D53: Gider | E53: Demirbaş | F53: Serkan Baş Zeynep Hanım Bilgisayar Takımı Komple | G53: 20000 | H53: Merkez Kasa | I53: Evet | L53: =IF($C53="","",IF($D53="Gider",$E53,$H53)) | M53: =IF($C53="","",IF($D53="Gider",$H53,$E53)) | N53: =IF($C53="","",DATE(YEAR($C53),MONTH($C53),1)) | O53: =IF($C53="","",IF(AND($D53<>"",$E53<>"",$G53>0,$H53<>"",$I53<>""),IF($C53>TODAY(),"İLERİ TARİH","UYGUN"),"EKSİK"))
B54: =IF($C54="","","GG"&TEXT(ROW()-6,"00000")) | C54: 46090 | D54: Gider | E54: Personel | F54: Zeynep Yalıkent ve Yalı Gazino Prim | G54: 5000 | H54: Merkez Kasa | I54: Evet | L54: =IF($C54="","",IF($D54="Gider",$E54,$H54)) | M54: =IF($C54="","",IF($D54="Gider",$H54,$E54)) | N54: =IF($C54="","",DATE(YEAR($C54),MONTH($C54),1)) | O54: =IF($C54="","",IF(AND($D54<>"",$E54<>"",$G54>0,$H54<>"",$I54<>""),IF($C54>TODAY(),"İLERİ TARİH","UYGUN"),"EKSİK"))
... B132: =IF($C132="","","GG"&TEXT(ROW()-6,"00000")) | C132: 46244 | D132: Gider | E132: Ulaşım | F132: Araç Yakıt | G132: 2000 | H132: Merkez Kasa | I132: Evet | L132: =IF($C132="","",IF($D132="Gider",$E132,$H132)) | M132: =IF($C132="","",IF($D132="Gider",$H132,$E132)) | N132: =IF($C132="","",DATE(YEAR($C132),MONTH($C132),1)) | O132: =IF($C132="","",IF(AND($D132<>"",$E132<>"",$G132>0,$H132<>"",$I132<>""),IF($C132>TODAY(),"İLERİ TARİH","UYGUN"),"EKSİK"))
B133: =IF($C133="","","GG"&TEXT(ROW()-6,"00000")) | C133: 46244 | D133: Gider | H133: Merkez Kasa | I133: Evet | L133: =IF($C133="","",IF($D133="Gider",$E133,$H133)) | M133: =IF($C133="","",IF($D133="Gider",$H133,$E133)) | N133: =IF($C133="","",DATE(YEAR($C133),MONTH($C133),1)) | O133: =IF($C133="","",IF(AND($D133<>"",$E133<>"",$G133>0,$H133<>"",$I133<>""),IF($C133>TODAY(),"İLERİ TARİH","UYGUN"),"EKSİK"))
B134: =IF($C134="","","GG"&TEXT(ROW()-6,"00000")) | C134: 46245 | D134: Gider | H134: Merkez Kasa | I134: Evet | L134: =IF($C134="","",IF($D134="Gider",$E134,$H134)) | M134: =IF($C134="","",IF($D134="Gider",$H134,$E134)) | N134: =IF($C134="","",DATE(YEAR($C134),MONTH($C134),1)) | O134: =IF($C134="","",IF(AND($D134<>"",$E134<>"",$G134>0,$H134<>"",$I134<>""),IF($C134>TODAY(),"İLERİ TARİH","UYGUN"),"EKSİK"))
B135: =IF($C135="","","GG"&TEXT(ROW()-6,"00000")) | C135: 46245 | D135: Gider | H135: Merkez Kasa | I135: Evet | L135: =IF($C135="","",IF($D135="Gider",$E135,$H135)) | M135: =IF($C135="","",IF($D135="Gider",$H135,$E135)) | N135: =IF($C135="","",DATE(YEAR($C135),MONTH($C135),1)) | O135: =IF($C135="","",IF(AND($D135<>"",$E135<>"",$G135>0,$H135<>"",$I135<>""),IF($C135>TODAY(),"İLERİ TARİH","UYGUN"),"EKSİK"))
B136: =IF($C136="","","GG"&TEXT(ROW()-6,"00000")) | C136: 46249 | D136: Gider | H136: Merkez Kasa | I136: Evet | L136: =IF($C136="","",IF($D136="Gider",$E136,$H136)) | M136: =IF($C136="","",IF($D136="Gider",$H136,$E136)) | N136: =IF($C136="","",DATE(YEAR($C136),MONTH($C136),1)) | O136: =IF($C136="","",IF(AND($D136<>"",$E136<>"",$G136>0,$H136<>"",$I136<>""),IF($C136>TODAY(),"İLERİ TARİH","UYGUN"),"EKSİK"))
B137: =IF($C137="","","GG"&TEXT(ROW()-6,"00000")) | C137: 46239 | D137: Gider | E137: Mehmet Ali Kartal | F137: TEST – sabit ödeme | G137: 4000 | H137: MERKEZ KASA | I137: Evet | L137: =IF($C137="","",IF($D137="Gider",$E137,$H137)) | M137: =IF($C137="","",IF($D137="Gider",$H137,$E137)) | N137: =IF($C137="","",DATE(YEAR($C137),MONTH($C137),1)) | O137: =IF($C137="","",IF(AND($D137<>"",$E137<>"",$G137>0,$H137<>"",$I137<>""),IF($C137>TODAY(),"İLERİ TARİH","UYGUN"),"EKSİK"))
B138: =IF($C138="","","GG"&TEXT(ROW()-6,"00000")) | C138: 46240 | D138: Gelir | E138: Defter Tasdik Geliri | F138: TEST – defter tasdik | G138: 1500 | H138: MERKEZ KASA | I138: Evet | L138: =IF($C138="","",IF($D138="Gider",$E138,$H138)) | M138: =IF($C138="","",IF($D138="Gider",$H138,$E138)) | N138: =IF($C138="","",DATE(YEAR($C138),MONTH($C138),1)) | O138: =IF($C138="","",IF(AND($D138<>"",$E138<>"",$G138>0,$H138<>"",$I138<>""),IF($C138>TODAY(),"İLERİ TARİH","UYGUN"),"EKSİK"))
B139: =IF($C139="","","GG"&TEXT(ROW()-6,"00000")) | H139: Merkez Kasa | I139: Evet | L139: =IF($C139="","",IF($D139="Gider",$E139,$H139)) | M139: =IF($C139="","",IF($D139="Gider",$H139,$E139)) | N139: =IF($C139="","",DATE(YEAR($C139),MONTH($C139),1)) | O139: =IF($C139="","",IF(AND($D139<>"",$E139<>"",$G139>0,$H139<>"",$I139<>""),IF($C139>TODAY(),"İLERİ TARİH","UYGUN"),"EKSİK"))
B140: =IF($C140="","","GG"&TEXT(ROW()-6,"00000")) | L140: =IF($C140="","",IF($D140="Gider",$E140,$H140)) | M140: =IF($C140="","",IF($D140="Gider",$H140,$E140)) | N140: =IF($C140="","",DATE(YEAR($C140),MONTH($C140),1)) | O140: =IF($C140="","",IF(AND($D140<>"",$E140<>"",$G140>0,$H140<>"",$I140<>""),IF($C140>TODAY(),"İLERİ TARİH","UYGUN"),"EKSİK"))
B141: =IF($C141="","","GG"&TEXT(ROW()-6,"00000")) | L141: =IF($C141="","",IF($D141="Gider",$E141,$H141)) | M141: =IF($C141="","",IF($D141="Gider",$H141,$E141)) | N141: =IF($C141="","",DATE(YEAR($C141),MONTH($C141),1)) | O141: =IF($C141="","",IF(AND($D141<>"",$E141<>"",$G141>0,$H141<>"",$I141<>""),IF($C141>TODAY(),"İLERİ TARİH","UYGUN"),"EKSİK"))
B142: =IF($C142="","","GG"&TEXT(ROW()-6,"00000")) | L142: =IF($C142="","",IF($D142="Gider",$E142,$H142)) | M142: =IF($C142="","",IF($D142="Gider",$H142,$E142)) | N142: =IF($C142="","",DATE(YEAR($C142),MONTH($C142),1)) | O142: =IF($C142="","",IF(AND($D142<>"",$E142<>"",$G142>0,$H142<>"",$I142<>""),IF($C142>TODAY(),"İLERİ TARİH","UYGUN"),"EKSİK"))
B143: =IF($C143="","","GG"&TEXT(ROW()-6,"00000")) | L143: =IF($C143="","",IF($D143="Gider",$E143,$H143)) | M143: =IF($C143="","",IF($D143="Gider",$H143,$E143)) | N143: =IF($C143="","",DATE(YEAR($C143),MONTH($C143),1)) | O143: =IF($C143="","",IF(AND($D143<>"",$E143<>"",$G143>0,$H143<>"",$I143<>""),IF($C143>TODAY(),"İLERİ TARİH","UYGUN"),"EKSİK"))
B144: =IF($C144="","","GG"&TEXT(ROW()-6,"00000")) | L144: =IF($C144="","",IF($D144="Gider",$E144,$H144)) | M144: =IF($C144="","",IF($D144="Gider",$H144,$E144)) | N144: =IF($C144="","",DATE(YEAR($C144),MONTH($C144),1)) | O144: =IF($C144="","",IF(AND($D144<>"",$E144<>"",$G144>0,$H144<>"",$I144<>""),IF($C144>TODAY(),"İLERİ TARİH","UYGUN"),"EKSİK"))
B145: =IF($C145="","","GG"&TEXT(ROW()-6,"00000")) | L145: =IF($C145="","",IF($D145="Gider",$E145,$H145)) | M145: =IF($C145="","",IF($D145="Gider",$H145,$E145)) | N145: =IF($C145="","",DATE(YEAR($C145),MONTH($C145),1)) | O145: =IF($C145="","",IF(AND($D145<>"",$E145<>"",$G145>0,$H145<>"",$I145<>""),IF($C145>TODAY(),"İLERİ TARİH","UYGUN"),"EKSİK"))
B146: =IF($C146="","","GG"&TEXT(ROW()-6,"00000")) | L146: =IF($C146="","",IF($D146="Gider",$E146,$H146)) | M146: =IF($C146="","",IF($D146="Gider",$H146,$E146)) | N146: =IF($C146="","",DATE(YEAR($C146),MONTH($C146),1)) | O146: =IF($C146="","",IF(AND($D146<>"",$E146<>"",$G146>0,$H146<>"",$I146<>""),IF($C146>TODAY(),"İLERİ TARİH","UYGUN"),"EKSİK"))
B147: =IF($C147="","","GG"&TEXT(ROW()-6,"00000")) | L147: =IF($C147="","",IF($D147="Gider",$E147,$H147)) | M147: =IF($C147="","",IF($D147="Gider",$H147,$E147)) | N147: =IF($C147="","",DATE(YEAR($C147),MONTH($C147),1)) | O147: =IF($C147="","",IF(AND($D147<>"",$E147<>"",$G147>0,$H147<>"",$I147<>""),IF($C147>TODAY(),"İLERİ TARİH","UYGUN"),"EKSİK"))
B148: =IF($C148="","","GG"&TEXT(ROW()-6,"00000")) | L148: =IF($C148="","",IF($D148="Gider",$E148,$H148)) | M148: =IF($C148="","",IF($D148="Gider",$H148,$E148)) | N148: =IF($C148="","",DATE(YEAR($C148),MONTH($C148),1)) | O148: =IF($C148="","",IF(AND($D148<>"",$E148<>"",$G148>0,$H148<>"",$I148<>""),IF($C148>TODAY(),"İLERİ TARİH","UYGUN"),"EKSİK"))
B149: =IF($C149="","","GG"&TEXT(ROW()-6,"00000")) | L149: =IF($C149="","",IF($D149="Gider",$E149,$H149)) | M149: =IF($C149="","",IF($D149="Gider",$H149,$E149)) | N149: =IF($C149="","",DATE(YEAR($C149),MONTH($C149),1)) | O149: =IF($C149="","",IF(AND($D149<>"",$E149<>"",$G149>0,$H149<>"",$I149<>""),IF($C149>TODAY(),"İLERİ TARİH","UYGUN"),"EKSİK"))
B150: =IF($C150="","","GG"&TEXT(ROW()-6,"00000")) | L150: =IF($C150="","",IF($D150="Gider",$E150,$H150)) | M150: =IF($C150="","",IF($D150="Gider",$H150,$E150)) | N150: =IF($C150="","",DATE(YEAR($C150),MONTH($C150),1)) | O150: =IF($C150="","",IF(AND($D150<>"",$E150<>"",$G150>0,$H150<>"",$I150<>""),IF($C150>TODAY(),"İLERİ TARİH","UYGUN"),"EKSİK"))
B151: =IF($C151="","","GG"&TEXT(ROW()-6,"00000")) | L151: =IF($C151="","",IF($D151="Gider",$E151,$H151)) | M151: =IF($C151="","",IF($D151="Gider",$H151,$E151)) | N151: =IF($C151="","",DATE(YEAR($C151),MONTH($C151),1)) | O151: =IF($C151="","",IF(AND($D151<>"",$E151<>"",$G151>0,$H151<>"",$I151<>""),IF($C151>TODAY(),"İLERİ TARİH","UYGUN"),"EKSİK"))
... B1206: =IF($C1206="","","GG"&TEXT(ROW()-6,"00000")) | L1206: =IF($C1206="","",IF($D1206="Gider",$E1206,$H1206)) | M1206: =IF($C1206="","",IF($D1206="Gider",$H1206,$E1206)) | N1206: =IF($C1206="","",DATE(YEAR($C1206),MONTH($C1206),1)) | O1206: =IF($C1206="","",IF(AND($D1206<>"",$E1206<>"",$G1206>0,$H1206<>"",$I1206<>""),IF($C1206>TODAY(),"İLERİ TARİH","UYGUN"),"EKSİK"))

Sheet VIRMAN
A1: KILIÇ MUHASEBE │ KASA / BANKA ARASI VİRMAN
A2: Hesaplar arası para geçişi gelir veya gider değildir │ Toplam nakit değişmez
B4: =HYPERLINK("#PANO!A1","← PANO") | D4: =HYPERLINK("#HESAPLAR!A1","Hesaplar") | F4: Sarı hücreler veri girişidir. Beyaz hücreler sistem tarafından hesaplanır ve kilitlidir. Çıkan ve giren hesap aynı olamaz.
C5: TOPLAM │ Virman hacmi | F5: =SUM($F$7:$F$406)
B6: İşlem No | C6: Tarih | D6: Para Çıkan Hesap | E6: Para Giren Hesap | F6: Tutar | G6: Açıklama | H6: Belge No | I6: İşlemi Giren | J6: Sistem Kontrolü
B7: =IF($C7="","","V"&TEXT(ROW()-6,"00000")) | C7: 46137 | D7: Merkez Kasa | E7: ÖMER KARTAL | F7: 20000 | G7: Damla Sabancı Havale ( Ömer ) | J7: =IF($C7="","",IF(AND($D7<>"",$E7<>"",$D7<>$E7,$F7>0),"UYGUN","HATA"))
B8: =IF($C8="","","V"&TEXT(ROW()-6,"00000")) | C8: 46144 | D8: Merkez Kasa | E8: ÖMER KARTAL | F8: 1000 | G8: Ömer Nakit Ödenen ATO | J8: =IF($C8="","",IF(AND($D8<>"",$E8<>"",$D8<>$E8,$F8>0),"UYGUN","HATA"))
B9: =IF($C9="","","V"&TEXT(ROW()-6,"00000")) | C9: 46173 | D9: Merkez Kasa | E9: ÖMER KARTAL | F9: 17000 | G9: Ömer Nakit Ödenen | J9: =IF($C9="","",IF(AND($D9<>"",$E9<>"",$D9<>$E9,$F9>0),"UYGUN","HATA"))
B10: =IF($C10="","","V"&TEXT(ROW()-6,"00000")) | C10: 46241 | D10: MERKEZ KASA | E10: Banka Ortak 1 | F10: 3000 | G10: TEST – kasadan bankaya | J10: =IF($C10="","",IF(AND($D10<>"",$E10<>"",$D10<>$E10,$F10>0),"UYGUN","HATA"))
B11: =IF($C11="","","V"&TEXT(ROW()-6,"00000")) | J11: =IF($C11="","",IF(AND($D11<>"",$E11<>"",$D11<>$E11,$F11>0),"UYGUN","HATA"))
B12: =IF($C12="","","V"&TEXT(ROW()-6,"00000")) | J12: =IF($C12="","",IF(AND($D12<>"",$E12<>"",$D12<>$E12,$F12>0),"UYGUN","HATA"))
B13: =IF($C13="","","V"&TEXT(ROW()-6,"00000")) | J13: =IF($C13="","",IF(AND($D13<>"",$E13<>"",$D13<>$E13,$F13>0),"UYGUN","HATA"))
B14: =IF($C14="","","V"&TEXT(ROW()-6,"00000")) | J14: =IF($C14="","",IF(AND($D14<>"",$E14<>"",$D14<>$E14,$F14>0),"UYGUN","HATA"))
B15: =IF($C15="","","V"&TEXT(ROW()-6,"00000")) | J15: =IF($C15="","",IF(AND($D15<>"",$E15<>"",$D15<>$E15,$F15>0),"UYGUN","HATA"))
B16: =IF($C16="","","V"&TEXT(ROW()-6,"00000")) | J16: =IF($C16="","",IF(AND($D16<>"",$E16<>"",$D16<>$E16,$F16>0),"UYGUN","HATA"))
B17: =IF($C17="","","V"&TEXT(ROW()-6,"00000")) | J17: =IF($C17="","",IF(AND($D17<>"",$E17<>"",$D17<>$E17,$F17>0),"UYGUN","HATA"))
B18: =IF($C18="","","V"&TEXT(ROW()-6,"00000")) | J18: =IF($C18="","",IF(AND($D18<>"",$E18<>"",$D18<>$E18,$F18>0),"UYGUN","HATA"))
B19: =IF($C19="","","V"&TEXT(ROW()-6,"00000")) | J19: =IF($C19="","",IF(AND($D19<>"",$E19<>"",$D19<>$E19,$F19>0),"UYGUN","HATA"))
B20: =IF($C20="","","V"&TEXT(ROW()-6,"00000")) | J20: =IF($C20="","",IF(AND($D20<>"",$E20<>"",$D20<>$E20,$F20>0),"UYGUN","HATA"))
B21: =IF($C21="","","V"&TEXT(ROW()-6,"00000")) | J21: =IF($C21="","",IF(AND($D21<>"",$E21<>"",$D21<>$E21,$F21>0),"UYGUN","HATA"))
B22: =IF($C22="","","V"&TEXT(ROW()-6,"00000")) | J22: =IF($C22="","",IF(AND($D22<>"",$E22<>"",$D22<>$E22,$F22>0),"UYGUN","HATA"))
... B406: =IF($C406="","","V"&TEXT(ROW()-6,"00000")) | J406: =IF($C406="","",IF(AND($D406<>"",$E406<>"",$D406<>$E406,$F406>0),"UYGUN","HATA"))

Sheet AKTIVITE
A1: KILIÇ MUHASEBE │ MÜŞTERİ AKTİVİTESİ │ İşLER VE GÖRÜŞMELER
A2: Beyanname, bildirim, telefon, toplantı │ Her kayıt son tarih ve sonraki adım üretir
B4: =HYPERLINK("#PANO!A1","← PANO") | D4: =HYPERLINK("#MUSTERILER!A1","Müşteriler") | F4: Sarı hücreler veri girişidir. Beyaz hücreler sistem tarafından hesaplanır ve kilitlidir. Tür = Görüşme seçildiğinde Sonraki İşlem zorunludur.
C5: TOPLAM │ Açık iş ve gecikmiş uyarı | Q5: =COUNTIF($Q$7:$Q$1006,"GECİKMİŞ")
B6: Kayıt No | C6: Tür | D6: Müşteri No | E6: Müşteri (listeden seçin) | F6: Konu / İş Türü | G6: Dönem | H6: Kayıt Tarihi | I6: Son Tarih / Sonraki Temas | J6: Durum | K6: Öncelik | L6: Sorumlu Kişi | M6: Sonuç / Not | N6: Sonraki İşlem | O6: Tamamlanma | P6: Kalan Gün | Q6: Uyarı
B7: =IF($E7="","","A"&TEXT(ROW()-6,"00000")) | C7: İş | D7: =IF($E7="","",IFERROR(INDEX(MUSTERILER!$B$7:$B$106,MATCH($E7,MUSTERILER!$C$7:$C$106,0)),IFERROR(INDEX(MUSTERILER!$B$7:$B$106,MATCH($E7,MUSTERILER!$B$7:$B$106,0)),IFERROR(INDEX(MUSTERILER!$B$7:$B$106,MATCH($E7&"*",MUSTERILER!$C$7:$C$106,0)),"TANIMSIZ MÜŞTERİ")))) | E7: TEST HAFTALIK A.Ş. | F7: TEST – KDV beyannamesi | G7: 2026/07 | H7: 46235 | I7: 46244 | J7: Planlandı | K7: Yüksek | P7: =IF(OR($E7="",$I7=""),"",IF(OR($J7="Tamamlandı",$J7="İptal"),"",$I7-TODAY())) | Q7: =IF($E7="","",IF($D7="TANIMSIZ MÜŞTERİ","HATA",IF(OR($J7="Tamamlandı",$J7="İptal"),"KAPALI",IF(AND($C7="Görüşme",$N7=""),"SONRAKİ İŞLEM EKSİK",IF($I7="","TARİH EKSİK",IF($I7<TODAY(),"GECİKMİŞ",IF($I7=TODAY(),"BUGÜN",IF($I7<=TODAY()+7,"7 GÜN İÇİNDE","PLANLI"))))))))
B8: =IF($E8="","","A"&TEXT(ROW()-6,"00000")) | C8: Görüşme | D8: =IF($E8="","",IFERROR(INDEX(MUSTERILER!$B$7:$B$106,MATCH($E8,MUSTERILER!$C$7:$C$106,0)),IFERROR(INDEX(MUSTERILER!$B$7:$B$106,MATCH($E8,MUSTERILER!$B$7:$B$106,0)),IFERROR(INDEX(MUSTERILER!$B$7:$B$106,MATCH($E8&"*",MUSTERILER!$C$7:$C$106,0)),"TANIMSIZ MÜŞTERİ")))) | E8: TEST AYLIK LTD. | F8: TEST – tahsilat görüşmesi | H8: 46254 | I8: 46259 | J8: Devam Ediyor | K8: Orta | N8: TEST – hatırlatma gönderilecek | P8: =IF(OR($E8="",$I8=""),"",IF(OR($J8="Tamamlandı",$J8="İptal"),"",$I8-TODAY())) | Q8: =IF($E8="","",IF($D8="TANIMSIZ MÜŞTERİ","HATA",IF(OR($J8="Tamamlandı",$J8="İptal"),"KAPALI",IF(AND($C8="Görüşme",$N8=""),"SONRAKİ İŞLEM EKSİK",IF($I8="","TARİH EKSİK",IF($I8<TODAY(),"GECİKMİŞ",IF($I8=TODAY(),"BUGÜN",IF($I8<=TODAY()+7,"7 GÜN İÇİNDE","PLANLI"))))))))
B9: =IF($E9="","","A"&TEXT(ROW()-6,"00000")) | D9: =IF($E9="","",IFERROR(INDEX(MUSTERILER!$B$7:$B$106,MATCH($E9,MUSTERILER!$C$7:$C$106,0)),IFERROR(INDEX(MUSTERILER!$B$7:$B$106,MATCH($E9,MUSTERILER!$B$7:$B$106,0)),IFERROR(INDEX(MUSTERILER!$B$7:$B$106,MATCH($E9&"*",MUSTERILER!$C$7:$C$106,0)),"TANIMSIZ MÜŞTERİ")))) | P9: =IF(OR($E9="",$I9=""),"",IF(OR($J9="Tamamlandı",$J9="İptal"),"",$I9-TODAY())) | Q9: =IF($E9="","",IF($D9="TANIMSIZ MÜŞTERİ","HATA",IF(OR($J9="Tamamlandı",$J9="İptal"),"KAPALI",IF(AND($C9="Görüşme",$N9=""),"SONRAKİ İŞLEM EKSİK",IF($I9="","TARİH EKSİK",IF($I9<TODAY(),"GECİKMİŞ",IF($I9=TODAY(),"BUGÜN",IF($I9<=TODAY()+7,"7 GÜN İÇİNDE","PLANLI"))))))))
B10: =IF($E10="","","A"&TEXT(ROW()-6,"00000")) | D10: =IF($E10="","",IFERROR(INDEX(MUSTERILER!$B$7:$B$106,MATCH($E10,MUSTERILER!$C$7:$C$106,0)),IFERROR(INDEX(MUSTERILER!$B$7:$B$106,MATCH($E10,MUSTERILER!$B$7:$B$106,0)),IFERROR(INDEX(MUSTERILER!$B$7:$B$106,MATCH($E10&"*",MUSTERILER!$C$7:$C$106,0)),"TANIMSIZ MÜŞTERİ")))) | P10: =IF(OR($E10="",$I10=""),"",IF(OR($J10="Tamamlandı",$J10="İptal"),"",$I10-TODAY())) | Q10: =IF($E10="","",IF($D10="TANIMSIZ MÜŞTERİ","HATA",IF(OR($J10="Tamamlandı",$J10="İptal"),"KAPALI",IF(AND($C10="Görüşme",$N10=""),"SONRAKİ İŞLEM EKSİK",IF($I10="","TARİH EKSİK",IF($I10<TODAY(),"GECİKMİŞ",IF($I10=TODAY(),"BUGÜN",IF($I10<=TODAY()+7,"7 GÜN İÇİNDE","PLANLI"))))))))
B11: =IF($E11="","","A"&TEXT(ROW()-6,"00000")) | D11: =IF($E11="","",IFERROR(INDEX(MUSTERILER!$B$7:$B$106,MATCH($E11,MUSTERILER!$C$7:$C$106,0)),IFERROR(INDEX(MUSTERILER!$B$7:$B$106,MATCH($E11,MUSTERILER!$B$7:$B$106,0)),IFERROR(INDEX(MUSTERILER!$B$7:$B$106,MATCH($E11&"*",MUSTERILER!$C$7:$C$106,0)),"TANIMSIZ MÜŞTERİ")))) | P11: =IF(OR($E11="",$I11=""),"",IF(OR($J11="Tamamlandı",$J11="İptal"),"",$I11-TODAY())) | Q11: =IF($E11="","",IF($D11="TANIMSIZ MÜŞTERİ","HATA",IF(OR($J11="Tamamlandı",$J11="İptal"),"KAPALI",IF(AND($C11="Görüşme",$N11=""),"SONRAKİ İŞLEM EKSİK",IF($I11="","TARİH EKSİK",IF($I11<TODAY(),"GECİKMİŞ",IF($I11=TODAY(),"BUGÜN",IF($I11<=TODAY()+7,"7 GÜN İÇİNDE","PLANLI"))))))))
B12: =IF($E12="","","A"&TEXT(ROW()-6,"00000")) | D12: =IF($E12="","",IFERROR(INDEX(MUSTERILER!$B$7:$B$106,MATCH($E12,MUSTERILER!$C$7:$C$106,0)),IFERROR(INDEX(MUSTERILER!$B$7:$B$106,MATCH($E12,MUSTERILER!$B$7:$B$106,0)),IFERROR(INDEX(MUSTERILER!$B$7:$B$106,MATCH($E12&"*",MUSTERILER!$C$7:$C$106,0)),"TANIMSIZ MÜŞTERİ")))) | P12: =IF(OR($E12="",$I12=""),"",IF(OR($J12="Tamamlandı",$J12="İptal"),"",$I12-TODAY())) | Q12: =IF($E12="","",IF($D12="TANIMSIZ MÜŞTERİ","HATA",IF(OR($J12="Tamamlandı",$J12="İptal"),"KAPALI",IF(AND($C12="Görüşme",$N12=""),"SONRAKİ İŞLEM EKSİK",IF($I12="","TARİH EKSİK",IF($I12<TODAY(),"GECİKMİŞ",IF($I12=TODAY(),"BUGÜN",IF($I12<=TODAY()+7,"7 GÜN İÇİNDE","PLANLI"))))))))
B13: =IF($E13="","","A"&TEXT(ROW()-6,"00000")) | D13: =IF($E13="","",IFERROR(INDEX(MUSTERILER!$B$7:$B$106,MATCH($E13,MUSTERILER!$C$7:$C$106,0)),IFERROR(INDEX(MUSTERILER!$B$7:$B$106,MATCH($E13,MUSTERILER!$B$7:$B$106,0)),IFERROR(INDEX(MUSTERILER!$B$7:$B$106,MATCH($E13&"*",MUSTERILER!$C$7:$C$106,0)),"TANIMSIZ MÜŞTERİ")))) | P13: =IF(OR($E13="",$I13=""),"",IF(OR($J13="Tamamlandı",$J13="İptal"),"",$I13-TODAY())) | Q13: =IF($E13="","",IF($D13="TANIMSIZ MÜŞTERİ","HATA",IF(OR($J13="Tamamlandı",$J13="İptal"),"KAPALI",IF(AND($C13="Görüşme",$N13=""),"SONRAKİ İŞLEM EKSİK",IF($I13="","TARİH EKSİK",IF($I13<TODAY(),"GECİKMİŞ",IF($I13=TODAY(),"BUGÜN",IF($I13<=TODAY()+7,"7 GÜN İÇİNDE","PLANLI"))))))))
B14: =IF($E14="","","A"&TEXT(ROW()-6,"00000")) | D14: =IF($E14="","",IFERROR(INDEX(MUSTERILER!$B$7:$B$106,MATCH($E14,MUSTERILER!$C$7:$C$106,0)),IFERROR(INDEX(MUSTERILER!$B$7:$B$106,MATCH($E14,MUSTERILER!$B$7:$B$106,0)),IFERROR(INDEX(MUSTERILER!$B$7:$B$106,MATCH($E14&"*",MUSTERILER!$C$7:$C$106,0)),"TANIMSIZ MÜŞTERİ")))) | P14: =IF(OR($E14="",$I14=""),"",IF(OR($J14="Tamamlandı",$J14="İptal"),"",$I14-TODAY())) | Q14: =IF($E14="","",IF($D14="TANIMSIZ MÜŞTERİ","HATA",IF(OR($J14="Tamamlandı",$J14="İptal"),"KAPALI",IF(AND($C14="Görüşme",$N14=""),"SONRAKİ İŞLEM EKSİK",IF($I14="","TARİH EKSİK",IF($I14<TODAY(),"GECİKMİŞ",IF($I14=TODAY(),"BUGÜN",IF($I14<=TODAY()+7,"7 GÜN İÇİNDE","PLANLI"))))))))
B15: =IF($E15="","","A"&TEXT(ROW()-6,"00000")) | D15: =IF($E15="","",IFERROR(INDEX(MUSTERILER!$B$7:$B$106,MATCH($E15,MUSTERILER!$C$7:$C$106,0)),IFERROR(INDEX(MUSTERILER!$B$7:$B$106,MATCH($E15,MUSTERILER!$B$7:$B$106,0)),IFERROR(INDEX(MUSTERILER!$B$7:$B$106,MATCH($E15&"*",MUSTERILER!$C$7:$C$106,0)),"TANIMSIZ MÜŞTERİ")))) | P15: =IF(OR($E15="",$I15=""),"",IF(OR($J15="Tamamlandı",$J15="İptal"),"",$I15-TODAY())) | Q15: =IF($E15="","",IF($D15="TANIMSIZ MÜŞTERİ","HATA",IF(OR($J15="Tamamlandı",$J15="İptal"),"KAPALI",IF(AND($C15="Görüşme",$N15=""),"SONRAKİ İŞLEM EKSİK",IF($I15="","TARİH EKSİK",IF($I15<TODAY(),"GECİKMİŞ",IF($I15=TODAY(),"BUGÜN",IF($I15<=TODAY()+7,"7 GÜN İÇİNDE","PLANLI"))))))))
B16: =IF($E16="","","A"&TEXT(ROW()-6,"00000")) | D16: =IF($E16="","",IFERROR(INDEX(MUSTERILER!$B$7:$B$106,MATCH($E16,MUSTERILER!$C$7:$C$106,0)),IFERROR(INDEX(MUSTERILER!$B$7:$B$106,MATCH($E16,MUSTERILER!$B$7:$B$106,0)),IFERROR(INDEX(MUSTERILER!$B$7:$B$106,MATCH($E16&"*",MUSTERILER!$C$7:$C$106,0)),"TANIMSIZ MÜŞTERİ")))) | P16: =IF(OR($E16="",$I16=""),"",IF(OR($J16="Tamamlandı",$J16="İptal"),"",$I16-TODAY())) | Q16: =IF($E16="","",IF($D16="TANIMSIZ MÜŞTERİ","HATA",IF(OR($J16="Tamamlandı",$J16="İptal"),"KAPALI",IF(AND($C16="Görüşme",$N16=""),"SONRAKİ İŞLEM EKSİK",IF($I16="","TARİH EKSİK",IF($I16<TODAY(),"GECİKMİŞ",IF($I16=TODAY(),"BUGÜN",IF($I16<=TODAY()+7,"7 GÜN İÇİNDE","PLANLI"))))))))
B17: =IF($E17="","","A"&TEXT(ROW()-6,"00000")) | D17: =IF($E17="","",IFERROR(INDEX(MUSTERILER!$B$7:$B$106,MATCH($E17,MUSTERILER!$C$7:$C$106,0)),IFERROR(INDEX(MUSTERILER!$B$7:$B$106,MATCH($E17,MUSTERILER!$B$7:$B$106,0)),IFERROR(INDEX(MUSTERILER!$B$7:$B$106,MATCH($E17&"*",MUSTERILER!$C$7:$C$106,0)),"TANIMSIZ MÜŞTERİ")))) | P17: =IF(OR($E17="",$I17=""),"",IF(OR($J17="Tamamlandı",$J17="İptal"),"",$I17-TODAY())) | Q17: =IF($E17="","",IF($D17="TANIMSIZ MÜŞTERİ","HATA",IF(OR($J17="Tamamlandı",$J17="İptal"),"KAPALI",IF(AND($C17="Görüşme",$N17=""),"SONRAKİ İŞLEM EKSİK",IF($I17="","TARİH EKSİK",IF($I17<TODAY(),"GECİKMİŞ",IF($I17=TODAY(),"BUGÜN",IF($I17<=TODAY()+7,"7 GÜN İÇİNDE","PLANLI"))))))))
B18: =IF($E18="","","A"&TEXT(ROW()-6,"00000")) | D18: =IF($E18="","",IFERROR(INDEX(MUSTERILER!$B$7:$B$106,MATCH($E18,MUSTERILER!$C$7:$C$106,0)),IFERROR(INDEX(MUSTERILER!$B$7:$B$106,MATCH($E18,MUSTERILER!$B$7:$B$106,0)),IFERROR(INDEX(MUSTERILER!$B$7:$B$106,MATCH($E18&"*",MUSTERILER!$C$7:$C$106,0)),"TANIMSIZ MÜŞTERİ")))) | P18: =IF(OR($E18="",$I18=""),"",IF(OR($J18="Tamamlandı",$J18="İptal"),"",$I18-TODAY())) | Q18: =IF($E18="","",IF($D18="TANIMSIZ MÜŞTERİ","HATA",IF(OR($J18="Tamamlandı",$J18="İptal"),"KAPALI",IF(AND($C18="Görüşme",$N18=""),"SONRAKİ İŞLEM EKSİK",IF($I18="","TARİH EKSİK",IF($I18<TODAY(),"GECİKMİŞ",IF($I18=TODAY(),"BUGÜN",IF($I18<=TODAY()+7,"7 GÜN İÇİNDE","PLANLI"))))))))
B19: =IF($E19="","","A"&TEXT(ROW()-6,"00000")) | D19: =IF($E19="","",IFERROR(INDEX(MUSTERILER!$B$7:$B$106,MATCH($E19,MUSTERILER!$C$7:$C$106,0)),IFERROR(INDEX(MUSTERILER!$B$7:$B$106,MATCH($E19,MUSTERILER!$B$7:$B$106,0)),IFERROR(INDEX(MUSTERILER!$B$7:$B$106,MATCH($E19&"*",MUSTERILER!$C$7:$C$106,0)),"TANIMSIZ MÜŞTERİ")))) | P19: =IF(OR($E19="",$I19=""),"",IF(OR($J19="Tamamlandı",$J19="İptal"),"",$I19-TODAY())) | Q19: =IF($E19="","",IF($D19="TANIMSIZ MÜŞTERİ","HATA",IF(OR($J19="Tamamlandı",$J19="İptal"),"KAPALI",IF(AND($C19="Görüşme",$N19=""),"SONRAKİ İŞLEM EKSİK",IF($I19="","TARİH EKSİK",IF($I19<TODAY(),"GECİKMİŞ",IF($I19=TODAY(),"BUGÜN",IF($I19<=TODAY()+7,"7 GÜN İÇİNDE","PLANLI"))))))))
B20: =IF($E20="","","A"&TEXT(ROW()-6,"00000")) | D20: =IF($E20="","",IFERROR(INDEX(MUSTERILER!$B$7:$B$106,MATCH($E20,MUSTERILER!$C$7:$C$106,0)),IFERROR(INDEX(MUSTERILER!$B$7:$B$106,MATCH($E20,MUSTERILER!$B$7:$B$106,0)),IFERROR(INDEX(MUSTERILER!$B$7:$B$106,MATCH($E20&"*",MUSTERILER!$C$7:$C$106,0)),"TANIMSIZ MÜŞTERİ")))) | P20: =IF(OR($E20="",$I20=""),"",IF(OR($J20="Tamamlandı",$J20="İptal"),"",$I20-TODAY())) | Q20: =IF($E20="","",IF($D20="TANIMSIZ MÜŞTERİ","HATA",IF(OR($J20="Tamamlandı",$J20="İptal"),"KAPALI",IF(AND($C20="Görüşme",$N20=""),"SONRAKİ İŞLEM EKSİK",IF($I20="","TARİH EKSİK",IF($I20<TODAY(),"GECİKMİŞ",IF($I20=TODAY(),"BUGÜN",IF($I20<=TODAY()+7,"7 GÜN İÇİNDE","PLANLI"))))))))
... B1006: =IF($E1006="","","A"&TEXT(ROW()-6,"00000")) | D1006: =IF($E1006="","",IFERROR(INDEX(MUSTERILER!$B$7:$B$106,MATCH($E1006,MUSTERILER!$C$7:$C$106,0)),IFERROR(INDEX(MUSTERILER!$B$7:$B$106,MATCH($E1006,MUSTERILER!$B$7:$B$106,0)),IFERROR(INDEX(MUSTERILER!$B$7:$B$106,MATCH($E1006&"*",MUSTERILER!$C$7:$C$106,0)),"TANIMSIZ MÜŞTERİ")))) | P1006: =IF(OR($E1006="",$I1006=""),"",IF(OR($J1006="Tamamlandı",$J1006="İptal"),"",$I1006-TODAY())) | Q1006: =IF($E1006="","",IF($D1006="TANIMSIZ MÜŞTERİ","HATA",IF(OR($J1006="Tamamlandı",$J1006="İptal"),"KAPALI",IF(AND($C1006="Görüşme",$N1006=""),"SONRAKİ İŞLEM EKSİK",IF($I1006="","TARİH EKSİK",IF($I1006<TODAY(),"GECİKMİŞ",IF($I1006=TODAY(),"BUGÜN",IF($I1006<=TODAY()+7,"7 GÜN İÇİNDE","PLANLI"))))))))

Sheet MUSTERI_360
A1: KILIÇ MUHASEBE │ MÜŞTERİ 360 │ CARİ, YAŞLANDIRMA VE TAHAKKUK
A2: Bu ekrana veri girilmez │ Tüm değerler müşteri, ücret ve tahsilat kayıtlarından hesaplanır
B4: =HYPERLINK("#PANO!A1","← PANO") | D4: =HYPERLINK("#TAHSILAT!A1","Tahsilat") | F4: =HYPERLINK("#UCRETLER!A1","Ücret Dönemleri") | H4: Sarı hücreler veri girişidir. Beyaz hücreler sistem tarafından hesaplanır ve kilitlidir. Yaşlandırma en eski borçtan kapatma esasına göre hesaplanır.
C5: TOPLAM │ Portföy | D5: =SUM(D7:D106) | E5: =SUM(E7:E106) | F5: =SUM(F7:F106) | G5: =SUM(G7:G106) | H5: =SUM(H7:H106) | I5: =SUM(I7:I106) | J5: =SUM(J7:J106) | K5: =SUM(K7:K106) | ... N5: =SUM(N7:N106) | O5: =IFERROR($I$5/$H$5,0)
B6: Müşteri No | C6: Müşteri | D6: Haftalık Ücret | E6: Aylık Ücret | F6: Devir Alacağı | G6: Yeni Tahakkuk | H6: Toplam Borç | I6: Toplam Tahsilat | J6: Cari Bakiye | K6: 0–7 Gün | L6: 8–14 Gün | M6: 15–28 Gün | N6: 29+ Gün | O6: Tahsilat Oranı | P6: Son Tahsilat | Q6: Borç Durumu | R6: Önerilen İşlem | S6: Açık İş | T6: Devir Tarihi | U6: Devir Yaşı (gün) | V6: Kontrol
B7: =IF(MUSTERILER!$C7="","",MUSTERILER!$B7) | C7: =IF(MUSTERILER!$C7="","",MUSTERILER!$C7) | D7: =IF($B7="","",SUMIFS(UCRETLER!$G$7:$G$406,UCRETLER!$B$7:$B$406,$B7,UCRETLER!$F$7:$F$406,"Haftalık",UCRETLER!$H$7:$H$406,"Aktif")) | E7: =IF($B7="","",SUMIFS(UCRETLER!$G$7:$G$406,UCRETLER!$B$7:$B$406,$B7,UCRETLER!$F$7:$F$406,"Aylık",UCRETLER!$H$7:$H$406,"Aktif")) | F7: =IF($B7="","",SUMIFS(MUSTERILER!$J$7:$J$106,MUSTERILER!$B$7:$B$106,$B7)) | G7: =IF($B7="","",SUMIFS(UCRETLER!$I$7:$I$406,UCRETLER!$B$7:$B$406,$B7)) | H7: =IF($B7="","",$F7+$G7) | I7: =IF($B7="","",SUMIFS(TAHSILAT!$F$7:$F$1506,TAHSILAT!$C$7:$C$1506,$B7)) | J7: =IF($B7="","",MAX(0,$H7-$I7)) | K7: =IF($B7="","",MAX(0,$J7-$L7-$M7-$N7)) | L7: =IF($B7="","",($AC7-$AD7)+IF(AND($AB7>0,$T7<>"",$U7>=8,$U7<15),$AB7,0)) | M7: =IF($B7="","",($AD7-$AE7)+IF(AND($AB7>0,$T7<>"",$U7>=15,$U7<29),$AB7,0)) | N7: =IF($B7="","",$AE7+IF(AND($AB7>0,OR($T7="",$U7>=29)),$AB7,0)) | O7: =IF($B7="","",IFERROR($I7/$H7,0)) | P7: =IF($B7="","",IFERROR(LOOKUP(2,1/(TAHSILAT!$C$7:$C$1506=$B7),TAHSILAT!$E$7:$E$1506),"")) | Q7: =IF($B7="","",IF($N7>0,"KRİTİK",IF($M7>0,"YÜKSEK",IF($L7>0,"ORTA",IF($J7>0,"İZLE","TEMİZ"))))) | R7: =IF($B7="","",IF($Q7="KRİTİK","Acil tahsilat görüşmesi ve cari mutabakat",IF($Q7="YÜKSEK","Bu hafta tahsilat takibi",IF($Q7="ORTA","Hatırlatma mesajı gönder",IF($Q7="İZLE","Normal takip","Aksiyon gerekmiyor"))))) | S7: =IF($B7="","",COUNTIFS(AKTIVITE!$D$7:$D$1006,$B7,AKTIVITE!$J$7:$J$1006,"<>Tamamlandı")) | T7: =IF($B7="","",IF(MUSTERILER!$K7="","",MUSTERILER!$K7)) | U7: =IF(OR($B7="",$T7=""),"",TODAY()-$T7) | V7: =IF($B7="","",IF(ABS($J7-($K7+$L7+$M7+$N7))<0.01,"UYGUN","İNCELE")) | X7: =IF($B7="",0,SUMIFS(UCRETLER!$J$7:$J$406,UCRETLER!$B$7:$B$406,$B7)) | Y7: =IF($B7="",0,SUMIFS(UCRETLER!$K$7:$K$406,UCRETLER!$B$7:$B$406,$B7)) | Z7: =IF($B7="",0,SUMIFS(UCRETLER!$L$7:$L$406,UCRETLER!$B$7:$B$406,$B7)) | AA7: =IF($B7="",0,MAX(0,$I7-$F7)) | AB7: =IF($B7="",0,MAX(0,$F7-$I7)) | AC7: =IF($B7="",0,MAX(0,$X7-$AA7)) | AD7: =IF($B7="",0,MAX(0,$Y7-$AA7)) | AE7: =IF($B7="",0,MAX(0,$Z7-$AA7))
B8: =IF(MUSTERILER!$C8="","",MUSTERILER!$B8) | C8: =IF(MUSTERILER!$C8="","",MUSTERILER!$C8) | D8: =IF($B8="","",SUMIFS(UCRETLER!$G$7:$G$406,UCRETLER!$B$7:$B$406,$B8,UCRETLER!$F$7:$F$406,"Haftalık",UCRETLER!$H$7:$H$406,"Aktif")) | E8: =IF($B8="","",SUMIFS(UCRETLER!$G$7:$G$406,UCRETLER!$B$7:$B$406,$B8,UCRETLER!$F$7:$F$406,"Aylık",UCRETLER!$H$7:$H$406,"Aktif")) | F8: =IF($B8="","",SUMIFS(MUSTERILER!$J$7:$J$106,MUSTERILER!$B$7:$B$106,$B8)) | G8: =IF($B8="","",SUMIFS(UCRETLER!$I$7:$I$406,UCRETLER!$B$7:$B$406,$B8)) | H8: =IF($B8="","",$F8+$G8) | I8: =IF($B8="","",SUMIFS(TAHSILAT!$F$7:$F$1506,TAHSILAT!$C$7:$C$1506,$B8)) | J8: =IF($B8="","",MAX(0,$H8-$I8)) | K8: =IF($B8="","",MAX(0,$J8-$L8-$M8-$N8)) | L8: =IF($B8="","",($AC8-$AD8)+IF(AND($AB8>0,$T8<>"",$U8>=8,$U8<15),$AB8,0)) | M8: =IF($B8="","",($AD8-$AE8)+IF(AND($AB8>0,$T8<>"",$U8>=15,$U8<29),$AB8,0)) | N8: =IF($B8="","",$AE8+IF(AND($AB8>0,OR($T8="",$U8>=29)),$AB8,0)) | O8: =IF($B8="","",IFERROR($I8/$H8,0)) | P8: =IF($B8="","",IFERROR(LOOKUP(2,1/(TAHSILAT!$C$7:$C$1506=$B8),TAHSILAT!$E$7:$E$1506),"")) | Q8: =IF($B8="","",IF($N8>0,"KRİTİK",IF($M8>0,"YÜKSEK",IF($L8>0,"ORTA",IF($J8>0,"İZLE","TEMİZ"))))) | R8: =IF($B8="","",IF($Q8="KRİTİK","Acil tahsilat görüşmesi ve cari mutabakat",IF($Q8="YÜKSEK","Bu hafta tahsilat takibi",IF($Q8="ORTA","Hatırlatma mesajı gönder",IF($Q8="İZLE","Normal takip","Aksiyon gerekmiyor"))))) | S8: =IF($B8="","",COUNTIFS(AKTIVITE!$D$7:$D$1006,$B8,AKTIVITE!$J$7:$J$1006,"<>Tamamlandı")) | T8: =IF($B8="","",IF(MUSTERILER!$K8="","",MUSTERILER!$K8)) | U8: =IF(OR($B8="",$T8=""),"",TODAY()-$T8) | V8: =IF($B8="","",IF(ABS($J8-($K8+$L8+$M8+$N8))<0.01,"UYGUN","İNCELE")) | X8: =IF($B8="",0,SUMIFS(UCRETLER!$J$7:$J$406,UCRETLER!$B$7:$B$406,$B8)) | Y8: =IF($B8="",0,SUMIFS(UCRETLER!$K$7:$K$406,UCRETLER!$B$7:$B$406,$B8)) | Z8: =IF($B8="",0,SUMIFS(UCRETLER!$L$7:$L$406,UCRETLER!$B$7:$B$406,$B8)) | AA8: =IF($B8="",0,MAX(0,$I8-$F8)) | AB8: =IF($B8="",0,MAX(0,$F8-$I8)) | AC8: =IF($B8="",0,MAX(0,$X8-$AA8)) | AD8: =IF($B8="",0,MAX(0,$Y8-$AA8)) | AE8: =IF($B8="",0,MAX(0,$Z8-$AA8))
B9: =IF(MUSTERILER!$C9="","",MUSTERILER!$B9) | C9: =IF(MUSTERILER!$C9="","",MUSTERILER!$C9) | D9: =IF($B9="","",SUMIFS(UCRETLER!$G$7:$G$406,UCRETLER!$B$7:$B$406,$B9,UCRETLER!$F$7:$F$406,"Haftalık",UCRETLER!$H$7:$H$406,"Aktif")) | E9: =IF($B9="","",SUMIFS(UCRETLER!$G$7:$G$406,UCRETLER!$B$7:$B$406,$B9,UCRETLER!$F$7:$F$406,"Aylık",UCRETLER!$H$7:$H$406,"Aktif")) | F9: =IF($B9="","",SUMIFS(MUSTERILER!$J$7:$J$106,MUSTERILER!$B$7:$B$106,$B9)) | G9: =IF($B9="","",SUMIFS(UCRETLER!$I$7:$I$406,UCRETLER!$B$7:$B$406,$B9)) | H9: =IF($B9="","",$F9+$G9) | I9: =IF($B9="","",SUMIFS(TAHSILAT!$F$7:$F$1506,TAHSILAT!$C$7:$C$1506,$B9)) | J9: =IF($B9="","",MAX(0,$H9-$I9)) | K9: =IF($B9="","",MAX(0,$J9-$L9-$M9-$N9)) | L9: =IF($B9="","",($AC9-$AD9)+IF(AND($AB9>0,$T9<>"",$U9>=8,$U9<15),$AB9,0)) | M9: =IF($B9="","",($AD9-$AE9)+IF(AND($AB9>0,$T9<>"",$U9>=15,$U9<29),$AB9,0)) | N9: =IF($B9="","",$AE9+IF(AND($AB9>0,OR($T9="",$U9>=29)),$AB9,0)) | O9: =IF($B9="","",IFERROR($I9/$H9,0)) | P9: =IF($B9="","",IFERROR(LOOKUP(2,1/(TAHSILAT!$C$7:$C$1506=$B9),TAHSILAT!$E$7:$E$1506),"")) | Q9: =IF($B9="","",IF($N9>0,"KRİTİK",IF($M9>0,"YÜKSEK",IF($L9>0,"ORTA",IF($J9>0,"İZLE","TEMİZ"))))) | R9: =IF($B9="","",IF($Q9="KRİTİK","Acil tahsilat görüşmesi ve cari mutabakat",IF($Q9="YÜKSEK","Bu hafta tahsilat takibi",IF($Q9="ORTA","Hatırlatma mesajı gönder",IF($Q9="İZLE","Normal takip","Aksiyon gerekmiyor"))))) | S9: =IF($B9="","",COUNTIFS(AKTIVITE!$D$7:$D$1006,$B9,AKTIVITE!$J$7:$J$1006,"<>Tamamlandı")) | T9: =IF($B9="","",IF(MUSTERILER!$K9="","",MUSTERILER!$K9)) | U9: =IF(OR($B9="",$T9=""),"",TODAY()-$T9) | V9: =IF($B9="","",IF(ABS($J9-($K9+$L9+$M9+$N9))<0.01,"UYGUN","İNCELE")) | X9: =IF($B9="",0,SUMIFS(UCRETLER!$J$7:$J$406,UCRETLER!$B$7:$B$406,$B9)) | Y9: =IF($B9="",0,SUMIFS(UCRETLER!$K$7:$K$406,UCRETLER!$B$7:$B$406,$B9)) | Z9: =IF($B9="",0,SUMIFS(UCRETLER!$L$7:$L$406,UCRETLER!$B$7:$B$406,$B9)) | AA9: =IF($B9="",0,MAX(0,$I9-$F9)) | AB9: =IF($B9="",0,MAX(0,$F9-$I9)) | AC9: =IF($B9="",0,MAX(0,$X9-$AA9)) | AD9: =IF($B9="",0,MAX(0,$Y9-$AA9)) | AE9: =IF($B9="",0,MAX(0,$Z9-$AA9))
B10: =IF(MUSTERILER!$C10="","",MUSTERILER!$B10) | C10: =IF(MUSTERILER!$C10="","",MUSTERILER!$C10) | D10: =IF($B10="","",SUMIFS(UCRETLER!$G$7:$G$406,UCRETLER!$B$7:$B$406,$B10,UCRETLER!$F$7:$F$406,"Haftalık",UCRETLER!$H$7:$H$406,"Aktif")) | E10: =IF($B10="","",SUMIFS(UCRETLER!$G$7:$G$406,UCRETLER!$B$7:$B$406,$B10,UCRETLER!$F$7:$F$406,"Aylık",UCRETLER!$H$7:$H$406,"Aktif")) | F10: =IF($B10="","",SUMIFS(MUSTERILER!$J$7:$J$106,MUSTERILER!$B$7:$B$106,$B10)) | G10: =IF($B10="","",SUMIFS(UCRETLER!$I$7:$I$406,UCRETLER!$B$7:$B$406,$B10)) | H10: =IF($B10="","",$F10+$G10) | I10: =IF($B10="","",SUMIFS(TAHSILAT!$F$7:$F$1506,TAHSILAT!$C$7:$C$1506,$B10)) | J10: =IF($B10="","",MAX(0,$H10-$I10)) | K10: =IF($B10="","",MAX(0,$J10-$L10-$M10-$N10)) | L10: =IF($B10="","",($AC10-$AD10)+IF(AND($AB10>0,$T10<>"",$U10>=8,$U10<15),$AB10,0)) | M10: =IF($B10="","",($AD10-$AE10)+IF(AND($AB10>0,$T10<>"",$U10>=15,$U10<29),$AB10,0)) | N10: =IF($B10="","",$AE10+IF(AND($AB10>0,OR($T10="",$U10>=29)),$AB10,0)) | O10: =IF($B10="","",IFERROR($I10/$H10,0)) | P10: =IF($B10="","",IFERROR(LOOKUP(2,1/(TAHSILAT!$C$7:$C$1506=$B10),TAHSILAT!$E$7:$E$1506),"")) | Q10: =IF($B10="","",IF($N10>0,"KRİTİK",IF($M10>0,"YÜKSEK",IF($L10>0,"ORTA",IF($J10>0,"İZLE","TEMİZ"))))) | R10: =IF($B10="","",IF($Q10="KRİTİK","Acil tahsilat görüşmesi ve cari mutabakat",IF($Q10="YÜKSEK","Bu hafta tahsilat takibi",IF($Q10="ORTA","Hatırlatma mesajı gönder",IF($Q10="İZLE","Normal takip","Aksiyon gerekmiyor"))))) | S10: =IF($B10="","",COUNTIFS(AKTIVITE!$D$7:$D$1006,$B10,AKTIVITE!$J$7:$J$1006,"<>Tamamlandı")) | T10: =IF($B10="","",IF(MUSTERILER!$K10="","",MUSTERILER!$K10)) | U10: =IF(OR($B10="",$T10=""),"",TODAY()-$T10) | V10: =IF($B10="","",IF(ABS($J10-($K10+$L10+$M10+$N10))<0.01,"UYGUN","İNCELE")) | X10: =IF($B10="",0,SUMIFS(UCRETLER!$J$7:$J$406,UCRETLER!$B$7:$B$406,$B10)) | Y10: =IF($B10="",0,SUMIFS(UCRETLER!$K$7:$K$406,UCRETLER!$B$7:$B$406,$B10)) | Z10: =IF($B10="",0,SUMIFS(UCRETLER!$L$7:$L$406,UCRETLER!$B$7:$B$406,$B10)) | AA10: =IF($B10="",0,MAX(0,$I10-$F10)) | AB10: =IF($B10="",0,MAX(0,$F10-$I10)) | AC10: =IF($B10="",0,MAX(0,$X10-$AA10)) | AD10: =IF($B10="",0,MAX(0,$Y10-$AA10)) | AE10: =IF($B10="",0,MAX(0,$Z10-$AA10))
B11: =IF(MUSTERILER!$C11="","",MUSTERILER!$B11) | C11: =IF(MUSTERILER!$C11="","",MUSTERILER!$C11) | D11: =IF($B11="","",SUMIFS(UCRETLER!$G$7:$G$406,UCRETLER!$B$7:$B$406,$B11,UCRETLER!$F$7:$F$406,"Haftalık",UCRETLER!$H$7:$H$406,"Aktif")) | E11: =IF($B11="","",SUMIFS(UCRETLER!$G$7:$G$406,UCRETLER!$B$7:$B$406,$B11,UCRETLER!$F$7:$F$406,"Aylık",UCRETLER!$H$7:$H$406,"Aktif")) | F11: =IF($B11="","",SUMIFS(MUSTERILER!$J$7:$J$106,MUSTERILER!$B$7:$B$106,$B11)) | G11: =IF($B11="","",SUMIFS(UCRETLER!$I$7:$I$406,UCRETLER!$B$7:$B$406,$B11)) | H11: =IF($B11="","",$F11+$G11) | I11: =IF($B11="","",SUMIFS(TAHSILAT!$F$7:$F$1506,TAHSILAT!$C$7:$C$1506,$B11)) | J11: =IF($B11="","",MAX(0,$H11-$I11)) | K11: =IF($B11="","",MAX(0,$J11-$L11-$M11-$N11)) | L11: =IF($B11="","",($AC11-$AD11)+IF(AND($AB11>0,$T11<>"",$U11>=8,$U11<15),$AB11,0)) | M11: =IF($B11="","",($AD11-$AE11)+IF(AND($AB11>0,$T11<>"",$U11>=15,$U11<29),$AB11,0)) | N11: =IF($B11="","",$AE11+IF(AND($AB11>0,OR($T11="",$U11>=29)),$AB11,0)) | O11: =IF($B11="","",IFERROR($I11/$H11,0)) | P11: =IF($B11="","",IFERROR(LOOKUP(2,1/(TAHSILAT!$C$7:$C$1506=$B11),TAHSILAT!$E$7:$E$1506),"")) | Q11: =IF($B11="","",IF($N11>0,"KRİTİK",IF($M11>0,"YÜKSEK",IF($L11>0,"ORTA",IF($J11>0,"İZLE","TEMİZ"))))) | R11: =IF($B11="","",IF($Q11="KRİTİK","Acil tahsilat görüşmesi ve cari mutabakat",IF($Q11="YÜKSEK","Bu hafta tahsilat takibi",IF($Q11="ORTA","Hatırlatma mesajı gönder",IF($Q11="İZLE","Normal takip","Aksiyon gerekmiyor"))))) | S11: =IF($B11="","",COUNTIFS(AKTIVITE!$D$7:$D$1006,$B11,AKTIVITE!$J$7:$J$1006,"<>Tamamlandı")) | T11: =IF($B11="","",IF(MUSTERILER!$K11="","",MUSTERILER!$K11)) | U11: =IF(OR($B11="",$T11=""),"",TODAY()-$T11) | V11: =IF($B11="","",IF(ABS($J11-($K11+$L11+$M11+$N11))<0.01,"UYGUN","İNCELE")) | X11: =IF($B11="",0,SUMIFS(UCRETLER!$J$7:$J$406,UCRETLER!$B$7:$B$406,$B11)) | Y11: =IF($B11="",0,SUMIFS(UCRETLER!$K$7:$K$406,UCRETLER!$B$7:$B$406,$B11)) | Z11: =IF($B11="",0,SUMIFS(UCRETLER!$L$7:$L$406,UCRETLER!$B$7:$B$406,$B11)) | AA11: =IF($B11="",0,MAX(0,$I11-$F11)) | AB11: =IF($B11="",0,MAX(0,$F11-$I11)) | AC11: =IF($B11="",0,MAX(0,$X11-$AA11)) | AD11: =IF($B11="",0,MAX(0,$Y11-$AA11)) | AE11: =IF($B11="",0,MAX(0,$Z11-$AA11))
B12: =IF(MUSTERILER!$C12="","",MUSTERILER!$B12) | C12: =IF(MUSTERILER!$C12="","",MUSTERILER!$C12) | D12: =IF($B12="","",SUMIFS(UCRETLER!$G$7:$G$406,UCRETLER!$B$7:$B$406,$B12,UCRETLER!$F$7:$F$406,"Haftalık",UCRETLER!$H$7:$H$406,"Aktif")) | E12: =IF($B12="","",SUMIFS(UCRETLER!$G$7:$G$406,UCRETLER!$B$7:$B$406,$B12,UCRETLER!$F$7:$F$406,"Aylık",UCRETLER!$H$7:$H$406,"Aktif")) | F12: =IF($B12="","",SUMIFS(MUSTERILER!$J$7:$J$106,MUSTERILER!$B$7:$B$106,$B12)) | G12: =IF($B12="","",SUMIFS(UCRETLER!$I$7:$I$406,UCRETLER!$B$7:$B$406,$B12)) | H12: =IF($B12="","",$F12+$G12) | I12: =IF($B12="","",SUMIFS(TAHSILAT!$F$7:$F$1506,TAHSILAT!$C$7:$C$1506,$B12)) | J12: =IF($B12="","",MAX(0,$H12-$I12)) | K12: =IF($B12="","",MAX(0,$J12-$L12-$M12-$N12)) | L12: =IF($B12="","",($AC12-$AD12)+IF(AND($AB12>0,$T12<>"",$U12>=8,$U12<15),$AB12,0)) | M12: =IF($B12="","",($AD12-$AE12)+IF(AND($AB12>0,$T12<>"",$U12>=15,$U12<29),$AB12,0)) | N12: =IF($B12="","",$AE12+IF(AND($AB12>0,OR($T12="",$U12>=29)),$AB12,0)) | O12: =IF($B12="","",IFERROR($I12/$H12,0)) | P12: =IF($B12="","",IFERROR(LOOKUP(2,1/(TAHSILAT!$C$7:$C$1506=$B12),TAHSILAT!$E$7:$E$1506),"")) | Q12: =IF($B12="","",IF($N12>0,"KRİTİK",IF($M12>0,"YÜKSEK",IF($L12>0,"ORTA",IF($J12>0,"İZLE","TEMİZ"))))) | R12: =IF($B12="","",IF($Q12="KRİTİK","Acil tahsilat görüşmesi ve cari mutabakat",IF($Q12="YÜKSEK","Bu hafta tahsilat takibi",IF($Q12="ORTA","Hatırlatma mesajı gönder",IF($Q12="İZLE","Normal takip","Aksiyon gerekmiyor"))))) | S12: =IF($B12="","",COUNTIFS(AKTIVITE!$D$7:$D$1006,$B12,AKTIVITE!$J$7:$J$1006,"<>Tamamlandı")) | T12: =IF($B12="","",IF(MUSTERILER!$K12="","",MUSTERILER!$K12)) | U12: =IF(OR($B12="",$T12=""),"",TODAY()-$T12) | V12: =IF($B12="","",IF(ABS($J12-($K12+$L12+$M12+$N12))<0.01,"UYGUN","İNCELE")) | X12: =IF($B12="",0,SUMIFS(UCRETLER!$J$7:$J$406,UCRETLER!$B$7:$B$406,$B12)) | Y12: =IF($B12="",0,SUMIFS(UCRETLER!$K$7:$K$406,UCRETLER!$B$7:$B$406,$B12)) | Z12: =IF($B12="",0,SUMIFS(UCRETLER!$L$7:$L$406,UCRETLER!$B$7:$B$406,$B12)) | AA12: =IF($B12="",0,MAX(0,$I12-$F12)) | AB12: =IF($B12="",0,MAX(0,$F12-$I12)) | AC12: =IF($B12="",0,MAX(0,$X12-$AA12)) | AD12: =IF($B12="",0,MAX(0,$Y12-$AA12)) | AE12: =IF($B12="",0,MAX(0,$Z12-$AA12))
B13: =IF(MUSTERILER!$C13="","",MUSTERILER!$B13) | C13: =IF(MUSTERILER!$C13="","",MUSTERILER!$C13) | D13: =IF($B13="","",SUMIFS(UCRETLER!$G$7:$G$406,UCRETLER!$B$7:$B$406,$B13,UCRETLER!$F$7:$F$406,"Haftalık",UCRETLER!$H$7:$H$406,"Aktif")) | E13: =IF($B13="","",SUMIFS(UCRETLER!$G$7:$G$406,UCRETLER!$B$7:$B$406,$B13,UCRETLER!$F$7:$F$406,"Aylık",UCRETLER!$H$7:$H$406,"Aktif")) | F13: =IF($B13="","",SUMIFS(MUSTERILER!$J$7:$J$106,MUSTERILER!$B$7:$B$106,$B13)) | G13: =IF($B13="","",SUMIFS(UCRETLER!$I$7:$I$406,UCRETLER!$B$7:$B$406,$B13)) | H13: =IF($B13="","",$F13+$G13) | I13: =IF($B13="","",SUMIFS(TAHSILAT!$F$7:$F$1506,TAHSILAT!$C$7:$C$1506,$B13)) | J13: =IF($B13="","",MAX(0,$H13-$I13)) | K13: =IF($B13="","",MAX(0,$J13-$L13-$M13-$N13)) | L13: =IF($B13="","",($AC13-$AD13)+IF(AND($AB13>0,$T13<>"",$U13>=8,$U13<15),$AB13,0)) | M13: =IF($B13="","",($AD13-$AE13)+IF(AND($AB13>0,$T13<>"",$U13>=15,$U13<29),$AB13,0)) | N13: =IF($B13="","",$AE13+IF(AND($AB13>0,OR($T13="",$U13>=29)),$AB13,0)) | O13: =IF($B13="","",IFERROR($I13/$H13,0)) | P13: =IF($B13="","",IFERROR(LOOKUP(2,1/(TAHSILAT!$C$7:$C$1506=$B13),TAHSILAT!$E$7:$E$1506),"")) | Q13: =IF($B13="","",IF($N13>0,"KRİTİK",IF($M13>0,"YÜKSEK",IF($L13>0,"ORTA",IF($J13>0,"İZLE","TEMİZ"))))) | R13: =IF($B13="","",IF($Q13="KRİTİK","Acil tahsilat görüşmesi ve cari mutabakat",IF($Q13="YÜKSEK","Bu hafta tahsilat takibi",IF($Q13="ORTA","Hatırlatma mesajı gönder",IF($Q13="İZLE","Normal takip","Aksiyon gerekmiyor"))))) | S13: =IF($B13="","",COUNTIFS(AKTIVITE!$D$7:$D$1006,$B13,AKTIVITE!$J$7:$J$1006,"<>Tamamlandı")) | T13: =IF($B13="","",IF(MUSTERILER!$K13="","",MUSTERILER!$K13)) | U13: =IF(OR($B13="",$T13=""),"",TODAY()-$T13) | V13: =IF($B13="","",IF(ABS($J13-($K13+$L13+$M13+$N13))<0.01,"UYGUN","İNCELE")) | X13: =IF($B13="",0,SUMIFS(UCRETLER!$J$7:$J$406,UCRETLER!$B$7:$B$406,$B13)) | Y13: =IF($B13="",0,SUMIFS(UCRETLER!$K$7:$K$406,UCRETLER!$B$7:$B$406,$B13)) | Z13: =IF($B13="",0,SUMIFS(UCRETLER!$L$7:$L$406,UCRETLER!$B$7:$B$406,$B13)) | AA13: =IF($B13="",0,MAX(0,$I13-$F13)) | AB13: =IF($B13="",0,MAX(0,$F13-$I13)) | AC13: =IF($B13="",0,MAX(0,$X13-$AA13)) | AD13: =IF($B13="",0,MAX(0,$Y13-$AA13)) | AE13: =IF($B13="",0,MAX(0,$Z13-$AA13))
B14: =IF(MUSTERILER!$C14="","",MUSTERILER!$B14) | C14: =IF(MUSTERILER!$C14="","",MUSTERILER!$C14) | D14: =IF($B14="","",SUMIFS(UCRETLER!$G$7:$G$406,UCRETLER!$B$7:$B$406,$B14,UCRETLER!$F$7:$F$406,"Haftalık",UCRETLER!$H$7:$H$406,"Aktif")) | E14: =IF($B14="","",SUMIFS(UCRETLER!$G$7:$G$406,UCRETLER!$B$7:$B$406,$B14,UCRETLER!$F$7:$F$406,"Aylık",UCRETLER!$H$7:$H$406,"Aktif")) | F14: =IF($B14="","",SUMIFS(MUSTERILER!$J$7:$J$106,MUSTERILER!$B$7:$B$106,$B14)) | G14: =IF($B14="","",SUMIFS(UCRETLER!$I$7:$I$406,UCRETLER!$B$7:$B$406,$B14)) | H14: =IF($B14="","",$F14+$G14) | I14: =IF($B14="","",SUMIFS(TAHSILAT!$F$7:$F$1506,TAHSILAT!$C$7:$C$1506,$B14)) | J14: =IF($B14="","",MAX(0,$H14-$I14)) | K14: =IF($B14="","",MAX(0,$J14-$L14-$M14-$N14)) | L14: =IF($B14="","",($AC14-$AD14)+IF(AND($AB14>0,$T14<>"",$U14>=8,$U14<15),$AB14,0)) | M14: =IF($B14="","",($AD14-$AE14)+IF(AND($AB14>0,$T14<>"",$U14>=15,$U14<29),$AB14,0)) | N14: =IF($B14="","",$AE14+IF(AND($AB14>0,OR($T14="",$U14>=29)),$AB14,0)) | O14: =IF($B14="","",IFERROR($I14/$H14,0)) | P14: =IF($B14="","",IFERROR(LOOKUP(2,1/(TAHSILAT!$C$7:$C$1506=$B14),TAHSILAT!$E$7:$E$1506),"")) | Q14: =IF($B14="","",IF($N14>0,"KRİTİK",IF($M14>0,"YÜKSEK",IF($L14>0,"ORTA",IF($J14>0,"İZLE","TEMİZ"))))) | R14: =IF($B14="","",IF($Q14="KRİTİK","Acil tahsilat görüşmesi ve cari mutabakat",IF($Q14="YÜKSEK","Bu hafta tahsilat takibi",IF($Q14="ORTA","Hatırlatma mesajı gönder",IF($Q14="İZLE","Normal takip","Aksiyon gerekmiyor"))))) | S14: =IF($B14="","",COUNTIFS(AKTIVITE!$D$7:$D$1006,$B14,AKTIVITE!$J$7:$J$1006,"<>Tamamlandı")) | T14: =IF($B14="","",IF(MUSTERILER!$K14="","",MUSTERILER!$K14)) | U14: =IF(OR($B14="",$T14=""),"",TODAY()-$T14) | V14: =IF($B14="","",IF(ABS($J14-($K14+$L14+$M14+$N14))<0.01,"UYGUN","İNCELE")) | X14: =IF($B14="",0,SUMIFS(UCRETLER!$J$7:$J$406,UCRETLER!$B$7:$B$406,$B14)) | Y14: =IF($B14="",0,SUMIFS(UCRETLER!$K$7:$K$406,UCRETLER!$B$7:$B$406,$B14)) | Z14: =IF($B14="",0,SUMIFS(UCRETLER!$L$7:$L$406,UCRETLER!$B$7:$B$406,$B14)) | AA14: =IF($B14="",0,MAX(0,$I14-$F14)) | AB14: =IF($B14="",0,MAX(0,$F14-$I14)) | AC14: =IF($B14="",0,MAX(0,$X14-$AA14)) | AD14: =IF($B14="",0,MAX(0,$Y14-$AA14)) | AE14: =IF($B14="",0,MAX(0,$Z14-$AA14))
B15: =IF(MUSTERILER!$C15="","",MUSTERILER!$B15) | C15: =IF(MUSTERILER!$C15="","",MUSTERILER!$C15) | D15: =IF($B15="","",SUMIFS(UCRETLER!$G$7:$G$406,UCRETLER!$B$7:$B$406,$B15,UCRETLER!$F$7:$F$406,"Haftalık",UCRETLER!$H$7:$H$406,"Aktif")) | E15: =IF($B15="","",SUMIFS(UCRETLER!$G$7:$G$406,UCRETLER!$B$7:$B$406,$B15,UCRETLER!$F$7:$F$406,"Aylık",UCRETLER!$H$7:$H$406,"Aktif")) | F15: =IF($B15="","",SUMIFS(MUSTERILER!$J$7:$J$106,MUSTERILER!$B$7:$B$106,$B15)) | G15: =IF($B15="","",SUMIFS(UCRETLER!$I$7:$I$406,UCRETLER!$B$7:$B$406,$B15)) | H15: =IF($B15="","",$F15+$G15) | I15: =IF($B15="","",SUMIFS(TAHSILAT!$F$7:$F$1506,TAHSILAT!$C$7:$C$1506,$B15)) | J15: =IF($B15="","",MAX(0,$H15-$I15)) | K15: =IF($B15="","",MAX(0,$J15-$L15-$M15-$N15)) | L15: =IF($B15="","",($AC15-$AD15)+IF(AND($AB15>0,$T15<>"",$U15>=8,$U15<15),$AB15,0)) | M15: =IF($B15="","",($AD15-$AE15)+IF(AND($AB15>0,$T15<>"",$U15>=15,$U15<29),$AB15,0)) | N15: =IF($B15="","",$AE15+IF(AND($AB15>0,OR($T15="",$U15>=29)),$AB15,0)) | O15: =IF($B15="","",IFERROR($I15/$H15,0)) | P15: =IF($B15="","",IFERROR(LOOKUP(2,1/(TAHSILAT!$C$7:$C$1506=$B15),TAHSILAT!$E$7:$E$1506),"")) | Q15: =IF($B15="","",IF($N15>0,"KRİTİK",IF($M15>0,"YÜKSEK",IF($L15>0,"ORTA",IF($J15>0,"İZLE","TEMİZ"))))) | R15: =IF($B15="","",IF($Q15="KRİTİK","Acil tahsilat görüşmesi ve cari mutabakat",IF($Q15="YÜKSEK","Bu hafta tahsilat takibi",IF($Q15="ORTA","Hatırlatma mesajı gönder",IF($Q15="İZLE","Normal takip","Aksiyon gerekmiyor"))))) | S15: =IF($B15="","",COUNTIFS(AKTIVITE!$D$7:$D$1006,$B15,AKTIVITE!$J$7:$J$1006,"<>Tamamlandı")) | T15: =IF($B15="","",IF(MUSTERILER!$K15="","",MUSTERILER!$K15)) | U15: =IF(OR($B15="",$T15=""),"",TODAY()-$T15) | V15: =IF($B15="","",IF(ABS($J15-($K15+$L15+$M15+$N15))<0.01,"UYGUN","İNCELE")) | X15: =IF($B15="",0,SUMIFS(UCRETLER!$J$7:$J$406,UCRETLER!$B$7:$B$406,$B15)) | Y15: =IF($B15="",0,SUMIFS(UCRETLER!$K$7:$K$406,UCRETLER!$B$7:$B$406,$B15)) | Z15: =IF($B15="",0,SUMIFS(UCRETLER!$L$7:$L$406,UCRETLER!$B$7:$B$406,$B15)) | AA15: =IF($B15="",0,MAX(0,$I15-$F15)) | AB15: =IF($B15="",0,MAX(0,$F15-$I15)) | AC15: =IF($B15="",0,MAX(0,$X15-$AA15)) | AD15: =IF($B15="",0,MAX(0,$Y15-$AA15)) | AE15: =IF($B15="",0,MAX(0,$Z15-$AA15))
