Workbook
Name LST_BORCLU_TARAF: SISTEM!$M$7:$M$63
Name LST_HESAP: SISTEM!$N$7:$N$20
Name LST_MUSTERI_ADI: MUSTERILER!$C$7:$C$156
Name LST_MUSTERI_NO: MUSTERILER!$B$7:$B$156
Name LST_ORTAK: SISTEM!$C$9:$C$10
Name LST_ORTAKLAR: ORTAKLAR!$B$7:$B$8
Name LST_VIRMAN_SINIF: SISTEM!$O$7:$O$10

Sheet MENU
B1: KILIÇ MUHASEBE │ OFİS YÖNETİM SİSTEMİ
B2: ◈ RAPOR / YÖNLENDİRME ALANI — VERİ GİRİŞİ YOK
B3: Yarı-ERP çalışma merkezi • sarı = veri girişi • beyaz = otomatik • kırmızı = müdahale gerekli
B5: YÖNETİM PANOSU | E5: BAŞUCU REHBERİ | H5: YÖNETİM RAPORU | K5: KONTROL MERKEZİ
B6: =IFERROR(HYPERLINK("#PANO!A1","AÇ"),"AÇ") -> AÇ | E6: =IFERROR(HYPERLINK("#BASLANGIC!A1","AÇ"),"AÇ") -> AÇ | H6: =IFERROR(HYPERLINK("#RAPOR!A1","AÇ"),"AÇ") -> AÇ | K6: =IFERROR(HYPERLINK("#KONTROL!A1","AÇ"),"AÇ") -> AÇ
B10: VERİ GİRİŞ EKRANLARI | I10: RAPOR / KONTROL EKRANLARI
B12: =IFERROR(HYPERLINK("#MUSTERILER!A1","MÜŞTERİLER"),"MÜŞTERİLER") -> MÜŞTERİLER | I12: =IFERROR(HYPERLINK("#MUSTERI_360!A1","MÜŞTERİ 360"),"MÜŞTERİ 360") -> MÜŞTERİ 360
B13: =IFERROR(HYPERLINK("#UCRETLER!A1","ÜCRETLER"),"ÜCRETLER") -> ÜCRETLER | I13: =IFERROR(HYPERLINK("#CARI_EKSTRE!A1","CARİ EKSTRE"),"CARİ EKSTRE") -> CARİ EKSTRE
B14: =IFERROR(HYPERLINK("#TAHSILAT!A1","TAHSİLAT"),"TAHSİLAT") -> TAHSİLAT | I14: =IFERROR(HYPERLINK("#ORTAK_EKSTRE!A1","ORTAK EKSTRE"),"ORTAK EKSTRE") -> ORTAK EKSTRE
B15: =IFERROR(HYPERLINK("#GELIR_GIDER!A1","GELİR / GİDER"),"GELİR / GİDER") -> GELİR / GİDER | I15: =IFERROR(HYPERLINK("#HESAPLAR!A1","HESAPLAR"),"HESAPLAR") -> HESAPLAR
B16: =IFERROR(HYPERLINK("#VIRMAN!A1","VİRMAN"),"VİRMAN") -> VİRMAN | I16: =IFERROR(HYPERLINK("#AY_SONU!A1","AY SONU"),"AY SONU") -> AY SONU
I17: =IFERROR(HYPERLINK("#ORTAKLAR!A1","ORTAKLAR"),"ORTAKLAR") -> ORTAKLAR
I18: =IFERROR(HYPERLINK("#KAR!A1","KÂR"),"KÂR") -> KÂR
B22: 4 ANA KURAL
B23: 1 Gerçek para hareketi yoksa VIRMAN yok.
B24: 2 Para Ömer'de kaldıysa TAHSİLAT hesabı ÖMER KARTAL; MERKEZ KASA değildir.
B25: 3 Para alınmadı, Ömer borcuna aldıysa: GELİR_GİDER → Gelir / Hayır / ÖMER KARTAL / Kasa boş.
B26: 4 Kâr payı / avans işletme gideri değildir; gerçek ödeme VIRMAN ile izlenir.
B28: RELEASE / KONTROL MERKEZİ
B29: 32 kontrol ailesi • ekran + konum + kullanıcı aksiyonu | N29: =IFERROR(HYPERLINK("#KONTROL!A1","AÇ"),"AÇ") -> AÇ

Sheet PANO
A1: =IFERROR(HYPERLINK("#MENU!A1","☰ MENÜ"),"☰ MENÜ") -> ☰ MENÜ | B1: =IFERROR(HYPERLINK("#MENU!A1","↗"),"↗") -> ↗ | C1: KILIÇ MUHASEBE │ YÖNETİM PANOSU
A2: ◈ RAPOR ALANI — VERİ GİRİŞİ YOK | C2: Bugünkü finansal durum, riskler ve hızlı geçişler tek ekranda.
A3: ANA EKRAN: Kırmızı/KALDI bir kontrol görürseniz ilgili hızlı aksiyondan kaynağa gidin.
A4: =IFERROR(HYPERLINK("#MENU!A1","← MENÜ │ PANO"),"← MENÜ │ PANO") -> ← MENÜ │ PANO | H4: =IFERROR(HYPERLINK("#TAHSILAT!A1","TAHSİLAT"),"TAHSİLAT") -> TAHSİLAT | J4: =IFERROR(HYPERLINK("#GELIR_GIDER!A1","GELİR / GİDER"),"GELİR / GİDER") -> GELİR / GİDER | L4: =IFERROR(HYPERLINK("#VIRMAN!A1","VİRMAN"),"VİRMAN") -> VİRMAN | N4: =IFERROR(HYPERLINK("#RAPOR!A1","RAPOR"),"RAPOR") -> RAPOR
A5: MENÜ | D5: AKTİF MÜŞTERİ | G5: TOPLAM CARİ ALACAK
A6: =IFERROR(HYPERLINK("#RAPOR!A1","Yönetim Raporu"),"Yönetim Raporu") -> Yönetim Raporu | B6: =IFERROR(HYPERLINK("#RAPOR!A1","›"),"›") -> › | D6: =COUNTIF(MUSTERILER!$D$7:$D$156,"Aktif") -> 52 | G6: =SUMIFS(MUSTERI_360!$J$7:$J$156,MUSTERI_360!$J$7:$J$156,">0") -> 1219008
A7: =IFERROR(HYPERLINK("#MUSTERILER!A1","Müşteriler"),"Müşteriler") -> Müşteriler | B7: =IFERROR(HYPERLINK("#MUSTERILER!A1","›"),"›") -> ›
A8: =IFERROR(HYPERLINK("#UCRETLER!A1","Ücretler"),"Ücretler") -> Ücretler | B8: =IFERROR(HYPERLINK("#UCRETLER!A1","›"),"›") -> ›
A9: =IFERROR(HYPERLINK("#TAHSILAT!A1","Tahsilat"),"Tahsilat") -> Tahsilat | B9: =IFERROR(HYPERLINK("#TAHSILAT!A1","›"),"›") -> › | D9: BU AY TAHSİLAT | G9: BU AY NAKİT KÂR | J9: NAKİTSİZ ÖMER TAHAKKUKU | M9: KRİTİK KALAN
A10: =IFERROR(HYPERLINK("#GELIR_GIDER!A1","Gelir / Gider"),"Gelir / Gider") -> Gelir / Gider | B10: =IFERROR(HYPERLINK("#GELIR_GIDER!A1","›"),"›") -> › | D10: =SUMIFS(AY_SONU!$C$7:$C$42,AY_SONU!$B$7:$B$42,DATE(YEAR(SISTEM!$C$17),MONTH(SISTEM!$C$17),1)) -> 327900 | G10: =SUMIFS(AY_SONU!$G$7:$G$42,AY_SONU!$B$7:$B$42,DATE(YEAR(SISTEM!$C$17),MONTH(SISTEM!$C$17),1)) -> 273600
A11: =IFERROR(HYPERLINK("#VIRMAN!A1","Virman"),"Virman") -> Virman | B11: =IFERROR(HYPERLINK("#VIRMAN!A1","›"),"›") -> ›
A12: =IFERROR(HYPERLINK("#MUSTERI_360!A1","Müşteri 360"),"Müşteri 360") -> Müşteri 360 | B12: =IFERROR(HYPERLINK("#MUSTERI_360!A1","›"),"›") -> ›
A13: =IFERROR(HYPERLINK("#CARI_EKSTRE!A1","Cari Ekstre"),"Cari Ekstre") -> Cari Ekstre | B13: =IFERROR(HYPERLINK("#CARI_EKSTRE!A1","›"),"›") -> › | D13: KONTROL & HIZLI AKSİYON
A14: =IFERROR(HYPERLINK("#ORTAK_EKSTRE!A1","Ortak Ekstre"),"Ortak Ekstre") -> Ortak Ekstre | B14: =IFERROR(HYPERLINK("#ORTAK_EKSTRE!A1","›"),"›") -> › | D14: =IFERROR(HYPERLINK("#KONTROL!A1","KRİTİK KONTROLLER — AÇ"),"KRİTİK KONTROLLER — AÇ") -> KRİTİK KONTROLLER — AÇ | G14: =IFERROR(HYPERLINK("#GELIR_GIDER!A1","ÖMER TAHAKKUKU — AÇ"),"ÖMER TAHAKKUKU — AÇ") -> ÖMER TAHAKKUKU — AÇ | J14: =HYPERLINK("#ORTAK_EKSTRE!A1","ÖMER CARİ: "&TEXT(ORTAKLAR!G8,"#,##0.00")&" TL — AÇ") -> ÖMER CARİ: 734650,000 TL — AÇ | M14: =IFERROR(HYPERLINK("#RAPOR!A1","YÖNETİM RAPORU — AÇ"),"YÖNETİM RAPORU — AÇ") -> YÖNETİM RAPORU — AÇ
A15: =IFERROR(HYPERLINK("#HESAPLAR!A1","Hesaplar"),"Hesaplar") -> Hesaplar | B15: =IFERROR(HYPERLINK("#HESAPLAR!A1","›"),"›") -> ›
A16: =IFERROR(HYPERLINK("#AY_SONU!A1","Ay Sonu"),"Ay Sonu") -> Ay Sonu | B16: =IFERROR(HYPERLINK("#AY_SONU!A1","›"),"›") -> ›
A17: =IFERROR(HYPERLINK("#ORTAKLAR!A1","Ortaklar"),"Ortaklar") -> Ortaklar | B17: =IFERROR(HYPERLINK("#ORTAKLAR!A1","›"),"›") -> ›
A18: =IFERROR(HYPERLINK("#KAR!A1","Kâr"),"Kâr") -> Kâr | B18: =IFERROR(HYPERLINK("#KAR!A1","›"),"›") -> › | D18: SİSTEM DURUMU — KALDI İSE KAYNAĞA GİT
A19: =IFERROR(HYPERLINK("#SISTEM!A1","Sistem"),"Sistem") -> Sistem | B19: =IFERROR(HYPERLINK("#SISTEM!A1","›"),"›") -> › | D19: =SISTEM!B19 -> Gelir/Gider tanımsız borçlu
A20: =IFERROR(HYPERLINK("#BASLANGIC!A1","Başucu Rehberi"),"Başucu Rehberi") -> Başucu Rehberi | B20: =IFERROR(HYPERLINK("#BASLANGIC!A1","›"),"›") -> › | D20: =SISTEM!B20 -> Nakitsiz tahakkukta kasa seçilmiş
A21: =IFERROR(HYPERLINK("#KONTROL!A1","Kontrol Merkezi"),"Kontrol Merkezi") -> Kontrol Merkezi | B21: =IFERROR(HYPERLINK("#KONTROL!A1","›"),"›") -> › | D21: =SISTEM!B21 -> Eski SGK/Muhasebe işlemi yanlış VIRMAN'da
D22: =SISTEM!B22 -> Yalıkent/Grand06 yapay kasa çifti | M22: =SISTEM!E22 -> GEÇTİ
D23: =SISTEM!B23 -> Eksik tarihli gerçek Gelir/Gider kaydı | M23: =SISTEM!E23 -> GEÇTİ
D24: =SISTEM!B24 -> Nakit olmayan mahsup kaydı fiziki kasada | M24: =SISTEM!E24 -> GEÇTİ
D26: MODÜL RENKLERİ
D27: VERİ GİRİŞİ | G27: RAPOR | J27: KONTROL | M27: KÂR / NAKİT
D28: 10/10 RELEASE DURUMU
D29: =COUNTIFS(KONTROL!$D$6:$D$53,"KRİTİK",KONTROL!$F$6:$F$53,"KALDI") -> 2 | I29: =COUNTIF(KONTROL!$F$6:$F$53,"UYARI") -> 1 | M29: =HYPERLINK("#'KONTROL'!A1","KONTROLÜ AÇ") -> KONTROLÜ AÇ
D31: KRİTİK KALDI | I31: UYARI | M31: 32 KONTROL AİLESİ

Sheet BASLANGIC
A1: =IFERROR(HYPERLINK("#MENU!A1","☰ MENÜ"),"☰ MENÜ") -> ☰ MENÜ | B1: =IFERROR(HYPERLINK("#MENU!A1","↗"),"↗") -> ↗ | C1: KILIÇ MUHASEBE │ BAŞLANGIÇ / BAŞUCU REHBERİ
A2: ✎ VERİ GİRİŞ / REHBER ALANI — YALNIZ SARI HÜCRELER | C2: Her işlem için ekran, adım, uyarı ve sorun giderme rehberi.
A3: KURAL: Sarı hücre görmüyorsanız o alana veri girmeyin.
A4: =IFERROR(HYPERLINK("#MENU!A1","← MENÜ │ BAŞLANGIÇ"),"← MENÜ │ BAŞLANGIÇ") -> ← MENÜ │ BAŞLANGIÇ | H4: =IFERROR(HYPERLINK("#TAHSILAT!A1","TAHSİLAT"),"TAHSİLAT") -> TAHSİLAT | J4: =IFERROR(HYPERLINK("#GELIR_GIDER!A1","GELİR / GİDER"),"GELİR / GİDER") -> GELİR / GİDER | L4: =IFERROR(HYPERLINK("#VIRMAN!A1","VİRMAN"),"VİRMAN") -> VİRMAN | N4: =IFERROR(HYPERLINK("#RAPOR!A1","RAPOR"),"RAPOR") -> RAPOR
B5: 1. 30 SANİYEDE BAŞLAYIN
B6: ADIM | C6: NE YAPACAĞIM? | D6: HANGİ EKRAN? | E6: KURAL / SON KONTROL | G6: =IFERROR(HYPERLINK("#BASLANGIC!B5","1 · 30 Saniyede Başlayın"),"1 · 30 Saniyede Başlayın") -> 1 · 30 Saniyede Başlayın | K6: =IFERROR(HYPERLINK("#BASLANGIC!B15","2 · Renk Kılavuzu"),"2 · Renk Kılavuzu") -> 2 · Renk Kılavuzu
B7: 1 | C7: Yeni müşteriyi bir kez açın | D7: MUSTERILER | E7: Müşteri No benzersiz olmalı; aynı müşteriyi ikinci kez açmayın. | G7: =IFERROR(HYPERLINK("#BASLANGIC!B25","3 · Ekran Haritası"),"3 · Ekran Haritası") -> 3 · Ekran Haritası | K7: =IFERROR(HYPERLINK("#BASLANGIC!B43","4 · Senaryo Kataloğu"),"4 · Senaryo Kataloğu") -> 4 · Senaryo Kataloğu
B8: 2 | C8: Haftalık/aylık ücretini tanımlayın | D8: UCRETLER | E8: Ücret değişirse eski satırı kapatıp yeni dönem açın. | G8: =IFERROR(HYPERLINK("#BASLANGIC!B70","5 · Uyarı Sözlüğü"),"5 · Uyarı Sözlüğü") -> 5 · Uyarı Sözlüğü | K8: =IFERROR(HYPERLINK("#BASLANGIC!B85","6 · Sorun Giderme"),"6 · Sorun Giderme") -> 6 · Sorun Giderme
B9: 3 | C9: Gerçek müşteri ödemesini kaydedin | D9: TAHSILAT | E9: Para kimde kaldıysa Kasa/Banka o hesap olmalı. | G9: =IFERROR(HYPERLINK("#BASLANGIC!B100","7 · Ömer Cari Akışı"),"7 · Ömer Cari Akışı") -> 7 · Ömer Cari Akışı | K9: =IFERROR(HYPERLINK("#BASLANGIC!B118","8 · Yedek / Güvenlik"),"8 · Yedek / Güvenlik") -> 8 · Yedek / Güvenlik
B10: 4 | C10: İşletme giderini veya ek geliri kaydedin | D10: GELIR_GIDER | E10: Gerçek para varsa Gerçekleşti=Evet ve Kasa/Banka seçilir. | G10: =HYPERLINK("#'BASLANGIC'!B100","None") -> None | K10: =HYPERLINK("#'BASLANGIC'!B118","None") -> None
B11: 5 | C11: Para alınmadı, Ömer borcuna aldıysa | D11: GELIR_GIDER | E11: Gelir + Hayır + Borçlu Taraf=ÖMER KARTAL + Kasa/Banka boş. | G11: EN ÇOK SORULAN 4 KURAL
B12: 6 | C12: Hesaplar arasında gerçekten para taşındıysa | D12: VIRMAN | E12: Gerçek para yoksa VIRMAN yok. | G12: 1. Gerçek para hareketi yoksa VIRMAN yok.
B13: 7 | C13: Sonucu kontrol edin | D13: PANO / RAPOR / SISTEM | E13: Kırmızı KALDI varsa müşteriye rapor vermeden kaynağı düzeltin. | G13: 2. Ömer borcuna yazılan nakitsiz iş: GELİR_GİDER / Hayır / ÖMER / Kasa boş.
G14: 3. Ömer parayı sonra kasaya verirse: VIRMAN ÖMER → MERKEZ KASA.
B15: 2. RENK KILAVUZU — DOSYA SİZE NE SÖYLÜYOR?
B16: RENK / İŞARET | C16: ANLAMI | D16: SİZ NE YAPACAKSINIZ? | E16: ÖRNEK
B17: SARI hücre | C17: Kullanıcı girişi | D17: Yalnız bu hücrelere yazın / seçim yapın. | E17: Tutar, tarih, müşteri, ortak seçimi
B18: BEYAZ hücre | C18: Otomatik hesap | D18: Elle değiştirmeyin. | E18: Cari bakiye, kâr, hesap bakiyesi
B19: MAVİ açık alan | C19: Toplam / bilgi | D19: Okuyun; kaynak defterden beslenir. | E19: Toplam tahsilat
B20: YEŞİL GEÇTİ | C20: Kontrol temiz | D20: İşlem gerekmez. | E20: Tanımsız borçlu = 0
B21: TURUNCU / UYARI | C21: Dikkat / eksik | D21: İlgili satırı kontrol edin. | E21: Eksik alan
B22: KIRMIZI / KALDI | C22: Kritik sorun | D22: Rapor/kapanış öncesi mutlaka düzeltin. | E22: Yanlış virman, nakitsiz işlem kasada
B23: ☰ MENÜ | C23: Ana ekrana dönüş | D23: Her sayfanın sol üstünden PANO'ya dönün. | E23: Tek tık navigasyon
B25: 3. EKRAN HARİTASI — NEREYE GİRECEĞİM?
B26: EKRAN | C26: MOD | D26: NE İÇİN? | E26: NEREYE YAZILIR? | F26: SAKIN YAPMAYIN
B27: PANO | C27: Rapor | D27: Ana karar ekranı | E27: Kayıt girilmez | F27: PANO'daki rakamı elle düzeltmeye çalışma
B28: MUSTERILER | C28: Giriş | D28: Müşteri ana kartı | E28: Sarı hücreler | F28: Aynı müşteriyi tekrar açma
B29: UCRETLER | C29: Giriş | D29: Ücret/tarife dönemleri | E29: Sarı hücreler | F29: Eski ücret tutarını geriye dönük değiştirme
B30: TAHSILAT | C30: Giriş | D30: Müşteri ödemeleri | E30: Sarı hücreler | F30: Gerçekte kasaya girmeyen parayı MERKEZ KASA yazma
B31: GELIR_GIDER | C31: Giriş | D31: Gelir/gider + nakitsiz tahakkuk | E31: Sarı hücreler | F31: Nakitsiz tahakkukta kasa seçme
B32: VIRMAN | C32: Giriş | D32: Gerçek hesap transferi | E32: Sarı hücreler | F32: Mahsup/hizmet kaydını para transferi gibi yazma
B33: MUSTERI_360 | C33: Rapor | D33: Tüm cari ve riskler | E33: Kayıt girilmez | F33: Raporu kaynak veri gibi kullanma
B34: CARI_EKSTRE | C34: Rapor | D34: Tek müşteri ekstresi | E34: Yalnız müşteri seçimi | F34: Ekstre satırlarına elle yazma
B35: ORTAK_EKSTRE | C35: Rapor | D35: Tek ortak ekstresi | E35: Yalnız ortak seçimi | F35: Ekstre satırlarını elle değiştirme
B36: HESAPLAR | C36: Karma | D36: Kasa/banka bakiyesi | E36: Yalnız açılış bakiyesi | F36: Otomatik bakiyeyi elle değiştirme
B37: AY_SONU | C37: Karma | D37: Aylık kâr/kapanış | E37: Yalnız dönem durumu | F37: Kâr payını gider yazma
... B41: RAPOR | C41: Rapor | D41: Yönetim sunum ekranı | E41: Kayıt girilmez | F41: Kaynak defter yerine kullanma
B43: 4. SENARYO KATALOĞU — 'ŞUNU YAPMAK İSTİYORUM'
B44: # | C44: NE YAPMAK İSTİYORUM? | D44: EKRAN | E44: ADIMLAR | F44: KONTROL / DİKKAT
B45: 1 | C45: Yeni müşteri açmak | D45: MUSTERILER | E45: Yeni satır → No → Unvan → Aktif → temel bilgiler | F45: Kayıt Kontrolü UYGUN olmalı.
B46: 2 | C46: Yeni ücret tanımlamak | D46: UCRETLER | E46: Müşteri → başlangıç → model → tutar | F46: Aynı müşteride çakışan aktif dönem bırakmayın.
B47: 3 | C47: Ücrete zam yapmak | D47: UCRETLER | E47: Eski satıra bitiş → yeni satır aç → yeni tutar | F47: Eski tutarı silmeyin/değiştirmeyin.
B48: 4 | C48: Müşteriden nakit almak | D48: TAHSILAT | E48: Müşteri → tarih → tutar → MERKEZ KASA → Nakit | F48: Gerçek para ofis kasasına girmiş olmalı.
B49: 5 | C49: Müşteri Ömer'e ödeme yaptı | D49: TAHSILAT | E49: Müşteri → tarih → tutar → ÖMER KARTAL | F49: Ayrıca MERKEZ KASA→ÖMER virmanı açmayın.
B50: 6 | C50: Müşteri banka hesabına ödedi | D50: TAHSILAT | E50: Müşteri → tarih → tutar → ilgili banka | F50: Banka hesabı listede olmalı.
B51: 7 | C51: İşletme gideri ödemek | D51: GELIR_GIDER | E51: Gider → kategori → tutar → hesap → Evet | F51: Ortak avansı işletme gideri değildir.
B52: 8 | C52: Diğer gerçek gelir almak | D52: GELIR_GIDER | E52: Gelir → kategori → tutar → hesap → Evet | F52: Müşteri tahsilatını burada ikinci kez yazmayın.
B53: 9 | C53: İş yapıldı, para alınmadı, Ömer borcuna aldı | D53: GELIR_GIDER | E53: Gelir → kategori → tutar → Hayır → ÖMER KARTAL → kasa boş | F53: Sonuç TAHAKKUK olmalı.
B54: 10 | C54: Ömer bu borcu sonra kasaya ödedi | D54: VIRMAN | E54: ÖMER KARTAL → MERKEZ KASA → tutar | F54: Yeni gelir yazılmaz; sadece cari/nakit yer değiştirir.
B55: 11 | C55: Ömer'e kâr payı oluşmadan para vermek | D55: VIRMAN | E55: Kasa/Banka → ÖMER KARTAL → KÂR PAYI / AVANS | F55: Hakedişi aşarsa AVANS olarak izlenir; sistem kilitlenmez.
... B68: 24 | C68: Rapor müşteriye sunulacak | D68: RAPOR | E68: RAPOR sayfasını aç → KPI/grafikleri kontrol et | F68: Kırmızı/KALDI varken rapor vermeyin.
B70: 5. UYARI SÖZLÜĞÜ — BU YAZI NE DEMEK?
B71: ROZET / UYARI | C71: NERede? | D71: NE DEMEK? | E71: NE YAPMALISINIZ?
B72: UYGUN | C72: Defter kontrol sütunu | D72: Kayıt temel kurallardan geçti. | E72: İşlem yok.
B73: TAHAKKUK | C73: GELIR_GIDER | D73: Gelir doğdu, nakit gerçekleşmedi; borçlu cariye yazıldı. | E73: Kasa/Banka boş kalmalı.
B74: TANIMSIZ BORÇLU | C74: GELIR_GIDER | D74: Borçlu taraf müşteri/ortak listesinde çözümlenemedi. | E74: Açılır listeden doğru kişi/şirketi seçin.
B75: NAKİTSİZDE KASA OLMAZ | C75: GELIR_GIDER | D75: Gerçekleşti=Hayır iken fiziki kasa/banka seçilmiş. | E75: Kasa/Banka alanını temizleyin.
B76: TAHAKKUK NAKİT OLAMAZ | C76: GELIR_GIDER | D76: Borçlu taraf varken işlem nakit gerçekleşmiş gibi işaretlenmiş. | E76: İşlem gerçekte nakitse borçlu tarafı temizleyin; değilse Hayır seçin.
B77: YANLIŞ VIRMAN | C77: VIRMAN | D77: Nakitsiz hizmet/mahsup gerçek para transferi gibi girilmiş. | E77: İşlemi doğru deftere taşıyın.
B78: AYNI HESAP OLAMAZ | C78: VIRMAN | D78: Para çıkan ve giren hesap aynı. | E78: Doğru karşı hesabı seçin.
B79: EKSİ | C79: HESAPLAR | D79: Hesap bakiyesi sıfırın altında. | E79: Açılış bakiye ve geçmiş hareketleri kontrol edin.
B80: KRİTİK | C80: MUSTERI_360 | D80: Cari tahsilat oranı çok düşük / yüksek risk. | E80: Tahsilat planı oluşturun.
B81: KALDI | C81: SISTEM / PANO | D81: Bir release/kritik kontrol başarısız. | E81: İlgili kaynağı düzeltmeden rapor/kapanış yapmayın.
B82: GEÇTİ | C82: SISTEM / PANO | D82: Kontrol temiz. | E82: İşlem yok.
B83: AVANS | C83: ORTAKLAR | D83: Ortak hakedişinden fazla çekiş yaptı. | E83: Bilgi amaçlı kırmızı izlenir; gider yazılmaz.
B85: 6. SORUN GİDERME — BİR ŞEY TERS GİTTİ
B86: BELİRTİ | C86: OLASI SEBEP | D86: ÇÖZÜM | E86: SİSTEM BUNU YAKALAR MI?
B87: ÖMER KARTAL listede yok | C87: Yanlış/eskimiş borçlu listesi | D87: SISTEM borçlu listesinde ortak adını kontrol edin. | E87: Evet — TANIMSIZ BORÇLU
B88: Ömer tahakkuku ortak ekstreye düşmüyor | C88: Gerçekleşti/Kasa/Borçlu kombinasyonu yanlış | D88: Gelir + Hayır + ÖMER + Kasa boş şeklinde girin. | E88: Evet — kontrol ve ortak özet mutabakatı
B89: Kasa şişmiş görünüyor | C89: Gerçekte Ömer'de kalan para MERKEZ KASA'ya yazılmış | D89: TAHSILAT hesabını ÖMER KARTAL yapın; yapay virmanı kaldırın. | E89: Evet — belirli yapay kasa regresyonları
B90: Kasa eksi görünüyor | C90: Açılış bakiye yok veya geçmiş yanlış nakit kaydı var | D90: HESAPLAR ve geçmiş TAHSILAT/GELIR_GIDER/VIRMAN hareketlerini kontrol edin. | E90: Evet — negatif bakiye görünür
B91: Kâr yüksek görünüyor | C91: Tahakkuk/mahsup nakit sayılmış olabilir | D91: Mahsup ve Gerçekleşti alanlarını kontrol edin. | E91: Kısmen — temel nakit/tahakkuk kapıları var
B92: Ömer borcu beklenenden fazla | C92: Müşteriden aldığı tahsilat veya nakitsiz tahakkuk fazla/çift | D92: ORTAK_EKSTRE, TAHSILAT ve GELIR_GIDER kayıtlarını karşılaştırın. | E92: Kısmen — mükerrer parmak izi ayrıca manuel gözden geçirilmeli
B93: Kayıt no boş | C93: Zorunlu alan/tarih eksik veya satır yapısı bozuk | D93: Aynı satırdaki tarih/tutar/temel alanları tamamlayın. | E93: Evet — eksik tarih kontrolü
B94: Tahsilat cari borcu kapatmıyor | C94: Müşteri no/unvan uyumsuz | D94: Müşteri kartı ile tahsilat müşteri no/unvanını kontrol edin. | E94: Evet — tanımsız müşteri
B95: Dropdown boş | C95: Liste kaynağı bozulmuş veya seçim aralığı dışında | D95: SISTEM listesini kontrol edin. | E95: Kısmen — görünür listeler rehberde belirtilir
B96: Kâr payı gideri düşmüş | C96: Kâr payı yanlışlıkla GELIR_GIDER'e yazılmış | D96: Kâr payını VIRMAN KÂR PAYI / AVANS olarak kaydedin. | E96: Temel iş kuralı kontrol edilir
B97: Ay sonu sonuç değişti | C97: Geçmiş döneme kayıt girilmiş olabilir | D97: Yeni kaydın tarihini ve kapanış durumunu kontrol edin. | E97: Kısmen — kapanmış dönem disiplinine uyun
B98: Rapor rakamı ile defter toplamı farklı | C98: Aynı büyüklük iki kez/yanlış kaynakta kaydedilmiş olabilir | D98: SISTEM kontrollerini ve kaynak defter toplamlarını karşılaştırın. | E98: Evet — kritik mutabakatlar üzerinden
B100: 7. ÖMER CARİ — EN ÇOK SORULAN İŞ AKIŞI
B101: DURUM | C101: DOĞRU KAYIT | D101: KASA ETKİSİ | E101: ÖMER CARİ ETKİSİ | F101: KÂR ETKİSİ
B102: Müşteri Ömer'e doğrudan ödeme yaptı | C102: TAHSILAT → Kasa/Banka=ÖMER KARTAL | D102: Merkez kasaya 0 | E102: Ömer borcu artar | F102: Gerçekleşmiş müşteri tahsilatı olarak nakit kâra girer
B103: İş yapıldı, para alınmadı, Ömer borcuna aldı | C103: GELIR_GIDER → Gelir / Hayır / Borçlu=ÖMER / Kasa boş | D103: 0 | E103: Ömer borcu artar | F103: Nakit kâra girmez
B104: Ömer sonradan kasaya verdi | C104: VIRMAN → ÖMER KARTAL → MERKEZ KASA | D104: Merkez kasa artar | E104: Ömer borcu azalır | F104: Yeni gelir oluşmaz
B105: Ömer'e kâr payı/avans verildi | C105: VIRMAN → Kasa/Banka → ÖMER KARTAL | D105: Kasa azalır | E105: Çekiş/hakediş ilişkisi değişir | F105: İşletme gideri değildir
B107: 8. YEDEK / GÜVENLİK / SINIRLAR
B108: KONU | C108: KURAL | D108: NEDEN | E108: UYGULAMA
B109: Yedek | C109: Büyük veri düzeltmesi öncesi kopya alın. | D109: Excel geri alma geçmişi kalıcı değildir. | E109: Dosya adında tarih/sürüm kullanın.
B110: Formül alanı | C110: Beyaz/otomatik alanlara yazmayın. | D110: Hesap zinciri bozulabilir. | E110: Sarı hücre yoksa yazmayın.
B111: Satır silme | C111: Defter satırı silmek yerine gerekirse içeriği kontrollü düzeltin. | D111: Kapasite/formül yapısı etkilenebilir. | E111: Önce yedek.
B112: Tek kullanıcı sınırı | C112: Bu dosya tek kullanıcılı/tek dosyalı yarı-ERP'dir. | D112: Eşzamanlı çoklu kullanıcı transaction kilidi yoktur. | E112: Çoklu kullanıcı ihtiyacında veritabanı/ERP'ye geçiş düşünülür.
B113: Hedef Excel | C113: Microsoft Excel hedef motordur. | D113: Diğer ofis yazılımları farklı davranabilir. | E113: Müşteriye teslim öncesi Excel'de açılış ve dropdown testi yapın.
B118: HEDEF MOTOR / UYUMLULUK / RELEASE STANDARDI
B119: Hedef Motor | C119: Microsoft 365 / Excel 2021+ | D119: Neden | E119: Cari/ortak detay raporlarında FILTER fonksiyonu kullanılır.
B120: Ana Hesap Motoru | C120: Klasik Excel formülleri | D120: Kapsam | E120: Tahsilat, gelir/gider, virman, cari, kâr, hesap ve kontrol motoru.
B121: Release Kapısı | C121: Kritik KALDI = 0 | D121: Kontrol | E121: KONTROL sayfasında 32 kontrol ailesi.
B122: Veri Uyarısı | C122: Kritik hata değildir | D122: Örnek | E122: Negatif gerçek kasa/banka, açılış bakiye veya veri kaynağı kontrolü gerektirir.

Sheet RAPOR
A1: =IFERROR(HYPERLINK("#MENU!A1","☰ MENÜ"),"☰ MENÜ") -> ☰ MENÜ | B1: =IFERROR(HYPERLINK("#MENU!A1","↗"),"↗") -> ↗ | C1: KILIÇ MUHASEBE │ YÖNETİM RAPORU
A2: ◈ RAPOR ALANI — VERİ GİRİŞİ YOK | C2: KPI, aylık performans ve kritik kontroller.
A3: RAPOR: Bu sayfaya veri girilmez.
A4: =IFERROR(HYPERLINK("#MENU!A1","← MENÜ │ RAPOR"),"← MENÜ │ RAPOR") -> ← MENÜ │ RAPOR | H4: =IFERROR(HYPERLINK("#TAHSILAT!A1","TAHSİLAT"),"TAHSİLAT") -> TAHSİLAT | J4: =IFERROR(HYPERLINK("#GELIR_GIDER!A1","GELİR / GİDER"),"GELİR / GİDER") -> GELİR / GİDER | L4: =IFERROR(HYPERLINK("#VIRMAN!A1","VİRMAN"),"VİRMAN") -> VİRMAN | N4: =IFERROR(HYPERLINK("#RAPOR!A1","RAPOR"),"RAPOR") -> RAPOR
B5: YÖNETİM ÖZETİ
B6: NET NAKİT KÂR | E6: GERÇEK KASA/BANKA | H6: TOPLAM CARİ ALACAK | K6: ÖMER NET CARİ | N6: KRİTİK KALAN
B7: =KAR!C22 -> 1525862 | E7: =SUMIFS(HESAPLAR!$K$7:$K$16,HESAPLAR!$C$7:$C$16,"Kasa")+SUMIFS(HESAPLAR!$K$7:$K$16,HESAPLAR!$C$7:$C$16,"Banka") -> -440300.02 | H7: =PANO!G6 -> 1219008 | K7: =ORTAKLAR!I8 -> 634731.02 | N7: =COUNTIF(SISTEM!$E$19:$E$24,"KALDI") -> 0
B11: Ay | C11: Tahsilat | D11: Diğer Gelir | E11: Toplam Gelir | F11: Gider | G11: Nakit Kâr
B12: =AY_SONU!B7 -> 46023 | C12: =AY_SONU!C7 -> 320700 | D12: =AY_SONU!D7 -> 0 | E12: =AY_SONU!E7 -> 320700 | F12: =AY_SONU!F7 -> 82333.82 | G12: =AY_SONU!G7 -> 238366.18
B13: =AY_SONU!B8 -> 46054 | C13: =AY_SONU!C8 -> 205500 | D13: =AY_SONU!D8 -> 97200 | E13: =AY_SONU!E8 -> 302700 | F13: =AY_SONU!F8 -> 282078.19 | G13: =AY_SONU!G8 -> 20621.81
B14: =AY_SONU!B9 -> 46082 | C14: =AY_SONU!C9 -> 263250 | D14: =AY_SONU!D9 -> 50000 | E14: =AY_SONU!E9 -> 313250 | F14: =AY_SONU!F9 -> 158407.97 | G14: =AY_SONU!G9 -> 154842.03
B15: =AY_SONU!B10 -> 46113 | C15: =AY_SONU!C10 -> 281200 | D15: =AY_SONU!D10 -> 147600 | E15: =AY_SONU!E10 -> 428800 | F15: =AY_SONU!F10 -> 154094 | G15: =AY_SONU!G10 -> 274706
B16: =AY_SONU!B11 -> 46143 | C16: =AY_SONU!C11 -> 347650 | D16: =AY_SONU!D11 -> 67250 | E16: =AY_SONU!E11 -> 414900 | F16: =AY_SONU!F11 -> 195354 | G16: =AY_SONU!G11 -> 219546
B17: =AY_SONU!B12 -> 46174 | C17: =AY_SONU!C12 -> 288350 | D17: =AY_SONU!D12 -> 38200 | E17: =AY_SONU!E12 -> 326550 | F17: =AY_SONU!F12 -> 99110 | G17: =AY_SONU!G12 -> 227440
B18: =AY_SONU!B13 -> 46204 | C18: =AY_SONU!C13 -> 204250 | D18: =AY_SONU!D13 -> 20000 | E18: =AY_SONU!E13 -> 224250 | F18: =AY_SONU!F13 -> 107510 | G18: =AY_SONU!G13 -> 116740
B19: =AY_SONU!B14 -> 46235 | C19: =AY_SONU!C14 -> 327900 | D19: =AY_SONU!D14 -> 63000 | E19: =AY_SONU!E14 -> 390900 | F19: =AY_SONU!F14 -> 117300 | G19: =AY_SONU!G14 -> 273600
B20: =AY_SONU!B15 -> 46266 | C20: =AY_SONU!C15 -> 0 | D20: =AY_SONU!D15 -> 0 | E20: =AY_SONU!E15 -> 0 | F20: =AY_SONU!F15 -> 0 | G20: =AY_SONU!G15 -> 0
B21: =AY_SONU!B16 -> 46296 | C21: =AY_SONU!C16 -> 0 | D21: =AY_SONU!D16 -> 0 | E21: =AY_SONU!E16 -> 0 | F21: =AY_SONU!F16 -> 0 | G21: =AY_SONU!G16 -> 0
B22: =AY_SONU!B17 -> 46327 | C22: =AY_SONU!C17 -> 0 | D22: =AY_SONU!D17 -> 0 | E22: =AY_SONU!E17 -> 0 | F22: =AY_SONU!F17 -> 0 | G22: =AY_SONU!G17 -> 0
B23: =AY_SONU!B18 -> 46357 | C23: =AY_SONU!C18 -> 0 | D23: =AY_SONU!D18 -> 0 | E23: =AY_SONU!E18 -> 0 | F23: =AY_SONU!F18 -> 0 | G23: =AY_SONU!G18 -> 0
B26: KRİTİK KONTROLLER
B27: =SISTEM!B19 -> Gelir/Gider tanımsız borçlu | F27: =SISTEM!E19 -> GEÇTİ
B28: =SISTEM!B20 -> Nakitsiz tahakkukta kasa seçilmiş | F28: =SISTEM!E20 -> GEÇTİ
B29: =SISTEM!B21 -> Eski SGK/Muhasebe işlemi yanlış VIRMAN'da | F29: =SISTEM!E21 -> GEÇTİ
B30: =SISTEM!B22 -> Yalıkent/Grand06 yapay kasa çifti | F30: =SISTEM!E22 -> GEÇTİ
B31: =SISTEM!B23 -> Eksik tarihli gerçek Gelir/Gider kaydı | F31: =SISTEM!E23 -> GEÇTİ
B32: =SISTEM!B24 -> Nakit olmayan mahsup kaydı fiziki kasada | F32: =SISTEM!E24 -> GEÇTİ

Sheet MUSTERILER
A1: =IFERROR(HYPERLINK("#MENU!A1","☰ MENÜ"),"☰ MENÜ") -> ☰ MENÜ | B1: =IFERROR(HYPERLINK("#MENU!A1","↗"),"↗") -> ↗ | C1: KILIÇ MUHASEBE │ MÜŞTERİ KARTLARI
A2: ✎ VERİ GİRİŞ ALANI — YALNIZ SARI HÜCRELER | C2: Müşteri ana kartları — yalnız sarı hücrelere giriş.
A3: SAKIN: Aynı müşteriyi ikinci kez açmayın.
A4: =IFERROR(HYPERLINK("#MENU!A1","← MENÜ │ MÜŞTERİLER"),"← MENÜ │ MÜŞTERİLER") -> ← MENÜ │ MÜŞTERİLER | H4: =IFERROR(HYPERLINK("#TAHSILAT!A1","TAHSİLAT"),"TAHSİLAT") -> TAHSİLAT | J4: =IFERROR(HYPERLINK("#GELIR_GIDER!A1","GELİR / GİDER"),"GELİR / GİDER") -> GELİR / GİDER | L4: =IFERROR(HYPERLINK("#VIRMAN!A1","VİRMAN"),"VİRMAN") -> VİRMAN | N4: =IFERROR(HYPERLINK("#RAPOR!A1","RAPOR"),"RAPOR") -> RAPOR
B5: TOPLAM / DURUM | C5: =COUNTIF($B$7:$B$156,"<>") -> 55 | E5: AKTİF | F5: =COUNTIF($D$7:$D$156,"Aktif") -> 52 | H5: PASİF | I5: =COUNTIF($D$7:$D$156,"Pasif") -> 3 | K5: KAYIT KURALI │ Aynı müşteri bir kez açılır.
B6: Müşteri No | C6: Müşteri / Mükellef Unvanı | D6: Durum | E6: Sorumlu Kişi | F6: Telefon | G6: Vergi No | H6: Ödeme Şekli | I6: Başlangıç Tarihi | J6: Devir Alacağı | K6: Devir Alacak Tarihi | L6: Devir Kaynağı | M6: Özel Not | N6: Bilgi Durumu | O6: Kayıt Kontrolü
B7: M019 | C7: AC OTEL LTD.ŞTİ. | D7: Aktif | H7: Nakit | I7: 46023 | J7: 0 | O7: =IF(AND(B7="",C7=""),"",IF(OR(B7="",C7="",D7=""),"EKSİK",IF(COUNTIF($B$7:$B$156,B7)>1,"MÜKERRER NO","UYGUN"))) -> UYGUN
B8: M022 | C8: ADEM KARABENLİ | D8: Aktif | H8: Nakit | I8: 46023 | J8: 0 | O8: =IF(AND(B8="",C8=""),"",IF(OR(B8="",C8="",D8=""),"EKSİK",IF(COUNTIF($B$7:$B$156,B8)>1,"MÜKERRER NO","UYGUN"))) -> UYGUN
B9: M023 | C9: ALTINEL LTD.ŞTİ. | D9: Aktif | H9: Nakit | I9: 46023 | J9: 0 | O9: =IF(AND(B9="",C9=""),"",IF(OR(B9="",C9="",D9=""),"EKSİK",IF(COUNTIF($B$7:$B$156,B9)>1,"MÜKERRER NO","UYGUN"))) -> UYGUN
B10: M001 | C10: ANKARA HAVANA LTD.ŞTİ. | D10: Aktif | H10: Nakit | I10: 46023 | J10: 0 | O10: =IF(AND(B10="",C10=""),"",IF(OR(B10="",C10="",D10=""),"EKSİK",IF(COUNTIF($B$7:$B$156,B10)>1,"MÜKERRER NO","UYGUN"))) -> UYGUN
B11: M024 | C11: ARMAN DİK | D11: Aktif | H11: Nakit | I11: 46023 | J11: 0 | O11: =IF(AND(B11="",C11=""),"",IF(OR(B11="",C11="",D11=""),"EKSİK",IF(COUNTIF($B$7:$B$156,B11)>1,"MÜKERRER NO","UYGUN"))) -> UYGUN
B12: M021 | C12: ARON TOPTAN LTD.ŞTİ. | D12: Aktif | H12: Nakit | I12: 46023 | J12: 0 | O12: =IF(AND(B12="",C12=""),"",IF(OR(B12="",C12="",D12=""),"EKSİK",IF(COUNTIF($B$7:$B$156,B12)>1,"MÜKERRER NO","UYGUN"))) -> UYGUN
B13: M025 | C13: ASIM AÇIKGÖZ | D13: Aktif | H13: Nakit | I13: 46023 | J13: 0 | O13: =IF(AND(B13="",C13=""),"",IF(OR(B13="",C13="",D13=""),"EKSİK",IF(COUNTIF($B$7:$B$156,B13)>1,"MÜKERRER NO","UYGUN"))) -> UYGUN
B14: M017 | C14: ASM EĞLENCE LTD.ŞTİ. | D14: Aktif | H14: Nakit | I14: 46023 | J14: 0 | O14: =IF(AND(B14="",C14=""),"",IF(OR(B14="",C14="",D14=""),"EKSİK",IF(COUNTIF($B$7:$B$156,B14)>1,"MÜKERRER NO","UYGUN"))) -> UYGUN
B15: M026 | C15: AYDES LTD.ŞTİ. | D15: Aktif | H15: Nakit | I15: 46023 | J15: 0 | O15: =IF(AND(B15="",C15=""),"",IF(OR(B15="",C15="",D15=""),"EKSİK",IF(COUNTIF($B$7:$B$156,B15)>1,"MÜKERRER NO","UYGUN"))) -> UYGUN
B16: M015 | C16: ÇAYIRALAN LTD.ŞTİ. | D16: Aktif | H16: Nakit | I16: 46023 | J16: 0 | O16: =IF(AND(B16="",C16=""),"",IF(OR(B16="",C16="",D16=""),"EKSİK",IF(COUNTIF($B$7:$B$156,B16)>1,"MÜKERRER NO","UYGUN"))) -> UYGUN
B17: M027 | C17: CEREN DEMİRCİ | D17: Aktif | H17: Nakit | I17: 46023 | J17: 0 | O17: =IF(AND(B17="",C17=""),"",IF(OR(B17="",C17="",D17=""),"EKSİK",IF(COUNTIF($B$7:$B$156,B17)>1,"MÜKERRER NO","UYGUN"))) -> UYGUN
B18: M018 | C18: ÇINARHAN LTD.ŞTİ. | D18: Aktif | H18: Nakit | I18: 46023 | J18: 0 | O18: =IF(AND(B18="",C18=""),"",IF(OR(B18="",C18="",D18=""),"EKSİK",IF(COUNTIF($B$7:$B$156,B18)>1,"MÜKERRER NO","UYGUN"))) -> UYGUN
... B50: M016 | C50: RİX ŞOW LTD.ŞTİ. | D50: Aktif | H50: Nakit | I50: 46023 | J50: 0 | O50: =IF(AND(B50="",C50=""),"",IF(OR(B50="",C50="",D50=""),"EKSİK",IF(COUNTIF($B$7:$B$156,B50)>1,"MÜKERRER NO","UYGUN"))) -> UYGUN
B51: M055 | C51: SEMRA GÜMÜŞ | D51: Pasif | H51: Nakit | I51: 46023 | O51: =IF(AND(B51="",C51=""),"",IF(OR(B51="",C51="",D51=""),"EKSİK",IF(COUNTIF($B$7:$B$156,B51)>1,"MÜKERRER NO","UYGUN"))) -> UYGUN
B52: M049 | C52: STAR ŞOW LTD.ŞTİ. | D52: Aktif | H52: Nakit | I52: 46023 | J52: 0 | O52: =IF(AND(B52="",C52=""),"",IF(OR(B52="",C52="",D52=""),"EKSİK",IF(COUNTIF($B$7:$B$156,B52)>1,"MÜKERRER NO","UYGUN"))) -> UYGUN
B53: M050 | C53: TANAK LTD.ŞTİ. | D53: Aktif | H53: Nakit | I53: 46023 | J53: 0 | O53: =IF(AND(B53="",C53=""),"",IF(OR(B53="",C53="",D53=""),"EKSİK",IF(COUNTIF($B$7:$B$156,B53)>1,"MÜKERRER NO","UYGUN"))) -> UYGUN
B54: M003 | C54: TYANA LTD.ŞTİ. | D54: Aktif | H54: Nakit | I54: 46023 | J54: 0 | O54: =IF(AND(B54="",C54=""),"",IF(OR(B54="",C54="",D54=""),"EKSİK",IF(COUNTIF($B$7:$B$156,B54)>1,"MÜKERRER NO","UYGUN"))) -> UYGUN
B55: M051 | C55: UFUK YILMAZ | D55: Aktif | H55: Nakit | I55: 46023 | J55: 0 | O55: =IF(AND(B55="",C55=""),"",IF(OR(B55="",C55="",D55=""),"EKSİK",IF(COUNTIF($B$7:$B$156,B55)>1,"MÜKERRER NO","UYGUN"))) -> UYGUN
B56: M052 | C56: VANOLYA SU LTD.ŞTİ. | D56: Aktif | H56: Nakit | I56: 46023 | J56: 0 | O56: =IF(AND(B56="",C56=""),"",IF(OR(B56="",C56="",D56=""),"EKSİK",IF(COUNTIF($B$7:$B$156,B56)>1,"MÜKERRER NO","UYGUN"))) -> UYGUN
B57: M006 | C57: VOLKAN AÇIK | D57: Aktif | H57: Nakit | I57: 46023 | J57: 0 | O57: =IF(AND(B57="",C57=""),"",IF(OR(B57="",C57="",D57=""),"EKSİK",IF(COUNTIF($B$7:$B$156,B57)>1,"MÜKERRER NO","UYGUN"))) -> UYGUN
B58: M054 | C58: YALIKENT LTD.ŞTİ. | D58: Pasif | H58: Nakit | I58: 46023 | O58: =IF(AND(B58="",C58=""),"",IF(OR(B58="",C58="",D58=""),"EKSİK",IF(COUNTIF($B$7:$B$156,B58)>1,"MÜKERRER NO","UYGUN"))) -> UYGUN
B59: M053 | C59: YEDİYİRMİDÖRT LTD.ŞTİ. | D59: Aktif | H59: Nakit | I59: 46023 | J59: 0 | O59: =IF(AND(B59="",C59=""),"",IF(OR(B59="",C59="",D59=""),"EKSİK",IF(COUNTIF($B$7:$B$156,B59)>1,"MÜKERRER NO","UYGUN"))) -> UYGUN
B60: M004 | C60: ZÜMRÜT EĞLENCE LTD.ŞTİ. | D60: Aktif | H60: Nakit | I60: 46023 | J60: 0 | O60: =IF(AND(B60="",C60=""),"",IF(OR(B60="",C60="",D60=""),"EKSİK",IF(COUNTIF($B$7:$B$156,B60)>1,"MÜKERRER NO","UYGUN"))) -> UYGUN
B61: M005 | C61: ZÜMRÜT GRUP LTD.ŞTİ. | D61: Aktif | H61: Nakit | I61: 46023 | J61: 0 | O61: =IF(AND(B61="",C61=""),"",IF(OR(B61="",C61="",D61=""),"EKSİK",IF(COUNTIF($B$7:$B$156,B61)>1,"MÜKERRER NO","UYGUN"))) -> UYGUN
O62: =IF(AND(B62="",C62=""),"",IF(OR(B62="",C62="",D62=""),"EKSİK",IF(COUNTIF($B$7:$B$156,B62)>1,"MÜKERRER NO","UYGUN")))
O63: =IF(AND(B63="",C63=""),"",IF(OR(B63="",C63="",D63=""),"EKSİK",IF(COUNTIF($B$7:$B$156,B63)>1,"MÜKERRER NO","UYGUN")))
O64: =IF(AND(B64="",C64=""),"",IF(OR(B64="",C64="",D64=""),"EKSİK",IF(COUNTIF($B$7:$B$156,B64)>1,"MÜKERRER NO","UYGUN")))
O65: =IF(AND(B65="",C65=""),"",IF(OR(B65="",C65="",D65=""),"EKSİK",IF(COUNTIF($B$7:$B$156,B65)>1,"MÜKERRER NO","UYGUN")))
O66: =IF(AND(B66="",C66=""),"",IF(OR(B66="",C66="",D66=""),"EKSİK",IF(COUNTIF($B$7:$B$156,B66)>1,"MÜKERRER NO","UYGUN")))
O67: =IF(AND(B67="",C67=""),"",IF(OR(B67="",C67="",D67=""),"EKSİK",IF(COUNTIF($B$7:$B$156,B67)>1,"MÜKERRER NO","UYGUN")))
O68: =IF(AND(B68="",C68=""),"",IF(OR(B68="",C68="",D68=""),"EKSİK",IF(COUNTIF($B$7:$B$156,B68)>1,"MÜKERRER NO","UYGUN")))
O69: =IF(AND(B69="",C69=""),"",IF(OR(B69="",C69="",D69=""),"EKSİK",IF(COUNTIF($B$7:$B$156,B69)>1,"MÜKERRER NO","UYGUN")))
O70: =IF(AND(B70="",C70=""),"",IF(OR(B70="",C70="",D70=""),"EKSİK",IF(COUNTIF($B$7:$B$156,B70)>1,"MÜKERRER NO","UYGUN")))
O71: =IF(AND(B71="",C71=""),"",IF(OR(B71="",C71="",D71=""),"EKSİK",IF(COUNTIF($B$7:$B$156,B71)>1,"MÜKERRER NO","UYGUN")))
O72: =IF(AND(B72="",C72=""),"",IF(OR(B72="",C72="",D72=""),"EKSİK",IF(COUNTIF($B$7:$B$156,B72)>1,"MÜKERRER NO","UYGUN")))
O73: =IF(AND(B73="",C73=""),"",IF(OR(B73="",C73="",D73=""),"EKSİK",IF(COUNTIF($B$7:$B$156,B73)>1,"MÜKERRER NO","UYGUN")))
... O156: =IF(AND(B156="",C156=""),"",IF(OR(B156="",C156="",D156=""),"EKSİK",IF(COUNTIF($B$7:$B$156,B156)>1,"MÜKERRER NO","UYGUN")))

Sheet UCRETLER
A1: =IFERROR(HYPERLINK("#MENU!A1","☰ MENÜ"),"☰ MENÜ") -> ☰ MENÜ | B1: =IFERROR(HYPERLINK("#MENU!A1","↗"),"↗") -> ↗ | C1: KILIÇ MUHASEBE │ ÜCRET DÖNEMLERİ
A2: ✎ VERİ GİRİŞ ALANI — YALNIZ SARI HÜCRELER | C2: Ücret ve dönem tanımları — eski dönemi değiştirmeden yeni dönem açın.
A3: SAKIN: Ücret değişince eski satırdaki tutarı değiştirmeyin; yeni dönem açın.
A4: =IFERROR(HYPERLINK("#MENU!A1","← MENÜ │ ÜCRETLER"),"← MENÜ │ ÜCRETLER") -> ← MENÜ │ ÜCRETLER | H4: =IFERROR(HYPERLINK("#TAHSILAT!A1","TAHSİLAT"),"TAHSİLAT") -> TAHSİLAT | J4: =IFERROR(HYPERLINK("#GELIR_GIDER!A1","GELİR / GİDER"),"GELİR / GİDER") -> GELİR / GİDER | L4: =IFERROR(HYPERLINK("#VIRMAN!A1","VİRMAN"),"VİRMAN") -> VİRMAN | N4: =IFERROR(HYPERLINK("#RAPOR!A1","RAPOR"),"RAPOR") -> RAPOR
B5: AKTİF ÜCRET TANIMI | C5: =COUNTIF($H$7:$H$306,"Aktif") -> 53 | E5: ÜCRET TOPLAMI | F5: =SUMIFS($G$7:$G$306,$H$7:$H$306,"Aktif") -> 210751 | J5: DÖNEM KURALI │ Zamda eski satırı kapat, yeni satır aç.
B6: Müşteri No | C6: Müşteri | D6: Ücret Başlangıç Tarihi | E6: Ücret Bitiş Tarihi | F6: Tahakkuk Modeli | G6: Ücret Tutarı | H6: Dönem Durumu | I6: Bugüne Kadar Oluşan | J6: Oluşan Dönem | K6: Sistem Kontrolü | L6: İlk Tahakkuk Tarihi | M6: Not | N6: Teknik Hesap Tarihi | O6: Teknik İlk Tahakkuk | P6: Teknik Dönem Sayısı
B7: M019 | C7: AC OTEL LTD.ŞTİ. | D7: 46023 | F7: Aylık | G7: 4000 | H7: =IF(OR(B7="",D7="",F7="",G7=""),"",IF(AND(E7<>"",E7<SISTEM!$C$17),"Pasif","Aktif")) -> Aktif | I7: =IF(P7=0,0,P7*G7) -> 32000 | J7: =IF(OR(G7="",G7=0),"",I7/G7) -> 8 | K7: =IF(AND(B7="",C7=""),"",IF(OR(B7="",C7="",D7="",F7="",G7=""),"EKSİK",IF(COUNTIF(MUSTERILER!$B$7:$B$156,B7)=0,"TANIMSIZ MÜŞTERİ","UYGUN"))) -> UYGUN | L7: =IF(D7="","",IF(F7="Haftalık",D7+MOD(6-WEEKDAY(D7,2),7),EOMONTH(D7,0))) -> 46053 | M7: 7 | N7: =IF(B7="","",IF(E7="",SISTEM!$C$17,MIN(E7,SISTEM!$C$17))) -> 46261 | O7: =L7 -> 46053 | P7: =IF(OR(B7="",O7="",N7=""),0,IF(F7="Haftalık",MAX(0,INT((N7-O7)/7)+1),IF(F7="Aylık",MAX(0,(YEAR(N7)-YEAR(O7))*12+MONTH(N7)-MONTH(O7)+1),0))) -> 8
B8: M022 | C8: ADEM KARABENLİ | D8: 46023 | F8: Aylık | G8: 3000 | H8: =IF(OR(B8="",D8="",F8="",G8=""),"",IF(AND(E8<>"",E8<SISTEM!$C$17),"Pasif","Aktif")) -> Aktif | I8: =IF(P8=0,0,P8*G8) -> 24000 | J8: =IF(OR(G8="",G8=0),"",I8/G8) -> 8 | K8: =IF(AND(B8="",C8=""),"",IF(OR(B8="",C8="",D8="",F8="",G8=""),"EKSİK",IF(COUNTIF(MUSTERILER!$B$7:$B$156,B8)=0,"TANIMSIZ MÜŞTERİ","UYGUN"))) -> UYGUN | L8: =IF(D8="","",IF(F8="Haftalık",D8+MOD(6-WEEKDAY(D8,2),7),EOMONTH(D8,0))) -> 46053 | M8: 7 | N8: =IF(B8="","",IF(E8="",SISTEM!$C$17,MIN(E8,SISTEM!$C$17))) -> 46261 | O8: =L8 -> 46053 | P8: =IF(OR(B8="",O8="",N8=""),0,IF(F8="Haftalık",MAX(0,INT((N8-O8)/7)+1),IF(F8="Aylık",MAX(0,(YEAR(N8)-YEAR(O8))*12+MONTH(N8)-MONTH(O8)+1),0))) -> 8
B9: M023 | C9: ALTINEL LTD.ŞTİ. | D9: 46266 | F9: Aylık | G9: 10000 | H9: =IF(OR(B9="",D9="",F9="",G9=""),"",IF(AND(E9<>"",E9<SISTEM!$C$17),"Pasif","Aktif")) -> Aktif | I9: =IF(P9=0,0,P9*G9) -> 0 | J9: =IF(OR(G9="",G9=0),"",I9/G9) -> 0 | K9: =IF(AND(B9="",C9=""),"",IF(OR(B9="",C9="",D9="",F9="",G9=""),"EKSİK",IF(COUNTIF(MUSTERILER!$B$7:$B$156,B9)=0,"TANIMSIZ MÜŞTERİ","UYGUN"))) -> UYGUN | L9: =IF(D9="","",IF(F9="Haftalık",D9+MOD(6-WEEKDAY(D9,2),7),EOMONTH(D9,0))) -> 46295 | M9: 0 | N9: =IF(B9="","",IF(E9="",SISTEM!$C$17,MIN(E9,SISTEM!$C$17))) -> 46261 | O9: =L9 -> 46295 | P9: =IF(OR(B9="",O9="",N9=""),0,IF(F9="Haftalık",MAX(0,INT((N9-O9)/7)+1),IF(F9="Aylık",MAX(0,(YEAR(N9)-YEAR(O9))*12+MONTH(N9)-MONTH(O9)+1),0))) -> 0
B10: M001 | C10: ANKARA HAVANA LTD.ŞTİ. | D10: 46023 | F10: Haftalık | G10: 4000 | H10: =IF(OR(B10="",D10="",F10="",G10=""),"",IF(AND(E10<>"",E10<SISTEM!$C$17),"Pasif","Aktif")) -> Aktif | I10: =IF(P10=0,0,P10*G10) -> 136000 | J10: =IF(OR(G10="",G10=0),"",I10/G10) -> 34 | K10: =IF(AND(B10="",C10=""),"",IF(OR(B10="",C10="",D10="",F10="",G10=""),"EKSİK",IF(COUNTIF(MUSTERILER!$B$7:$B$156,B10)=0,"TANIMSIZ MÜŞTERİ","UYGUN"))) -> UYGUN | L10: =IF(D10="","",IF(F10="Haftalık",D10+MOD(6-WEEKDAY(D10,2),7),EOMONTH(D10,0))) -> 46025 | M10: 34 | N10: =IF(B10="","",IF(E10="",SISTEM!$C$17,MIN(E10,SISTEM!$C$17))) -> 46261 | O10: =L10 -> 46025 | P10: =IF(OR(B10="",O10="",N10=""),0,IF(F10="Haftalık",MAX(0,INT((N10-O10)/7)+1),IF(F10="Aylık",MAX(0,(YEAR(N10)-YEAR(O10))*12+MONTH(N10)-MONTH(O10)+1),0))) -> 34
B11: M024 | C11: ARMAN DİK | D11: 46023 | F11: Aylık | G11: 3000 | H11: =IF(OR(B11="",D11="",F11="",G11=""),"",IF(AND(E11<>"",E11<SISTEM!$C$17),"Pasif","Aktif")) -> Aktif | I11: =IF(P11=0,0,P11*G11) -> 24000 | J11: =IF(OR(G11="",G11=0),"",I11/G11) -> 8 | K11: =IF(AND(B11="",C11=""),"",IF(OR(B11="",C11="",D11="",F11="",G11=""),"EKSİK",IF(COUNTIF(MUSTERILER!$B$7:$B$156,B11)=0,"TANIMSIZ MÜŞTERİ","UYGUN"))) -> UYGUN | L11: =IF(D11="","",IF(F11="Haftalık",D11+MOD(6-WEEKDAY(D11,2),7),EOMONTH(D11,0))) -> 46053 | M11: 7 | N11: =IF(B11="","",IF(E11="",SISTEM!$C$17,MIN(E11,SISTEM!$C$17))) -> 46261 | O11: =L11 -> 46053 | P11: =IF(OR(B11="",O11="",N11=""),0,IF(F11="Haftalık",MAX(0,INT((N11-O11)/7)+1),IF(F11="Aylık",MAX(0,(YEAR(N11)-YEAR(O11))*12+MONTH(N11)-MONTH(O11)+1),0))) -> 8
B12: M021 | C12: ARON TOPTAN LTD.ŞTİ. | D12: 46023 | F12: Aylık | G12: 10000 | H12: =IF(OR(B12="",D12="",F12="",G12=""),"",IF(AND(E12<>"",E12<SISTEM!$C$17),"Pasif","Aktif")) -> Aktif | I12: =IF(P12=0,0,P12*G12) -> 80000 | J12: =IF(OR(G12="",G12=0),"",I12/G12) -> 8 | K12: =IF(AND(B12="",C12=""),"",IF(OR(B12="",C12="",D12="",F12="",G12=""),"EKSİK",IF(COUNTIF(MUSTERILER!$B$7:$B$156,B12)=0,"TANIMSIZ MÜŞTERİ","UYGUN"))) -> UYGUN | L12: =IF(D12="","",IF(F12="Haftalık",D12+MOD(6-WEEKDAY(D12,2),7),EOMONTH(D12,0))) -> 46053 | M12: 7 | N12: =IF(B12="","",IF(E12="",SISTEM!$C$17,MIN(E12,SISTEM!$C$17))) -> 46261 | O12: =L12 -> 46053 | P12: =IF(OR(B12="",O12="",N12=""),0,IF(F12="Haftalık",MAX(0,INT((N12-O12)/7)+1),IF(F12="Aylık",MAX(0,(YEAR(N12)-YEAR(O12))*12+MONTH(N12)-MONTH(O12)+1),0))) -> 8
B13: M025 | C13: ASIM AÇIKGÖZ | D13: 46023 | F13: Haftalık | G13: 2000 | H13: =IF(OR(B13="",D13="",F13="",G13=""),"",IF(AND(E13<>"",E13<SISTEM!$C$17),"Pasif","Aktif")) -> Aktif | I13: =IF(P13=0,0,P13*G13) -> 68000 | J13: =IF(OR(G13="",G13=0),"",I13/G13) -> 34 | K13: =IF(AND(B13="",C13=""),"",IF(OR(B13="",C13="",D13="",F13="",G13=""),"EKSİK",IF(COUNTIF(MUSTERILER!$B$7:$B$156,B13)=0,"TANIMSIZ MÜŞTERİ","UYGUN"))) -> UYGUN | L13: =IF(D13="","",IF(F13="Haftalık",D13+MOD(6-WEEKDAY(D13,2),7),EOMONTH(D13,0))) -> 46025 | M13: 34 | N13: =IF(B13="","",IF(E13="",SISTEM!$C$17,MIN(E13,SISTEM!$C$17))) -> 46261 | O13: =L13 -> 46025 | P13: =IF(OR(B13="",O13="",N13=""),0,IF(F13="Haftalık",MAX(0,INT((N13-O13)/7)+1),IF(F13="Aylık",MAX(0,(YEAR(N13)-YEAR(O13))*12+MONTH(N13)-MONTH(O13)+1),0))) -> 34
B14: M017 | C14: ASM EĞLENCE LTD.ŞTİ. | D14: 46023 | F14: Haftalık | G14: 2500 | H14: =IF(OR(B14="",D14="",F14="",G14=""),"",IF(AND(E14<>"",E14<SISTEM!$C$17),"Pasif","Aktif")) -> Aktif | I14: =IF(P14=0,0,P14*G14) -> 85000 | J14: =IF(OR(G14="",G14=0),"",I14/G14) -> 34 | K14: =IF(AND(B14="",C14=""),"",IF(OR(B14="",C14="",D14="",F14="",G14=""),"EKSİK",IF(COUNTIF(MUSTERILER!$B$7:$B$156,B14)=0,"TANIMSIZ MÜŞTERİ","UYGUN"))) -> UYGUN | L14: =IF(D14="","",IF(F14="Haftalık",D14+MOD(6-WEEKDAY(D14,2),7),EOMONTH(D14,0))) -> 46025 | M14: 34 | N14: =IF(B14="","",IF(E14="",SISTEM!$C$17,MIN(E14,SISTEM!$C$17))) -> 46261 | O14: =L14 -> 46025 | P14: =IF(OR(B14="",O14="",N14=""),0,IF(F14="Haftalık",MAX(0,INT((N14-O14)/7)+1),IF(F14="Aylık",MAX(0,(YEAR(N14)-YEAR(O14))*12+MONTH(N14)-MONTH(O14)+1),0))) -> 34
B15: M026 | C15: AYDES LTD.ŞTİ. | D15: 46023 | F15: Aylık | G15: 7500 | H15: =IF(OR(B15="",D15="",F15="",G15=""),"",IF(AND(E15<>"",E15<SISTEM!$C$17),"Pasif","Aktif")) -> Aktif | I15: =IF(P15=0,0,P15*G15) -> 60000 | J15: =IF(OR(G15="",G15=0),"",I15/G15) -> 8 | K15: =IF(AND(B15="",C15=""),"",IF(OR(B15="",C15="",D15="",F15="",G15=""),"EKSİK",IF(COUNTIF(MUSTERILER!$B$7:$B$156,B15)=0,"TANIMSIZ MÜŞTERİ","UYGUN"))) -> UYGUN | L15: =IF(D15="","",IF(F15="Haftalık",D15+MOD(6-WEEKDAY(D15,2),7),EOMONTH(D15,0))) -> 46053 | M15: 7 | N15: =IF(B15="","",IF(E15="",SISTEM!$C$17,MIN(E15,SISTEM!$C$17))) -> 46261 | O15: =L15 -> 46053 | P15: =IF(OR(B15="",O15="",N15=""),0,IF(F15="Haftalık",MAX(0,INT((N15-O15)/7)+1),IF(F15="Aylık",MAX(0,(YEAR(N15)-YEAR(O15))*12+MONTH(N15)-MONTH(O15)+1),0))) -> 8
B16: M027 | C16: CEREN DEMİRCİ | D16: 46023 | F16: Aylık | G16: 4000 | H16: =IF(OR(B16="",D16="",F16="",G16=""),"",IF(AND(E16<>"",E16<SISTEM!$C$17),"Pasif","Aktif")) -> Aktif | I16: =IF(P16=0,0,P16*G16) -> 32000 | J16: =IF(OR(G16="",G16=0),"",I16/G16) -> 8 | K16: =IF(AND(B16="",C16=""),"",IF(OR(B16="",C16="",D16="",F16="",G16=""),"EKSİK",IF(COUNTIF(MUSTERILER!$B$7:$B$156,B16)=0,"TANIMSIZ MÜŞTERİ","UYGUN"))) -> UYGUN | L16: =IF(D16="","",IF(F16="Haftalık",D16+MOD(6-WEEKDAY(D16,2),7),EOMONTH(D16,0))) -> 46053 | M16: 7 | N16: =IF(B16="","",IF(E16="",SISTEM!$C$17,MIN(E16,SISTEM!$C$17))) -> 46261 | O16: =L16 -> 46053 | P16: =IF(OR(B16="",O16="",N16=""),0,IF(F16="Haftalık",MAX(0,INT((N16-O16)/7)+1),IF(F16="Aylık",MAX(0,(YEAR(N16)-YEAR(O16))*12+MONTH(N16)-MONTH(O16)+1),0))) -> 8
B17: M015 | C17: ÇAYIRALAN LTD.ŞTİ. | D17: 46023 | F17: Haftalık | G17: 3000 | H17: =IF(OR(B17="",D17="",F17="",G17=""),"",IF(AND(E17<>"",E17<SISTEM!$C$17),"Pasif","Aktif")) -> Aktif | I17: =IF(P17=0,0,P17*G17) -> 102000 | J17: =IF(OR(G17="",G17=0),"",I17/G17) -> 34 | K17: =IF(AND(B17="",C17=""),"",IF(OR(B17="",C17="",D17="",F17="",G17=""),"EKSİK",IF(COUNTIF(MUSTERILER!$B$7:$B$156,B17)=0,"TANIMSIZ MÜŞTERİ","UYGUN"))) -> UYGUN | L17: =IF(D17="","",IF(F17="Haftalık",D17+MOD(6-WEEKDAY(D17,2),7),EOMONTH(D17,0))) -> 46025 | M17: 34 | N17: =IF(B17="","",IF(E17="",SISTEM!$C$17,MIN(E17,SISTEM!$C$17))) -> 46261 | O17: =L17 -> 46025 | P17: =IF(OR(B17="",O17="",N17=""),0,IF(F17="Haftalık",MAX(0,INT((N17-O17)/7)+1),IF(F17="Aylık",MAX(0,(YEAR(N17)-YEAR(O17))*12+MONTH(N17)-MONTH(O17)+1),0))) -> 34
B18: M018 | C18: ÇINARHAN LTD.ŞTİ. | D18: 46023 | E18: 46248 | F18: Haftalık | G18: 2500 | H18: =IF(OR(B18="",D18="",F18="",G18=""),"",IF(AND(E18<>"",E18<SISTEM!$C$17),"Pasif","Aktif")) -> Pasif | I18: =IF(P18=0,0,P18*G18) -> 80000 | J18: =IF(OR(G18="",G18=0),"",I18/G18) -> 32 | K18: =IF(AND(B18="",C18=""),"",IF(OR(B18="",C18="",D18="",F18="",G18=""),"EKSİK",IF(COUNTIF(MUSTERILER!$B$7:$B$156,B18)=0,"TANIMSIZ MÜŞTERİ","UYGUN"))) -> UYGUN | L18: =IF(D18="","",IF(F18="Haftalık",D18+MOD(6-WEEKDAY(D18,2),7),EOMONTH(D18,0))) -> 46025 | M18: 32 | N18: =IF(B18="","",IF(E18="",SISTEM!$C$17,MIN(E18,SISTEM!$C$17))) -> 46248 | O18: =L18 -> 46025 | P18: =IF(OR(B18="",O18="",N18=""),0,IF(F18="Haftalık",MAX(0,INT((N18-O18)/7)+1),IF(F18="Aylık",MAX(0,(YEAR(N18)-YEAR(O18))*12+MONTH(N18)-MONTH(O18)+1),0))) -> 32
B19: M028 | C19: DERVİŞHAN LTD.ŞTİ. | D19: 46023 | F19: Aylık | G19: 10000 | H19: =IF(OR(B19="",D19="",F19="",G19=""),"",IF(AND(E19<>"",E19<SISTEM!$C$17),"Pasif","Aktif")) -> Aktif | I19: =IF(P19=0,0,P19*G19) -> 80000 | J19: =IF(OR(G19="",G19=0),"",I19/G19) -> 8 | K19: =IF(AND(B19="",C19=""),"",IF(OR(B19="",C19="",D19="",F19="",G19=""),"EKSİK",IF(COUNTIF(MUSTERILER!$B$7:$B$156,B19)=0,"TANIMSIZ MÜŞTERİ","UYGUN"))) -> UYGUN | L19: =IF(D19="","",IF(F19="Haftalık",D19+MOD(6-WEEKDAY(D19,2),7),EOMONTH(D19,0))) -> 46053 | M19: 7 | N19: =IF(B19="","",IF(E19="",SISTEM!$C$17,MIN(E19,SISTEM!$C$17))) -> 46261 | O19: =L19 -> 46053 | P19: =IF(OR(B19="",O19="",N19=""),0,IF(F19="Haftalık",MAX(0,INT((N19-O19)/7)+1),IF(F19="Aylık",MAX(0,(YEAR(N19)-YEAR(O19))*12+MONTH(N19)-MONTH(O19)+1),0))) -> 8
B20: M011 | C20: EĞLENGÖR LTD.ŞTİ. | D20: 46039 | E20: 46109 | F20: Haftalık | G20: 3000 | H20: =IF(OR(B20="",D20="",F20="",G20=""),"",IF(AND(E20<>"",E20<SISTEM!$C$17),"Pasif","Aktif")) -> Pasif | I20: =IF(P20=0,0,P20*G20) -> 33000 | J20: =IF(OR(G20="",G20=0),"",I20/G20) -> 11 | K20: =IF(AND(B20="",C20=""),"",IF(OR(B20="",C20="",D20="",F20="",G20=""),"EKSİK",IF(COUNTIF(MUSTERILER!$B$7:$B$156,B20)=0,"TANIMSIZ MÜŞTERİ","UYGUN"))) -> UYGUN | L20: =IF(D20="","",IF(F20="Haftalık",D20+MOD(6-WEEKDAY(D20,2),7),EOMONTH(D20,0))) -> 46039 | M20: 11 | N20: =IF(B20="","",IF(E20="",SISTEM!$C$17,MIN(E20,SISTEM!$C$17))) -> 46109 | O20: =L20 -> 46039 | P20: =IF(OR(B20="",O20="",N20=""),0,IF(F20="Haftalık",MAX(0,INT((N20-O20)/7)+1),IF(F20="Aylık",MAX(0,(YEAR(N20)-YEAR(O20))*12+MONTH(N20)-MONTH(O20)+1),0))) -> 11
B21: M029 | C21: EMRAH SAVURKAN | D21: 46023 | F21: Aylık | G21: 2000 | H21: =IF(OR(B21="",D21="",F21="",G21=""),"",IF(AND(E21<>"",E21<SISTEM!$C$17),"Pasif","Aktif")) -> Aktif | I21: =IF(P21=0,0,P21*G21) -> 16000 | J21: =IF(OR(G21="",G21=0),"",I21/G21) -> 8 | K21: =IF(AND(B21="",C21=""),"",IF(OR(B21="",C21="",D21="",F21="",G21=""),"EKSİK",IF(COUNTIF(MUSTERILER!$B$7:$B$156,B21)=0,"TANIMSIZ MÜŞTERİ","UYGUN"))) -> UYGUN | L21: =IF(D21="","",IF(F21="Haftalık",D21+MOD(6-WEEKDAY(D21,2),7),EOMONTH(D21,0))) -> 46053 | M21: 7 | N21: =IF(B21="","",IF(E21="",SISTEM!$C$17,MIN(E21,SISTEM!$C$17))) -> 46261 | O21: =L21 -> 46053 | P21: =IF(OR(B21="",O21="",N21=""),0,IF(F21="Haftalık",MAX(0,INT((N21-O21)/7)+1),IF(F21="Aylık",MAX(0,(YEAR(N21)-YEAR(O21))*12+MONTH(N21)-MONTH(O21)+1),0))) -> 8
B22: M002 | C22: ESERLİ LTD.ŞTİ. | D22: 46023 | F22: Haftalık | G22: 3500 | H22: =IF(OR(B22="",D22="",F22="",G22=""),"",IF(AND(E22<>"",E22<SISTEM!$C$17),"Pasif","Aktif")) -> Aktif | I22: =IF(P22=0,0,P22*G22) -> 119000 | J22: =IF(OR(G22="",G22=0),"",I22/G22) -> 34 | K22: =IF(AND(B22="",C22=""),"",IF(OR(B22="",C22="",D22="",F22="",G22=""),"EKSİK",IF(COUNTIF(MUSTERILER!$B$7:$B$156,B22)=0,"TANIMSIZ MÜŞTERİ","UYGUN"))) -> UYGUN | L22: =IF(D22="","",IF(F22="Haftalık",D22+MOD(6-WEEKDAY(D22,2),7),EOMONTH(D22,0))) -> 46025 | M22: 34 | N22: =IF(B22="","",IF(E22="",SISTEM!$C$17,MIN(E22,SISTEM!$C$17))) -> 46261 | O22: =L22 -> 46025 | P22: =IF(OR(B22="",O22="",N22=""),0,IF(F22="Haftalık",MAX(0,INT((N22-O22)/7)+1),IF(F22="Aylık",MAX(0,(YEAR(N22)-YEAR(O22))*12+MONTH(N22)-MONTH(O22)+1),0))) -> 34
B23: M030 | C23: FARUK DEMİRCİ | D23: 46023 | F23: Aylık | G23: 2000 | H23: =IF(OR(B23="",D23="",F23="",G23=""),"",IF(AND(E23<>"",E23<SISTEM!$C$17),"Pasif","Aktif")) -> Aktif | I23: =IF(P23=0,0,P23*G23) -> 16000 | J23: =IF(OR(G23="",G23=0),"",I23/G23) -> 8 | K23: =IF(AND(B23="",C23=""),"",IF(OR(B23="",C23="",D23="",F23="",G23=""),"EKSİK",IF(COUNTIF(MUSTERILER!$B$7:$B$156,B23)=0,"TANIMSIZ MÜŞTERİ","UYGUN"))) -> UYGUN | L23: =IF(D23="","",IF(F23="Haftalık",D23+MOD(6-WEEKDAY(D23,2),7),EOMONTH(D23,0))) -> 46053 | M23: 7 | N23: =IF(B23="","",IF(E23="",SISTEM!$C$17,MIN(E23,SISTEM!$C$17))) -> 46261 | O23: =L23 -> 46053 | P23: =IF(OR(B23="",O23="",N23=""),0,IF(F23="Haftalık",MAX(0,INT((N23-O23)/7)+1),IF(F23="Aylık",MAX(0,(YEAR(N23)-YEAR(O23))*12+MONTH(N23)-MONTH(O23)+1),0))) -> 8
B24: M014 | C24: FİNAL SİYAH BEYAZ LTD.ŞTİ. | D24: 46023 | E24: 46115 | F24: Haftalık | G24: 2000 | H24: =IF(OR(B24="",D24="",F24="",G24=""),"",IF(AND(E24<>"",E24<SISTEM!$C$17),"Pasif","Aktif")) -> Pasif | I24: =IF(P24=0,0,P24*G24) -> 26000 | J24: =IF(OR(G24="",G24=0),"",I24/G24) -> 13 | K24: =IF(AND(B24="",C24=""),"",IF(OR(B24="",C24="",D24="",F24="",G24=""),"EKSİK",IF(COUNTIF(MUSTERILER!$B$7:$B$156,B24)=0,"TANIMSIZ MÜŞTERİ","UYGUN"))) -> UYGUN | L24: =IF(D24="","",IF(F24="Haftalık",D24+MOD(6-WEEKDAY(D24,2),7),EOMONTH(D24,0))) -> 46025 | M24: 13 | N24: =IF(B24="","",IF(E24="",SISTEM!$C$17,MIN(E24,SISTEM!$C$17))) -> 46115 | O24: =L24 -> 46025 | P24: =IF(OR(B24="",O24="",N24=""),0,IF(F24="Haftalık",MAX(0,INT((N24-O24)/7)+1),IF(F24="Aylık",MAX(0,(YEAR(N24)-YEAR(O24))*12+MONTH(N24)-MONTH(O24)+1),0))) -> 13
B25: M031 | C25: HALİL AVŞAR | D25: 46023 | F25: Aylık | G25: 3000 | H25: =IF(OR(B25="",D25="",F25="",G25=""),"",IF(AND(E25<>"",E25<SISTEM!$C$17),"Pasif","Aktif")) -> Aktif | I25: =IF(P25=0,0,P25*G25) -> 24000 | J25: =IF(OR(G25="",G25=0),"",I25/G25) -> 8 | K25: =IF(AND(B25="",C25=""),"",IF(OR(B25="",C25="",D25="",F25="",G25=""),"EKSİK",IF(COUNTIF(MUSTERILER!$B$7:$B$156,B25)=0,"TANIMSIZ MÜŞTERİ","UYGUN"))) -> UYGUN | L25: =IF(D25="","",IF(F25="Haftalık",D25+MOD(6-WEEKDAY(D25,2),7),EOMONTH(D25,0))) -> 46053 | M25: 7 | N25: =IF(B25="","",IF(E25="",SISTEM!$C$17,MIN(E25,SISTEM!$C$17))) -> 46261 | O25: =L25 -> 46053 | P25: =IF(OR(B25="",O25="",N25=""),0,IF(F25="Haftalık",MAX(0,INT((N25-O25)/7)+1),IF(F25="Aylık",MAX(0,(YEAR(N25)-YEAR(O25))*12+MONTH(N25)-MONTH(O25)+1),0))) -> 8
B26: M032 | C26: HAYDAR KAYA | D26: 46023 | F26: Aylık | G26: 1000 | H26: =IF(OR(B26="",D26="",F26="",G26=""),"",IF(AND(E26<>"",E26<SISTEM!$C$17),"Pasif","Aktif")) -> Aktif | I26: =IF(P26=0,0,P26*G26) -> 8000 | J26: =IF(OR(G26="",G26=0),"",I26/G26) -> 8 | K26: =IF(AND(B26="",C26=""),"",IF(OR(B26="",C26="",D26="",F26="",G26=""),"EKSİK",IF(COUNTIF(MUSTERILER!$B$7:$B$156,B26)=0,"TANIMSIZ MÜŞTERİ","UYGUN"))) -> UYGUN | L26: =IF(D26="","",IF(F26="Haftalık",D26+MOD(6-WEEKDAY(D26,2),7),EOMONTH(D26,0))) -> 46053 | M26: 7 | N26: =IF(B26="","",IF(E26="",SISTEM!$C$17,MIN(E26,SISTEM!$C$17))) -> 46261 | O26: =L26 -> 46053 | P26: =IF(OR(B26="",O26="",N26=""),0,IF(F26="Haftalık",MAX(0,INT((N26-O26)/7)+1),IF(F26="Aylık",MAX(0,(YEAR(N26)-YEAR(O26))*12+MONTH(N26)-MONTH(O26)+1),0))) -> 8
B27: M033 | C27: IŞIL GRUP LTD.ŞTİ. | D27: 46023 | F27: Aylık | G27: 7500 | H27: =IF(OR(B27="",D27="",F27="",G27=""),"",IF(AND(E27<>"",E27<SISTEM!$C$17),"Pasif","Aktif")) -> Aktif | I27: =IF(P27=0,0,P27*G27) -> 60000 | J27: =IF(OR(G27="",G27=0),"",I27/G27) -> 8 | K27: =IF(AND(B27="",C27=""),"",IF(OR(B27="",C27="",D27="",F27="",G27=""),"EKSİK",IF(COUNTIF(MUSTERILER!$B$7:$B$156,B27)=0,"TANIMSIZ MÜŞTERİ","UYGUN"))) -> UYGUN | L27: =IF(D27="","",IF(F27="Haftalık",D27+MOD(6-WEEKDAY(D27,2),7),EOMONTH(D27,0))) -> 46053 | M27: 7 | N27: =IF(B27="","",IF(E27="",SISTEM!$C$17,MIN(E27,SISTEM!$C$17))) -> 46261 | O27: =L27 -> 46053 | P27: =IF(OR(B27="",O27="",N27=""),0,IF(F27="Haftalık",MAX(0,INT((N27-O27)/7)+1),IF(F27="Aylık",MAX(0,(YEAR(N27)-YEAR(O27))*12+MONTH(N27)-MONTH(O27)+1),0))) -> 8
B28: M034 | C28: İBRAHİM MALDAN | D28: 46023 | E28: 46081 | F28: Haftalık | G28: 1500 | H28: =IF(OR(B28="",D28="",F28="",G28=""),"",IF(AND(E28<>"",E28<SISTEM!$C$17),"Pasif","Aktif")) -> Pasif | I28: =IF(P28=0,0,P28*G28) -> 13500 | J28: =IF(OR(G28="",G28=0),"",I28/G28) -> 9 | K28: =IF(AND(B28="",C28=""),"",IF(OR(B28="",C28="",D28="",F28="",G28=""),"EKSİK",IF(COUNTIF(MUSTERILER!$B$7:$B$156,B28)=0,"TANIMSIZ MÜŞTERİ","UYGUN"))) -> UYGUN | L28: =IF(D28="","",IF(F28="Haftalık",D28+MOD(6-WEEKDAY(D28,2),7),EOMONTH(D28,0))) -> 46025 | M28: 9 | N28: =IF(B28="","",IF(E28="",SISTEM!$C$17,MIN(E28,SISTEM!$C$17))) -> 46081 | O28: =L28 -> 46025 | P28: =IF(OR(B28="",O28="",N28=""),0,IF(F28="Haftalık",MAX(0,INT((N28-O28)/7)+1),IF(F28="Aylık",MAX(0,(YEAR(N28)-YEAR(O28))*12+MONTH(N28)-MONTH(O28)+1),0))) -> 9
B29: M012 | C29: İLDEŞ LTD.ŞTİ. | D29: 46023 | E29: 46112 | F29: Haftalık | G29: 2000 | H29: =IF(OR(B29="",D29="",F29="",G29=""),"",IF(AND(E29<>"",E29<SISTEM!$C$17),"Pasif","Aktif")) -> Pasif | I29: =IF(P29=0,0,P29*G29) -> 26000 | J29: =IF(OR(G29="",G29=0),"",I29/G29) -> 13 | K29: =IF(AND(B29="",C29=""),"",IF(OR(B29="",C29="",D29="",F29="",G29=""),"EKSİK",IF(COUNTIF(MUSTERILER!$B$7:$B$156,B29)=0,"TANIMSIZ MÜŞTERİ","UYGUN"))) -> UYGUN | L29: =IF(D29="","",IF(F29="Haftalık",D29+MOD(6-WEEKDAY(D29,2),7),EOMONTH(D29,0))) -> 46025 | M29: 13 | N29: =IF(B29="","",IF(E29="",SISTEM!$C$17,MIN(E29,SISTEM!$C$17))) -> 46112 | O29: =L29 -> 46025 | P29: =IF(OR(B29="",O29="",N29=""),0,IF(F29="Haftalık",MAX(0,INT((N29-O29)/7)+1),IF(F29="Aylık",MAX(0,(YEAR(N29)-YEAR(O29))*12+MONTH(N29)-MONTH(O29)+1),0))) -> 13
B30: M035 | C30: İSA DEMİRCİ | D30: 46023 | F30: Aylık | G30: 3500 | H30: =IF(OR(B30="",D30="",F30="",G30=""),"",IF(AND(E30<>"",E30<SISTEM!$C$17),"Pasif","Aktif")) -> Aktif | I30: =IF(P30=0,0,P30*G30) -> 28000 | J30: =IF(OR(G30="",G30=0),"",I30/G30) -> 8 | K30: =IF(AND(B30="",C30=""),"",IF(OR(B30="",C30="",D30="",F30="",G30=""),"EKSİK",IF(COUNTIF(MUSTERILER!$B$7:$B$156,B30)=0,"TANIMSIZ MÜŞTERİ","UYGUN"))) -> UYGUN | L30: =IF(D30="","",IF(F30="Haftalık",D30+MOD(6-WEEKDAY(D30,2),7),EOMONTH(D30,0))) -> 46053 | M30: 7 | N30: =IF(B30="","",IF(E30="",SISTEM!$C$17,MIN(E30,SISTEM!$C$17))) -> 46261 | O30: =L30 -> 46053 | P30: =IF(OR(B30="",O30="",N30=""),0,IF(F30="Haftalık",MAX(0,INT((N30-O30)/7)+1),IF(F30="Aylık",MAX(0,(YEAR(N30)-YEAR(O30))*12+MONTH(N30)-MONTH(O30)+1),0))) -> 8
B31: M036 | C31: İSMAİL AKPINAR | D31: 46023 | F31: Aylık | G31: 4000 | H31: =IF(OR(B31="",D31="",F31="",G31=""),"",IF(AND(E31<>"",E31<SISTEM!$C$17),"Pasif","Aktif")) -> Aktif | I31: =IF(P31=0,0,P31*G31) -> 32000 | J31: =IF(OR(G31="",G31=0),"",I31/G31) -> 8 | K31: =IF(AND(B31="",C31=""),"",IF(OR(B31="",C31="",D31="",F31="",G31=""),"EKSİK",IF(COUNTIF(MUSTERILER!$B$7:$B$156,B31)=0,"TANIMSIZ MÜŞTERİ","UYGUN"))) -> UYGUN | L31: =IF(D31="","",IF(F31="Haftalık",D31+MOD(6-WEEKDAY(D31,2),7),EOMONTH(D31,0))) -> 46053 | M31: 7 | N31: =IF(B31="","",IF(E31="",SISTEM!$C$17,MIN(E31,SISTEM!$C$17))) -> 46261 | O31: =L31 -> 46053 | P31: =IF(OR(B31="",O31="",N31=""),0,IF(F31="Haftalık",MAX(0,INT((N31-O31)/7)+1),IF(F31="Aylık",MAX(0,(YEAR(N31)-YEAR(O31))*12+MONTH(N31)-MONTH(O31)+1),0))) -> 8
B32: M008 | C32: KÖŞK YÜKSELEN LTD.ŞTİ. | D32: 46023 | F32: Haftalık | G32: 2500 | H32: =IF(OR(B32="",D32="",F32="",G32=""),"",IF(AND(E32<>"",E32<SISTEM!$C$17),"Pasif","Aktif")) -> Aktif | I32: =IF(P32=0,0,P32*G32) -> 85000 | J32: =IF(OR(G32="",G32=0),"",I32/G32) -> 34 | K32: =IF(AND(B32="",C32=""),"",IF(OR(B32="",C32="",D32="",F32="",G32=""),"EKSİK",IF(COUNTIF(MUSTERILER!$B$7:$B$156,B32)=0,"TANIMSIZ MÜŞTERİ","UYGUN"))) -> UYGUN | L32: =IF(D32="","",IF(F32="Haftalık",D32+MOD(6-WEEKDAY(D32,2),7),EOMONTH(D32,0))) -> 46025 | M32: 34 | N32: =IF(B32="","",IF(E32="",SISTEM!$C$17,MIN(E32,SISTEM!$C$17))) -> 46261 | O32: =L32 -> 46025 | P32: =IF(OR(B32="",O32="",N32=""),0,IF(F32="Haftalık",MAX(0,INT((N32-O32)/7)+1),IF(F32="Aylık",MAX(0,(YEAR(N32)-YEAR(O32))*12+MONTH(N32)-MONTH(O32)+1),0))) -> 34
B33: M020 | C33: KRİSTAL LTD.ŞTİ. | D33: 46023 | F33: Haftalık | G33: 3000 | H33: =IF(OR(B33="",D33="",F33="",G33=""),"",IF(AND(E33<>"",E33<SISTEM!$C$17),"Pasif","Aktif")) -> Aktif | I33: =IF(P33=0,0,P33*G33) -> 102000 | J33: =IF(OR(G33="",G33=0),"",I33/G33) -> 34 | K33: =IF(AND(B33="",C33=""),"",IF(OR(B33="",C33="",D33="",F33="",G33=""),"EKSİK",IF(COUNTIF(MUSTERILER!$B$7:$B$156,B33)=0,"TANIMSIZ MÜŞTERİ","UYGUN"))) -> UYGUN | L33: =IF(D33="","",IF(F33="Haftalık",D33+MOD(6-WEEKDAY(D33,2),7),EOMONTH(D33,0))) -> 46025 | M33: 34 | N33: =IF(B33="","",IF(E33="",SISTEM!$C$17,MIN(E33,SISTEM!$C$17))) -> 46261 | O33: =L33 -> 46025 | P33: =IF(OR(B33="",O33="",N33=""),0,IF(F33="Haftalık",MAX(0,INT((N33-O33)/7)+1),IF(F33="Aylık",MAX(0,(YEAR(N33)-YEAR(O33))*12+MONTH(N33)-MONTH(O33)+1),0))) -> 34
B34: M037 | C34: MEHMET EVREN KILINÇ | D34: 46023 | F34: Aylık | G34: 2000 | H34: =IF(OR(B34="",D34="",F34="",G34=""),"",IF(AND(E34<>"",E34<SISTEM!$C$17),"Pasif","Aktif")) -> Aktif | I34: =IF(P34=0,0,P34*G34) -> 16000 | J34: =IF(OR(G34="",G34=0),"",I34/G34) -> 8 | K34: =IF(AND(B34="",C34=""),"",IF(OR(B34="",C34="",D34="",F34="",G34=""),"EKSİK",IF(COUNTIF(MUSTERILER!$B$7:$B$156,B34)=0,"TANIMSIZ MÜŞTERİ","UYGUN"))) -> UYGUN | L34: =IF(D34="","",IF(F34="Haftalık",D34+MOD(6-WEEKDAY(D34,2),7),EOMONTH(D34,0))) -> 46053 | M34: 7 | N34: =IF(B34="","",IF(E34="",SISTEM!$C$17,MIN(E34,SISTEM!$C$17))) -> 46261 | O34: =L34 -> 46053 | P34: =IF(OR(B34="",O34="",N34=""),0,IF(F34="Haftalık",MAX(0,INT((N34-O34)/7)+1),IF(F34="Aylık",MAX(0,(YEAR(N34)-YEAR(O34))*12+MONTH(N34)-MONTH(O34)+1),0))) -> 8
B35: M038 | C35: MELEK GÜLER | D35: 46023 | F35: Aylık | G35: 3000 | H35: =IF(OR(B35="",D35="",F35="",G35=""),"",IF(AND(E35<>"",E35<SISTEM!$C$17),"Pasif","Aktif")) -> Aktif | I35: =IF(P35=0,0,P35*G35) -> 24000 | J35: =IF(OR(G35="",G35=0),"",I35/G35) -> 8 | K35: =IF(AND(B35="",C35=""),"",IF(OR(B35="",C35="",D35="",F35="",G35=""),"EKSİK",IF(COUNTIF(MUSTERILER!$B$7:$B$156,B35)=0,"TANIMSIZ MÜŞTERİ","UYGUN"))) -> UYGUN | L35: =IF(D35="","",IF(F35="Haftalık",D35+MOD(6-WEEKDAY(D35,2),7),EOMONTH(D35,0))) -> 46053 | M35: 7 | N35: =IF(B35="","",IF(E35="",SISTEM!$C$17,MIN(E35,SISTEM!$C$17))) -> 46261 | O35: =L35 -> 46053 | P35: =IF(OR(B35="",O35="",N35=""),0,IF(F35="Haftalık",MAX(0,INT((N35-O35)/7)+1),IF(F35="Aylık",MAX(0,(YEAR(N35)-YEAR(O35))*12+MONTH(N35)-MONTH(O35)+1),0))) -> 8
B36: M039 | C36: MELİSA BEDİR | D36: 46023 | F36: Aylık | G36: 3000 | H36: =IF(OR(B36="",D36="",F36="",G36=""),"",IF(AND(E36<>"",E36<SISTEM!$C$17),"Pasif","Aktif")) -> Aktif | I36: =IF(P36=0,0,P36*G36) -> 24000 | J36: =IF(OR(G36="",G36=0),"",I36/G36) -> 8 | K36: =IF(AND(B36="",C36=""),"",IF(OR(B36="",C36="",D36="",F36="",G36=""),"EKSİK",IF(COUNTIF(MUSTERILER!$B$7:$B$156,B36)=0,"TANIMSIZ MÜŞTERİ","UYGUN"))) -> UYGUN | L36: =IF(D36="","",IF(F36="Haftalık",D36+MOD(6-WEEKDAY(D36,2),7),EOMONTH(D36,0))) -> 46053 | M36: 7 | N36: =IF(B36="","",IF(E36="",SISTEM!$C$17,MIN(E36,SISTEM!$C$17))) -> 46261 | O36: =L36 -> 46053 | P36: =IF(OR(B36="",O36="",N36=""),0,IF(F36="Haftalık",MAX(0,INT((N36-O36)/7)+1),IF(F36="Aylık",MAX(0,(YEAR(N36)-YEAR(O36))*12+MONTH(N36)-MONTH(O36)+1),0))) -> 8
B37: M040 | C37: MENEKŞE AKAN | D37: 46023 | F37: Aylık | G37: 1500 | H37: =IF(OR(B37="",D37="",F37="",G37=""),"",IF(AND(E37<>"",E37<SISTEM!$C$17),"Pasif","Aktif")) -> Aktif | I37: =IF(P37=0,0,P37*G37) -> 12000 | J37: =IF(OR(G37="",G37=0),"",I37/G37) -> 8 | K37: =IF(AND(B37="",C37=""),"",IF(OR(B37="",C37="",D37="",F37="",G37=""),"EKSİK",IF(COUNTIF(MUSTERILER!$B$7:$B$156,B37)=0,"TANIMSIZ MÜŞTERİ","UYGUN"))) -> UYGUN | L37: =IF(D37="","",IF(F37="Haftalık",D37+MOD(6-WEEKDAY(D37,2),7),EOMONTH(D37,0))) -> 46053 | M37: 7 | N37: =IF(B37="","",IF(E37="",SISTEM!$C$17,MIN(E37,SISTEM!$C$17))) -> 46261 | O37: =L37 -> 46053 | P37: =IF(OR(B37="",O37="",N37=""),0,IF(F37="Haftalık",MAX(0,INT((N37-O37)/7)+1),IF(F37="Aylık",MAX(0,(YEAR(N37)-YEAR(O37))*12+MONTH(N37)-MONTH(O37)+1),0))) -> 8
B38: M041 | C38: MESUT KÖKLÜ | D38: 46174 | F38: Aylık | G38: 5000 | H38: =IF(OR(B38="",D38="",F38="",G38=""),"",IF(AND(E38<>"",E38<SISTEM!$C$17),"Pasif","Aktif")) -> Aktif | I38: =IF(P38=0,0,P38*G38) -> 15000 | J38: =IF(OR(G38="",G38=0),"",I38/G38) -> 3 | K38: =IF(AND(B38="",C38=""),"",IF(OR(B38="",C38="",D38="",F38="",G38=""),"EKSİK",IF(COUNTIF(MUSTERILER!$B$7:$B$156,B38)=0,"TANIMSIZ MÜŞTERİ","UYGUN"))) -> UYGUN | L38: =IF(D38="","",IF(F38="Haftalık",D38+MOD(6-WEEKDAY(D38,2),7),EOMONTH(D38,0))) -> 46203 | M38: 2 | N38: =IF(B38="","",IF(E38="",SISTEM!$C$17,MIN(E38,SISTEM!$C$17))) -> 46261 | O38: =L38 -> 46203 | P38: =IF(OR(B38="",O38="",N38=""),0,IF(F38="Haftalık",MAX(0,INT((N38-O38)/7)+1),IF(F38="Aylık",MAX(0,(YEAR(N38)-YEAR(O38))*12+MONTH(N38)-MONTH(O38)+1),0))) -> 3
B39: M007 | C39: MONAMOUR LTD.ŞTİ. | D39: 46023 | F39: Haftalık | G39: 3500 | H39: =IF(OR(B39="",D39="",F39="",G39=""),"",IF(AND(E39<>"",E39<SISTEM!$C$17),"Pasif","Aktif")) -> Aktif | I39: =IF(P39=0,0,P39*G39) -> 119000 | J39: =IF(OR(G39="",G39=0),"",I39/G39) -> 34 | K39: =IF(AND(B39="",C39=""),"",IF(OR(B39="",C39="",D39="",F39="",G39=""),"EKSİK",IF(COUNTIF(MUSTERILER!$B$7:$B$156,B39)=0,"TANIMSIZ MÜŞTERİ","UYGUN"))) -> UYGUN | L39: =IF(D39="","",IF(F39="Haftalık",D39+MOD(6-WEEKDAY(D39,2),7),EOMONTH(D39,0))) -> 46025 | M39: 34 | N39: =IF(B39="","",IF(E39="",SISTEM!$C$17,MIN(E39,SISTEM!$C$17))) -> 46261 | O39: =L39 -> 46025 | P39: =IF(OR(B39="",O39="",N39=""),0,IF(F39="Haftalık",MAX(0,INT((N39-O39)/7)+1),IF(F39="Aylık",MAX(0,(YEAR(N39)-YEAR(O39))*12+MONTH(N39)-MONTH(O39)+1),0))) -> 34
B40: M042 | C40: MS TOPTAN LTD.ŞTİ. | D40: 46023 | F40: Aylık | G40: 1 | H40: =IF(OR(B40="",D40="",F40="",G40=""),"",IF(AND(E40<>"",E40<SISTEM!$C$17),"Pasif","Aktif")) -> Aktif | I40: =IF(P40=0,0,P40*G40) -> 8 | J40: =IF(OR(G40="",G40=0),"",I40/G40) -> 8 | K40: =IF(AND(B40="",C40=""),"",IF(OR(B40="",C40="",D40="",F40="",G40=""),"EKSİK",IF(COUNTIF(MUSTERILER!$B$7:$B$156,B40)=0,"TANIMSIZ MÜŞTERİ","UYGUN"))) -> UYGUN | L40: =IF(D40="","",IF(F40="Haftalık",D40+MOD(6-WEEKDAY(D40,2),7),EOMONTH(D40,0))) -> 46053 | M40: 7 | N40: =IF(B40="","",IF(E40="",SISTEM!$C$17,MIN(E40,SISTEM!$C$17))) -> 46261 | O40: =L40 -> 46053 | P40: =IF(OR(B40="",O40="",N40=""),0,IF(F40="Haftalık",MAX(0,INT((N40-O40)/7)+1),IF(F40="Aylık",MAX(0,(YEAR(N40)-YEAR(O40))*12+MONTH(N40)-MONTH(O40)+1),0))) -> 8
B41: M044 | C41: MUSTAFA KOLBAŞI | D41: 46023 | F41: Aylık | G41: 3000 | H41: =IF(OR(B41="",D41="",F41="",G41=""),"",IF(AND(E41<>"",E41<SISTEM!$C$17),"Pasif","Aktif")) -> Aktif | I41: =IF(P41=0,0,P41*G41) -> 24000 | J41: =IF(OR(G41="",G41=0),"",I41/G41) -> 8 | K41: =IF(AND(B41="",C41=""),"",IF(OR(B41="",C41="",D41="",F41="",G41=""),"EKSİK",IF(COUNTIF(MUSTERILER!$B$7:$B$156,B41)=0,"TANIMSIZ MÜŞTERİ","UYGUN"))) -> UYGUN | L41: =IF(D41="","",IF(F41="Haftalık",D41+MOD(6-WEEKDAY(D41,2),7),EOMONTH(D41,0))) -> 46053 | M41: 7 | N41: =IF(B41="","",IF(E41="",SISTEM!$C$17,MIN(E41,SISTEM!$C$17))) -> 46261 | O41: =L41 -> 46053 | P41: =IF(OR(B41="",O41="",N41=""),0,IF(F41="Haftalık",MAX(0,INT((N41-O41)/7)+1),IF(F41="Aylık",MAX(0,(YEAR(N41)-YEAR(O41))*12+MONTH(N41)-MONTH(O41)+1),0))) -> 8
... B47: M009 | C47: PAKYILDIZ LTD.ŞTİ. | D47: 46023 | F47: Haftalık | G47: 4000 | H47: =IF(OR(B47="",D47="",F47="",G47=""),"",IF(AND(E47<>"",E47<SISTEM!$C$17),"Pasif","Aktif")) -> Aktif | I47: =IF(P47=0,0,P47*G47) -> 136000 | J47: =IF(OR(G47="",G47=0),"",I47/G47) -> 34 | K47: =IF(AND(B47="",C47=""),"",IF(OR(B47="",C47="",D47="",F47="",G47=""),"EKSİK",IF(COUNTIF(MUSTERILER!$B$7:$B$156,B47)=0,"TANIMSIZ MÜŞTERİ","UYGUN"))) -> UYGUN | L47: =IF(D47="","",IF(F47="Haftalık",D47+MOD(6-WEEKDAY(D47,2),7),EOMONTH(D47,0))) -> 46025 | M47: 34 | N47: =IF(B47="","",IF(E47="",SISTEM!$C$17,MIN(E47,SISTEM!$C$17))) -> 46261 | O47: =L47 -> 46025 | P47: =IF(OR(B47="",O47="",N47=""),0,IF(F47="Haftalık",MAX(0,INT((N47-O47)/7)+1),IF(F47="Aylık",MAX(0,(YEAR(N47)-YEAR(O47))*12+MONTH(N47)-MONTH(O47)+1),0))) -> 34
B48: M047 | C48: PALAOĞULLARI LTD.ŞTİ. | D48: 46023 | E48: 46178 | F48: Haftalık | G48: 4000 | H48: =IF(OR(B48="",D48="",F48="",G48=""),"",IF(AND(E48<>"",E48<SISTEM!$C$17),"Pasif","Aktif")) -> Pasif | I48: =IF(P48=0,0,P48*G48) -> 88000 | J48: =IF(OR(G48="",G48=0),"",I48/G48) -> 22 | K48: =IF(AND(B48="",C48=""),"",IF(OR(B48="",C48="",D48="",F48="",G48=""),"EKSİK",IF(COUNTIF(MUSTERILER!$B$7:$B$156,B48)=0,"TANIMSIZ MÜŞTERİ","UYGUN"))) -> UYGUN | L48: =IF(D48="","",IF(F48="Haftalık",D48+MOD(6-WEEKDAY(D48,2),7),EOMONTH(D48,0))) -> 46025 | M48: 22 | N48: =IF(B48="","",IF(E48="",SISTEM!$C$17,MIN(E48,SISTEM!$C$17))) -> 46178 | O48: =L48 -> 46025 | P48: =IF(OR(B48="",O48="",N48=""),0,IF(F48="Haftalık",MAX(0,INT((N48-O48)/7)+1),IF(F48="Aylık",MAX(0,(YEAR(N48)-YEAR(O48))*12+MONTH(N48)-MONTH(O48)+1),0))) -> 22
B49: M048 | C49: RASİM DEMİRCİ | D49: 46023 | F49: Aylık | G49: 3000 | H49: =IF(OR(B49="",D49="",F49="",G49=""),"",IF(AND(E49<>"",E49<SISTEM!$C$17),"Pasif","Aktif")) -> Aktif | I49: =IF(P49=0,0,P49*G49) -> 24000 | J49: =IF(OR(G49="",G49=0),"",I49/G49) -> 8 | K49: =IF(AND(B49="",C49=""),"",IF(OR(B49="",C49="",D49="",F49="",G49=""),"EKSİK",IF(COUNTIF(MUSTERILER!$B$7:$B$156,B49)=0,"TANIMSIZ MÜŞTERİ","UYGUN"))) -> UYGUN | L49: =IF(D49="","",IF(F49="Haftalık",D49+MOD(6-WEEKDAY(D49,2),7),EOMONTH(D49,0))) -> 46053 | M49: 7 | N49: =IF(B49="","",IF(E49="",SISTEM!$C$17,MIN(E49,SISTEM!$C$17))) -> 46261 | O49: =L49 -> 46053 | P49: =IF(OR(B49="",O49="",N49=""),0,IF(F49="Haftalık",MAX(0,INT((N49-O49)/7)+1),IF(F49="Aylık",MAX(0,(YEAR(N49)-YEAR(O49))*12+MONTH(N49)-MONTH(O49)+1),0))) -> 8
B50: M016 | C50: RİX ŞOW LTD.ŞTİ. | D50: 46023 | F50: Haftalık | G50: 3000 | H50: =IF(OR(B50="",D50="",F50="",G50=""),"",IF(AND(E50<>"",E50<SISTEM!$C$17),"Pasif","Aktif")) -> Aktif | I50: =IF(P50=0,0,P50*G50) -> 102000 | J50: =IF(OR(G50="",G50=0),"",I50/G50) -> 34 | K50: =IF(AND(B50="",C50=""),"",IF(OR(B50="",C50="",D50="",F50="",G50=""),"EKSİK",IF(COUNTIF(MUSTERILER!$B$7:$B$156,B50)=0,"TANIMSIZ MÜŞTERİ","UYGUN"))) -> UYGUN | L50: =IF(D50="","",IF(F50="Haftalık",D50+MOD(6-WEEKDAY(D50,2),7),EOMONTH(D50,0))) -> 46025 | M50: 34 | N50: =IF(B50="","",IF(E50="",SISTEM!$C$17,MIN(E50,SISTEM!$C$17))) -> 46261 | O50: =L50 -> 46025 | P50: =IF(OR(B50="",O50="",N50=""),0,IF(F50="Haftalık",MAX(0,INT((N50-O50)/7)+1),IF(F50="Aylık",MAX(0,(YEAR(N50)-YEAR(O50))*12+MONTH(N50)-MONTH(O50)+1),0))) -> 34
B51: M055 | C51: SEMRA GÜMÜŞ | D51: 46023 | E51: 46173 | F51: Aylık | G51: 2000 | H51: =IF(OR(B51="",D51="",F51="",G51=""),"",IF(AND(E51<>"",E51<SISTEM!$C$17),"Pasif","Aktif")) -> Pasif | I51: =IF(P51=0,0,P51*G51) -> 10000 | J51: =IF(OR(G51="",G51=0),"",I51/G51) -> 5 | K51: =IF(AND(B51="",C51=""),"",IF(OR(B51="",C51="",D51="",F51="",G51=""),"EKSİK",IF(COUNTIF(MUSTERILER!$B$7:$B$156,B51)=0,"TANIMSIZ MÜŞTERİ","UYGUN"))) -> UYGUN | L51: =IF(D51="","",IF(F51="Haftalık",D51+MOD(6-WEEKDAY(D51,2),7),EOMONTH(D51,0))) -> 46053 | M51: 5 | N51: =IF(B51="","",IF(E51="",SISTEM!$C$17,MIN(E51,SISTEM!$C$17))) -> 46173 | O51: =L51 -> 46053 | P51: =IF(OR(B51="",O51="",N51=""),0,IF(F51="Haftalık",MAX(0,INT((N51-O51)/7)+1),IF(F51="Aylık",MAX(0,(YEAR(N51)-YEAR(O51))*12+MONTH(N51)-MONTH(O51)+1),0))) -> 5
B52: M049 | C52: STAR ŞOW LTD.ŞTİ. | D52: 46235 | F52: Haftalık | G52: 3000 | H52: =IF(OR(B52="",D52="",F52="",G52=""),"",IF(AND(E52<>"",E52<SISTEM!$C$17),"Pasif","Aktif")) -> Aktif | I52: =IF(P52=0,0,P52*G52) -> 12000 | J52: =IF(OR(G52="",G52=0),"",I52/G52) -> 4 | K52: =IF(AND(B52="",C52=""),"",IF(OR(B52="",C52="",D52="",F52="",G52=""),"EKSİK",IF(COUNTIF(MUSTERILER!$B$7:$B$156,B52)=0,"TANIMSIZ MÜŞTERİ","UYGUN"))) -> UYGUN | L52: =IF(D52="","",IF(F52="Haftalık",D52+MOD(6-WEEKDAY(D52,2),7),EOMONTH(D52,0))) -> 46235 | M52: 4 | N52: =IF(B52="","",IF(E52="",SISTEM!$C$17,MIN(E52,SISTEM!$C$17))) -> 46261 | O52: =L52 -> 46235 | P52: =IF(OR(B52="",O52="",N52=""),0,IF(F52="Haftalık",MAX(0,INT((N52-O52)/7)+1),IF(F52="Aylık",MAX(0,(YEAR(N52)-YEAR(O52))*12+MONTH(N52)-MONTH(O52)+1),0))) -> 4
B53: M050 | C53: TANAK LTD.ŞTİ. | D53: 46023 | F53: Haftalık | G53: 4000 | H53: =IF(OR(B53="",D53="",F53="",G53=""),"",IF(AND(E53<>"",E53<SISTEM!$C$17),"Pasif","Aktif")) -> Aktif | I53: =IF(P53=0,0,P53*G53) -> 136000 | J53: =IF(OR(G53="",G53=0),"",I53/G53) -> 34 | K53: =IF(AND(B53="",C53=""),"",IF(OR(B53="",C53="",D53="",F53="",G53=""),"EKSİK",IF(COUNTIF(MUSTERILER!$B$7:$B$156,B53)=0,"TANIMSIZ MÜŞTERİ","UYGUN"))) -> UYGUN | L53: =IF(D53="","",IF(F53="Haftalık",D53+MOD(6-WEEKDAY(D53,2),7),EOMONTH(D53,0))) -> 46025 | M53: 34 | N53: =IF(B53="","",IF(E53="",SISTEM!$C$17,MIN(E53,SISTEM!$C$17))) -> 46261 | O53: =L53 -> 46025 | P53: =IF(OR(B53="",O53="",N53=""),0,IF(F53="Haftalık",MAX(0,INT((N53-O53)/7)+1),IF(F53="Aylık",MAX(0,(YEAR(N53)-YEAR(O53))*12+MONTH(N53)-MONTH(O53)+1),0))) -> 34
B54: M003 | C54: TYANA LTD.ŞTİ. | D54: 46023 | F54: Haftalık | G54: 4000 | H54: =IF(OR(B54="",D54="",F54="",G54=""),"",IF(AND(E54<>"",E54<SISTEM!$C$17),"Pasif","Aktif")) -> Aktif | I54: =IF(P54=0,0,P54*G54) -> 136000 | J54: =IF(OR(G54="",G54=0),"",I54/G54) -> 34 | K54: =IF(AND(B54="",C54=""),"",IF(OR(B54="",C54="",D54="",F54="",G54=""),"EKSİK",IF(COUNTIF(MUSTERILER!$B$7:$B$156,B54)=0,"TANIMSIZ MÜŞTERİ","UYGUN"))) -> UYGUN | L54: =IF(D54="","",IF(F54="Haftalık",D54+MOD(6-WEEKDAY(D54,2),7),EOMONTH(D54,0))) -> 46025 | M54: 34 | N54: =IF(B54="","",IF(E54="",SISTEM!$C$17,MIN(E54,SISTEM!$C$17))) -> 46261 | O54: =L54 -> 46025 | P54: =IF(OR(B54="",O54="",N54=""),0,IF(F54="Haftalık",MAX(0,INT((N54-O54)/7)+1),IF(F54="Aylık",MAX(0,(YEAR(N54)-YEAR(O54))*12+MONTH(N54)-MONTH(O54)+1),0))) -> 34
B55: M051 | C55: UFUK YILMAZ | D55: 46023 | F55: Aylık | G55: 3000 | H55: =IF(OR(B55="",D55="",F55="",G55=""),"",IF(AND(E55<>"",E55<SISTEM!$C$17),"Pasif","Aktif")) -> Aktif | I55: =IF(P55=0,0,P55*G55) -> 24000 | J55: =IF(OR(G55="",G55=0),"",I55/G55) -> 8 | K55: =IF(AND(B55="",C55=""),"",IF(OR(B55="",C55="",D55="",F55="",G55=""),"EKSİK",IF(COUNTIF(MUSTERILER!$B$7:$B$156,B55)=0,"TANIMSIZ MÜŞTERİ","UYGUN"))) -> UYGUN | L55: =IF(D55="","",IF(F55="Haftalık",D55+MOD(6-WEEKDAY(D55,2),7),EOMONTH(D55,0))) -> 46053 | M55: 7 | N55: =IF(B55="","",IF(E55="",SISTEM!$C$17,MIN(E55,SISTEM!$C$17))) -> 46261 | O55: =L55 -> 46053 | P55: =IF(OR(B55="",O55="",N55=""),0,IF(F55="Haftalık",MAX(0,INT((N55-O55)/7)+1),IF(F55="Aylık",MAX(0,(YEAR(N55)-YEAR(O55))*12+MONTH(N55)-MONTH(O55)+1),0))) -> 8
B56: M052 | C56: VANOLYA SU LTD.ŞTİ. | D56: 46204 | F56: Aylık | G56: 10000 | H56: =IF(OR(B56="",D56="",F56="",G56=""),"",IF(AND(E56<>"",E56<SISTEM!$C$17),"Pasif","Aktif")) -> Aktif | I56: =IF(P56=0,0,P56*G56) -> 20000 | J56: =IF(OR(G56="",G56=0),"",I56/G56) -> 2 | K56: =IF(AND(B56="",C56=""),"",IF(OR(B56="",C56="",D56="",F56="",G56=""),"EKSİK",IF(COUNTIF(MUSTERILER!$B$7:$B$156,B56)=0,"TANIMSIZ MÜŞTERİ","UYGUN"))) -> UYGUN | L56: =IF(D56="","",IF(F56="Haftalık",D56+MOD(6-WEEKDAY(D56,2),7),EOMONTH(D56,0))) -> 46234 | M56: 1 | N56: =IF(B56="","",IF(E56="",SISTEM!$C$17,MIN(E56,SISTEM!$C$17))) -> 46261 | O56: =L56 -> 46234 | P56: =IF(OR(B56="",O56="",N56=""),0,IF(F56="Haftalık",MAX(0,INT((N56-O56)/7)+1),IF(F56="Aylık",MAX(0,(YEAR(N56)-YEAR(O56))*12+MONTH(N56)-MONTH(O56)+1),0))) -> 2
B57: M006 | C57: VOLKAN AÇIK | D57: 46023 | F57: Haftalık | G57: 1000 | H57: =IF(OR(B57="",D57="",F57="",G57=""),"",IF(AND(E57<>"",E57<SISTEM!$C$17),"Pasif","Aktif")) -> Aktif | I57: =IF(P57=0,0,P57*G57) -> 34000 | J57: =IF(OR(G57="",G57=0),"",I57/G57) -> 34 | K57: =IF(AND(B57="",C57=""),"",IF(OR(B57="",C57="",D57="",F57="",G57=""),"EKSİK",IF(COUNTIF(MUSTERILER!$B$7:$B$156,B57)=0,"TANIMSIZ MÜŞTERİ","UYGUN"))) -> UYGUN | L57: =IF(D57="","",IF(F57="Haftalık",D57+MOD(6-WEEKDAY(D57,2),7),EOMONTH(D57,0))) -> 46025 | M57: 34 | N57: =IF(B57="","",IF(E57="",SISTEM!$C$17,MIN(E57,SISTEM!$C$17))) -> 46261 | O57: =L57 -> 46025 | P57: =IF(OR(B57="",O57="",N57=""),0,IF(F57="Haftalık",MAX(0,INT((N57-O57)/7)+1),IF(F57="Aylık",MAX(0,(YEAR(N57)-YEAR(O57))*12+MONTH(N57)-MONTH(O57)+1),0))) -> 34
B58: M054 | C58: YALIKENT LTD.ŞTİ. | D58: 46023 | E58: 46203 | F58: Haftalık | G58: 4000 | H58: =IF(OR(B58="",D58="",F58="",G58=""),"",IF(AND(E58<>"",E58<SISTEM!$C$17),"Pasif","Aktif")) -> Pasif | I58: =IF(P58=0,0,P58*G58) -> 104000 | J58: =IF(OR(G58="",G58=0),"",I58/G58) -> 26 | K58: =IF(AND(B58="",C58=""),"",IF(OR(B58="",C58="",D58="",F58="",G58=""),"EKSİK",IF(COUNTIF(MUSTERILER!$B$7:$B$156,B58)=0,"TANIMSIZ MÜŞTERİ","UYGUN"))) -> UYGUN | L58: =IF(D58="","",IF(F58="Haftalık",D58+MOD(6-WEEKDAY(D58,2),7),EOMONTH(D58,0))) -> 46025 | M58: 26 | N58: =IF(B58="","",IF(E58="",SISTEM!$C$17,MIN(E58,SISTEM!$C$17))) -> 46203 | O58: =L58 -> 46025 | P58: =IF(OR(B58="",O58="",N58=""),0,IF(F58="Haftalık",MAX(0,INT((N58-O58)/7)+1),IF(F58="Aylık",MAX(0,(YEAR(N58)-YEAR(O58))*12+MONTH(N58)-MONTH(O58)+1),0))) -> 26
B59: M053 | C59: YEDİYİRMİDÖRT LTD.ŞTİ. | D59: 46023 | F59: Aylık | G59: 10000 | H59: =IF(OR(B59="",D59="",F59="",G59=""),"",IF(AND(E59<>"",E59<SISTEM!$C$17),"Pasif","Aktif")) -> Aktif | I59: =IF(P59=0,0,P59*G59) -> 80000 | J59: =IF(OR(G59="",G59=0),"",I59/G59) -> 8 | K59: =IF(AND(B59="",C59=""),"",IF(OR(B59="",C59="",D59="",F59="",G59=""),"EKSİK",IF(COUNTIF(MUSTERILER!$B$7:$B$156,B59)=0,"TANIMSIZ MÜŞTERİ","UYGUN"))) -> UYGUN | L59: =IF(D59="","",IF(F59="Haftalık",D59+MOD(6-WEEKDAY(D59,2),7),EOMONTH(D59,0))) -> 46053 | M59: 7 | N59: =IF(B59="","",IF(E59="",SISTEM!$C$17,MIN(E59,SISTEM!$C$17))) -> 46261 | O59: =L59 -> 46053 | P59: =IF(OR(B59="",O59="",N59=""),0,IF(F59="Haftalık",MAX(0,INT((N59-O59)/7)+1),IF(F59="Aylık",MAX(0,(YEAR(N59)-YEAR(O59))*12+MONTH(N59)-MONTH(O59)+1),0))) -> 8
B60: M004 | C60: ZÜMRÜT EĞLENCE LTD.ŞTİ. | D60: 46023 | F60: Haftalık | G60: 3000 | H60: =IF(OR(B60="",D60="",F60="",G60=""),"",IF(AND(E60<>"",E60<SISTEM!$C$17),"Pasif","Aktif")) -> Aktif | I60: =IF(P60=0,0,P60*G60) -> 102000 | J60: =IF(OR(G60="",G60=0),"",I60/G60) -> 34 | K60: =IF(AND(B60="",C60=""),"",IF(OR(B60="",C60="",D60="",F60="",G60=""),"EKSİK",IF(COUNTIF(MUSTERILER!$B$7:$B$156,B60)=0,"TANIMSIZ MÜŞTERİ","UYGUN"))) -> UYGUN | L60: =IF(D60="","",IF(F60="Haftalık",D60+MOD(6-WEEKDAY(D60,2),7),EOMONTH(D60,0))) -> 46025 | M60: 34 | N60: =IF(B60="","",IF(E60="",SISTEM!$C$17,MIN(E60,SISTEM!$C$17))) -> 46261 | O60: =L60 -> 46025 | P60: =IF(OR(B60="",O60="",N60=""),0,IF(F60="Haftalık",MAX(0,INT((N60-O60)/7)+1),IF(F60="Aylık",MAX(0,(YEAR(N60)-YEAR(O60))*12+MONTH(N60)-MONTH(O60)+1),0))) -> 34
B61: M005 | C61: ZÜMRÜT GRUP LTD.ŞTİ. | D61: 46023 | F61: Haftalık | G61: 1750 | H61: =IF(OR(B61="",D61="",F61="",G61=""),"",IF(AND(E61<>"",E61<SISTEM!$C$17),"Pasif","Aktif")) -> Aktif | I61: =IF(P61=0,0,P61*G61) -> 59500 | J61: =IF(OR(G61="",G61=0),"",I61/G61) -> 34 | K61: =IF(AND(B61="",C61=""),"",IF(OR(B61="",C61="",D61="",F61="",G61=""),"EKSİK",IF(COUNTIF(MUSTERILER!$B$7:$B$156,B61)=0,"TANIMSIZ MÜŞTERİ","UYGUN"))) -> UYGUN | L61: =IF(D61="","",IF(F61="Haftalık",D61+MOD(6-WEEKDAY(D61,2),7),EOMONTH(D61,0))) -> 46025 | M61: 34 | N61: =IF(B61="","",IF(E61="",SISTEM!$C$17,MIN(E61,SISTEM!$C$17))) -> 46261 | O61: =L61 -> 46025 | P61: =IF(OR(B61="",O61="",N61=""),0,IF(F61="Haftalık",MAX(0,INT((N61-O61)/7)+1),IF(F61="Aylık",MAX(0,(YEAR(N61)-YEAR(O61))*12+MONTH(N61)-MONTH(O61)+1),0))) -> 34
B62: M018 | C62: ÇINARHAN LTD.ŞTİ. | D62: 46249 | F62: Haftalık | G62: 4000 | H62: =IF(OR(B62="",D62="",F62="",G62=""),"",IF(AND(E62<>"",E62<SISTEM!$C$17),"Pasif","Aktif")) -> Aktif | I62: =IF(P62=0,0,P62*G62) -> 8000 | J62: =IF(OR(G62="",G62=0),"",I62/G62) -> 2 | K62: =IF(AND(B62="",C62=""),"",IF(OR(B62="",C62="",D62="",F62="",G62=""),"EKSİK",IF(COUNTIF(MUSTERILER!$B$7:$B$156,B62)=0,"TANIMSIZ MÜŞTERİ","UYGUN"))) -> UYGUN | L62: =IF(D62="","",IF(F62="Haftalık",D62+MOD(6-WEEKDAY(D62,2),7),EOMONTH(D62,0))) -> 46249 | M62: 2 | N62: =IF(B62="","",IF(E62="",SISTEM!$C$17,MIN(E62,SISTEM!$C$17))) -> 46261 | O62: =L62 -> 46249 | P62: =IF(OR(B62="",O62="",N62=""),0,IF(F62="Haftalık",MAX(0,INT((N62-O62)/7)+1),IF(F62="Aylık",MAX(0,(YEAR(N62)-YEAR(O62))*12+MONTH(N62)-MONTH(O62)+1),0))) -> 2
B63: M011 | C63: EĞLENGÖR LTD.ŞTİ. | D63: 46110 | F63: Haftalık | G63: 4000 | H63: =IF(OR(B63="",D63="",F63="",G63=""),"",IF(AND(E63<>"",E63<SISTEM!$C$17),"Pasif","Aktif")) -> Aktif | I63: =IF(P63=0,0,P63*G63) -> 84000 | J63: =IF(OR(G63="",G63=0),"",I63/G63) -> 21 | K63: =IF(AND(B63="",C63=""),"",IF(OR(B63="",C63="",D63="",F63="",G63=""),"EKSİK",IF(COUNTIF(MUSTERILER!$B$7:$B$156,B63)=0,"TANIMSIZ MÜŞTERİ","UYGUN"))) -> UYGUN | L63: =IF(D63="","",IF(F63="Haftalık",D63+MOD(6-WEEKDAY(D63,2),7),EOMONTH(D63,0))) -> 46116 | M63: 21 | N63: =IF(B63="","",IF(E63="",SISTEM!$C$17,MIN(E63,SISTEM!$C$17))) -> 46261 | O63: =L63 -> 46116 | P63: =IF(OR(B63="",O63="",N63=""),0,IF(F63="Haftalık",MAX(0,INT((N63-O63)/7)+1),IF(F63="Aylık",MAX(0,(YEAR(N63)-YEAR(O63))*12+MONTH(N63)-MONTH(O63)+1),0))) -> 21
B64: M014 | C64: FİNAL SİYAH BEYAZ LTD.ŞTİ. | D64: 46116 | F64: Haftalık | G64: 4000 | H64: =IF(OR(B64="",D64="",F64="",G64=""),"",IF(AND(E64<>"",E64<SISTEM!$C$17),"Pasif","Aktif")) -> Aktif | I64: =IF(P64=0,0,P64*G64) -> 84000 | J64: =IF(OR(G64="",G64=0),"",I64/G64) -> 21 | K64: =IF(AND(B64="",C64=""),"",IF(OR(B64="",C64="",D64="",F64="",G64=""),"EKSİK",IF(COUNTIF(MUSTERILER!$B$7:$B$156,B64)=0,"TANIMSIZ MÜŞTERİ","UYGUN"))) -> UYGUN | L64: =IF(D64="","",IF(F64="Haftalık",D64+MOD(6-WEEKDAY(D64,2),7),EOMONTH(D64,0))) -> 46116 | M64: 21 | N64: =IF(B64="","",IF(E64="",SISTEM!$C$17,MIN(E64,SISTEM!$C$17))) -> 46261 | O64: =L64 -> 46116 | P64: =IF(OR(B64="",O64="",N64=""),0,IF(F64="Haftalık",MAX(0,INT((N64-O64)/7)+1),IF(F64="Aylık",MAX(0,(YEAR(N64)-YEAR(O64))*12+MONTH(N64)-MONTH(O64)+1),0))) -> 21
B65: M034 | C65: İBRAHİM MALDAN | D65: 46082 | F65: Haftalık | G65: 4000 | H65: =IF(OR(B65="",D65="",F65="",G65=""),"",IF(AND(E65<>"",E65<SISTEM!$C$17),"Pasif","Aktif")) -> Aktif | I65: =IF(P65=0,0,P65*G65) -> 100000 | J65: =IF(OR(G65="",G65=0),"",I65/G65) -> 25 | K65: =IF(AND(B65="",C65=""),"",IF(OR(B65="",C65="",D65="",F65="",G65=""),"EKSİK",IF(COUNTIF(MUSTERILER!$B$7:$B$156,B65)=0,"TANIMSIZ MÜŞTERİ","UYGUN"))) -> UYGUN | L65: =IF(D65="","",IF(F65="Haftalık",D65+MOD(6-WEEKDAY(D65,2),7),EOMONTH(D65,0))) -> 46088 | M65: 25 | N65: =IF(B65="","",IF(E65="",SISTEM!$C$17,MIN(E65,SISTEM!$C$17))) -> 46261 | O65: =L65 -> 46088 | P65: =IF(OR(B65="",O65="",N65=""),0,IF(F65="Haftalık",MAX(0,INT((N65-O65)/7)+1),IF(F65="Aylık",MAX(0,(YEAR(N65)-YEAR(O65))*12+MONTH(N65)-MONTH(O65)+1),0))) -> 25
B66: M012 | C66: İLDEŞ LTD.ŞTİ. | D66: 46113 | E66: 46173 | F66: Haftalık | G66: 4000 | H66: =IF(OR(B66="",D66="",F66="",G66=""),"",IF(AND(E66<>"",E66<SISTEM!$C$17),"Pasif","Aktif")) -> Pasif | I66: =IF(P66=0,0,P66*G66) -> 36000 | J66: =IF(OR(G66="",G66=0),"",I66/G66) -> 9 | K66: =IF(AND(B66="",C66=""),"",IF(OR(B66="",C66="",D66="",F66="",G66=""),"EKSİK",IF(COUNTIF(MUSTERILER!$B$7:$B$156,B66)=0,"TANIMSIZ MÜŞTERİ","UYGUN"))) -> UYGUN | L66: =IF(D66="","",IF(F66="Haftalık",D66+MOD(6-WEEKDAY(D66,2),7),EOMONTH(D66,0))) -> 46116 | M66: 9 | N66: =IF(B66="","",IF(E66="",SISTEM!$C$17,MIN(E66,SISTEM!$C$17))) -> 46173 | O66: =L66 -> 46116 | P66: =IF(OR(B66="",O66="",N66=""),0,IF(F66="Haftalık",MAX(0,INT((N66-O66)/7)+1),IF(F66="Aylık",MAX(0,(YEAR(N66)-YEAR(O66))*12+MONTH(N66)-MONTH(O66)+1),0))) -> 9
B67: M047 | C67: PALAOĞULLARI LTD.ŞTİ. | D67: 46179 | F67: Haftalık | G67: 5000 | H67: =IF(OR(B67="",D67="",F67="",G67=""),"",IF(AND(E67<>"",E67<SISTEM!$C$17),"Pasif","Aktif")) -> Aktif | I67: =IF(P67=0,0,P67*G67) -> 60000 | J67: =IF(OR(G67="",G67=0),"",I67/G67) -> 12 | K67: =IF(AND(B67="",C67=""),"",IF(OR(B67="",C67="",D67="",F67="",G67=""),"EKSİK",IF(COUNTIF(MUSTERILER!$B$7:$B$156,B67)=0,"TANIMSIZ MÜŞTERİ","UYGUN"))) -> UYGUN | L67: =IF(D67="","",IF(F67="Haftalık",D67+MOD(6-WEEKDAY(D67,2),7),EOMONTH(D67,0))) -> 46179 | M67: 12 | N67: =IF(B67="","",IF(E67="",SISTEM!$C$17,MIN(E67,SISTEM!$C$17))) -> 46261 | O67: =L67 -> 46179 | P67: =IF(OR(B67="",O67="",N67=""),0,IF(F67="Haftalık",MAX(0,INT((N67-O67)/7)+1),IF(F67="Aylık",MAX(0,(YEAR(N67)-YEAR(O67))*12+MONTH(N67)-MONTH(O67)+1),0))) -> 12
B68: M012 | C68: İLDEŞ LTD.ŞTİ. | D68: 46174 | F68: Haftalık | G68: 5000 | H68: =IF(OR(B68="",D68="",F68="",G68=""),"",IF(AND(E68<>"",E68<SISTEM!$C$17),"Pasif","Aktif")) -> Aktif | I68: =IF(P68=0,0,P68*G68) -> 60000 | J68: =IF(OR(G68="",G68=0),"",I68/G68) -> 12 | K68: =IF(AND(B68="",C68=""),"",IF(OR(B68="",C68="",D68="",F68="",G68=""),"EKSİK",IF(COUNTIF(MUSTERILER!$B$7:$B$156,B68)=0,"TANIMSIZ MÜŞTERİ","UYGUN"))) -> UYGUN | L68: =IF(D68="","",IF(F68="Haftalık",D68+MOD(6-WEEKDAY(D68,2),7),EOMONTH(D68,0))) -> 46179 | M68: 12 | N68: =IF(B68="","",IF(E68="",SISTEM!$C$17,MIN(E68,SISTEM!$C$17))) -> 46261 | O68: =L68 -> 46179 | P68: =IF(OR(B68="",O68="",N68=""),0,IF(F68="Haftalık",MAX(0,INT((N68-O68)/7)+1),IF(F68="Aylık",MAX(0,(YEAR(N68)-YEAR(O68))*12+MONTH(N68)-MONTH(O68)+1),0))) -> 12
H69: =IF(OR(B69="",D69="",F69="",G69=""),"",IF(AND(E69<>"",E69<SISTEM!$C$17),"Pasif","Aktif")) | I69: =IF(P69=0,0,P69*G69) -> 0 | J69: =IF(OR(G69="",G69=0),"",I69/G69) | K69: =IF(AND(B69="",C69=""),"",IF(OR(B69="",C69="",D69="",F69="",G69=""),"EKSİK",IF(COUNTIF(MUSTERILER!$B$7:$B$156,B69)=0,"TANIMSIZ MÜŞTERİ","UYGUN"))) | L69: =IF(D69="","",IF(F69="Haftalık",D69+MOD(6-WEEKDAY(D69,2),7),EOMONTH(D69,0))) | N69: =IF(B69="","",IF(E69="",SISTEM!$C$17,MIN(E69,SISTEM!$C$17))) | O69: =L69 | P69: =IF(OR(B69="",O69="",N69=""),0,IF(F69="Haftalık",MAX(0,INT((N69-O69)/7)+1),IF(F69="Aylık",MAX(0,(YEAR(N69)-YEAR(O69))*12+MONTH(N69)-MONTH(O69)+1),0))) -> 0
H70: =IF(OR(B70="",D70="",F70="",G70=""),"",IF(AND(E70<>"",E70<SISTEM!$C$17),"Pasif","Aktif")) | I70: =IF(P70=0,0,P70*G70) -> 0 | J70: =IF(OR(G70="",G70=0),"",I70/G70) | K70: =IF(AND(B70="",C70=""),"",IF(OR(B70="",C70="",D70="",F70="",G70=""),"EKSİK",IF(COUNTIF(MUSTERILER!$B$7:$B$156,B70)=0,"TANIMSIZ MÜŞTERİ","UYGUN"))) | L70: =IF(D70="","",IF(F70="Haftalık",D70+MOD(6-WEEKDAY(D70,2),7),EOMONTH(D70,0))) | N70: =IF(B70="","",IF(E70="",SISTEM!$C$17,MIN(E70,SISTEM!$C$17))) | O70: =L70 | P70: =IF(OR(B70="",O70="",N70=""),0,IF(F70="Haftalık",MAX(0,INT((N70-O70)/7)+1),IF(F70="Aylık",MAX(0,(YEAR(N70)-YEAR(O70))*12+MONTH(N70)-MONTH(O70)+1),0))) -> 0
H71: =IF(OR(B71="",D71="",F71="",G71=""),"",IF(AND(E71<>"",E71<SISTEM!$C$17),"Pasif","Aktif")) | I71: =IF(P71=0,0,P71*G71) -> 0 | J71: =IF(OR(G71="",G71=0),"",I71/G71) | K71: =IF(AND(B71="",C71=""),"",IF(OR(B71="",C71="",D71="",F71="",G71=""),"EKSİK",IF(COUNTIF(MUSTERILER!$B$7:$B$156,B71)=0,"TANIMSIZ MÜŞTERİ","UYGUN"))) | L71: =IF(D71="","",IF(F71="Haftalık",D71+MOD(6-WEEKDAY(D71,2),7),EOMONTH(D71,0))) | N71: =IF(B71="","",IF(E71="",SISTEM!$C$17,MIN(E71,SISTEM!$C$17))) | O71: =L71 | P71: =IF(OR(B71="",O71="",N71=""),0,IF(F71="Haftalık",MAX(0,INT((N71-O71)/7)+1),IF(F71="Aylık",MAX(0,(YEAR(N71)-YEAR(O71))*12+MONTH(N71)-MONTH(O71)+1),0))) -> 0
H72: =IF(OR(B72="",D72="",F72="",G72=""),"",IF(AND(E72<>"",E72<SISTEM!$C$17),"Pasif","Aktif")) | I72: =IF(P72=0,0,P72*G72) -> 0 | J72: =IF(OR(G72="",G72=0),"",I72/G72) | K72: =IF(AND(B72="",C72=""),"",IF(OR(B72="",C72="",D72="",F72="",G72=""),"EKSİK",IF(COUNTIF(MUSTERILER!$B$7:$B$156,B72)=0,"TANIMSIZ MÜŞTERİ","UYGUN"))) | L72: =IF(D72="","",IF(F72="Haftalık",D72+MOD(6-WEEKDAY(D72,2),7),EOMONTH(D72,0))) | N72: =IF(B72="","",IF(E72="",SISTEM!$C$17,MIN(E72,SISTEM!$C$17))) | O72: =L72 | P72: =IF(OR(B72="",O72="",N72=""),0,IF(F72="Haftalık",MAX(0,INT((N72-O72)/7)+1),IF(F72="Aylık",MAX(0,(YEAR(N72)-YEAR(O72))*12+MONTH(N72)-MONTH(O72)+1),0))) -> 0
H73: =IF(OR(B73="",D73="",F73="",G73=""),"",IF(AND(E73<>"",E73<SISTEM!$C$17),"Pasif","Aktif")) | I73: =IF(P73=0,0,P73*G73) -> 0 | J73: =IF(OR(G73="",G73=0),"",I73/G73) | K73: =IF(AND(B73="",C73=""),"",IF(OR(B73="",C73="",D73="",F73="",G73=""),"EKSİK",IF(COUNTIF(MUSTERILER!$B$7:$B$156,B73)=0,"TANIMSIZ MÜŞTERİ","UYGUN"))) | L73: =IF(D73="","",IF(F73="Haftalık",D73+MOD(6-WEEKDAY(D73,2),7),EOMONTH(D73,0))) | N73: =IF(B73="","",IF(E73="",SISTEM!$C$17,MIN(E73,SISTEM!$C$17))) | O73: =L73 | P73: =IF(OR(B73="",O73="",N73=""),0,IF(F73="Haftalık",MAX(0,INT((N73-O73)/7)+1),IF(F73="Aylık",MAX(0,(YEAR(N73)-YEAR(O73))*12+MONTH(N73)-MONTH(O73)+1),0))) -> 0
H74: =IF(OR(B74="",D74="",F74="",G74=""),"",IF(AND(E74<>"",E74<SISTEM!$C$17),"Pasif","Aktif")) | I74: =IF(P74=0,0,P74*G74) -> 0 | J74: =IF(OR(G74="",G74=0),"",I74/G74) | K74: =IF(AND(B74="",C74=""),"",IF(OR(B74="",C74="",D74="",F74="",G74=""),"EKSİK",IF(COUNTIF(MUSTERILER!$B$7:$B$156,B74)=0,"TANIMSIZ MÜŞTERİ","UYGUN"))) | L74: =IF(D74="","",IF(F74="Haftalık",D74+MOD(6-WEEKDAY(D74,2),7),EOMONTH(D74,0))) | N74: =IF(B74="","",IF(E74="",SISTEM!$C$17,MIN(E74,SISTEM!$C$17))) | O74: =L74 | P74: =IF(OR(B74="",O74="",N74=""),0,IF(F74="Haftalık",MAX(0,INT((N74-O74)/7)+1),IF(F74="Aylık",MAX(0,(YEAR(N74)-YEAR(O74))*12+MONTH(N74)-MONTH(O74)+1),0))) -> 0
H75: =IF(OR(B75="",D75="",F75="",G75=""),"",IF(AND(E75<>"",E75<SISTEM!$C$17),"Pasif","Aktif")) | I75: =IF(P75=0,0,P75*G75) -> 0 | J75: =IF(OR(G75="",G75=0),"",I75/G75) | K75: =IF(AND(B75="",C75=""),"",IF(OR(B75="",C75="",D75="",F75="",G75=""),"EKSİK",IF(COUNTIF(MUSTERILER!$B$7:$B$156,B75)=0,"TANIMSIZ MÜŞTERİ","UYGUN"))) | L75: =IF(D75="","",IF(F75="Haftalık",D75+MOD(6-WEEKDAY(D75,2),7),EOMONTH(D75,0))) | N75: =IF(B75="","",IF(E75="",SISTEM!$C$17,MIN(E75,SISTEM!$C$17))) | O75: =L75 | P75: =IF(OR(B75="",O75="",N75=""),0,IF(F75="Haftalık",MAX(0,INT((N75-O75)/7)+1),IF(F75="Aylık",MAX(0,(YEAR(N75)-YEAR(O75))*12+MONTH(N75)-MONTH(O75)+1),0))) -> 0
H76: =IF(OR(B76="",D76="",F76="",G76=""),"",IF(AND(E76<>"",E76<SISTEM!$C$17),"Pasif","Aktif")) | I76: =IF(P76=0,0,P76*G76) -> 0 | J76: =IF(OR(G76="",G76=0),"",I76/G76) | K76: =IF(AND(B76="",C76=""),"",IF(OR(B76="",C76="",D76="",F76="",G76=""),"EKSİK",IF(COUNTIF(MUSTERILER!$B$7:$B$156,B76)=0,"TANIMSIZ MÜŞTERİ","UYGUN"))) | L76: =IF(D76="","",IF(F76="Haftalık",D76+MOD(6-WEEKDAY(D76,2),7),EOMONTH(D76,0))) | N76: =IF(B76="","",IF(E76="",SISTEM!$C$17,MIN(E76,SISTEM!$C$17))) | O76: =L76 | P76: =IF(OR(B76="",O76="",N76=""),0,IF(F76="Haftalık",MAX(0,INT((N76-O76)/7)+1),IF(F76="Aylık",MAX(0,(YEAR(N76)-YEAR(O76))*12+MONTH(N76)-MONTH(O76)+1),0))) -> 0
H77: =IF(OR(B77="",D77="",F77="",G77=""),"",IF(AND(E77<>"",E77<SISTEM!$C$17),"Pasif","Aktif")) | I77: =IF(P77=0,0,P77*G77) -> 0 | J77: =IF(OR(G77="",G77=0),"",I77/G77) | K77: =IF(AND(B77="",C77=""),"",IF(OR(B77="",C77="",D77="",F77="",G77=""),"EKSİK",IF(COUNTIF(MUSTERILER!$B$7:$B$156,B77)=0,"TANIMSIZ MÜŞTERİ","UYGUN"))) | L77: =IF(D77="","",IF(F77="Haftalık",D77+MOD(6-WEEKDAY(D77,2),7),EOMONTH(D77,0))) | N77: =IF(B77="","",IF(E77="",SISTEM!$C$17,MIN(E77,SISTEM!$C$17))) | O77: =L77 | P77: =IF(OR(B77="",O77="",N77=""),0,IF(F77="Haftalık",MAX(0,INT((N77-O77)/7)+1),IF(F77="Aylık",MAX(0,(YEAR(N77)-YEAR(O77))*12+MONTH(N77)-MONTH(O77)+1),0))) -> 0
H78: =IF(OR(B78="",D78="",F78="",G78=""),"",IF(AND(E78<>"",E78<SISTEM!$C$17),"Pasif","Aktif")) | I78: =IF(P78=0,0,P78*G78) -> 0 | J78: =IF(OR(G78="",G78=0),"",I78/G78) | K78: =IF(AND(B78="",C78=""),"",IF(OR(B78="",C78="",D78="",F78="",G78=""),"EKSİK",IF(COUNTIF(MUSTERILER!$B$7:$B$156,B78)=0,"TANIMSIZ MÜŞTERİ","UYGUN"))) | L78: =IF(D78="","",IF(F78="Haftalık",D78+MOD(6-WEEKDAY(D78,2),7),EOMONTH(D78,0))) | N78: =IF(B78="","",IF(E78="",SISTEM!$C$17,MIN(E78,SISTEM!$C$17))) | O78: =L78 | P78: =IF(OR(B78="",O78="",N78=""),0,IF(F78="Haftalık",MAX(0,INT((N78-O78)/7)+1),IF(F78="Aylık",MAX(0,(YEAR(N78)-YEAR(O78))*12+MONTH(N78)-MONTH(O78)+1),0))) -> 0
H79: =IF(OR(B79="",D79="",F79="",G79=""),"",IF(AND(E79<>"",E79<SISTEM!$C$17),"Pasif","Aktif")) | I79: =IF(P79=0,0,P79*G79) -> 0 | J79: =IF(OR(G79="",G79=0),"",I79/G79) | K79: =IF(AND(B79="",C79=""),"",IF(OR(B79="",C79="",D79="",F79="",G79=""),"EKSİK",IF(COUNTIF(MUSTERILER!$B$7:$B$156,B79)=0,"TANIMSIZ MÜŞTERİ","UYGUN"))) | L79: =IF(D79="","",IF(F79="Haftalık",D79+MOD(6-WEEKDAY(D79,2),7),EOMONTH(D79,0))) | N79: =IF(B79="","",IF(E79="",SISTEM!$C$17,MIN(E79,SISTEM!$C$17))) | O79: =L79 | P79: =IF(OR(B79="",O79="",N79=""),0,IF(F79="Haftalık",MAX(0,INT((N79-O79)/7)+1),IF(F79="Aylık",MAX(0,(YEAR(N79)-YEAR(O79))*12+MONTH(N79)-MONTH(O79)+1),0))) -> 0
H80: =IF(OR(B80="",D80="",F80="",G80=""),"",IF(AND(E80<>"",E80<SISTEM!$C$17),"Pasif","Aktif")) | I80: =IF(P80=0,0,P80*G80) -> 0 | J80: =IF(OR(G80="",G80=0),"",I80/G80) | K80: =IF(AND(B80="",C80=""),"",IF(OR(B80="",C80="",D80="",F80="",G80=""),"EKSİK",IF(COUNTIF(MUSTERILER!$B$7:$B$156,B80)=0,"TANIMSIZ MÜŞTERİ","UYGUN"))) | L80: =IF(D80="","",IF(F80="Haftalık",D80+MOD(6-WEEKDAY(D80,2),7),EOMONTH(D80,0))) | N80: =IF(B80="","",IF(E80="",SISTEM!$C$17,MIN(E80,SISTEM!$C$17))) | O80: =L80 | P80: =IF(OR(B80="",O80="",N80=""),0,IF(F80="Haftalık",MAX(0,INT((N80-O80)/7)+1),IF(F80="Aylık",MAX(0,(YEAR(N80)-YEAR(O80))*12+MONTH(N80)-MONTH(O80)+1),0))) -> 0
... H306: =IF(OR(B306="",D306="",F306="",G306=""),"",IF(AND(E306<>"",E306<SISTEM!$C$17),"Pasif","Aktif")) | I306: =IF(P306=0,0,P306*G306) -> 0 | J306: =IF(OR(G306="",G306=0),"",I306/G306) | K306: =IF(AND(B306="",C306=""),"",IF(OR(B306="",C306="",D306="",F306="",G306=""),"EKSİK",IF(COUNTIF(MUSTERILER!$B$7:$B$156,B306)=0,"TANIMSIZ MÜŞTERİ","UYGUN"))) | L306: =IF(D306="","",IF(F306="Haftalık",D306+MOD(6-WEEKDAY(D306,2),7),EOMONTH(D306,0))) | N306: =IF(B306="","",IF(E306="",SISTEM!$C$17,MIN(E306,SISTEM!$C$17))) | O306: =L306 | P306: =IF(OR(B306="",O306="",N306=""),0,IF(F306="Haftalık",MAX(0,INT((N306-O306)/7)+1),IF(F306="Aylık",MAX(0,(YEAR(N306)-YEAR(O306))*12+MONTH(N306)-MONTH(O306)+1),0))) -> 0

Sheet TAHSILAT
A1: =IFERROR(HYPERLINK("#MENU!A1","☰ MENÜ"),"☰ MENÜ") -> ☰ MENÜ | B1: =IFERROR(HYPERLINK("#MENU!A1","↗"),"↗") -> ↗ | C1: KILIÇ MUHASEBE │ TAHSİLAT DEFTERİ
A2: ✎ VERİ GİRİŞ ALANI — YALNIZ SARI HÜCRELER | C2: Gerçek tahsilat — para kimde kaldıysa ilgili hesabı seçin.
A3: SAKIN: Kasaya gerçekte girmeyen parayı MERKEZ KASA seçmeyin.
A4: =IFERROR(HYPERLINK("#MENU!A1","← MENÜ │ TAHSİLAT"),"← MENÜ │ TAHSİLAT") -> ← MENÜ │ TAHSİLAT | H4: =IFERROR(HYPERLINK("#TAHSILAT!A1","TAHSİLAT"),"TAHSİLAT") -> TAHSİLAT | J4: =IFERROR(HYPERLINK("#GELIR_GIDER!A1","GELİR / GİDER"),"GELİR / GİDER") -> GELİR / GİDER | L4: =IFERROR(HYPERLINK("#VIRMAN!A1","VİRMAN"),"VİRMAN") -> VİRMAN | N4: =IFERROR(HYPERLINK("#RAPOR!A1","RAPOR"),"RAPOR") -> RAPOR
B5: TAHSİLAT TOPLAMI | C5: =SUM($F$7:$F$1006) -> 2299500 | E5: KAYIT | F5: =COUNTIF($B$7:$B$1006,"<>") -> 1000 | H5: ÖMER'DE KALAN | I5: =SUMIFS($F$7:$F$1006,$G$7:$G$1006,"ÖMER KARTAL") -> 594650 | J5: NAKİT KURALI │ Para kimde kaldıysa hesap odur.
B6: Tahsilat No | C6: Müşteri No | D6: Müşteri | E6: Tarih | F6: Tutar | G6: Kasa / Banka | H6: Ödeme Türü | I6: Belge No | J6: Açıklama | K6: İşlemi Giren | L6: Ay | M6: Kayıt Kontrolü | N6: Teknik Müşteri Anahtarı | O6: Teknik Hesap Anahtarı
B7: T00001 | C7: M047 | D7: PALAOĞULLARI LTD.ŞTİ. | E7: 46023 | F7: 27000 | G7: CARİ MAHSUP | H7: Mahsup | J7: HESAP BAKİYE TASHİHİ KAPALI KALDIĞI DÖNEM | L7: =IF(E7="","",DATE(YEAR(E7),MONTH(E7),1)) -> 46023 | M7: =IF(AND(C7="",D7="",E7="",F7=""),"",IF(OR(C7="",D7="",E7="",F7="",G7=""),"EKSİK",IF(COUNTIF(MUSTERILER!$B$7:$B$156,C7)=0,"TANIMSIZ MÜŞTERİ","UYGUN"))) -> UYGUN | N7: =IF(D7="","",D7&"|"&TEXT(COUNTIF($D$7:D7,D7),"000")) -> PALAOĞULLARI LTD.ŞTİ.|001 | O7: =IF(G7="","",G7&"|"&TEXT(COUNTIF($G$7:G7,G7),"000")) -> CARİ MAHSUP|001
B8: T00002 | C8: M016 | D8: RİX ŞOW LTD.ŞTİ. | E8: 46023 | F8: 17200 | G8: CARİ MAHSUP | H8: Mahsup | J8: HESAP BAKİYE TASHİHİ KAPALI KALDIĞI DÖNEM | L8: =IF(E8="","",DATE(YEAR(E8),MONTH(E8),1)) -> 46023 | M8: =IF(AND(C8="",D8="",E8="",F8=""),"",IF(OR(C8="",D8="",E8="",F8="",G8=""),"EKSİK",IF(COUNTIF(MUSTERILER!$B$7:$B$156,C8)=0,"TANIMSIZ MÜŞTERİ","UYGUN"))) -> UYGUN | N8: =IF(D8="","",D8&"|"&TEXT(COUNTIF($D$7:D8,D8),"000")) -> RİX ŞOW LTD.ŞTİ.|001 | O8: =IF(G8="","",G8&"|"&TEXT(COUNTIF($G$7:G8,G8),"000")) -> CARİ MAHSUP|002
B9: T00003 | C9: M015 | D9: Çayıralan Ltd.Şti. | E9: 46023 | F9: 5000 | G9: MERKEZ KASA | H9: Nakit | J9: NAKİT ÖDENEN | L9: =IF(E9="","",DATE(YEAR(E9),MONTH(E9),1)) -> 46023 | M9: =IF(AND(C9="",D9="",E9="",F9=""),"",IF(OR(C9="",D9="",E9="",F9="",G9=""),"EKSİK",IF(COUNTIF(MUSTERILER!$B$7:$B$156,C9)=0,"TANIMSIZ MÜŞTERİ","UYGUN"))) -> UYGUN | N9: =IF(D9="","",D9&"|"&TEXT(COUNTIF($D$7:D9,D9),"000")) -> Çayıralan Ltd.Şti.|001 | O9: =IF(G9="","",G9&"|"&TEXT(COUNTIF($G$7:G9,G9),"000")) -> MERKEZ KASA|001
B10: T00004 | C10: M012 | D10: İldeş Ltd.Şti. | E10: 46023 | F10: 3000 | G10: MERKEZ KASA | H10: Nakit | J10: NAKİT ÖDENEN | L10: =IF(E10="","",DATE(YEAR(E10),MONTH(E10),1)) -> 46023 | M10: =IF(AND(C10="",D10="",E10="",F10=""),"",IF(OR(C10="",D10="",E10="",F10="",G10=""),"EKSİK",IF(COUNTIF(MUSTERILER!$B$7:$B$156,C10)=0,"TANIMSIZ MÜŞTERİ","UYGUN"))) -> UYGUN | N10: =IF(D10="","",D10&"|"&TEXT(COUNTIF($D$7:D10,D10),"000")) -> İldeş Ltd.Şti.|001 | O10: =IF(G10="","",G10&"|"&TEXT(COUNTIF($G$7:G10,G10),"000")) -> MERKEZ KASA|002
B11: T00005 | C11: M025 | D11: ASIM AÇIKGÖZ | E11: 46023 | F11: 8000 | G11: MERKEZ KASA | H11: Nakit | J11: NAKİT ÖDENEN | L11: =IF(E11="","",DATE(YEAR(E11),MONTH(E11),1)) -> 46023 | M11: =IF(AND(C11="",D11="",E11="",F11=""),"",IF(OR(C11="",D11="",E11="",F11="",G11=""),"EKSİK",IF(COUNTIF(MUSTERILER!$B$7:$B$156,C11)=0,"TANIMSIZ MÜŞTERİ","UYGUN"))) -> UYGUN | N11: =IF(D11="","",D11&"|"&TEXT(COUNTIF($D$7:D11,D11),"000")) -> ASIM AÇIKGÖZ|001 | O11: =IF(G11="","",G11&"|"&TEXT(COUNTIF($G$7:G11,G11),"000")) -> MERKEZ KASA|003
B12: T00006 | C12: M017 | D12: ASM EĞLENCE LTD.ŞTİ. | E12: 46023 | F12: 10000 | G12: MERKEZ KASA | H12: Nakit | J12: NAKİT ÖDENEN | L12: =IF(E12="","",DATE(YEAR(E12),MONTH(E12),1)) -> 46023 | M12: =IF(AND(C12="",D12="",E12="",F12=""),"",IF(OR(C12="",D12="",E12="",F12="",G12=""),"EKSİK",IF(COUNTIF(MUSTERILER!$B$7:$B$156,C12)=0,"TANIMSIZ MÜŞTERİ","UYGUN"))) -> UYGUN | N12: =IF(D12="","",D12&"|"&TEXT(COUNTIF($D$7:D12,D12),"000")) -> ASM EĞLENCE LTD.ŞTİ.|001 | O12: =IF(G12="","",G12&"|"&TEXT(COUNTIF($G$7:G12,G12),"000")) -> MERKEZ KASA|004
B13: T00007 | C13: M018 | D13: ÇINARHAN LTD.ŞTİ. | E13: 46023 | F13: 4500 | G13: MERKEZ KASA | H13: Nakit | J13: NAKİT ÖDENEN | L13: =IF(E13="","",DATE(YEAR(E13),MONTH(E13),1)) -> 46023 | M13: =IF(AND(C13="",D13="",E13="",F13=""),"",IF(OR(C13="",D13="",E13="",F13="",G13=""),"EKSİK",IF(COUNTIF(MUSTERILER!$B$7:$B$156,C13)=0,"TANIMSIZ MÜŞTERİ","UYGUN"))) -> UYGUN | N13: =IF(D13="","",D13&"|"&TEXT(COUNTIF($D$7:D13,D13),"000")) -> ÇINARHAN LTD.ŞTİ.|001 | O13: =IF(G13="","",G13&"|"&TEXT(COUNTIF($G$7:G13,G13),"000")) -> MERKEZ KASA|005
B14: T00008 | C14: M005 | D14: Zümrüt Grup Ltd.Şti. | E14: 46023 | F14: 15750 | G14: MERKEZ KASA | H14: Nakit | J14: NAKİT ÖDENEN | L14: =IF(E14="","",DATE(YEAR(E14),MONTH(E14),1)) -> 46023 | M14: =IF(AND(C14="",D14="",E14="",F14=""),"",IF(OR(C14="",D14="",E14="",F14="",G14=""),"EKSİK",IF(COUNTIF(MUSTERILER!$B$7:$B$156,C14)=0,"TANIMSIZ MÜŞTERİ","UYGUN"))) -> UYGUN | N14: =IF(D14="","",D14&"|"&TEXT(COUNTIF($D$7:D14,D14),"000")) -> Zümrüt Grup Ltd.Şti.|001 | O14: =IF(G14="","",G14&"|"&TEXT(COUNTIF($G$7:G14,G14),"000")) -> MERKEZ KASA|006
B15: T00009 | C15: M011 | D15: EĞLENGÖR LTD.ŞTİ. | E15: 46025 | F15: 3000 | G15: ÖMER KARTAL | H15: Nakit | J15: ÖMER KARTALA ÖDENEN | L15: =IF(E15="","",DATE(YEAR(E15),MONTH(E15),1)) -> 46023 | M15: =IF(AND(C15="",D15="",E15="",F15=""),"",IF(OR(C15="",D15="",E15="",F15="",G15=""),"EKSİK",IF(COUNTIF(MUSTERILER!$B$7:$B$156,C15)=0,"TANIMSIZ MÜŞTERİ","UYGUN"))) -> UYGUN | N15: =IF(D15="","",D15&"|"&TEXT(COUNTIF($D$7:D15,D15),"000")) -> EĞLENGÖR LTD.ŞTİ.|001 | O15: =IF(G15="","",G15&"|"&TEXT(COUNTIF($G$7:G15,G15),"000")) -> ÖMER KARTAL|001
B16: T00010 | C16: M010 | D16: ÖZFİDANLAR LTD.ŞTİ. | E16: 46025 | F16: 2000 | G16: ÖMER KARTAL | H16: Nakit | J16: ÖMER KARTALA ÖDENEN | L16: =IF(E16="","",DATE(YEAR(E16),MONTH(E16),1)) -> 46023 | M16: =IF(AND(C16="",D16="",E16="",F16=""),"",IF(OR(C16="",D16="",E16="",F16="",G16=""),"EKSİK",IF(COUNTIF(MUSTERILER!$B$7:$B$156,C16)=0,"TANIMSIZ MÜŞTERİ","UYGUN"))) -> UYGUN | N16: =IF(D16="","",D16&"|"&TEXT(COUNTIF($D$7:D16,D16),"000")) -> ÖZFİDANLAR LTD.ŞTİ.|001 | O16: =IF(G16="","",G16&"|"&TEXT(COUNTIF($G$7:G16,G16),"000")) -> ÖMER KARTAL|002
B17: T00011 | C17: M009 | D17: PAKYILDIZ LTD.ŞTİ. | E17: 46025 | F17: 2000 | G17: ÖMER KARTAL | H17: Nakit | J17: ÖMER KARTALA ÖDENEN | L17: =IF(E17="","",DATE(YEAR(E17),MONTH(E17),1)) -> 46023 | M17: =IF(AND(C17="",D17="",E17="",F17=""),"",IF(OR(C17="",D17="",E17="",F17="",G17=""),"EKSİK",IF(COUNTIF(MUSTERILER!$B$7:$B$156,C17)=0,"TANIMSIZ MÜŞTERİ","UYGUN"))) -> UYGUN | N17: =IF(D17="","",D17&"|"&TEXT(COUNTIF($D$7:D17,D17),"000")) -> PAKYILDIZ LTD.ŞTİ.|001 | O17: =IF(G17="","",G17&"|"&TEXT(COUNTIF($G$7:G17,G17),"000")) -> ÖMER KARTAL|003
B18: T00012 | C18: M005 | D18: ZÜMRÜT GRUP LTD.ŞTİ. | E18: 46025 | F18: 1750 | G18: ÖMER KARTAL | H18: Nakit | J18: ÖMER KARTALA ÖDENEN | L18: =IF(E18="","",DATE(YEAR(E18),MONTH(E18),1)) -> 46023 | M18: =IF(AND(C18="",D18="",E18="",F18=""),"",IF(OR(C18="",D18="",E18="",F18="",G18=""),"EKSİK",IF(COUNTIF(MUSTERILER!$B$7:$B$156,C18)=0,"TANIMSIZ MÜŞTERİ","UYGUN"))) -> UYGUN | N18: =IF(D18="","",D18&"|"&TEXT(COUNTIF($D$7:D18,D18),"000")) -> ZÜMRÜT GRUP LTD.ŞTİ.|002 | O18: =IF(G18="","",G18&"|"&TEXT(COUNTIF($G$7:G18,G18),"000")) -> ÖMER KARTAL|004
... B557: T00551 | C557: M006 | D557: VOLKAN AÇIK | E557: 46260 | F557: 6000 | G557: MERKEZ KASA | H557: Nakit | J557: NAKİT ÖDENEN | L557: =IF(E557="","",DATE(YEAR(E557),MONTH(E557),1)) -> 46235 | M557: =IF(AND(C557="",D557="",E557="",F557=""),"",IF(OR(C557="",D557="",E557="",F557="",G557=""),"EKSİK",IF(COUNTIF(MUSTERILER!$B$7:$B$156,C557)=0,"TANIMSIZ MÜŞTERİ","UYGUN"))) -> UYGUN | N557: =IF(D557="","",D557&"|"&TEXT(COUNTIF($D$7:D557,D557),"000")) -> VOLKAN AÇIK|004 | O557: =IF(G557="","",G557&"|"&TEXT(COUNTIF($G$7:G557,G557),"000")) -> MERKEZ KASA|427
B558: =IF(E558="","","T"&TEXT(ROW()-6,"00000")) | L558: =IF(E558="","",DATE(YEAR(E558),MONTH(E558),1)) | M558: =IF(AND(C558="",D558="",E558="",F558=""),"",IF(OR(C558="",D558="",E558="",F558="",G558=""),"EKSİK",IF(COUNTIF(MUSTERILER!$B$7:$B$156,C558)=0,"TANIMSIZ MÜŞTERİ","UYGUN"))) | N558: =IF(D558="","",D558&"|"&TEXT(COUNTIF($D$7:D558,D558),"000")) | O558: =IF(G558="","",G558&"|"&TEXT(COUNTIF($G$7:G558,G558),"000"))
B559: =IF(E559="","","T"&TEXT(ROW()-6,"00000")) | L559: =IF(E559="","",DATE(YEAR(E559),MONTH(E559),1)) | M559: =IF(AND(C559="",D559="",E559="",F559=""),"",IF(OR(C559="",D559="",E559="",F559="",G559=""),"EKSİK",IF(COUNTIF(MUSTERILER!$B$7:$B$156,C559)=0,"TANIMSIZ MÜŞTERİ","UYGUN"))) | N559: =IF(D559="","",D559&"|"&TEXT(COUNTIF($D$7:D559,D559),"000")) | O559: =IF(G559="","",G559&"|"&TEXT(COUNTIF($G$7:G559,G559),"000"))
B560: =IF(E560="","","T"&TEXT(ROW()-6,"00000")) | L560: =IF(E560="","",DATE(YEAR(E560),MONTH(E560),1)) | M560: =IF(AND(C560="",D560="",E560="",F560=""),"",IF(OR(C560="",D560="",E560="",F560="",G560=""),"EKSİK",IF(COUNTIF(MUSTERILER!$B$7:$B$156,C560)=0,"TANIMSIZ MÜŞTERİ","UYGUN"))) | N560: =IF(D560="","",D560&"|"&TEXT(COUNTIF($D$7:D560,D560),"000")) | O560: =IF(G560="","",G560&"|"&TEXT(COUNTIF($G$7:G560,G560),"000"))
B561: =IF(E561="","","T"&TEXT(ROW()-6,"00000")) | L561: =IF(E561="","",DATE(YEAR(E561),MONTH(E561),1)) | M561: =IF(AND(C561="",D561="",E561="",F561=""),"",IF(OR(C561="",D561="",E561="",F561="",G561=""),"EKSİK",IF(COUNTIF(MUSTERILER!$B$7:$B$156,C561)=0,"TANIMSIZ MÜŞTERİ","UYGUN"))) | N561: =IF(D561="","",D561&"|"&TEXT(COUNTIF($D$7:D561,D561),"000")) | O561: =IF(G561="","",G561&"|"&TEXT(COUNTIF($G$7:G561,G561),"000"))
B562: =IF(E562="","","T"&TEXT(ROW()-6,"00000")) | L562: =IF(E562="","",DATE(YEAR(E562),MONTH(E562),1)) | M562: =IF(AND(C562="",D562="",E562="",F562=""),"",IF(OR(C562="",D562="",E562="",F562="",G562=""),"EKSİK",IF(COUNTIF(MUSTERILER!$B$7:$B$156,C562)=0,"TANIMSIZ MÜŞTERİ","UYGUN"))) | N562: =IF(D562="","",D562&"|"&TEXT(COUNTIF($D$7:D562,D562),"000")) | O562: =IF(G562="","",G562&"|"&TEXT(COUNTIF($G$7:G562,G562),"000"))
B563: =IF(E563="","","T"&TEXT(ROW()-6,"00000")) | L563: =IF(E563="","",DATE(YEAR(E563),MONTH(E563),1)) | M563: =IF(AND(C563="",D563="",E563="",F563=""),"",IF(OR(C563="",D563="",E563="",F563="",G563=""),"EKSİK",IF(COUNTIF(MUSTERILER!$B$7:$B$156,C563)=0,"TANIMSIZ MÜŞTERİ","UYGUN"))) | N563: =IF(D563="","",D563&"|"&TEXT(COUNTIF($D$7:D563,D563),"000")) | O563: =IF(G563="","",G563&"|"&TEXT(COUNTIF($G$7:G563,G563),"000"))
B564: =IF(E564="","","T"&TEXT(ROW()-6,"00000")) | L564: =IF(E564="","",DATE(YEAR(E564),MONTH(E564),1)) | M564: =IF(AND(C564="",D564="",E564="",F564=""),"",IF(OR(C564="",D564="",E564="",F564="",G564=""),"EKSİK",IF(COUNTIF(MUSTERILER!$B$7:$B$156,C564)=0,"TANIMSIZ MÜŞTERİ","UYGUN"))) | N564: =IF(D564="","",D564&"|"&TEXT(COUNTIF($D$7:D564,D564),"000")) | O564: =IF(G564="","",G564&"|"&TEXT(COUNTIF($G$7:G564,G564),"000"))
B565: =IF(E565="","","T"&TEXT(ROW()-6,"00000")) | L565: =IF(E565="","",DATE(YEAR(E565),MONTH(E565),1)) | M565: =IF(AND(C565="",D565="",E565="",F565=""),"",IF(OR(C565="",D565="",E565="",F565="",G565=""),"EKSİK",IF(COUNTIF(MUSTERILER!$B$7:$B$156,C565)=0,"TANIMSIZ MÜŞTERİ","UYGUN"))) | N565: =IF(D565="","",D565&"|"&TEXT(COUNTIF($D$7:D565,D565),"000")) | O565: =IF(G565="","",G565&"|"&TEXT(COUNTIF($G$7:G565,G565),"000"))
B566: =IF(E566="","","T"&TEXT(ROW()-6,"00000")) | L566: =IF(E566="","",DATE(YEAR(E566),MONTH(E566),1)) | M566: =IF(AND(C566="",D566="",E566="",F566=""),"",IF(OR(C566="",D566="",E566="",F566="",G566=""),"EKSİK",IF(COUNTIF(MUSTERILER!$B$7:$B$156,C566)=0,"TANIMSIZ MÜŞTERİ","UYGUN"))) | N566: =IF(D566="","",D566&"|"&TEXT(COUNTIF($D$7:D566,D566),"000")) | O566: =IF(G566="","",G566&"|"&TEXT(COUNTIF($G$7:G566,G566),"000"))
B567: =IF(E567="","","T"&TEXT(ROW()-6,"00000")) | L567: =IF(E567="","",DATE(YEAR(E567),MONTH(E567),1)) | M567: =IF(AND(C567="",D567="",E567="",F567=""),"",IF(OR(C567="",D567="",E567="",F567="",G567=""),"EKSİK",IF(COUNTIF(MUSTERILER!$B$7:$B$156,C567)=0,"TANIMSIZ MÜŞTERİ","UYGUN"))) | N567: =IF(D567="","",D567&"|"&TEXT(COUNTIF($D$7:D567,D567),"000")) | O567: =IF(G567="","",G567&"|"&TEXT(COUNTIF($G$7:G567,G567),"000"))
B568: =IF(E568="","","T"&TEXT(ROW()-6,"00000")) | L568: =IF(E568="","",DATE(YEAR(E568),MONTH(E568),1)) | M568: =IF(AND(C568="",D568="",E568="",F568=""),"",IF(OR(C568="",D568="",E568="",F568="",G568=""),"EKSİK",IF(COUNTIF(MUSTERILER!$B$7:$B$156,C568)=0,"TANIMSIZ MÜŞTERİ","UYGUN"))) | N568: =IF(D568="","",D568&"|"&TEXT(COUNTIF($D$7:D568,D568),"000")) | O568: =IF(G568="","",G568&"|"&TEXT(COUNTIF($G$7:G568,G568),"000"))
B569: =IF(E569="","","T"&TEXT(ROW()-6,"00000")) | L569: =IF(E569="","",DATE(YEAR(E569),MONTH(E569),1)) | M569: =IF(AND(C569="",D569="",E569="",F569=""),"",IF(OR(C569="",D569="",E569="",F569="",G569=""),"EKSİK",IF(COUNTIF(MUSTERILER!$B$7:$B$156,C569)=0,"TANIMSIZ MÜŞTERİ","UYGUN"))) | N569: =IF(D569="","",D569&"|"&TEXT(COUNTIF($D$7:D569,D569),"000")) | O569: =IF(G569="","",G569&"|"&TEXT(COUNTIF($G$7:G569,G569),"000"))
... B650: =IF(E650="","","T"&TEXT(ROW()-6,"00000")) | L650: =IF(E650="","",DATE(YEAR(E650),MONTH(E650),1)) | M650: =IF(AND(C650="",D650="",E650="",F650=""),"",IF(OR(C650="",D650="",E650="",F650="",G650=""),"EKSİK",IF(COUNTIF(MUSTERILER!$B$7:$B$156,C650)=0,"TANIMSIZ MÜŞTERİ","UYGUN"))) | N650: =IF(D650="","",D650&"|"&TEXT(COUNTIF($D$7:D650,D650),"000")) | O650: =IF(G650="","",G650&"|"&TEXT(COUNTIF($G$7:G650,G650),"000"))
B651: =IF(E651="","","T"&TEXT(ROW()-6,"00000")) | L651: =IF(E651="","",DATE(YEAR(E651),MONTH(E651),1)) | M651: =IF(AND(C651="",D651="",E651="",F651=""),"",IF(OR(C651="",D651="",E651="",F651="",G651=""),"EKSİK",IF(COUNTIF(MUSTERILER!$B$7:$B$156,C651)=0,"TANIMSIZ MÜŞTERİ","UYGUN")))
B652: =IF(E652="","","T"&TEXT(ROW()-6,"00000")) | L652: =IF(E652="","",DATE(YEAR(E652),MONTH(E652),1)) | M652: =IF(AND(C652="",D652="",E652="",F652=""),"",IF(OR(C652="",D652="",E652="",F652="",G652=""),"EKSİK",IF(COUNTIF(MUSTERILER!$B$7:$B$156,C652)=0,"TANIMSIZ MÜŞTERİ","UYGUN")))
B653: =IF(E653="","","T"&TEXT(ROW()-6,"00000")) | L653: =IF(E653="","",DATE(YEAR(E653),MONTH(E653),1)) | M653: =IF(AND(C653="",D653="",E653="",F653=""),"",IF(OR(C653="",D653="",E653="",F653="",G653=""),"EKSİK",IF(COUNTIF(MUSTERILER!$B$7:$B$156,C653)=0,"TANIMSIZ MÜŞTERİ","UYGUN")))
B654: =IF(E654="","","T"&TEXT(ROW()-6,"00000")) | L654: =IF(E654="","",DATE(YEAR(E654),MONTH(E654),1)) | M654: =IF(AND(C654="",D654="",E654="",F654=""),"",IF(OR(C654="",D654="",E654="",F654="",G654=""),"EKSİK",IF(COUNTIF(MUSTERILER!$B$7:$B$156,C654)=0,"TANIMSIZ MÜŞTERİ","UYGUN")))
B655: =IF(E655="","","T"&TEXT(ROW()-6,"00000")) | L655: =IF(E655="","",DATE(YEAR(E655),MONTH(E655),1)) | M655: =IF(AND(C655="",D655="",E655="",F655=""),"",IF(OR(C655="",D655="",E655="",F655="",G655=""),"EKSİK",IF(COUNTIF(MUSTERILER!$B$7:$B$156,C655)=0,"TANIMSIZ MÜŞTERİ","UYGUN")))
B656: =IF(E656="","","T"&TEXT(ROW()-6,"00000")) | L656: =IF(E656="","",DATE(YEAR(E656),MONTH(E656),1)) | M656: =IF(AND(C656="",D656="",E656="",F656=""),"",IF(OR(C656="",D656="",E656="",F656="",G656=""),"EKSİK",IF(COUNTIF(MUSTERILER!$B$7:$B$156,C656)=0,"TANIMSIZ MÜŞTERİ","UYGUN")))
B657: =IF(E657="","","T"&TEXT(ROW()-6,"00000")) | L657: =IF(E657="","",DATE(YEAR(E657),MONTH(E657),1)) | M657: =IF(AND(C657="",D657="",E657="",F657=""),"",IF(OR(C657="",D657="",E657="",F657="",G657=""),"EKSİK",IF(COUNTIF(MUSTERILER!$B$7:$B$156,C657)=0,"TANIMSIZ MÜŞTERİ","UYGUN")))
B658: =IF(E658="","","T"&TEXT(ROW()-6,"00000")) | L658: =IF(E658="","",DATE(YEAR(E658),MONTH(E658),1)) | M658: =IF(AND(C658="",D658="",E658="",F658=""),"",IF(OR(C658="",D658="",E658="",F658="",G658=""),"EKSİK",IF(COUNTIF(MUSTERILER!$B$7:$B$156,C658)=0,"TANIMSIZ MÜŞTERİ","UYGUN")))
B659: =IF(E659="","","T"&TEXT(ROW()-6,"00000")) | L659: =IF(E659="","",DATE(YEAR(E659),MONTH(E659),1)) | M659: =IF(AND(C659="",D659="",E659="",F659=""),"",IF(OR(C659="",D659="",E659="",F659="",G659=""),"EKSİK",IF(COUNTIF(MUSTERILER!$B$7:$B$156,C659)=0,"TANIMSIZ MÜŞTERİ","UYGUN")))
B660: =IF(E660="","","T"&TEXT(ROW()-6,"00000")) | L660: =IF(E660="","",DATE(YEAR(E660),MONTH(E660),1)) | M660: =IF(AND(C660="",D660="",E660="",F660=""),"",IF(OR(C660="",D660="",E660="",F660="",G660=""),"EKSİK",IF(COUNTIF(MUSTERILER!$B$7:$B$156,C660)=0,"TANIMSIZ MÜŞTERİ","UYGUN")))
B661: =IF(E661="","","T"&TEXT(ROW()-6,"00000")) | L661: =IF(E661="","",DATE(YEAR(E661),MONTH(E661),1)) | M661: =IF(AND(C661="",D661="",E661="",F661=""),"",IF(OR(C661="",D661="",E661="",F661="",G661=""),"EKSİK",IF(COUNTIF(MUSTERILER!$B$7:$B$156,C661)=0,"TANIMSIZ MÜŞTERİ","UYGUN")))
B662: =IF(E662="","","T"&TEXT(ROW()-6,"00000")) | L662: =IF(E662="","",DATE(YEAR(E662),MONTH(E662),1)) | M662: =IF(AND(C662="",D662="",E662="",F662=""),"",IF(OR(C662="",D662="",E662="",F662="",G662=""),"EKSİK",IF(COUNTIF(MUSTERILER!$B$7:$B$156,C662)=0,"TANIMSIZ MÜŞTERİ","UYGUN")))
... B1006: =IF(E1006="","","T"&TEXT(ROW()-6,"00000")) | L1006: =IF(E1006="","",DATE(YEAR(E1006),MONTH(E1006),1)) | M1006: =IF(AND(C1006="",D1006="",E1006="",F1006=""),"",IF(OR(C1006="",D1006="",E1006="",F1006="",G1006=""),"EKSİK",IF(COUNTIF(MUSTERILER!$B$7:$B$156,C1006)=0,"TANIMSIZ MÜŞTERİ","UYGUN")))

Sheet GELIR_GIDER
A1: =IFERROR(HYPERLINK("#MENU!A1","☰ MENÜ"),"☰ MENÜ") -> ☰ MENÜ | B1: =IFERROR(HYPERLINK("#MENU!A1","↗"),"↗") -> ↗ | C1: KILIÇ MUHASEBE │ GELİR / GİDER DEFTERİ
A2: ✎ VERİ GİRİŞ ALANI — YALNIZ SARI HÜCRELER | C2: İşletme gelir/gideri ve nakitsiz tahakkuk.
A3: SAKIN: Nakitsiz tahakkukta Kasa/Banka seçmeyin.
A4: =IFERROR(HYPERLINK("#MENU!A1","← MENÜ │ GELİR / GİDER"),"← MENÜ │ GELİR / GİDER") -> ← MENÜ │ GELİR / GİDER | H4: =IFERROR(HYPERLINK("#TAHSILAT!A1","TAHSİLAT"),"TAHSİLAT") -> TAHSİLAT | J4: =IFERROR(HYPERLINK("#GELIR_GIDER!A1","GELİR / GİDER"),"GELİR / GİDER") -> GELİR / GİDER | L4: =IFERROR(HYPERLINK("#VIRMAN!A1","VİRMAN"),"VİRMAN") -> VİRMAN | N4: =IFERROR(HYPERLINK("#RAPOR!A1","RAPOR"),"RAPOR") -> RAPOR
B5: GERÇEK GELİR | C5: =SUMIFS($G$7:$G$1000,$D$7:$D$1000,"Gelir",$I$7:$I$1000,"Evet") -> 483250 | E5: GERÇEK GİDER | F5: =SUMIFS($G$7:$G$1000,$D$7:$D$1000,"Gider",$I$7:$I$1000,"Evet") -> 1196188 | H5: NAKİTSİZ TAHAKKUK | I5: =SUMIFS($G$7:$G$1000,$D$7:$D$1000,"Gelir",$I$7:$I$1000,"Hayır") -> 114000 | K5: TAHAKKUK KURALI │ Hayır + Borçlu Taraf + Kasa boş.
B6: Kayıt No | C6: Tarih | D6: Tür | E6: Kategori | F6: Açıklama | G6: Tutar | H6: Kasa / Banka | I6: Gerçekleşti | J6: Belge No | K6: Sorumlu | L6: Borçlu Taraf | M6: Borçlu Hesap | N6: Alacaklı Hesap | O6: Ay | P6: Kayıt Kontrolü | Q6: Teknik Tahakkuk Anahtarı | R6: Teknik Borçlu Geçerli
B7: GG00001 | C7: 46023 | D7: Gider | E7: Diğer Gider | F7: Palaoğulları Kapalı Kaldığı Dönem Haftalık Zarar | G7: 27000 | I7: Hayır | M7: =IF(C7="","",IF(D7="Gider",IF(H7<>"",H7,"CARİ MAHSUP"),IF(L7<>"",L7,H7))) -> CARİ MAHSUP | N7: =IF(C7="","",IF(D7="Gider",E7,IF(H7<>"",H7,E7))) -> Diğer Gider | O7: =IF(C7="","",DATE(YEAR(C7),MONTH(C7),1)) -> 46023 | P7: =IF(C7="","",IF(OR(D7="",E7="",G7=""),"EKSİK",IF(AND(D7="Gelir",I7="Hayır",L7<>""),IF(R7,"TAHAKKUK","TANIMSIZ BORÇLU"),IF(AND(D7="Gelir",I7="Evet",L7<>""),"TAHAKKUK NAKİT OLAMAZ",IF(AND(D7="Gelir",I7="Hayır",H7<>""),"NAKİTSİZDE KASA OLMAZ","UYGUN"))))) -> UYGUN | Q7: =IF(AND(L7<>"",D7="Gelir",I7="Hayır"),L7&"|"&TEXT(COUNTIFS($L$7:L7,L7,$D$7:D7,"Gelir",$I$7:I7,"Hayır"),"000"),"") | R7: =OR(COUNTIF(LST_MUSTERI_ADI,L7)>0,L7=SISTEM!$C$9,L7=SISTEM!$C$10) -> FALSE
B8: GG00002 | C8: 46023 | D8: Gider | E8: Diğer Gider | F8: Çayıralan Ltd.Şti. Cari Hesap Bakiye Tashihi | G8: 5000 | H8: MERKEZ KASA | I8: Evet | M8: =IF(C8="","",IF(D8="Gider",IF(H8<>"",H8,"CARİ MAHSUP"),IF(L8<>"",L8,H8))) -> MERKEZ KASA | N8: =IF(C8="","",IF(D8="Gider",E8,IF(H8<>"",H8,E8))) -> Diğer Gider | O8: =IF(C8="","",DATE(YEAR(C8),MONTH(C8),1)) -> 46023 | P8: =IF(C8="","",IF(OR(D8="",E8="",G8=""),"EKSİK",IF(AND(D8="Gelir",I8="Hayır",L8<>""),IF(R8,"TAHAKKUK","TANIMSIZ BORÇLU"),IF(AND(D8="Gelir",I8="Evet",L8<>""),"TAHAKKUK NAKİT OLAMAZ",IF(AND(D8="Gelir",I8="Hayır",H8<>""),"NAKİTSİZDE KASA OLMAZ","UYGUN"))))) -> UYGUN | Q8: =IF(AND(L8<>"",D8="Gelir",I8="Hayır"),L8&"|"&TEXT(COUNTIFS($L$7:L8,L8,$D$7:D8,"Gelir",$I$7:I8,"Hayır"),"000"),"") | R8: =OR(COUNTIF(LST_MUSTERI_ADI,L8)>0,L8=SISTEM!$C$9,L8=SISTEM!$C$10) -> FALSE
B9: GG00003 | C9: 46023 | D9: Gider | E9: Diğer Gider | F9: Asım Açıkgöz Cari Hesap Bakiye Tashihi | G9: 3000 | H9: MERKEZ KASA | I9: Evet | M9: =IF(C9="","",IF(D9="Gider",IF(H9<>"",H9,"CARİ MAHSUP"),IF(L9<>"",L9,H9))) -> MERKEZ KASA | N9: =IF(C9="","",IF(D9="Gider",E9,IF(H9<>"",H9,E9))) -> Diğer Gider | O9: =IF(C9="","",DATE(YEAR(C9),MONTH(C9),1)) -> 46023 | P9: =IF(C9="","",IF(OR(D9="",E9="",G9=""),"EKSİK",IF(AND(D9="Gelir",I9="Hayır",L9<>""),IF(R9,"TAHAKKUK","TANIMSIZ BORÇLU"),IF(AND(D9="Gelir",I9="Evet",L9<>""),"TAHAKKUK NAKİT OLAMAZ",IF(AND(D9="Gelir",I9="Hayır",H9<>""),"NAKİTSİZDE KASA OLMAZ","UYGUN"))))) -> UYGUN | Q9: =IF(AND(L9<>"",D9="Gelir",I9="Hayır"),L9&"|"&TEXT(COUNTIFS($L$7:L9,L9,$D$7:D9,"Gelir",$I$7:I9,"Hayır"),"000"),"") | R9: =OR(COUNTIF(LST_MUSTERI_ADI,L9)>0,L9=SISTEM!$C$9,L9=SISTEM!$C$10) -> FALSE
B10: GG00004 | C10: 46023 | D10: Gider | E10: Diğer Gider | F10: ASM Eğlence Ltd.Şti. Cari Hesap Bakiye Tashihi | G10: 10000 | H10: MERKEZ KASA | I10: Evet | M10: =IF(C10="","",IF(D10="Gider",IF(H10<>"",H10,"CARİ MAHSUP"),IF(L10<>"",L10,H10))) -> MERKEZ KASA | N10: =IF(C10="","",IF(D10="Gider",E10,IF(H10<>"",H10,E10))) -> Diğer Gider | O10: =IF(C10="","",DATE(YEAR(C10),MONTH(C10),1)) -> 46023 | P10: =IF(C10="","",IF(OR(D10="",E10="",G10=""),"EKSİK",IF(AND(D10="Gelir",I10="Hayır",L10<>""),IF(R10,"TAHAKKUK","TANIMSIZ BORÇLU"),IF(AND(D10="Gelir",I10="Evet",L10<>""),"TAHAKKUK NAKİT OLAMAZ",IF(AND(D10="Gelir",I10="Hayır",H10<>""),"NAKİTSİZDE KASA OLMAZ","UYGUN"))))) -> UYGUN | Q10: =IF(AND(L10<>"",D10="Gelir",I10="Hayır"),L10&"|"&TEXT(COUNTIFS($L$7:L10,L10,$D$7:D10,"Gelir",$I$7:I10,"Hayır"),"000"),"") | R10: =OR(COUNTIF(LST_MUSTERI_ADI,L10)>0,L10=SISTEM!$C$9,L10=SISTEM!$C$10) -> FALSE
B11: GG00005 | C11: 46023 | D11: Gider | E11: Diğer Gider | F11: Çınarhan Ltd.Şti. Cari Hesap Bakiye Tashihi | G11: 4500 | H11: MERKEZ KASA | I11: Evet | M11: =IF(C11="","",IF(D11="Gider",IF(H11<>"",H11,"CARİ MAHSUP"),IF(L11<>"",L11,H11))) -> MERKEZ KASA | N11: =IF(C11="","",IF(D11="Gider",E11,IF(H11<>"",H11,E11))) -> Diğer Gider | O11: =IF(C11="","",DATE(YEAR(C11),MONTH(C11),1)) -> 46023 | P11: =IF(C11="","",IF(OR(D11="",E11="",G11=""),"EKSİK",IF(AND(D11="Gelir",I11="Hayır",L11<>""),IF(R11,"TAHAKKUK","TANIMSIZ BORÇLU"),IF(AND(D11="Gelir",I11="Evet",L11<>""),"TAHAKKUK NAKİT OLAMAZ",IF(AND(D11="Gelir",I11="Hayır",H11<>""),"NAKİTSİZDE KASA OLMAZ","UYGUN"))))) -> UYGUN | Q11: =IF(AND(L11<>"",D11="Gelir",I11="Hayır"),L11&"|"&TEXT(COUNTIFS($L$7:L11,L11,$D$7:D11,"Gelir",$I$7:I11,"Hayır"),"000"),"") | R11: =OR(COUNTIF(LST_MUSTERI_ADI,L11)>0,L11=SISTEM!$C$9,L11=SISTEM!$C$10) -> FALSE
B12: GG00006 | C12: 46023 | D12: Gider | E12: Diğer Gider | F12: Zümrüt Grup Ltd.Şti. Cari Hesap Bakiye Tashihi | G12: 15750 | H12: MERKEZ KASA | I12: Evet | M12: =IF(C12="","",IF(D12="Gider",IF(H12<>"",H12,"CARİ MAHSUP"),IF(L12<>"",L12,H12))) -> MERKEZ KASA | N12: =IF(C12="","",IF(D12="Gider",E12,IF(H12<>"",H12,E12))) -> Diğer Gider | O12: =IF(C12="","",DATE(YEAR(C12),MONTH(C12),1)) -> 46023 | P12: =IF(C12="","",IF(OR(D12="",E12="",G12=""),"EKSİK",IF(AND(D12="Gelir",I12="Hayır",L12<>""),IF(R12,"TAHAKKUK","TANIMSIZ BORÇLU"),IF(AND(D12="Gelir",I12="Evet",L12<>""),"TAHAKKUK NAKİT OLAMAZ",IF(AND(D12="Gelir",I12="Hayır",H12<>""),"NAKİTSİZDE KASA OLMAZ","UYGUN"))))) -> UYGUN | Q12: =IF(AND(L12<>"",D12="Gelir",I12="Hayır"),L12&"|"&TEXT(COUNTIFS($L$7:L12,L12,$D$7:D12,"Gelir",$I$7:I12,"Hayır"),"000"),"") | R12: =OR(COUNTIF(LST_MUSTERI_ADI,L12)>0,L12=SISTEM!$C$9,L12=SISTEM!$C$10) -> FALSE
B13: GG00007 | C13: 46035 | D13: Gider | E13: Kırtasiye | F13: Merdiven İki Basamaklı | G13: 1060 | H13: MERKEZ KASA | I13: Evet | M13: =IF(C13="","",IF(D13="Gider",IF(H13<>"",H13,"CARİ MAHSUP"),IF(L13<>"",L13,H13))) -> MERKEZ KASA | N13: =IF(C13="","",IF(D13="Gider",E13,IF(H13<>"",H13,E13))) -> Kırtasiye | O13: =IF(C13="","",DATE(YEAR(C13),MONTH(C13),1)) -> 46023 | P13: =IF(C13="","",IF(OR(D13="",E13="",G13=""),"EKSİK",IF(AND(D13="Gelir",I13="Hayır",L13<>""),IF(R13,"TAHAKKUK","TANIMSIZ BORÇLU"),IF(AND(D13="Gelir",I13="Evet",L13<>""),"TAHAKKUK NAKİT OLAMAZ",IF(AND(D13="Gelir",I13="Hayır",H13<>""),"NAKİTSİZDE KASA OLMAZ","UYGUN"))))) -> UYGUN | Q13: =IF(AND(L13<>"",D13="Gelir",I13="Hayır"),L13&"|"&TEXT(COUNTIFS($L$7:L13,L13,$D$7:D13,"Gelir",$I$7:I13,"Hayır"),"000"),"") | R13: =OR(COUNTIF(LST_MUSTERI_ADI,L13)>0,L13=SISTEM!$C$9,L13=SISTEM!$C$10) -> FALSE
B14: GG00008 | C14: 46036 | D14: Gider | E14: Telefon / İnternet | F14: Ofis Whatsapp Hattı Ocak | G14: 800 | H14: MERKEZ KASA | I14: Evet | M14: =IF(C14="","",IF(D14="Gider",IF(H14<>"",H14,"CARİ MAHSUP"),IF(L14<>"",L14,H14))) -> MERKEZ KASA | N14: =IF(C14="","",IF(D14="Gider",E14,IF(H14<>"",H14,E14))) -> Telefon / İnternet | O14: =IF(C14="","",DATE(YEAR(C14),MONTH(C14),1)) -> 46023 | P14: =IF(C14="","",IF(OR(D14="",E14="",G14=""),"EKSİK",IF(AND(D14="Gelir",I14="Hayır",L14<>""),IF(R14,"TAHAKKUK","TANIMSIZ BORÇLU"),IF(AND(D14="Gelir",I14="Evet",L14<>""),"TAHAKKUK NAKİT OLAMAZ",IF(AND(D14="Gelir",I14="Hayır",H14<>""),"NAKİTSİZDE KASA OLMAZ","UYGUN"))))) -> UYGUN | Q14: =IF(AND(L14<>"",D14="Gelir",I14="Hayır"),L14&"|"&TEXT(COUNTIFS($L$7:L14,L14,$D$7:D14,"Gelir",$I$7:I14,"Hayır"),"000"),"") | R14: =OR(COUNTIF(LST_MUSTERI_ADI,L14)>0,L14=SISTEM!$C$9,L14=SISTEM!$C$10) -> FALSE
B15: GG00009 | C15: 46044 | D15: Gider | E15: Diğer Gider | F15: Ofis Lavabo Su Tesisatı Tamirat ve Malzeme | G15: 3000 | H15: MERKEZ KASA | I15: Evet | M15: =IF(C15="","",IF(D15="Gider",IF(H15<>"",H15,"CARİ MAHSUP"),IF(L15<>"",L15,H15))) -> MERKEZ KASA | N15: =IF(C15="","",IF(D15="Gider",E15,IF(H15<>"",H15,E15))) -> Diğer Gider | O15: =IF(C15="","",DATE(YEAR(C15),MONTH(C15),1)) -> 46023 | P15: =IF(C15="","",IF(OR(D15="",E15="",G15=""),"EKSİK",IF(AND(D15="Gelir",I15="Hayır",L15<>""),IF(R15,"TAHAKKUK","TANIMSIZ BORÇLU"),IF(AND(D15="Gelir",I15="Evet",L15<>""),"TAHAKKUK NAKİT OLAMAZ",IF(AND(D15="Gelir",I15="Hayır",H15<>""),"NAKİTSİZDE KASA OLMAZ","UYGUN"))))) -> UYGUN | Q15: =IF(AND(L15<>"",D15="Gelir",I15="Hayır"),L15&"|"&TEXT(COUNTIFS($L$7:L15,L15,$D$7:D15,"Gelir",$I$7:I15,"Hayır"),"000"),"") | R15: =OR(COUNTIF(LST_MUSTERI_ADI,L15)>0,L15=SISTEM!$C$9,L15=SISTEM!$C$10) -> FALSE
B16: GG00010 | C16: 46049 | D16: Gider | E16: Elektrik / Su / Doğalgaz | F16: Elektrik Ödemesi | G16: 1035 | H16: MERKEZ KASA | I16: Evet | M16: =IF(C16="","",IF(D16="Gider",IF(H16<>"",H16,"CARİ MAHSUP"),IF(L16<>"",L16,H16))) -> MERKEZ KASA | N16: =IF(C16="","",IF(D16="Gider",E16,IF(H16<>"",H16,E16))) -> Elektrik / Su / Doğalgaz | O16: =IF(C16="","",DATE(YEAR(C16),MONTH(C16),1)) -> 46023 | P16: =IF(C16="","",IF(OR(D16="",E16="",G16=""),"EKSİK",IF(AND(D16="Gelir",I16="Hayır",L16<>""),IF(R16,"TAHAKKUK","TANIMSIZ BORÇLU"),IF(AND(D16="Gelir",I16="Evet",L16<>""),"TAHAKKUK NAKİT OLAMAZ",IF(AND(D16="Gelir",I16="Hayır",H16<>""),"NAKİTSİZDE KASA OLMAZ","UYGUN"))))) -> UYGUN | Q16: =IF(AND(L16<>"",D16="Gelir",I16="Hayır"),L16&"|"&TEXT(COUNTIFS($L$7:L16,L16,$D$7:D16,"Gelir",$I$7:I16,"Hayır"),"000"),"") | R16: =OR(COUNTIF(LST_MUSTERI_ADI,L16)>0,L16=SISTEM!$C$9,L16=SISTEM!$C$10) -> FALSE
B17: GG00011 | C17: 46049 | D17: Gider | E17: Elektrik / Su / Doğalgaz | F17: Elektrik Ödemesi | G17: 949.97 | H17: MERKEZ KASA | I17: Evet | M17: =IF(C17="","",IF(D17="Gider",IF(H17<>"",H17,"CARİ MAHSUP"),IF(L17<>"",L17,H17))) -> MERKEZ KASA | N17: =IF(C17="","",IF(D17="Gider",E17,IF(H17<>"",H17,E17))) -> Elektrik / Su / Doğalgaz | O17: =IF(C17="","",DATE(YEAR(C17),MONTH(C17),1)) -> 46023 | P17: =IF(C17="","",IF(OR(D17="",E17="",G17=""),"EKSİK",IF(AND(D17="Gelir",I17="Hayır",L17<>""),IF(R17,"TAHAKKUK","TANIMSIZ BORÇLU"),IF(AND(D17="Gelir",I17="Evet",L17<>""),"TAHAKKUK NAKİT OLAMAZ",IF(AND(D17="Gelir",I17="Hayır",H17<>""),"NAKİTSİZDE KASA OLMAZ","UYGUN"))))) -> UYGUN | Q17: =IF(AND(L17<>"",D17="Gelir",I17="Hayır"),L17&"|"&TEXT(COUNTIFS($L$7:L17,L17,$D$7:D17,"Gelir",$I$7:I17,"Hayır"),"000"),"") | R17: =OR(COUNTIF(LST_MUSTERI_ADI,L17)>0,L17=SISTEM!$C$9,L17=SISTEM!$C$10) -> FALSE
B18: GG00012 | C18: 46049 | D18: Gider | E18: Elektrik / Su / Doğalgaz | F18: Su Ödemesi | G18: 469.9 | H18: MERKEZ KASA | I18: Evet | M18: =IF(C18="","",IF(D18="Gider",IF(H18<>"",H18,"CARİ MAHSUP"),IF(L18<>"",L18,H18))) -> MERKEZ KASA | N18: =IF(C18="","",IF(D18="Gider",E18,IF(H18<>"",H18,E18))) -> Elektrik / Su / Doğalgaz | O18: =IF(C18="","",DATE(YEAR(C18),MONTH(C18),1)) -> 46023 | P18: =IF(C18="","",IF(OR(D18="",E18="",G18=""),"EKSİK",IF(AND(D18="Gelir",I18="Hayır",L18<>""),IF(R18,"TAHAKKUK","TANIMSIZ BORÇLU"),IF(AND(D18="Gelir",I18="Evet",L18<>""),"TAHAKKUK NAKİT OLAMAZ",IF(AND(D18="Gelir",I18="Hayır",H18<>""),"NAKİTSİZDE KASA OLMAZ","UYGUN"))))) -> UYGUN | Q18: =IF(AND(L18<>"",D18="Gelir",I18="Hayır"),L18&"|"&TEXT(COUNTIFS($L$7:L18,L18,$D$7:D18,"Gelir",$I$7:I18,"Hayır"),"000"),"") | R18: =OR(COUNTIF(LST_MUSTERI_ADI,L18)>0,L18=SISTEM!$C$9,L18=SISTEM!$C$10) -> FALSE
B19: GG00013 | C19: 46049 | D19: Gider | E19: Elektrik / Su / Doğalgaz | F19: Su Ödemesi | G19: 249.5 | H19: MERKEZ KASA | I19: Evet | M19: =IF(C19="","",IF(D19="Gider",IF(H19<>"",H19,"CARİ MAHSUP"),IF(L19<>"",L19,H19))) -> MERKEZ KASA | N19: =IF(C19="","",IF(D19="Gider",E19,IF(H19<>"",H19,E19))) -> Elektrik / Su / Doğalgaz | O19: =IF(C19="","",DATE(YEAR(C19),MONTH(C19),1)) -> 46023 | P19: =IF(C19="","",IF(OR(D19="",E19="",G19=""),"EKSİK",IF(AND(D19="Gelir",I19="Hayır",L19<>""),IF(R19,"TAHAKKUK","TANIMSIZ BORÇLU"),IF(AND(D19="Gelir",I19="Evet",L19<>""),"TAHAKKUK NAKİT OLAMAZ",IF(AND(D19="Gelir",I19="Hayır",H19<>""),"NAKİTSİZDE KASA OLMAZ","UYGUN"))))) -> UYGUN | Q19: =IF(AND(L19<>"",D19="Gelir",I19="Hayır"),L19&"|"&TEXT(COUNTIFS($L$7:L19,L19,$D$7:D19,"Gelir",$I$7:I19,"Hayır"),"000"),"") | R19: =OR(COUNTIF(LST_MUSTERI_ADI,L19)>0,L19=SISTEM!$C$9,L19=SISTEM!$C$10) -> FALSE
... B89: GG00083 | C89: 46111 | D89: Gider | E89: Vergi / Harç | F89: M.Ali Kılıç Vergi Ödemesi | G89: 12303.97 | H89: MERKEZ KASA | I89: Evet | M89: =IF(C89="","",IF(D89="Gider",IF(H89<>"",H89,"CARİ MAHSUP"),IF(L89<>"",L89,H89))) -> MERKEZ KASA | N89: =IF(C89="","",IF(D89="Gider",E89,IF(H89<>"",H89,E89))) -> Vergi / Harç | O89: =IF(C89="","",DATE(YEAR(C89),MONTH(C89),1)) -> 46082 | P89: =IF(C89="","",IF(OR(D89="",E89="",G89=""),"EKSİK",IF(AND(D89="Gelir",I89="Hayır",L89<>""),IF(R89,"TAHAKKUK","TANIMSIZ BORÇLU"),IF(AND(D89="Gelir",I89="Evet",L89<>""),"TAHAKKUK NAKİT OLAMAZ",IF(AND(D89="Gelir",I89="Hayır",H89<>""),"NAKİTSİZDE KASA OLMAZ","UYGUN"))))) -> UYGUN | Q89: =IF(AND(L89<>"",D89="Gelir",I89="Hayır"),L89&"|"&TEXT(COUNTIFS($L$7:L89,L89,$D$7:D89,"Gelir",$I$7:I89,"Hayır"),"000"),"") | R89: =OR(COUNTIF(LST_MUSTERI_ADI,L89)>0,L89=SISTEM!$C$9,L89=SISTEM!$C$10) -> FALSE
B90: GG00084 | C90: 46113 | D90: Gider | E90: Mehmet Ali Kartal | F90: CEREN DEMİRCİ SGK | G90: 2500 | I90: Hayır | M90: =IF(C90="","",IF(D90="Gider",IF(H90<>"",H90,"CARİ MAHSUP"),IF(L90<>"",L90,H90))) -> CARİ MAHSUP | N90: =IF(C90="","",IF(D90="Gider",E90,IF(H90<>"",H90,E90))) -> Mehmet Ali Kartal | O90: =IF(C90="","",DATE(YEAR(C90),MONTH(C90),1)) -> 46113 | P90: =IF(C90="","",IF(OR(D90="",E90="",G90=""),"EKSİK",IF(AND(D90="Gelir",I90="Hayır",L90<>""),IF(R90,"TAHAKKUK","TANIMSIZ BORÇLU"),IF(AND(D90="Gelir",I90="Evet",L90<>""),"TAHAKKUK NAKİT OLAMAZ",IF(AND(D90="Gelir",I90="Hayır",H90<>""),"NAKİTSİZDE KASA OLMAZ","UYGUN"))))) -> UYGUN | Q90: =IF(AND(L90<>"",D90="Gelir",I90="Hayır"),L90&"|"&TEXT(COUNTIFS($L$7:L90,L90,$D$7:D90,"Gelir",$I$7:I90,"Hayır"),"000"),"") | R90: =OR(COUNTIF(LST_MUSTERI_ADI,L90)>0,L90=SISTEM!$C$9,L90=SISTEM!$C$10) -> FALSE
B91: GG00085 | C91: 46115 | D91: Gelir | E91: Diğer Gelirler | F91: ZÜMRÜT GRUP LTD.ŞTİ. SGK DANIŞMANLIK | G91: 30000 | H91: MERKEZ KASA | I91: Evet | M91: =IF(C91="","",IF(D91="Gider",IF(H91<>"",H91,"CARİ MAHSUP"),IF(L91<>"",L91,H91))) -> MERKEZ KASA | N91: =IF(C91="","",IF(D91="Gider",E91,IF(H91<>"",H91,E91))) -> MERKEZ KASA | O91: =IF(C91="","",DATE(YEAR(C91),MONTH(C91),1)) -> 46113 | P91: =IF(C91="","",IF(OR(D91="",E91="",G91=""),"EKSİK",IF(AND(D91="Gelir",I91="Hayır",L91<>""),IF(R91,"TAHAKKUK","TANIMSIZ BORÇLU"),IF(AND(D91="Gelir",I91="Evet",L91<>""),"TAHAKKUK NAKİT OLAMAZ",IF(AND(D91="Gelir",I91="Hayır",H91<>""),"NAKİTSİZDE KASA OLMAZ","UYGUN"))))) -> UYGUN | Q91: =IF(AND(L91<>"",D91="Gelir",I91="Hayır"),L91&"|"&TEXT(COUNTIFS($L$7:L91,L91,$D$7:D91,"Gelir",$I$7:I91,"Hayır"),"000"),"") | R91: =OR(COUNTIF(LST_MUSTERI_ADI,L91)>0,L91=SISTEM!$C$9,L91=SISTEM!$C$10) -> FALSE
B92: GG00086 | C92: 46118 | D92: Gider | E92: Ofis Kirası | F92: Nisan Ofis Aidat Ödemesi | G92: 2000 | H92: MERKEZ KASA | I92: Evet | M92: =IF(C92="","",IF(D92="Gider",IF(H92<>"",H92,"CARİ MAHSUP"),IF(L92<>"",L92,H92))) -> MERKEZ KASA | N92: =IF(C92="","",IF(D92="Gider",E92,IF(H92<>"",H92,E92))) -> Ofis Kirası | O92: =IF(C92="","",DATE(YEAR(C92),MONTH(C92),1)) -> 46113 | P92: =IF(C92="","",IF(OR(D92="",E92="",G92=""),"EKSİK",IF(AND(D92="Gelir",I92="Hayır",L92<>""),IF(R92,"TAHAKKUK","TANIMSIZ BORÇLU"),IF(AND(D92="Gelir",I92="Evet",L92<>""),"TAHAKKUK NAKİT OLAMAZ",IF(AND(D92="Gelir",I92="Hayır",H92<>""),"NAKİTSİZDE KASA OLMAZ","UYGUN"))))) -> UYGUN | Q92: =IF(AND(L92<>"",D92="Gelir",I92="Hayır"),L92&"|"&TEXT(COUNTIFS($L$7:L92,L92,$D$7:D92,"Gelir",$I$7:I92,"Hayır"),"000"),"") | R92: =OR(COUNTIF(LST_MUSTERI_ADI,L92)>0,L92=SISTEM!$C$9,L92=SISTEM!$C$10) -> FALSE
B93: GG00087 | C93: 46118 | D93: Gider | E93: Ulaşım | F93: Benzin | G93: 2000 | H93: MERKEZ KASA | I93: Evet | M93: =IF(C93="","",IF(D93="Gider",IF(H93<>"",H93,"CARİ MAHSUP"),IF(L93<>"",L93,H93))) -> MERKEZ KASA | N93: =IF(C93="","",IF(D93="Gider",E93,IF(H93<>"",H93,E93))) -> Ulaşım | O93: =IF(C93="","",DATE(YEAR(C93),MONTH(C93),1)) -> 46113 | P93: =IF(C93="","",IF(OR(D93="",E93="",G93=""),"EKSİK",IF(AND(D93="Gelir",I93="Hayır",L93<>""),IF(R93,"TAHAKKUK","TANIMSIZ BORÇLU"),IF(AND(D93="Gelir",I93="Evet",L93<>""),"TAHAKKUK NAKİT OLAMAZ",IF(AND(D93="Gelir",I93="Hayır",H93<>""),"NAKİTSİZDE KASA OLMAZ","UYGUN"))))) -> UYGUN | Q93: =IF(AND(L93<>"",D93="Gelir",I93="Hayır"),L93&"|"&TEXT(COUNTIFS($L$7:L93,L93,$D$7:D93,"Gelir",$I$7:I93,"Hayır"),"000"),"") | R93: =OR(COUNTIF(LST_MUSTERI_ADI,L93)>0,L93=SISTEM!$C$9,L93=SISTEM!$C$10) -> FALSE
B94: GG00088 | C94: 46118 | D94: Gider | E94: Ulaşım | F94: Benzin | G94: 1000 | H94: MERKEZ KASA | I94: Evet | M94: =IF(C94="","",IF(D94="Gider",IF(H94<>"",H94,"CARİ MAHSUP"),IF(L94<>"",L94,H94))) -> MERKEZ KASA | N94: =IF(C94="","",IF(D94="Gider",E94,IF(H94<>"",H94,E94))) -> Ulaşım | O94: =IF(C94="","",DATE(YEAR(C94),MONTH(C94),1)) -> 46113 | P94: =IF(C94="","",IF(OR(D94="",E94="",G94=""),"EKSİK",IF(AND(D94="Gelir",I94="Hayır",L94<>""),IF(R94,"TAHAKKUK","TANIMSIZ BORÇLU"),IF(AND(D94="Gelir",I94="Evet",L94<>""),"TAHAKKUK NAKİT OLAMAZ",IF(AND(D94="Gelir",I94="Hayır",H94<>""),"NAKİTSİZDE KASA OLMAZ","UYGUN"))))) -> UYGUN | Q94: =IF(AND(L94<>"",D94="Gelir",I94="Hayır"),L94&"|"&TEXT(COUNTIFS($L$7:L94,L94,$D$7:D94,"Gelir",$I$7:I94,"Hayır"),"000"),"") | R94: =OR(COUNTIF(LST_MUSTERI_ADI,L94)>0,L94=SISTEM!$C$9,L94=SISTEM!$C$10) -> FALSE
B95: GG00089 | C95: 46119 | D95: Gelir | E95: Diğer Gelirler | F95: ZÜMRÜT GRUP LTD.ŞTİ. SGK DANIŞMANLIK | G95: 30000 | H95: MERKEZ KASA | I95: Evet | M95: =IF(C95="","",IF(D95="Gider",IF(H95<>"",H95,"CARİ MAHSUP"),IF(L95<>"",L95,H95))) -> MERKEZ KASA | N95: =IF(C95="","",IF(D95="Gider",E95,IF(H95<>"",H95,E95))) -> MERKEZ KASA | O95: =IF(C95="","",DATE(YEAR(C95),MONTH(C95),1)) -> 46113 | P95: =IF(C95="","",IF(OR(D95="",E95="",G95=""),"EKSİK",IF(AND(D95="Gelir",I95="Hayır",L95<>""),IF(R95,"TAHAKKUK","TANIMSIZ BORÇLU"),IF(AND(D95="Gelir",I95="Evet",L95<>""),"TAHAKKUK NAKİT OLAMAZ",IF(AND(D95="Gelir",I95="Hayır",H95<>""),"NAKİTSİZDE KASA OLMAZ","UYGUN"))))) -> UYGUN | Q95: =IF(AND(L95<>"",D95="Gelir",I95="Hayır"),L95&"|"&TEXT(COUNTIFS($L$7:L95,L95,$D$7:D95,"Gelir",$I$7:I95,"Hayır"),"000"),"") | R95: =OR(COUNTIF(LST_MUSTERI_ADI,L95)>0,L95=SISTEM!$C$9,L95=SISTEM!$C$10) -> FALSE
B96: GG00090 | C96: 46123 | D96: Gider | E96: Demirbaş | F96: Serkan Baş Irmak Ömer Bilgisayar Format ve Parça | G96: 9500 | H96: MERKEZ KASA | I96: Evet | M96: =IF(C96="","",IF(D96="Gider",IF(H96<>"",H96,"CARİ MAHSUP"),IF(L96<>"",L96,H96))) -> MERKEZ KASA | N96: =IF(C96="","",IF(D96="Gider",E96,IF(H96<>"",H96,E96))) -> Demirbaş | O96: =IF(C96="","",DATE(YEAR(C96),MONTH(C96),1)) -> 46113 | P96: =IF(C96="","",IF(OR(D96="",E96="",G96=""),"EKSİK",IF(AND(D96="Gelir",I96="Hayır",L96<>""),IF(R96,"TAHAKKUK","TANIMSIZ BORÇLU"),IF(AND(D96="Gelir",I96="Evet",L96<>""),"TAHAKKUK NAKİT OLAMAZ",IF(AND(D96="Gelir",I96="Hayır",H96<>""),"NAKİTSİZDE KASA OLMAZ","UYGUN"))))) -> UYGUN | Q96: =IF(AND(L96<>"",D96="Gelir",I96="Hayır"),L96&"|"&TEXT(COUNTIFS($L$7:L96,L96,$D$7:D96,"Gelir",$I$7:I96,"Hayır"),"000"),"") | R96: =OR(COUNTIF(LST_MUSTERI_ADI,L96)>0,L96=SISTEM!$C$9,L96=SISTEM!$C$10) -> FALSE
B97: GG00091 | C97: 46123 | D97: Gider | E97: Ofis Kirası | F97: Mayıs Ofis Kira Ödemesi | G97: 14000 | H97: MERKEZ KASA | I97: Evet | M97: =IF(C97="","",IF(D97="Gider",IF(H97<>"",H97,"CARİ MAHSUP"),IF(L97<>"",L97,H97))) -> MERKEZ KASA | N97: =IF(C97="","",IF(D97="Gider",E97,IF(H97<>"",H97,E97))) -> Ofis Kirası | O97: =IF(C97="","",DATE(YEAR(C97),MONTH(C97),1)) -> 46113 | P97: =IF(C97="","",IF(OR(D97="",E97="",G97=""),"EKSİK",IF(AND(D97="Gelir",I97="Hayır",L97<>""),IF(R97,"TAHAKKUK","TANIMSIZ BORÇLU"),IF(AND(D97="Gelir",I97="Evet",L97<>""),"TAHAKKUK NAKİT OLAMAZ",IF(AND(D97="Gelir",I97="Hayır",H97<>""),"NAKİTSİZDE KASA OLMAZ","UYGUN"))))) -> UYGUN | Q97: =IF(AND(L97<>"",D97="Gelir",I97="Hayır"),L97&"|"&TEXT(COUNTIFS($L$7:L97,L97,$D$7:D97,"Gelir",$I$7:I97,"Hayır"),"000"),"") | R97: =OR(COUNTIF(LST_MUSTERI_ADI,L97)>0,L97=SISTEM!$C$9,L97=SISTEM!$C$10) -> FALSE
B98: GG00092 | C98: 46123 | D98: Gider | E98: Ofis Kirası | F98: Mayıs Ofis Aidat Ödemesi | G98: 2000 | H98: MERKEZ KASA | I98: Evet | M98: =IF(C98="","",IF(D98="Gider",IF(H98<>"",H98,"CARİ MAHSUP"),IF(L98<>"",L98,H98))) -> MERKEZ KASA | N98: =IF(C98="","",IF(D98="Gider",E98,IF(H98<>"",H98,E98))) -> Ofis Kirası | O98: =IF(C98="","",DATE(YEAR(C98),MONTH(C98),1)) -> 46113 | P98: =IF(C98="","",IF(OR(D98="",E98="",G98=""),"EKSİK",IF(AND(D98="Gelir",I98="Hayır",L98<>""),IF(R98,"TAHAKKUK","TANIMSIZ BORÇLU"),IF(AND(D98="Gelir",I98="Evet",L98<>""),"TAHAKKUK NAKİT OLAMAZ",IF(AND(D98="Gelir",I98="Hayır",H98<>""),"NAKİTSİZDE KASA OLMAZ","UYGUN"))))) -> UYGUN | Q98: =IF(AND(L98<>"",D98="Gelir",I98="Hayır"),L98&"|"&TEXT(COUNTIFS($L$7:L98,L98,$D$7:D98,"Gelir",$I$7:I98,"Hayır"),"000"),"") | R98: =OR(COUNTIF(LST_MUSTERI_ADI,L98)>0,L98=SISTEM!$C$9,L98=SISTEM!$C$10) -> FALSE
B99: GG00093 | C99: 46123 | D99: Gider | E99: Personel | F99: Irmak Harçlık | G99: 1000 | H99: MERKEZ KASA | I99: Evet | M99: =IF(C99="","",IF(D99="Gider",IF(H99<>"",H99,"CARİ MAHSUP"),IF(L99<>"",L99,H99))) -> MERKEZ KASA | N99: =IF(C99="","",IF(D99="Gider",E99,IF(H99<>"",H99,E99))) -> Personel | O99: =IF(C99="","",DATE(YEAR(C99),MONTH(C99),1)) -> 46113 | P99: =IF(C99="","",IF(OR(D99="",E99="",G99=""),"EKSİK",IF(AND(D99="Gelir",I99="Hayır",L99<>""),IF(R99,"TAHAKKUK","TANIMSIZ BORÇLU"),IF(AND(D99="Gelir",I99="Evet",L99<>""),"TAHAKKUK NAKİT OLAMAZ",IF(AND(D99="Gelir",I99="Hayır",H99<>""),"NAKİTSİZDE KASA OLMAZ","UYGUN"))))) -> UYGUN | Q99: =IF(AND(L99<>"",D99="Gelir",I99="Hayır"),L99&"|"&TEXT(COUNTIFS($L$7:L99,L99,$D$7:D99,"Gelir",$I$7:I99,"Hayır"),"000"),"") | R99: =OR(COUNTIF(LST_MUSTERI_ADI,L99)>0,L99=SISTEM!$C$9,L99=SISTEM!$C$10) -> FALSE
B100: GG00094 | C100: 46123 | D100: Gider | E100: Telefon / İnternet | F100: Ofis Whatsapp Hattı Nisan | G100: 800 | H100: MERKEZ KASA | I100: Evet | M100: =IF(C100="","",IF(D100="Gider",IF(H100<>"",H100,"CARİ MAHSUP"),IF(L100<>"",L100,H100))) -> MERKEZ KASA | N100: =IF(C100="","",IF(D100="Gider",E100,IF(H100<>"",H100,E100))) -> Telefon / İnternet | O100: =IF(C100="","",DATE(YEAR(C100),MONTH(C100),1)) -> 46113 | P100: =IF(C100="","",IF(OR(D100="",E100="",G100=""),"EKSİK",IF(AND(D100="Gelir",I100="Hayır",L100<>""),IF(R100,"TAHAKKUK","TANIMSIZ BORÇLU"),IF(AND(D100="Gelir",I100="Evet",L100<>""),"TAHAKKUK NAKİT OLAMAZ",IF(AND(D100="Gelir",I100="Hayır",H100<>""),"NAKİTSİZDE KASA OLMAZ","UYGUN"))))) -> UYGUN | Q100: =IF(AND(L100<>"",D100="Gelir",I100="Hayır"),L100&"|"&TEXT(COUNTIFS($L$7:L100,L100,$D$7:D100,"Gelir",$I$7:I100,"Hayır"),"000"),"") | R100: =OR(COUNTIF(LST_MUSTERI_ADI,L100)>0,L100=SISTEM!$C$9,L100=SISTEM!$C$10) -> FALSE
B101: GG00095 | C101: 46123 | D101: Gelir | E101: Kurumlar Vergisi Damga | F101: FİNAL LTD.ŞTİ. 2025 KURUMLAR DAMGA | G101: 5200 | H101: MERKEZ KASA | I101: Evet | M101: =IF(C101="","",IF(D101="Gider",IF(H101<>"",H101,"CARİ MAHSUP"),IF(L101<>"",L101,H101))) -> MERKEZ KASA | N101: =IF(C101="","",IF(D101="Gider",E101,IF(H101<>"",H101,E101))) -> MERKEZ KASA | O101: =IF(C101="","",DATE(YEAR(C101),MONTH(C101),1)) -> 46113 | P101: =IF(C101="","",IF(OR(D101="",E101="",G101=""),"EKSİK",IF(AND(D101="Gelir",I101="Hayır",L101<>""),IF(R101,"TAHAKKUK","TANIMSIZ BORÇLU"),IF(AND(D101="Gelir",I101="Evet",L101<>""),"TAHAKKUK NAKİT OLAMAZ",IF(AND(D101="Gelir",I101="Hayır",H101<>""),"NAKİTSİZDE KASA OLMAZ","UYGUN"))))) -> UYGUN | Q101: =IF(AND(L101<>"",D101="Gelir",I101="Hayır"),L101&"|"&TEXT(COUNTIFS($L$7:L101,L101,$D$7:D101,"Gelir",$I$7:I101,"Hayır"),"000"),"") | R101: =OR(COUNTIF(LST_MUSTERI_ADI,L101)>0,L101=SISTEM!$C$9,L101=SISTEM!$C$10) -> FALSE
B102: GG00096 | C102: 46123 | D102: Gelir | E102: Kurumlar Vergisi Damga | F102: İLDEŞ LTD.ŞTİ. 2025 KURUMLAR DAMGA | G102: 5200 | H102: MERKEZ KASA | I102: Evet | M102: =IF(C102="","",IF(D102="Gider",IF(H102<>"",H102,"CARİ MAHSUP"),IF(L102<>"",L102,H102))) -> MERKEZ KASA | N102: =IF(C102="","",IF(D102="Gider",E102,IF(H102<>"",H102,E102))) -> MERKEZ KASA | O102: =IF(C102="","",DATE(YEAR(C102),MONTH(C102),1)) -> 46113 | P102: =IF(C102="","",IF(OR(D102="",E102="",G102=""),"EKSİK",IF(AND(D102="Gelir",I102="Hayır",L102<>""),IF(R102,"TAHAKKUK","TANIMSIZ BORÇLU"),IF(AND(D102="Gelir",I102="Evet",L102<>""),"TAHAKKUK NAKİT OLAMAZ",IF(AND(D102="Gelir",I102="Hayır",H102<>""),"NAKİTSİZDE KASA OLMAZ","UYGUN"))))) -> UYGUN | Q102: =IF(AND(L102<>"",D102="Gelir",I102="Hayır"),L102&"|"&TEXT(COUNTIFS($L$7:L102,L102,$D$7:D102,"Gelir",$I$7:I102,"Hayır"),"000"),"") | R102: =OR(COUNTIF(LST_MUSTERI_ADI,L102)>0,L102=SISTEM!$C$9,L102=SISTEM!$C$10) -> FALSE
... B128: GG00122 | C128: 46142 | D128: Gelir | E128: Diğer Gelirler | F128: ALI KILIC 2025 YILI GELİR VERGİSİ İADE | G128: 30400 | H128: MERKEZ KASA | I128: Evet | M128: =IF(C128="","",IF(D128="Gider",IF(H128<>"",H128,"CARİ MAHSUP"),IF(L128<>"",L128,H128))) -> MERKEZ KASA | N128: =IF(C128="","",IF(D128="Gider",E128,IF(H128<>"",H128,E128))) -> MERKEZ KASA | O128: =IF(C128="","",DATE(YEAR(C128),MONTH(C128),1)) -> 46113 | P128: =IF(C128="","",IF(OR(D128="",E128="",G128=""),"EKSİK",IF(AND(D128="Gelir",I128="Hayır",L128<>""),IF(R128,"TAHAKKUK","TANIMSIZ BORÇLU"),IF(AND(D128="Gelir",I128="Evet",L128<>""),"TAHAKKUK NAKİT OLAMAZ",IF(AND(D128="Gelir",I128="Hayır",H128<>""),"NAKİTSİZDE KASA OLMAZ","UYGUN"))))) -> UYGUN | Q128: =IF(AND(L128<>"",D128="Gelir",I128="Hayır"),L128&"|"&TEXT(COUNTIFS($L$7:L128,L128,$D$7:D128,"Gelir",$I$7:I128,"Hayır"),"000"),"") | R128: =OR(COUNTIF(LST_MUSTERI_ADI,L128)>0,L128=SISTEM!$C$9,L128=SISTEM!$C$10) -> FALSE
B129: GG00123 | C129: 46143 | D129: Gider | E129: Mehmet Ali Kartal | F129: CEREN DEMİRCİ SGK | G129: 2500 | I129: Hayır | M129: =IF(C129="","",IF(D129="Gider",IF(H129<>"",H129,"CARİ MAHSUP"),IF(L129<>"",L129,H129))) -> CARİ MAHSUP | N129: =IF(C129="","",IF(D129="Gider",E129,IF(H129<>"",H129,E129))) -> Mehmet Ali Kartal | O129: =IF(C129="","",DATE(YEAR(C129),MONTH(C129),1)) -> 46143 | P129: =IF(C129="","",IF(OR(D129="",E129="",G129=""),"EKSİK",IF(AND(D129="Gelir",I129="Hayır",L129<>""),IF(R129,"TAHAKKUK","TANIMSIZ BORÇLU"),IF(AND(D129="Gelir",I129="Evet",L129<>""),"TAHAKKUK NAKİT OLAMAZ",IF(AND(D129="Gelir",I129="Hayır",H129<>""),"NAKİTSİZDE KASA OLMAZ","UYGUN"))))) -> UYGUN | Q129: =IF(AND(L129<>"",D129="Gelir",I129="Hayır"),L129&"|"&TEXT(COUNTIFS($L$7:L129,L129,$D$7:D129,"Gelir",$I$7:I129,"Hayır"),"000"),"") | R129: =OR(COUNTIF(LST_MUSTERI_ADI,L129)>0,L129=SISTEM!$C$9,L129=SISTEM!$C$10) -> FALSE
B130: GG00124 | C130: 46144 | D130: Gider | E130: Ulaşım | F130: Ömer TAG | G130: 1000 | H130: MERKEZ KASA | I130: Evet | M130: =IF(C130="","",IF(D130="Gider",IF(H130<>"",H130,"CARİ MAHSUP"),IF(L130<>"",L130,H130))) -> MERKEZ KASA | N130: =IF(C130="","",IF(D130="Gider",E130,IF(H130<>"",H130,E130))) -> Ulaşım | O130: =IF(C130="","",DATE(YEAR(C130),MONTH(C130),1)) -> 46143 | P130: =IF(C130="","",IF(OR(D130="",E130="",G130=""),"EKSİK",IF(AND(D130="Gelir",I130="Hayır",L130<>""),IF(R130,"TAHAKKUK","TANIMSIZ BORÇLU"),IF(AND(D130="Gelir",I130="Evet",L130<>""),"TAHAKKUK NAKİT OLAMAZ",IF(AND(D130="Gelir",I130="Hayır",H130<>""),"NAKİTSİZDE KASA OLMAZ","UYGUN"))))) -> UYGUN | Q130: =IF(AND(L130<>"",D130="Gelir",I130="Hayır"),L130&"|"&TEXT(COUNTIFS($L$7:L130,L130,$D$7:D130,"Gelir",$I$7:I130,"Hayır"),"000"),"") | R130: =OR(COUNTIF(LST_MUSTERI_ADI,L130)>0,L130=SISTEM!$C$9,L130=SISTEM!$C$10) -> FALSE
B131: GG00125 | C131: 46144 | D131: Gider | E131: Ofis Kirası | F131: Haziran Ayı Ofis Kirası | G131: 14000 | H131: MERKEZ KASA | I131: Evet | M131: =IF(C131="","",IF(D131="Gider",IF(H131<>"",H131,"CARİ MAHSUP"),IF(L131<>"",L131,H131))) -> MERKEZ KASA | N131: =IF(C131="","",IF(D131="Gider",E131,IF(H131<>"",H131,E131))) -> Ofis Kirası | O131: =IF(C131="","",DATE(YEAR(C131),MONTH(C131),1)) -> 46143 | P131: =IF(C131="","",IF(OR(D131="",E131="",G131=""),"EKSİK",IF(AND(D131="Gelir",I131="Hayır",L131<>""),IF(R131,"TAHAKKUK","TANIMSIZ BORÇLU"),IF(AND(D131="Gelir",I131="Evet",L131<>""),"TAHAKKUK NAKİT OLAMAZ",IF(AND(D131="Gelir",I131="Hayır",H131<>""),"NAKİTSİZDE KASA OLMAZ","UYGUN"))))) -> UYGUN | Q131: =IF(AND(L131<>"",D131="Gelir",I131="Hayır"),L131&"|"&TEXT(COUNTIFS($L$7:L131,L131,$D$7:D131,"Gelir",$I$7:I131,"Hayır"),"000"),"") | R131: =OR(COUNTIF(LST_MUSTERI_ADI,L131)>0,L131=SISTEM!$C$9,L131=SISTEM!$C$10) -> FALSE
B132: GG00126 | C132: 46144 | D132: Gider | E132: Ofis Kirası | F132: Haziran Aidat Ödemesi | G132: 2000 | H132: MERKEZ KASA | I132: Evet | M132: =IF(C132="","",IF(D132="Gider",IF(H132<>"",H132,"CARİ MAHSUP"),IF(L132<>"",L132,H132))) -> MERKEZ KASA | N132: =IF(C132="","",IF(D132="Gider",E132,IF(H132<>"",H132,E132))) -> Ofis Kirası | O132: =IF(C132="","",DATE(YEAR(C132),MONTH(C132),1)) -> 46143 | P132: =IF(C132="","",IF(OR(D132="",E132="",G132=""),"EKSİK",IF(AND(D132="Gelir",I132="Hayır",L132<>""),IF(R132,"TAHAKKUK","TANIMSIZ BORÇLU"),IF(AND(D132="Gelir",I132="Evet",L132<>""),"TAHAKKUK NAKİT OLAMAZ",IF(AND(D132="Gelir",I132="Hayır",H132<>""),"NAKİTSİZDE KASA OLMAZ","UYGUN"))))) -> UYGUN | Q132: =IF(AND(L132<>"",D132="Gelir",I132="Hayır"),L132&"|"&TEXT(COUNTIFS($L$7:L132,L132,$D$7:D132,"Gelir",$I$7:I132,"Hayır"),"000"),"") | R132: =OR(COUNTIF(LST_MUSTERI_ADI,L132)>0,L132=SISTEM!$C$9,L132=SISTEM!$C$10) -> FALSE
B133: GG00127 | C133: 46144 | D133: Gider | E133: Ulaşım | F133: Araç Yakıt Alımı | G133: 2000 | H133: MERKEZ KASA | I133: Evet | M133: =IF(C133="","",IF(D133="Gider",IF(H133<>"",H133,"CARİ MAHSUP"),IF(L133<>"",L133,H133))) -> MERKEZ KASA | N133: =IF(C133="","",IF(D133="Gider",E133,IF(H133<>"",H133,E133))) -> Ulaşım | O133: =IF(C133="","",DATE(YEAR(C133),MONTH(C133),1)) -> 46143 | P133: =IF(C133="","",IF(OR(D133="",E133="",G133=""),"EKSİK",IF(AND(D133="Gelir",I133="Hayır",L133<>""),IF(R133,"TAHAKKUK","TANIMSIZ BORÇLU"),IF(AND(D133="Gelir",I133="Evet",L133<>""),"TAHAKKUK NAKİT OLAMAZ",IF(AND(D133="Gelir",I133="Hayır",H133<>""),"NAKİTSİZDE KASA OLMAZ","UYGUN"))))) -> UYGUN | Q133: =IF(AND(L133<>"",D133="Gelir",I133="Hayır"),L133&"|"&TEXT(COUNTIFS($L$7:L133,L133,$D$7:D133,"Gelir",$I$7:I133,"Hayır"),"000"),"") | R133: =OR(COUNTIF(LST_MUSTERI_ADI,L133)>0,L133=SISTEM!$C$9,L133=SISTEM!$C$10) -> FALSE
B134: GG00128 | C134: 46146 | D134: Gider | E134: Ulaşım | F134: Yıkama | G134: 600 | H134: MERKEZ KASA | I134: Evet | M134: =IF(C134="","",IF(D134="Gider",IF(H134<>"",H134,"CARİ MAHSUP"),IF(L134<>"",L134,H134))) -> MERKEZ KASA | N134: =IF(C134="","",IF(D134="Gider",E134,IF(H134<>"",H134,E134))) -> Ulaşım | O134: =IF(C134="","",DATE(YEAR(C134),MONTH(C134),1)) -> 46143 | P134: =IF(C134="","",IF(OR(D134="",E134="",G134=""),"EKSİK",IF(AND(D134="Gelir",I134="Hayır",L134<>""),IF(R134,"TAHAKKUK","TANIMSIZ BORÇLU"),IF(AND(D134="Gelir",I134="Evet",L134<>""),"TAHAKKUK NAKİT OLAMAZ",IF(AND(D134="Gelir",I134="Hayır",H134<>""),"NAKİTSİZDE KASA OLMAZ","UYGUN"))))) -> UYGUN | Q134: =IF(AND(L134<>"",D134="Gelir",I134="Hayır"),L134&"|"&TEXT(COUNTIFS($L$7:L134,L134,$D$7:D134,"Gelir",$I$7:I134,"Hayır"),"000"),"") | R134: =OR(COUNTIF(LST_MUSTERI_ADI,L134)>0,L134=SISTEM!$C$9,L134=SISTEM!$C$10) -> FALSE
B135: GG00129 | C135: 46147 | D135: Gider | E135: Personel | F135: Irmak Harçlık | G135: 10000 | H135: MERKEZ KASA | I135: Evet | M135: =IF(C135="","",IF(D135="Gider",IF(H135<>"",H135,"CARİ MAHSUP"),IF(L135<>"",L135,H135))) -> MERKEZ KASA | N135: =IF(C135="","",IF(D135="Gider",E135,IF(H135<>"",H135,E135))) -> Personel | O135: =IF(C135="","",DATE(YEAR(C135),MONTH(C135),1)) -> 46143 | P135: =IF(C135="","",IF(OR(D135="",E135="",G135=""),"EKSİK",IF(AND(D135="Gelir",I135="Hayır",L135<>""),IF(R135,"TAHAKKUK","TANIMSIZ BORÇLU"),IF(AND(D135="Gelir",I135="Evet",L135<>""),"TAHAKKUK NAKİT OLAMAZ",IF(AND(D135="Gelir",I135="Hayır",H135<>""),"NAKİTSİZDE KASA OLMAZ","UYGUN"))))) -> UYGUN | Q135: =IF(AND(L135<>"",D135="Gelir",I135="Hayır"),L135&"|"&TEXT(COUNTIFS($L$7:L135,L135,$D$7:D135,"Gelir",$I$7:I135,"Hayır"),"000"),"") | R135: =OR(COUNTIF(LST_MUSTERI_ADI,L135)>0,L135=SISTEM!$C$9,L135=SISTEM!$C$10) -> FALSE
B136: GG00130 | C136: 46151 | D136: Gider | E136: Telefon / İnternet | F136: Telefon | G136: 964 | H136: MERKEZ KASA | I136: Evet | M136: =IF(C136="","",IF(D136="Gider",IF(H136<>"",H136,"CARİ MAHSUP"),IF(L136<>"",L136,H136))) -> MERKEZ KASA | N136: =IF(C136="","",IF(D136="Gider",E136,IF(H136<>"",H136,E136))) -> Telefon / İnternet | O136: =IF(C136="","",DATE(YEAR(C136),MONTH(C136),1)) -> 46143 | P136: =IF(C136="","",IF(OR(D136="",E136="",G136=""),"EKSİK",IF(AND(D136="Gelir",I136="Hayır",L136<>""),IF(R136,"TAHAKKUK","TANIMSIZ BORÇLU"),IF(AND(D136="Gelir",I136="Evet",L136<>""),"TAHAKKUK NAKİT OLAMAZ",IF(AND(D136="Gelir",I136="Hayır",H136<>""),"NAKİTSİZDE KASA OLMAZ","UYGUN"))))) -> UYGUN | Q136: =IF(AND(L136<>"",D136="Gelir",I136="Hayır"),L136&"|"&TEXT(COUNTIFS($L$7:L136,L136,$D$7:D136,"Gelir",$I$7:I136,"Hayır"),"000"),"") | R136: =OR(COUNTIF(LST_MUSTERI_ADI,L136)>0,L136=SISTEM!$C$9,L136=SISTEM!$C$10) -> FALSE
B137: GG00131 | C137: 46151 | D137: Gider | E137: Telefon / İnternet | F137: Ofis Whatsapp Hattı Mayıs | G137: 800 | H137: MERKEZ KASA | I137: Evet | M137: =IF(C137="","",IF(D137="Gider",IF(H137<>"",H137,"CARİ MAHSUP"),IF(L137<>"",L137,H137))) -> MERKEZ KASA | N137: =IF(C137="","",IF(D137="Gider",E137,IF(H137<>"",H137,E137))) -> Telefon / İnternet | O137: =IF(C137="","",DATE(YEAR(C137),MONTH(C137),1)) -> 46143 | P137: =IF(C137="","",IF(OR(D137="",E137="",G137=""),"EKSİK",IF(AND(D137="Gelir",I137="Hayır",L137<>""),IF(R137,"TAHAKKUK","TANIMSIZ BORÇLU"),IF(AND(D137="Gelir",I137="Evet",L137<>""),"TAHAKKUK NAKİT OLAMAZ",IF(AND(D137="Gelir",I137="Hayır",H137<>""),"NAKİTSİZDE KASA OLMAZ","UYGUN"))))) -> UYGUN | Q137: =IF(AND(L137<>"",D137="Gelir",I137="Hayır"),L137&"|"&TEXT(COUNTIFS($L$7:L137,L137,$D$7:D137,"Gelir",$I$7:I137,"Hayır"),"000"),"") | R137: =OR(COUNTIF(LST_MUSTERI_ADI,L137)>0,L137=SISTEM!$C$9,L137=SISTEM!$C$10) -> FALSE
B138: GG00132 | C138: 46151 | D138: Gider | E138: Mehmet Ali Kartal | F138: Mehmet Ali Kartal Nisan ve Mayıs Maaşı | G138: 51500 | H138: MERKEZ KASA | I138: Evet | M138: =IF(C138="","",IF(D138="Gider",IF(H138<>"",H138,"CARİ MAHSUP"),IF(L138<>"",L138,H138))) -> MERKEZ KASA | N138: =IF(C138="","",IF(D138="Gider",E138,IF(H138<>"",H138,E138))) -> Mehmet Ali Kartal | O138: =IF(C138="","",DATE(YEAR(C138),MONTH(C138),1)) -> 46143 | P138: =IF(C138="","",IF(OR(D138="",E138="",G138=""),"EKSİK",IF(AND(D138="Gelir",I138="Hayır",L138<>""),IF(R138,"TAHAKKUK","TANIMSIZ BORÇLU"),IF(AND(D138="Gelir",I138="Evet",L138<>""),"TAHAKKUK NAKİT OLAMAZ",IF(AND(D138="Gelir",I138="Hayır",H138<>""),"NAKİTSİZDE KASA OLMAZ","UYGUN"))))) -> UYGUN | Q138: =IF(AND(L138<>"",D138="Gelir",I138="Hayır"),L138&"|"&TEXT(COUNTIFS($L$7:L138,L138,$D$7:D138,"Gelir",$I$7:I138,"Hayır"),"000"),"") | R138: =OR(COUNTIF(LST_MUSTERI_ADI,L138)>0,L138=SISTEM!$C$9,L138=SISTEM!$C$10) -> FALSE
B139: GG00133 | C139: 46151 | D139: Gider | E139: Ulaşım | F139: Araç Yakıt Alımı | G139: 2000 | H139: MERKEZ KASA | I139: Evet | M139: =IF(C139="","",IF(D139="Gider",IF(H139<>"",H139,"CARİ MAHSUP"),IF(L139<>"",L139,H139))) -> MERKEZ KASA | N139: =IF(C139="","",IF(D139="Gider",E139,IF(H139<>"",H139,E139))) -> Ulaşım | O139: =IF(C139="","",DATE(YEAR(C139),MONTH(C139),1)) -> 46143 | P139: =IF(C139="","",IF(OR(D139="",E139="",G139=""),"EKSİK",IF(AND(D139="Gelir",I139="Hayır",L139<>""),IF(R139,"TAHAKKUK","TANIMSIZ BORÇLU"),IF(AND(D139="Gelir",I139="Evet",L139<>""),"TAHAKKUK NAKİT OLAMAZ",IF(AND(D139="Gelir",I139="Hayır",H139<>""),"NAKİTSİZDE KASA OLMAZ","UYGUN"))))) -> UYGUN | Q139: =IF(AND(L139<>"",D139="Gelir",I139="Hayır"),L139&"|"&TEXT(COUNTIFS($L$7:L139,L139,$D$7:D139,"Gelir",$I$7:I139,"Hayır"),"000"),"") | R139: =OR(COUNTIF(LST_MUSTERI_ADI,L139)>0,L139=SISTEM!$C$9,L139=SISTEM!$C$10) -> FALSE
B140: GG00134 | C140: 46151 | D140: Gelir | E140: Geçici Vergi Damga | F140: KRİSTAL LTD.ŞTİ. 2026 / 1 GEÇİCİ DAMGA | G140: 5350 | H140: MERKEZ KASA | I140: Evet | M140: =IF(C140="","",IF(D140="Gider",IF(H140<>"",H140,"CARİ MAHSUP"),IF(L140<>"",L140,H140))) -> MERKEZ KASA | N140: =IF(C140="","",IF(D140="Gider",E140,IF(H140<>"",H140,E140))) -> MERKEZ KASA | O140: =IF(C140="","",DATE(YEAR(C140),MONTH(C140),1)) -> 46143 | P140: =IF(C140="","",IF(OR(D140="",E140="",G140=""),"EKSİK",IF(AND(D140="Gelir",I140="Hayır",L140<>""),IF(R140,"TAHAKKUK","TANIMSIZ BORÇLU"),IF(AND(D140="Gelir",I140="Evet",L140<>""),"TAHAKKUK NAKİT OLAMAZ",IF(AND(D140="Gelir",I140="Hayır",H140<>""),"NAKİTSİZDE KASA OLMAZ","UYGUN"))))) -> UYGUN | Q140: =IF(AND(L140<>"",D140="Gelir",I140="Hayır"),L140&"|"&TEXT(COUNTIFS($L$7:L140,L140,$D$7:D140,"Gelir",$I$7:I140,"Hayır"),"000"),"") | R140: =OR(COUNTIF(LST_MUSTERI_ADI,L140)>0,L140=SISTEM!$C$9,L140=SISTEM!$C$10) -> FALSE
B141: GG00135 | C141: 46151 | D141: Gelir | E141: Geçici Vergi Damga | F141: ÇAYIRALAN LTD.ŞTİ. 2026 / 1 GEÇİCİ DAMGA | G141: 5350 | H141: MERKEZ KASA | I141: Evet | M141: =IF(C141="","",IF(D141="Gider",IF(H141<>"",H141,"CARİ MAHSUP"),IF(L141<>"",L141,H141))) -> MERKEZ KASA | N141: =IF(C141="","",IF(D141="Gider",E141,IF(H141<>"",H141,E141))) -> MERKEZ KASA | O141: =IF(C141="","",DATE(YEAR(C141),MONTH(C141),1)) -> 46143 | P141: =IF(C141="","",IF(OR(D141="",E141="",G141=""),"EKSİK",IF(AND(D141="Gelir",I141="Hayır",L141<>""),IF(R141,"TAHAKKUK","TANIMSIZ BORÇLU"),IF(AND(D141="Gelir",I141="Evet",L141<>""),"TAHAKKUK NAKİT OLAMAZ",IF(AND(D141="Gelir",I141="Hayır",H141<>""),"NAKİTSİZDE KASA OLMAZ","UYGUN"))))) -> UYGUN | Q141: =IF(AND(L141<>"",D141="Gelir",I141="Hayır"),L141&"|"&TEXT(COUNTIFS($L$7:L141,L141,$D$7:D141,"Gelir",$I$7:I141,"Hayır"),"000"),"") | R141: =OR(COUNTIF(LST_MUSTERI_ADI,L141)>0,L141=SISTEM!$C$9,L141=SISTEM!$C$10) -> FALSE
... B160: GG00154 | C160: 46173 | D160: Gider | E160: Ulaşım | F160: Araç Yakıt Alımı | G160: 2000 | H160: MERKEZ KASA | I160: Evet | M160: =IF(C160="","",IF(D160="Gider",IF(H160<>"",H160,"CARİ MAHSUP"),IF(L160<>"",L160,H160))) -> MERKEZ KASA | N160: =IF(C160="","",IF(D160="Gider",E160,IF(H160<>"",H160,E160))) -> Ulaşım | O160: =IF(C160="","",DATE(YEAR(C160),MONTH(C160),1)) -> 46143 | P160: =IF(C160="","",IF(OR(D160="",E160="",G160=""),"EKSİK",IF(AND(D160="Gelir",I160="Hayır",L160<>""),IF(R160,"TAHAKKUK","TANIMSIZ BORÇLU"),IF(AND(D160="Gelir",I160="Evet",L160<>""),"TAHAKKUK NAKİT OLAMAZ",IF(AND(D160="Gelir",I160="Hayır",H160<>""),"NAKİTSİZDE KASA OLMAZ","UYGUN"))))) -> UYGUN | Q160: =IF(AND(L160<>"",D160="Gelir",I160="Hayır"),L160&"|"&TEXT(COUNTIFS($L$7:L160,L160,$D$7:D160,"Gelir",$I$7:I160,"Hayır"),"000"),"") | R160: =OR(COUNTIF(LST_MUSTERI_ADI,L160)>0,L160=SISTEM!$C$9,L160=SISTEM!$C$10) -> FALSE
B161: GG00155 | C161: 46174 | D161: Gider | E161: Mehmet Ali Kartal | F161: CEREN DEMİRCİ SGK | G161: 2500 | I161: Hayır | M161: =IF(C161="","",IF(D161="Gider",IF(H161<>"",H161,"CARİ MAHSUP"),IF(L161<>"",L161,H161))) -> CARİ MAHSUP | N161: =IF(C161="","",IF(D161="Gider",E161,IF(H161<>"",H161,E161))) -> Mehmet Ali Kartal | O161: =IF(C161="","",DATE(YEAR(C161),MONTH(C161),1)) -> 46174 | P161: =IF(C161="","",IF(OR(D161="",E161="",G161=""),"EKSİK",IF(AND(D161="Gelir",I161="Hayır",L161<>""),IF(R161,"TAHAKKUK","TANIMSIZ BORÇLU"),IF(AND(D161="Gelir",I161="Evet",L161<>""),"TAHAKKUK NAKİT OLAMAZ",IF(AND(D161="Gelir",I161="Hayır",H161<>""),"NAKİTSİZDE KASA OLMAZ","UYGUN"))))) -> UYGUN | Q161: =IF(AND(L161<>"",D161="Gelir",I161="Hayır"),L161&"|"&TEXT(COUNTIFS($L$7:L161,L161,$D$7:D161,"Gelir",$I$7:I161,"Hayır"),"000"),"") | R161: =OR(COUNTIF(LST_MUSTERI_ADI,L161)>0,L161=SISTEM!$C$9,L161=SISTEM!$C$10) -> FALSE
B162: GG00156 | C162: 46179 | D162: Gider | E162: Telefon / İnternet | F162: Ofis Whatsapp Hattı Haziran | G162: 800 | H162: MERKEZ KASA | I162: Evet | M162: =IF(C162="","",IF(D162="Gider",IF(H162<>"",H162,"CARİ MAHSUP"),IF(L162<>"",L162,H162))) -> MERKEZ KASA | N162: =IF(C162="","",IF(D162="Gider",E162,IF(H162<>"",H162,E162))) -> Telefon / İnternet | O162: =IF(C162="","",DATE(YEAR(C162),MONTH(C162),1)) -> 46174 | P162: =IF(C162="","",IF(OR(D162="",E162="",G162=""),"EKSİK",IF(AND(D162="Gelir",I162="Hayır",L162<>""),IF(R162,"TAHAKKUK","TANIMSIZ BORÇLU"),IF(AND(D162="Gelir",I162="Evet",L162<>""),"TAHAKKUK NAKİT OLAMAZ",IF(AND(D162="Gelir",I162="Hayır",H162<>""),"NAKİTSİZDE KASA OLMAZ","UYGUN"))))) -> UYGUN | Q162: =IF(AND(L162<>"",D162="Gelir",I162="Hayır"),L162&"|"&TEXT(COUNTIFS($L$7:L162,L162,$D$7:D162,"Gelir",$I$7:I162,"Hayır"),"000"),"") | R162: =OR(COUNTIF(LST_MUSTERI_ADI,L162)>0,L162=SISTEM!$C$9,L162=SISTEM!$C$10) -> FALSE
B163: GG00157 | C163: 46179 | D163: Gider | E163: Ulaşım | F163: Araç Yakıt Alımı | G163: 2000 | H163: MERKEZ KASA | I163: Evet | M163: =IF(C163="","",IF(D163="Gider",IF(H163<>"",H163,"CARİ MAHSUP"),IF(L163<>"",L163,H163))) -> MERKEZ KASA | N163: =IF(C163="","",IF(D163="Gider",E163,IF(H163<>"",H163,E163))) -> Ulaşım | O163: =IF(C163="","",DATE(YEAR(C163),MONTH(C163),1)) -> 46174 | P163: =IF(C163="","",IF(OR(D163="",E163="",G163=""),"EKSİK",IF(AND(D163="Gelir",I163="Hayır",L163<>""),IF(R163,"TAHAKKUK","TANIMSIZ BORÇLU"),IF(AND(D163="Gelir",I163="Evet",L163<>""),"TAHAKKUK NAKİT OLAMAZ",IF(AND(D163="Gelir",I163="Hayır",H163<>""),"NAKİTSİZDE KASA OLMAZ","UYGUN"))))) -> UYGUN | Q163: =IF(AND(L163<>"",D163="Gelir",I163="Hayır"),L163&"|"&TEXT(COUNTIFS($L$7:L163,L163,$D$7:D163,"Gelir",$I$7:I163,"Hayır"),"000"),"") | R163: =OR(COUNTIF(LST_MUSTERI_ADI,L163)>0,L163=SISTEM!$C$9,L163=SISTEM!$C$10) -> FALSE
B164: GG00158 | C164: 46179 | D164: Gider | E164: Ulaşım | F164: Araç Lastik Değişimi Yıkama | G164: 2000 | H164: MERKEZ KASA | I164: Evet | M164: =IF(C164="","",IF(D164="Gider",IF(H164<>"",H164,"CARİ MAHSUP"),IF(L164<>"",L164,H164))) -> MERKEZ KASA | N164: =IF(C164="","",IF(D164="Gider",E164,IF(H164<>"",H164,E164))) -> Ulaşım | O164: =IF(C164="","",DATE(YEAR(C164),MONTH(C164),1)) -> 46174 | P164: =IF(C164="","",IF(OR(D164="",E164="",G164=""),"EKSİK",IF(AND(D164="Gelir",I164="Hayır",L164<>""),IF(R164,"TAHAKKUK","TANIMSIZ BORÇLU"),IF(AND(D164="Gelir",I164="Evet",L164<>""),"TAHAKKUK NAKİT OLAMAZ",IF(AND(D164="Gelir",I164="Hayır",H164<>""),"NAKİTSİZDE KASA OLMAZ","UYGUN"))))) -> UYGUN | Q164: =IF(AND(L164<>"",D164="Gelir",I164="Hayır"),L164&"|"&TEXT(COUNTIFS($L$7:L164,L164,$D$7:D164,"Gelir",$I$7:I164,"Hayır"),"000"),"") | R164: =OR(COUNTIF(LST_MUSTERI_ADI,L164)>0,L164=SISTEM!$C$9,L164=SISTEM!$C$10) -> FALSE
B165: GG00159 | C165: 46183 | D165: Gelir | E165: Luca Kontör | F165: ESERLİ LTD.ŞTİ. LUCA KONTÖR | G165: 7050 | H165: ÖMER KARTAL | I165: Evet | M165: =IF(C165="","",IF(D165="Gider",IF(H165<>"",H165,"CARİ MAHSUP"),IF(L165<>"",L165,H165))) -> ÖMER KARTAL | N165: =IF(C165="","",IF(D165="Gider",E165,IF(H165<>"",H165,E165))) -> ÖMER KARTAL | O165: =IF(C165="","",DATE(YEAR(C165),MONTH(C165),1)) -> 46174 | P165: =IF(C165="","",IF(OR(D165="",E165="",G165=""),"EKSİK",IF(AND(D165="Gelir",I165="Hayır",L165<>""),IF(R165,"TAHAKKUK","TANIMSIZ BORÇLU"),IF(AND(D165="Gelir",I165="Evet",L165<>""),"TAHAKKUK NAKİT OLAMAZ",IF(AND(D165="Gelir",I165="Hayır",H165<>""),"NAKİTSİZDE KASA OLMAZ","UYGUN"))))) -> UYGUN | Q165: =IF(AND(L165<>"",D165="Gelir",I165="Hayır"),L165&"|"&TEXT(COUNTIFS($L$7:L165,L165,$D$7:D165,"Gelir",$I$7:I165,"Hayır"),"000"),"") | R165: =OR(COUNTIF(LST_MUSTERI_ADI,L165)>0,L165=SISTEM!$C$9,L165=SISTEM!$C$10) -> FALSE
B166: GG00160 | C166: 46183 | D166: Gelir | E166: Luca Kontör | F166: RİX LTD.ŞTİ. LUCA KONTÖR | G166: 7050 | H166: MERKEZ KASA | I166: Evet | M166: =IF(C166="","",IF(D166="Gider",IF(H166<>"",H166,"CARİ MAHSUP"),IF(L166<>"",L166,H166))) -> MERKEZ KASA | N166: =IF(C166="","",IF(D166="Gider",E166,IF(H166<>"",H166,E166))) -> MERKEZ KASA | O166: =IF(C166="","",DATE(YEAR(C166),MONTH(C166),1)) -> 46174 | P166: =IF(C166="","",IF(OR(D166="",E166="",G166=""),"EKSİK",IF(AND(D166="Gelir",I166="Hayır",L166<>""),IF(R166,"TAHAKKUK","TANIMSIZ BORÇLU"),IF(AND(D166="Gelir",I166="Evet",L166<>""),"TAHAKKUK NAKİT OLAMAZ",IF(AND(D166="Gelir",I166="Hayır",H166<>""),"NAKİTSİZDE KASA OLMAZ","UYGUN"))))) -> UYGUN | Q166: =IF(AND(L166<>"",D166="Gelir",I166="Hayır"),L166&"|"&TEXT(COUNTIFS($L$7:L166,L166,$D$7:D166,"Gelir",$I$7:I166,"Hayır"),"000"),"") | R166: =OR(COUNTIF(LST_MUSTERI_ADI,L166)>0,L166=SISTEM!$C$9,L166=SISTEM!$C$10) -> FALSE
B167: GG00161 | C167: 46186 | D167: Gider | E167: Personel | F167: Irmak Harçlık | G167: 10000 | H167: MERKEZ KASA | I167: Evet | M167: =IF(C167="","",IF(D167="Gider",IF(H167<>"",H167,"CARİ MAHSUP"),IF(L167<>"",L167,H167))) -> MERKEZ KASA | N167: =IF(C167="","",IF(D167="Gider",E167,IF(H167<>"",H167,E167))) -> Personel | O167: =IF(C167="","",DATE(YEAR(C167),MONTH(C167),1)) -> 46174 | P167: =IF(C167="","",IF(OR(D167="",E167="",G167=""),"EKSİK",IF(AND(D167="Gelir",I167="Hayır",L167<>""),IF(R167,"TAHAKKUK","TANIMSIZ BORÇLU"),IF(AND(D167="Gelir",I167="Evet",L167<>""),"TAHAKKUK NAKİT OLAMAZ",IF(AND(D167="Gelir",I167="Hayır",H167<>""),"NAKİTSİZDE KASA OLMAZ","UYGUN"))))) -> UYGUN | Q167: =IF(AND(L167<>"",D167="Gelir",I167="Hayır"),L167&"|"&TEXT(COUNTIFS($L$7:L167,L167,$D$7:D167,"Gelir",$I$7:I167,"Hayır"),"000"),"") | R167: =OR(COUNTIF(LST_MUSTERI_ADI,L167)>0,L167=SISTEM!$C$9,L167=SISTEM!$C$10) -> FALSE
B168: GG00162 | C168: 46186 | D168: Gelir | E168: Luca Kontör | F168: EĞLENGÖR LTD.ŞTİ. LUCA KONTÖR | G168: 7050 | H168: MERKEZ KASA | I168: Evet | M168: =IF(C168="","",IF(D168="Gider",IF(H168<>"",H168,"CARİ MAHSUP"),IF(L168<>"",L168,H168))) -> MERKEZ KASA | N168: =IF(C168="","",IF(D168="Gider",E168,IF(H168<>"",H168,E168))) -> MERKEZ KASA | O168: =IF(C168="","",DATE(YEAR(C168),MONTH(C168),1)) -> 46174 | P168: =IF(C168="","",IF(OR(D168="",E168="",G168=""),"EKSİK",IF(AND(D168="Gelir",I168="Hayır",L168<>""),IF(R168,"TAHAKKUK","TANIMSIZ BORÇLU"),IF(AND(D168="Gelir",I168="Evet",L168<>""),"TAHAKKUK NAKİT OLAMAZ",IF(AND(D168="Gelir",I168="Hayır",H168<>""),"NAKİTSİZDE KASA OLMAZ","UYGUN"))))) -> UYGUN | Q168: =IF(AND(L168<>"",D168="Gelir",I168="Hayır"),L168&"|"&TEXT(COUNTIFS($L$7:L168,L168,$D$7:D168,"Gelir",$I$7:I168,"Hayır"),"000"),"") | R168: =OR(COUNTIF(LST_MUSTERI_ADI,L168)>0,L168=SISTEM!$C$9,L168=SISTEM!$C$10) -> FALSE
B169: GG00163 | C169: 46186 | D169: Gelir | E169: Luca Kontör | F169: ASM EĞLENCE LTD.ŞTİ. LUCA KONTÖR | G169: 7050 | H169: MERKEZ KASA | I169: Evet | M169: =IF(C169="","",IF(D169="Gider",IF(H169<>"",H169,"CARİ MAHSUP"),IF(L169<>"",L169,H169))) -> MERKEZ KASA | N169: =IF(C169="","",IF(D169="Gider",E169,IF(H169<>"",H169,E169))) -> MERKEZ KASA | O169: =IF(C169="","",DATE(YEAR(C169),MONTH(C169),1)) -> 46174 | P169: =IF(C169="","",IF(OR(D169="",E169="",G169=""),"EKSİK",IF(AND(D169="Gelir",I169="Hayır",L169<>""),IF(R169,"TAHAKKUK","TANIMSIZ BORÇLU"),IF(AND(D169="Gelir",I169="Evet",L169<>""),"TAHAKKUK NAKİT OLAMAZ",IF(AND(D169="Gelir",I169="Hayır",H169<>""),"NAKİTSİZDE KASA OLMAZ","UYGUN"))))) -> UYGUN | Q169: =IF(AND(L169<>"",D169="Gelir",I169="Hayır"),L169&"|"&TEXT(COUNTIFS($L$7:L169,L169,$D$7:D169,"Gelir",$I$7:I169,"Hayır"),"000"),"") | R169: =OR(COUNTIF(LST_MUSTERI_ADI,L169)>0,L169=SISTEM!$C$9,L169=SISTEM!$C$10) -> FALSE
B170: GG00164 | C170: 46188 | D170: Gider | E170: Personel | F170: Zeynep Hanım Avans | G170: 10000 | H170: MERKEZ KASA | I170: Evet | M170: =IF(C170="","",IF(D170="Gider",IF(H170<>"",H170,"CARİ MAHSUP"),IF(L170<>"",L170,H170))) -> MERKEZ KASA | N170: =IF(C170="","",IF(D170="Gider",E170,IF(H170<>"",H170,E170))) -> Personel | O170: =IF(C170="","",DATE(YEAR(C170),MONTH(C170),1)) -> 46174 | P170: =IF(C170="","",IF(OR(D170="",E170="",G170=""),"EKSİK",IF(AND(D170="Gelir",I170="Hayır",L170<>""),IF(R170,"TAHAKKUK","TANIMSIZ BORÇLU"),IF(AND(D170="Gelir",I170="Evet",L170<>""),"TAHAKKUK NAKİT OLAMAZ",IF(AND(D170="Gelir",I170="Hayır",H170<>""),"NAKİTSİZDE KASA OLMAZ","UYGUN"))))) -> UYGUN | Q170: =IF(AND(L170<>"",D170="Gelir",I170="Hayır"),L170&"|"&TEXT(COUNTIFS($L$7:L170,L170,$D$7:D170,"Gelir",$I$7:I170,"Hayır"),"000"),"") | R170: =OR(COUNTIF(LST_MUSTERI_ADI,L170)>0,L170=SISTEM!$C$9,L170=SISTEM!$C$10) -> FALSE
B171: GG00165 | C171: 46194 | D171: Gider | E171: Vergi / Harç | F171: Bağkur Ödemesi | G171: 11810 | H171: MERKEZ KASA | I171: Evet | M171: =IF(C171="","",IF(D171="Gider",IF(H171<>"",H171,"CARİ MAHSUP"),IF(L171<>"",L171,H171))) -> MERKEZ KASA | N171: =IF(C171="","",IF(D171="Gider",E171,IF(H171<>"",H171,E171))) -> Vergi / Harç | O171: =IF(C171="","",DATE(YEAR(C171),MONTH(C171),1)) -> 46174 | P171: =IF(C171="","",IF(OR(D171="",E171="",G171=""),"EKSİK",IF(AND(D171="Gelir",I171="Hayır",L171<>""),IF(R171,"TAHAKKUK","TANIMSIZ BORÇLU"),IF(AND(D171="Gelir",I171="Evet",L171<>""),"TAHAKKUK NAKİT OLAMAZ",IF(AND(D171="Gelir",I171="Hayır",H171<>""),"NAKİTSİZDE KASA OLMAZ","UYGUN"))))) -> UYGUN | Q171: =IF(AND(L171<>"",D171="Gelir",I171="Hayır"),L171&"|"&TEXT(COUNTIFS($L$7:L171,L171,$D$7:D171,"Gelir",$I$7:I171,"Hayır"),"000"),"") | R171: =OR(COUNTIF(LST_MUSTERI_ADI,L171)>0,L171=SISTEM!$C$9,L171=SISTEM!$C$10) -> FALSE
B172: GG00166 | C172: 46194 | D172: Gider | E172: Personel | F172: Zeynep Hanım Avans | G172: 9700 | H172: MERKEZ KASA | I172: Evet | M172: =IF(C172="","",IF(D172="Gider",IF(H172<>"",H172,"CARİ MAHSUP"),IF(L172<>"",L172,H172))) -> MERKEZ KASA | N172: =IF(C172="","",IF(D172="Gider",E172,IF(H172<>"",H172,E172))) -> Personel | O172: =IF(C172="","",DATE(YEAR(C172),MONTH(C172),1)) -> 46174 | P172: =IF(C172="","",IF(OR(D172="",E172="",G172=""),"EKSİK",IF(AND(D172="Gelir",I172="Hayır",L172<>""),IF(R172,"TAHAKKUK","TANIMSIZ BORÇLU"),IF(AND(D172="Gelir",I172="Evet",L172<>""),"TAHAKKUK NAKİT OLAMAZ",IF(AND(D172="Gelir",I172="Hayır",H172<>""),"NAKİTSİZDE KASA OLMAZ","UYGUN"))))) -> UYGUN | Q172: =IF(AND(L172<>"",D172="Gelir",I172="Hayır"),L172&"|"&TEXT(COUNTIFS($L$7:L172,L172,$D$7:D172,"Gelir",$I$7:I172,"Hayır"),"000"),"") | R172: =OR(COUNTIF(LST_MUSTERI_ADI,L172)>0,L172=SISTEM!$C$9,L172=SISTEM!$C$10) -> FALSE
B173: GG00167 | C173: 46195 | D173: Gider | E173: Telefon / İnternet | F173: Ofis Whatsapp Hattı Temmuz | G173: 800 | H173: MERKEZ KASA | I173: Evet | M173: =IF(C173="","",IF(D173="Gider",IF(H173<>"",H173,"CARİ MAHSUP"),IF(L173<>"",L173,H173))) -> MERKEZ KASA | N173: =IF(C173="","",IF(D173="Gider",E173,IF(H173<>"",H173,E173))) -> Telefon / İnternet | O173: =IF(C173="","",DATE(YEAR(C173),MONTH(C173),1)) -> 46174 | P173: =IF(C173="","",IF(OR(D173="",E173="",G173=""),"EKSİK",IF(AND(D173="Gelir",I173="Hayır",L173<>""),IF(R173,"TAHAKKUK","TANIMSIZ BORÇLU"),IF(AND(D173="Gelir",I173="Evet",L173<>""),"TAHAKKUK NAKİT OLAMAZ",IF(AND(D173="Gelir",I173="Hayır",H173<>""),"NAKİTSİZDE KASA OLMAZ","UYGUN"))))) -> UYGUN | Q173: =IF(AND(L173<>"",D173="Gelir",I173="Hayır"),L173&"|"&TEXT(COUNTIFS($L$7:L173,L173,$D$7:D173,"Gelir",$I$7:I173,"Hayır"),"000"),"") | R173: =OR(COUNTIF(LST_MUSTERI_ADI,L173)>0,L173=SISTEM!$C$9,L173=SISTEM!$C$10) -> FALSE
... B176: GG00170 | C176: 46203 | D176: Gider | E176: Ulaşım | F176: Araç Yakıt | G176: 2000 | H176: MERKEZ KASA | I176: Evet | M176: =IF(C176="","",IF(D176="Gider",IF(H176<>"",H176,"CARİ MAHSUP"),IF(L176<>"",L176,H176))) -> MERKEZ KASA | N176: =IF(C176="","",IF(D176="Gider",E176,IF(H176<>"",H176,E176))) -> Ulaşım | O176: =IF(C176="","",DATE(YEAR(C176),MONTH(C176),1)) -> 46174 | P176: =IF(C176="","",IF(OR(D176="",E176="",G176=""),"EKSİK",IF(AND(D176="Gelir",I176="Hayır",L176<>""),IF(R176,"TAHAKKUK","TANIMSIZ BORÇLU"),IF(AND(D176="Gelir",I176="Evet",L176<>""),"TAHAKKUK NAKİT OLAMAZ",IF(AND(D176="Gelir",I176="Hayır",H176<>""),"NAKİTSİZDE KASA OLMAZ","UYGUN"))))) -> UYGUN | Q176: =IF(AND(L176<>"",D176="Gelir",I176="Hayır"),L176&"|"&TEXT(COUNTIFS($L$7:L176,L176,$D$7:D176,"Gelir",$I$7:I176,"Hayır"),"000"),"") | R176: =OR(COUNTIF(LST_MUSTERI_ADI,L176)>0,L176=SISTEM!$C$9,L176=SISTEM!$C$10) -> FALSE
B177: GG00171 | C177: 46204 | D177: Gider | E177: Mehmet Ali Kartal | F177: CEREN DEMİRCİ SGK | G177: 2500 | I177: Hayır | M177: =IF(C177="","",IF(D177="Gider",IF(H177<>"",H177,"CARİ MAHSUP"),IF(L177<>"",L177,H177))) -> CARİ MAHSUP | N177: =IF(C177="","",IF(D177="Gider",E177,IF(H177<>"",H177,E177))) -> Mehmet Ali Kartal | O177: =IF(C177="","",DATE(YEAR(C177),MONTH(C177),1)) -> 46204 | P177: =IF(C177="","",IF(OR(D177="",E177="",G177=""),"EKSİK",IF(AND(D177="Gelir",I177="Hayır",L177<>""),IF(R177,"TAHAKKUK","TANIMSIZ BORÇLU"),IF(AND(D177="Gelir",I177="Evet",L177<>""),"TAHAKKUK NAKİT OLAMAZ",IF(AND(D177="Gelir",I177="Hayır",H177<>""),"NAKİTSİZDE KASA OLMAZ","UYGUN"))))) -> UYGUN | Q177: =IF(AND(L177<>"",D177="Gelir",I177="Hayır"),L177&"|"&TEXT(COUNTIFS($L$7:L177,L177,$D$7:D177,"Gelir",$I$7:I177,"Hayır"),"000"),"") | R177: =OR(COUNTIF(LST_MUSTERI_ADI,L177)>0,L177=SISTEM!$C$9,L177=SISTEM!$C$10) -> FALSE
B178: GG00172 | C178: 46216 | D178: Gider | E178: Personel | F178: Irmak Maaş Ödemesi | G178: 10000 | H178: MERKEZ KASA | I178: Evet | M178: =IF(C178="","",IF(D178="Gider",IF(H178<>"",H178,"CARİ MAHSUP"),IF(L178<>"",L178,H178))) -> MERKEZ KASA | N178: =IF(C178="","",IF(D178="Gider",E178,IF(H178<>"",H178,E178))) -> Personel | O178: =IF(C178="","",DATE(YEAR(C178),MONTH(C178),1)) -> 46204 | P178: =IF(C178="","",IF(OR(D178="",E178="",G178=""),"EKSİK",IF(AND(D178="Gelir",I178="Hayır",L178<>""),IF(R178,"TAHAKKUK","TANIMSIZ BORÇLU"),IF(AND(D178="Gelir",I178="Evet",L178<>""),"TAHAKKUK NAKİT OLAMAZ",IF(AND(D178="Gelir",I178="Hayır",H178<>""),"NAKİTSİZDE KASA OLMAZ","UYGUN"))))) -> UYGUN | Q178: =IF(AND(L178<>"",D178="Gelir",I178="Hayır"),L178&"|"&TEXT(COUNTIFS($L$7:L178,L178,$D$7:D178,"Gelir",$I$7:I178,"Hayır"),"000"),"") | R178: =OR(COUNTIF(LST_MUSTERI_ADI,L178)>0,L178=SISTEM!$C$9,L178=SISTEM!$C$10) -> FALSE
B179: GG00173 | C179: 46216 | D179: Gelir | E179: Kuruluş Ücreti | F179: VANOLYA LTD.ŞTİ. KURULUŞ ÜCRETİ | G179: 20000 | H179: ÖMER KARTAL | I179: Evet | M179: =IF(C179="","",IF(D179="Gider",IF(H179<>"",H179,"CARİ MAHSUP"),IF(L179<>"",L179,H179))) -> ÖMER KARTAL | N179: =IF(C179="","",IF(D179="Gider",E179,IF(H179<>"",H179,E179))) -> ÖMER KARTAL | O179: =IF(C179="","",DATE(YEAR(C179),MONTH(C179),1)) -> 46204 | P179: =IF(C179="","",IF(OR(D179="",E179="",G179=""),"EKSİK",IF(AND(D179="Gelir",I179="Hayır",L179<>""),IF(R179,"TAHAKKUK","TANIMSIZ BORÇLU"),IF(AND(D179="Gelir",I179="Evet",L179<>""),"TAHAKKUK NAKİT OLAMAZ",IF(AND(D179="Gelir",I179="Hayır",H179<>""),"NAKİTSİZDE KASA OLMAZ","UYGUN"))))) -> UYGUN | Q179: =IF(AND(L179<>"",D179="Gelir",I179="Hayır"),L179&"|"&TEXT(COUNTIFS($L$7:L179,L179,$D$7:D179,"Gelir",$I$7:I179,"Hayır"),"000"),"") | R179: =OR(COUNTIF(LST_MUSTERI_ADI,L179)>0,L179=SISTEM!$C$9,L179=SISTEM!$C$10) -> FALSE
B180: GG00174 | C180: 46218 | D180: Gider | E180: Elektrik / Su / Doğalgaz | F180: Ofis Elektrik Fatura Ödemesi 3 Adet | G180: 2200 | H180: MERKEZ KASA | I180: Evet | M180: =IF(C180="","",IF(D180="Gider",IF(H180<>"",H180,"CARİ MAHSUP"),IF(L180<>"",L180,H180))) -> MERKEZ KASA | N180: =IF(C180="","",IF(D180="Gider",E180,IF(H180<>"",H180,E180))) -> Elektrik / Su / Doğalgaz | O180: =IF(C180="","",DATE(YEAR(C180),MONTH(C180),1)) -> 46204 | P180: =IF(C180="","",IF(OR(D180="",E180="",G180=""),"EKSİK",IF(AND(D180="Gelir",I180="Hayır",L180<>""),IF(R180,"TAHAKKUK","TANIMSIZ BORÇLU"),IF(AND(D180="Gelir",I180="Evet",L180<>""),"TAHAKKUK NAKİT OLAMAZ",IF(AND(D180="Gelir",I180="Hayır",H180<>""),"NAKİTSİZDE KASA OLMAZ","UYGUN"))))) -> UYGUN | Q180: =IF(AND(L180<>"",D180="Gelir",I180="Hayır"),L180&"|"&TEXT(COUNTIFS($L$7:L180,L180,$D$7:D180,"Gelir",$I$7:I180,"Hayır"),"000"),"") | R180: =OR(COUNTIF(LST_MUSTERI_ADI,L180)>0,L180=SISTEM!$C$9,L180=SISTEM!$C$10) -> FALSE
B181: GG00175 | C181: 46222 | D181: Gider | E181: Kırtasiye | F181: Serkan Baş Toner | G181: 3500 | H181: MERKEZ KASA | I181: Evet | M181: =IF(C181="","",IF(D181="Gider",IF(H181<>"",H181,"CARİ MAHSUP"),IF(L181<>"",L181,H181))) -> MERKEZ KASA | N181: =IF(C181="","",IF(D181="Gider",E181,IF(H181<>"",H181,E181))) -> Kırtasiye | O181: =IF(C181="","",DATE(YEAR(C181),MONTH(C181),1)) -> 46204 | P181: =IF(C181="","",IF(OR(D181="",E181="",G181=""),"EKSİK",IF(AND(D181="Gelir",I181="Hayır",L181<>""),IF(R181,"TAHAKKUK","TANIMSIZ BORÇLU"),IF(AND(D181="Gelir",I181="Evet",L181<>""),"TAHAKKUK NAKİT OLAMAZ",IF(AND(D181="Gelir",I181="Hayır",H181<>""),"NAKİTSİZDE KASA OLMAZ","UYGUN"))))) -> UYGUN | Q181: =IF(AND(L181<>"",D181="Gelir",I181="Hayır"),L181&"|"&TEXT(COUNTIFS($L$7:L181,L181,$D$7:D181,"Gelir",$I$7:I181,"Hayır"),"000"),"") | R181: =OR(COUNTIF(LST_MUSTERI_ADI,L181)>0,L181=SISTEM!$C$9,L181=SISTEM!$C$10) -> FALSE
B182: GG00176 | C182: 46222 | D182: Gider | E182: Ulaşım | F182: Araç Yakıt | G182: 2000 | H182: MERKEZ KASA | I182: Evet | M182: =IF(C182="","",IF(D182="Gider",IF(H182<>"",H182,"CARİ MAHSUP"),IF(L182<>"",L182,H182))) -> MERKEZ KASA | N182: =IF(C182="","",IF(D182="Gider",E182,IF(H182<>"",H182,E182))) -> Ulaşım | O182: =IF(C182="","",DATE(YEAR(C182),MONTH(C182),1)) -> 46204 | P182: =IF(C182="","",IF(OR(D182="",E182="",G182=""),"EKSİK",IF(AND(D182="Gelir",I182="Hayır",L182<>""),IF(R182,"TAHAKKUK","TANIMSIZ BORÇLU"),IF(AND(D182="Gelir",I182="Evet",L182<>""),"TAHAKKUK NAKİT OLAMAZ",IF(AND(D182="Gelir",I182="Hayır",H182<>""),"NAKİTSİZDE KASA OLMAZ","UYGUN"))))) -> UYGUN | Q182: =IF(AND(L182<>"",D182="Gelir",I182="Hayır"),L182&"|"&TEXT(COUNTIFS($L$7:L182,L182,$D$7:D182,"Gelir",$I$7:I182,"Hayır"),"000"),"") | R182: =OR(COUNTIF(LST_MUSTERI_ADI,L182)>0,L182=SISTEM!$C$9,L182=SISTEM!$C$10) -> FALSE
B183: GG00177 | C183: 46224 | D183: Gider | E183: Vergi / Harç | F183: Bağkur Ödemesi | G183: 11810 | H183: MERKEZ KASA | I183: Evet | M183: =IF(C183="","",IF(D183="Gider",IF(H183<>"",H183,"CARİ MAHSUP"),IF(L183<>"",L183,H183))) -> MERKEZ KASA | N183: =IF(C183="","",IF(D183="Gider",E183,IF(H183<>"",H183,E183))) -> Vergi / Harç | O183: =IF(C183="","",DATE(YEAR(C183),MONTH(C183),1)) -> 46204 | P183: =IF(C183="","",IF(OR(D183="",E183="",G183=""),"EKSİK",IF(AND(D183="Gelir",I183="Hayır",L183<>""),IF(R183,"TAHAKKUK","TANIMSIZ BORÇLU"),IF(AND(D183="Gelir",I183="Evet",L183<>""),"TAHAKKUK NAKİT OLAMAZ",IF(AND(D183="Gelir",I183="Hayır",H183<>""),"NAKİTSİZDE KASA OLMAZ","UYGUN"))))) -> UYGUN | Q183: =IF(AND(L183<>"",D183="Gelir",I183="Hayır"),L183&"|"&TEXT(COUNTIFS($L$7:L183,L183,$D$7:D183,"Gelir",$I$7:I183,"Hayır"),"000"),"") | R183: =OR(COUNTIF(LST_MUSTERI_ADI,L183)>0,L183=SISTEM!$C$9,L183=SISTEM!$C$10) -> FALSE
B184: GG00178 | C184: 46226 | D184: Gider | E184: Ulaşım | F184: Araç Yakıt | G184: 2000 | H184: MERKEZ KASA | I184: Evet | M184: =IF(C184="","",IF(D184="Gider",IF(H184<>"",H184,"CARİ MAHSUP"),IF(L184<>"",L184,H184))) -> MERKEZ KASA | N184: =IF(C184="","",IF(D184="Gider",E184,IF(H184<>"",H184,E184))) -> Ulaşım | O184: =IF(C184="","",DATE(YEAR(C184),MONTH(C184),1)) -> 46204 | P184: =IF(C184="","",IF(OR(D184="",E184="",G184=""),"EKSİK",IF(AND(D184="Gelir",I184="Hayır",L184<>""),IF(R184,"TAHAKKUK","TANIMSIZ BORÇLU"),IF(AND(D184="Gelir",I184="Evet",L184<>""),"TAHAKKUK NAKİT OLAMAZ",IF(AND(D184="Gelir",I184="Hayır",H184<>""),"NAKİTSİZDE KASA OLMAZ","UYGUN"))))) -> UYGUN | Q184: =IF(AND(L184<>"",D184="Gelir",I184="Hayır"),L184&"|"&TEXT(COUNTIFS($L$7:L184,L184,$D$7:D184,"Gelir",$I$7:I184,"Hayır"),"000"),"") | R184: =OR(COUNTIF(LST_MUSTERI_ADI,L184)>0,L184=SISTEM!$C$9,L184=SISTEM!$C$10) -> FALSE
B185: GG00179 | C185: 46230 | D185: Gider | E185: Personel | F185: Zeynep Hanım Maaş | G185: 60000 | H185: MERKEZ KASA | I185: Evet | M185: =IF(C185="","",IF(D185="Gider",IF(H185<>"",H185,"CARİ MAHSUP"),IF(L185<>"",L185,H185))) -> MERKEZ KASA | N185: =IF(C185="","",IF(D185="Gider",E185,IF(H185<>"",H185,E185))) -> Personel | O185: =IF(C185="","",DATE(YEAR(C185),MONTH(C185),1)) -> 46204 | P185: =IF(C185="","",IF(OR(D185="",E185="",G185=""),"EKSİK",IF(AND(D185="Gelir",I185="Hayır",L185<>""),IF(R185,"TAHAKKUK","TANIMSIZ BORÇLU"),IF(AND(D185="Gelir",I185="Evet",L185<>""),"TAHAKKUK NAKİT OLAMAZ",IF(AND(D185="Gelir",I185="Hayır",H185<>""),"NAKİTSİZDE KASA OLMAZ","UYGUN"))))) -> UYGUN | Q185: =IF(AND(L185<>"",D185="Gelir",I185="Hayır"),L185&"|"&TEXT(COUNTIFS($L$7:L185,L185,$D$7:D185,"Gelir",$I$7:I185,"Hayır"),"000"),"") | R185: =OR(COUNTIF(LST_MUSTERI_ADI,L185)>0,L185=SISTEM!$C$9,L185=SISTEM!$C$10) -> FALSE
B186: GG00180 | C186: 46230 | D186: Gider | E186: Ulaşım | F186: Araç Yakıt | G186: 2000 | H186: MERKEZ KASA | I186: Evet | M186: =IF(C186="","",IF(D186="Gider",IF(H186<>"",H186,"CARİ MAHSUP"),IF(L186<>"",L186,H186))) -> MERKEZ KASA | N186: =IF(C186="","",IF(D186="Gider",E186,IF(H186<>"",H186,E186))) -> Ulaşım | O186: =IF(C186="","",DATE(YEAR(C186),MONTH(C186),1)) -> 46204 | P186: =IF(C186="","",IF(OR(D186="",E186="",G186=""),"EKSİK",IF(AND(D186="Gelir",I186="Hayır",L186<>""),IF(R186,"TAHAKKUK","TANIMSIZ BORÇLU"),IF(AND(D186="Gelir",I186="Evet",L186<>""),"TAHAKKUK NAKİT OLAMAZ",IF(AND(D186="Gelir",I186="Hayır",H186<>""),"NAKİTSİZDE KASA OLMAZ","UYGUN"))))) -> UYGUN | Q186: =IF(AND(L186<>"",D186="Gelir",I186="Hayır"),L186&"|"&TEXT(COUNTIFS($L$7:L186,L186,$D$7:D186,"Gelir",$I$7:I186,"Hayır"),"000"),"") | R186: =OR(COUNTIF(LST_MUSTERI_ADI,L186)>0,L186=SISTEM!$C$9,L186=SISTEM!$C$10) -> FALSE
B187: GG00181 | C187: 46234 | D187: Gider | E187: Ofis Kirası | F187: Temmuz İşyeri Kira Ödemesi | G187: 14000 | H187: MERKEZ KASA | I187: Evet | M187: =IF(C187="","",IF(D187="Gider",IF(H187<>"",H187,"CARİ MAHSUP"),IF(L187<>"",L187,H187))) -> MERKEZ KASA | N187: =IF(C187="","",IF(D187="Gider",E187,IF(H187<>"",H187,E187))) -> Ofis Kirası | O187: =IF(C187="","",DATE(YEAR(C187),MONTH(C187),1)) -> 46204 | P187: =IF(C187="","",IF(OR(D187="",E187="",G187=""),"EKSİK",IF(AND(D187="Gelir",I187="Hayır",L187<>""),IF(R187,"TAHAKKUK","TANIMSIZ BORÇLU"),IF(AND(D187="Gelir",I187="Evet",L187<>""),"TAHAKKUK NAKİT OLAMAZ",IF(AND(D187="Gelir",I187="Hayır",H187<>""),"NAKİTSİZDE KASA OLMAZ","UYGUN"))))) -> UYGUN | Q187: =IF(AND(L187<>"",D187="Gelir",I187="Hayır"),L187&"|"&TEXT(COUNTIFS($L$7:L187,L187,$D$7:D187,"Gelir",$I$7:I187,"Hayır"),"000"),"") | R187: =OR(COUNTIF(LST_MUSTERI_ADI,L187)>0,L187=SISTEM!$C$9,L187=SISTEM!$C$10) -> FALSE
B188: GG00182 | C188: 46235 | D188: Gider | E188: Ofis Kirası | F188: Ağustos İşyeri Kira Ödemesi | G188: 14000 | H188: MERKEZ KASA | I188: Evet | M188: =IF(C188="","",IF(D188="Gider",IF(H188<>"",H188,"CARİ MAHSUP"),IF(L188<>"",L188,H188))) -> MERKEZ KASA | N188: =IF(C188="","",IF(D188="Gider",E188,IF(H188<>"",H188,E188))) -> Ofis Kirası | O188: =IF(C188="","",DATE(YEAR(C188),MONTH(C188),1)) -> 46235 | P188: =IF(C188="","",IF(OR(D188="",E188="",G188=""),"EKSİK",IF(AND(D188="Gelir",I188="Hayır",L188<>""),IF(R188,"TAHAKKUK","TANIMSIZ BORÇLU"),IF(AND(D188="Gelir",I188="Evet",L188<>""),"TAHAKKUK NAKİT OLAMAZ",IF(AND(D188="Gelir",I188="Hayır",H188<>""),"NAKİTSİZDE KASA OLMAZ","UYGUN"))))) -> UYGUN | Q188: =IF(AND(L188<>"",D188="Gelir",I188="Hayır"),L188&"|"&TEXT(COUNTIFS($L$7:L188,L188,$D$7:D188,"Gelir",$I$7:I188,"Hayır"),"000"),"") | R188: =OR(COUNTIF(LST_MUSTERI_ADI,L188)>0,L188=SISTEM!$C$9,L188=SISTEM!$C$10) -> FALSE
B189: GG00183 | C189: 46235 | D189: Gider | E189: Ofis Kirası | F189: Eylül İşyeri Kira Ödemesi | G189: 14000 | H189: MERKEZ KASA | I189: Evet | M189: =IF(C189="","",IF(D189="Gider",IF(H189<>"",H189,"CARİ MAHSUP"),IF(L189<>"",L189,H189))) -> MERKEZ KASA | N189: =IF(C189="","",IF(D189="Gider",E189,IF(H189<>"",H189,E189))) -> Ofis Kirası | O189: =IF(C189="","",DATE(YEAR(C189),MONTH(C189),1)) -> 46235 | P189: =IF(C189="","",IF(OR(D189="",E189="",G189=""),"EKSİK",IF(AND(D189="Gelir",I189="Hayır",L189<>""),IF(R189,"TAHAKKUK","TANIMSIZ BORÇLU"),IF(AND(D189="Gelir",I189="Evet",L189<>""),"TAHAKKUK NAKİT OLAMAZ",IF(AND(D189="Gelir",I189="Hayır",H189<>""),"NAKİTSİZDE KASA OLMAZ","UYGUN"))))) -> UYGUN | Q189: =IF(AND(L189<>"",D189="Gelir",I189="Hayır"),L189&"|"&TEXT(COUNTIFS($L$7:L189,L189,$D$7:D189,"Gelir",$I$7:I189,"Hayır"),"000"),"") | R189: =OR(COUNTIF(LST_MUSTERI_ADI,L189)>0,L189=SISTEM!$C$9,L189=SISTEM!$C$10) -> FALSE
... B201: GG00195 | C201: 46235 | D201: Gelir | E201: Diğer Gelirler | F201: PINAR HANIM SİGORTA TEMMUZ VE AĞUSTOS | G201: 14000 | H201: ÖMER KARTAL | I201: Evet | M201: =IF(C201="","",IF(D201="Gider",IF(H201<>"",H201,"CARİ MAHSUP"),IF(L201<>"",L201,H201))) -> ÖMER KARTAL | N201: =IF(C201="","",IF(D201="Gider",E201,IF(H201<>"",H201,E201))) -> ÖMER KARTAL | O201: =IF(C201="","",DATE(YEAR(C201),MONTH(C201),1)) -> 46235 | P201: =IF(C201="","",IF(OR(D201="",E201="",G201=""),"EKSİK",IF(AND(D201="Gelir",I201="Hayır",L201<>""),IF(R201,"TAHAKKUK","TANIMSIZ BORÇLU"),IF(AND(D201="Gelir",I201="Evet",L201<>""),"TAHAKKUK NAKİT OLAMAZ",IF(AND(D201="Gelir",I201="Hayır",H201<>""),"NAKİTSİZDE KASA OLMAZ","UYGUN"))))) -> UYGUN | Q201: =IF(AND(L201<>"",D201="Gelir",I201="Hayır"),L201&"|"&TEXT(COUNTIFS($L$7:L201,L201,$D$7:D201,"Gelir",$I$7:I201,"Hayır"),"000"),"") | R201: =OR(COUNTIF(LST_MUSTERI_ADI,L201)>0,L201=SISTEM!$C$9,L201=SISTEM!$C$10) -> FALSE
B202: GG00196 | C202: 46235 | D202: Gider | E202: Mehmet Ali Kartal | F202: CEREN DEMİRCİ SGK | G202: 2500 | I202: Hayır | M202: =IF(C202="","",IF(D202="Gider",IF(H202<>"",H202,"CARİ MAHSUP"),IF(L202<>"",L202,H202))) -> CARİ MAHSUP | N202: =IF(C202="","",IF(D202="Gider",E202,IF(H202<>"",H202,E202))) -> Mehmet Ali Kartal | O202: =IF(C202="","",DATE(YEAR(C202),MONTH(C202),1)) -> 46235 | P202: =IF(C202="","",IF(OR(D202="",E202="",G202=""),"EKSİK",IF(AND(D202="Gelir",I202="Hayır",L202<>""),IF(R202,"TAHAKKUK","TANIMSIZ BORÇLU"),IF(AND(D202="Gelir",I202="Evet",L202<>""),"TAHAKKUK NAKİT OLAMAZ",IF(AND(D202="Gelir",I202="Hayır",H202<>""),"NAKİTSİZDE KASA OLMAZ","UYGUN"))))) -> UYGUN | Q202: =IF(AND(L202<>"",D202="Gelir",I202="Hayır"),L202&"|"&TEXT(COUNTIFS($L$7:L202,L202,$D$7:D202,"Gelir",$I$7:I202,"Hayır"),"000"),"") | R202: =OR(COUNTIF(LST_MUSTERI_ADI,L202)>0,L202=SISTEM!$C$9,L202=SISTEM!$C$10) -> FALSE
B203: GG00197 | C203: 46243 | D203: Gider | E203: Ofis Kirası | F203: Temmuz Ağustos Eylül İşyeri Aidatı Ödemesi | G203: 6000 | H203: MERKEZ KASA | I203: Evet | M203: =IF(C203="","",IF(D203="Gider",IF(H203<>"",H203,"CARİ MAHSUP"),IF(L203<>"",L203,H203))) -> MERKEZ KASA | N203: =IF(C203="","",IF(D203="Gider",E203,IF(H203<>"",H203,E203))) -> Ofis Kirası | O203: =IF(C203="","",DATE(YEAR(C203),MONTH(C203),1)) -> 46235 | P203: =IF(C203="","",IF(OR(D203="",E203="",G203=""),"EKSİK",IF(AND(D203="Gelir",I203="Hayır",L203<>""),IF(R203,"TAHAKKUK","TANIMSIZ BORÇLU"),IF(AND(D203="Gelir",I203="Evet",L203<>""),"TAHAKKUK NAKİT OLAMAZ",IF(AND(D203="Gelir",I203="Hayır",H203<>""),"NAKİTSİZDE KASA OLMAZ","UYGUN"))))) -> UYGUN | Q203: =IF(AND(L203<>"",D203="Gelir",I203="Hayır"),L203&"|"&TEXT(COUNTIFS($L$7:L203,L203,$D$7:D203,"Gelir",$I$7:I203,"Hayır"),"000"),"") | R203: =OR(COUNTIF(LST_MUSTERI_ADI,L203)>0,L203=SISTEM!$C$9,L203=SISTEM!$C$10) -> FALSE
B204: GG00198 | C204: 46245 | D204: Gider | E204: Telefon / İnternet | F204: Ofis Whatsapp Hattı Ağustos | G204: 800 | H204: MERKEZ KASA | I204: Evet | M204: =IF(C204="","",IF(D204="Gider",IF(H204<>"",H204,"CARİ MAHSUP"),IF(L204<>"",L204,H204))) -> MERKEZ KASA | N204: =IF(C204="","",IF(D204="Gider",E204,IF(H204<>"",H204,E204))) -> Telefon / İnternet | O204: =IF(C204="","",DATE(YEAR(C204),MONTH(C204),1)) -> 46235 | P204: =IF(C204="","",IF(OR(D204="",E204="",G204=""),"EKSİK",IF(AND(D204="Gelir",I204="Hayır",L204<>""),IF(R204,"TAHAKKUK","TANIMSIZ BORÇLU"),IF(AND(D204="Gelir",I204="Evet",L204<>""),"TAHAKKUK NAKİT OLAMAZ",IF(AND(D204="Gelir",I204="Hayır",H204<>""),"NAKİTSİZDE KASA OLMAZ","UYGUN"))))) -> UYGUN | Q204: =IF(AND(L204<>"",D204="Gelir",I204="Hayır"),L204&"|"&TEXT(COUNTIFS($L$7:L204,L204,$D$7:D204,"Gelir",$I$7:I204,"Hayır"),"000"),"") | R204: =OR(COUNTIF(LST_MUSTERI_ADI,L204)>0,L204=SISTEM!$C$9,L204=SISTEM!$C$10) -> FALSE
B205: GG00199 | C205: 46245 | D205: Gider | E205: Diğer Gider | F205: Arman Dik Vergi Telafisi | G205: 23000 | H205: MERKEZ KASA | I205: Evet | M205: =IF(C205="","",IF(D205="Gider",IF(H205<>"",H205,"CARİ MAHSUP"),IF(L205<>"",L205,H205))) -> MERKEZ KASA | N205: =IF(C205="","",IF(D205="Gider",E205,IF(H205<>"",H205,E205))) -> Diğer Gider | O205: =IF(C205="","",DATE(YEAR(C205),MONTH(C205),1)) -> 46235 | P205: =IF(C205="","",IF(OR(D205="",E205="",G205=""),"EKSİK",IF(AND(D205="Gelir",I205="Hayır",L205<>""),IF(R205,"TAHAKKUK","TANIMSIZ BORÇLU"),IF(AND(D205="Gelir",I205="Evet",L205<>""),"TAHAKKUK NAKİT OLAMAZ",IF(AND(D205="Gelir",I205="Hayır",H205<>""),"NAKİTSİZDE KASA OLMAZ","UYGUN"))))) -> UYGUN | Q205: =IF(AND(L205<>"",D205="Gelir",I205="Hayır"),L205&"|"&TEXT(COUNTIFS($L$7:L205,L205,$D$7:D205,"Gelir",$I$7:I205,"Hayır"),"000"),"") | R205: =OR(COUNTIF(LST_MUSTERI_ADI,L205)>0,L205=SISTEM!$C$9,L205=SISTEM!$C$10) -> FALSE
B206: GG00200 | C206: 46249 | D206: Gider | E206: Ulaşım | F206: Araç Yakıt | G206: 2000 | H206: MERKEZ KASA | I206: Evet | M206: =IF(C206="","",IF(D206="Gider",IF(H206<>"",H206,"CARİ MAHSUP"),IF(L206<>"",L206,H206))) -> MERKEZ KASA | N206: =IF(C206="","",IF(D206="Gider",E206,IF(H206<>"",H206,E206))) -> Ulaşım | O206: =IF(C206="","",DATE(YEAR(C206),MONTH(C206),1)) -> 46235 | P206: =IF(C206="","",IF(OR(D206="",E206="",G206=""),"EKSİK",IF(AND(D206="Gelir",I206="Hayır",L206<>""),IF(R206,"TAHAKKUK","TANIMSIZ BORÇLU"),IF(AND(D206="Gelir",I206="Evet",L206<>""),"TAHAKKUK NAKİT OLAMAZ",IF(AND(D206="Gelir",I206="Hayır",H206<>""),"NAKİTSİZDE KASA OLMAZ","UYGUN"))))) -> UYGUN | Q206: =IF(AND(L206<>"",D206="Gelir",I206="Hayır"),L206&"|"&TEXT(COUNTIFS($L$7:L206,L206,$D$7:D206,"Gelir",$I$7:I206,"Hayır"),"000"),"") | R206: =OR(COUNTIF(LST_MUSTERI_ADI,L206)>0,L206=SISTEM!$C$9,L206=SISTEM!$C$10) -> FALSE
B207: GG00201 | C207: 46258 | D207: Gider | E207: Mehmet Ali Kartal | F207: Temmuz Maaş Ödemesi | G207: 30000 | H207: MERKEZ KASA | I207: Evet | M207: =IF(C207="","",IF(D207="Gider",IF(H207<>"",H207,"CARİ MAHSUP"),IF(L207<>"",L207,H207))) -> MERKEZ KASA | N207: =IF(C207="","",IF(D207="Gider",E207,IF(H207<>"",H207,E207))) -> Mehmet Ali Kartal | O207: =IF(C207="","",DATE(YEAR(C207),MONTH(C207),1)) -> 46235 | P207: =IF(C207="","",IF(OR(D207="",E207="",G207=""),"EKSİK",IF(AND(D207="Gelir",I207="Hayır",L207<>""),IF(R207,"TAHAKKUK","TANIMSIZ BORÇLU"),IF(AND(D207="Gelir",I207="Evet",L207<>""),"TAHAKKUK NAKİT OLAMAZ",IF(AND(D207="Gelir",I207="Hayır",H207<>""),"NAKİTSİZDE KASA OLMAZ","UYGUN"))))) -> UYGUN | Q207: =IF(AND(L207<>"",D207="Gelir",I207="Hayır"),L207&"|"&TEXT(COUNTIFS($L$7:L207,L207,$D$7:D207,"Gelir",$I$7:I207,"Hayır"),"000"),"") | R207: =OR(COUNTIF(LST_MUSTERI_ADI,L207)>0,L207=SISTEM!$C$9,L207=SISTEM!$C$10) -> FALSE
B208: GG00202 | C208: 46259 | D208: Gider | E208: Personel | F208: Irmak Maaş Ödemesi | G208: 10000 | H208: MERKEZ KASA | I208: Evet | M208: =IF(C208="","",IF(D208="Gider",IF(H208<>"",H208,"CARİ MAHSUP"),IF(L208<>"",L208,H208))) -> MERKEZ KASA | N208: =IF(C208="","",IF(D208="Gider",E208,IF(H208<>"",H208,E208))) -> Personel | O208: =IF(C208="","",DATE(YEAR(C208),MONTH(C208),1)) -> 46235 | P208: =IF(C208="","",IF(OR(D208="",E208="",G208=""),"EKSİK",IF(AND(D208="Gelir",I208="Hayır",L208<>""),IF(R208,"TAHAKKUK","TANIMSIZ BORÇLU"),IF(AND(D208="Gelir",I208="Evet",L208<>""),"TAHAKKUK NAKİT OLAMAZ",IF(AND(D208="Gelir",I208="Hayır",H208<>""),"NAKİTSİZDE KASA OLMAZ","UYGUN"))))) -> UYGUN | Q208: =IF(AND(L208<>"",D208="Gelir",I208="Hayır"),L208&"|"&TEXT(COUNTIFS($L$7:L208,L208,$D$7:D208,"Gelir",$I$7:I208,"Hayır"),"000"),"") | R208: =OR(COUNTIF(LST_MUSTERI_ADI,L208)>0,L208=SISTEM!$C$9,L208=SISTEM!$C$10) -> FALSE
B209: GG00203 | C209: 46260 | D209: Gider | E209: Mehmet Ali Kartal | F209: Ağustos Bakiye Maaş Ödemesi | G209: 17500 | H209: MERKEZ KASA | I209: Evet | M209: =IF(C209="","",IF(D209="Gider",IF(H209<>"",H209,"CARİ MAHSUP"),IF(L209<>"",L209,H209))) -> MERKEZ KASA | N209: =IF(C209="","",IF(D209="Gider",E209,IF(H209<>"",H209,E209))) -> Mehmet Ali Kartal | O209: =IF(C209="","",DATE(YEAR(C209),MONTH(C209),1)) -> 46235 | P209: =IF(C209="","",IF(OR(D209="",E209="",G209=""),"EKSİK",IF(AND(D209="Gelir",I209="Hayır",L209<>""),IF(R209,"TAHAKKUK","TANIMSIZ BORÇLU"),IF(AND(D209="Gelir",I209="Evet",L209<>""),"TAHAKKUK NAKİT OLAMAZ",IF(AND(D209="Gelir",I209="Hayır",H209<>""),"NAKİTSİZDE KASA OLMAZ","UYGUN"))))) -> UYGUN | Q209: =IF(AND(L209<>"",D209="Gelir",I209="Hayır"),L209&"|"&TEXT(COUNTIFS($L$7:L209,L209,$D$7:D209,"Gelir",$I$7:I209,"Hayır"),"000"),"") | R209: =OR(COUNTIF(LST_MUSTERI_ADI,L209)>0,L209=SISTEM!$C$9,L209=SISTEM!$C$10) -> FALSE
B210: GG00204 | C210: 46053 | D210: Gelir | E210: Beyanname / Bildirim Ücreti | F210: PARİS GAZİNOSU SGK'LAR — NAKİT YOK / ÖMER CARİ BORÇLANDI | G210: 12000 | I210: Hayır | J210: MİG-V00002 | L210: ÖMER KARTAL | M210: =IF(C210="","",IF(D210="Gider",IF(H210<>"",H210,"CARİ MAHSUP"),IF(L210<>"",L210,H210))) -> ÖMER KARTAL | N210: =IF(C210="","",IF(D210="Gider",E210,IF(H210<>"",H210,E210))) -> Beyanname / Bildirim Ücreti | O210: =IF(C210="","",DATE(YEAR(C210),MONTH(C210),1)) -> 46023 | P210: =IF(C210="","",IF(OR(D210="",E210="",G210=""),"EKSİK",IF(AND(D210="Gelir",I210="Hayır",L210<>""),IF(R210,"TAHAKKUK","TANIMSIZ BORÇLU"),IF(AND(D210="Gelir",I210="Evet",L210<>""),"TAHAKKUK NAKİT OLAMAZ",IF(AND(D210="Gelir",I210="Hayır",H210<>""),"NAKİTSİZDE KASA OLMAZ","UYGUN"))))) -> TAHAKKUK | Q210: =IF(AND(L210<>"",D210="Gelir",I210="Hayır"),L210&"|"&TEXT(COUNTIFS($L$7:L210,L210,$D$7:D210,"Gelir",$I$7:I210,"Hayır"),"000"),"") -> ÖMER KARTAL|001 | R210: =OR(COUNTIF(LST_MUSTERI_ADI,L210)>0,L210=SISTEM!$C$9,L210=SISTEM!$C$10) -> TRUE
B211: GG00205 | C211: 46053 | D211: Gelir | E211: Muhasebe Hizmet Geliri (sözleşme dışı) | F211: HÜSEYİN ŞİMŞEK MUHASEBE ÜCRETİ — NAKİT YOK / ÖMER CARİ BORÇLANDI | G211: 3000 | I211: Hayır | J211: MİG-V00003 | L211: ÖMER KARTAL | M211: =IF(C211="","",IF(D211="Gider",IF(H211<>"",H211,"CARİ MAHSUP"),IF(L211<>"",L211,H211))) -> ÖMER KARTAL | N211: =IF(C211="","",IF(D211="Gider",E211,IF(H211<>"",H211,E211))) -> Muhasebe Hizmet Geliri (sözleşme dışı) | O211: =IF(C211="","",DATE(YEAR(C211),MONTH(C211),1)) -> 46023 | P211: =IF(C211="","",IF(OR(D211="",E211="",G211=""),"EKSİK",IF(AND(D211="Gelir",I211="Hayır",L211<>""),IF(R211,"TAHAKKUK","TANIMSIZ BORÇLU"),IF(AND(D211="Gelir",I211="Evet",L211<>""),"TAHAKKUK NAKİT OLAMAZ",IF(AND(D211="Gelir",I211="Hayır",H211<>""),"NAKİTSİZDE KASA OLMAZ","UYGUN"))))) -> TAHAKKUK | Q211: =IF(AND(L211<>"",D211="Gelir",I211="Hayır"),L211&"|"&TEXT(COUNTIFS($L$7:L211,L211,$D$7:D211,"Gelir",$I$7:I211,"Hayır"),"000"),"") -> ÖMER KARTAL|002 | R211: =OR(COUNTIF(LST_MUSTERI_ADI,L211)>0,L211=SISTEM!$C$9,L211=SISTEM!$C$10) -> TRUE
B212: GG00206 | C212: 46053 | D212: Gelir | E212: Muhasebe Hizmet Geliri (sözleşme dışı) | F212: FADİME HORUZCU MUHASEBE ÜCRETİ — NAKİT YOK / ÖMER CARİ BORÇLANDI | G212: 2000 | I212: Hayır | J212: MİG-V00004 | L212: ÖMER KARTAL | M212: =IF(C212="","",IF(D212="Gider",IF(H212<>"",H212,"CARİ MAHSUP"),IF(L212<>"",L212,H212))) -> ÖMER KARTAL | N212: =IF(C212="","",IF(D212="Gider",E212,IF(H212<>"",H212,E212))) -> Muhasebe Hizmet Geliri (sözleşme dışı) | O212: =IF(C212="","",DATE(YEAR(C212),MONTH(C212),1)) -> 46023 | P212: =IF(C212="","",IF(OR(D212="",E212="",G212=""),"EKSİK",IF(AND(D212="Gelir",I212="Hayır",L212<>""),IF(R212,"TAHAKKUK","TANIMSIZ BORÇLU"),IF(AND(D212="Gelir",I212="Evet",L212<>""),"TAHAKKUK NAKİT OLAMAZ",IF(AND(D212="Gelir",I212="Hayır",H212<>""),"NAKİTSİZDE KASA OLMAZ","UYGUN"))))) -> TAHAKKUK | Q212: =IF(AND(L212<>"",D212="Gelir",I212="Hayır"),L212&"|"&TEXT(COUNTIFS($L$7:L212,L212,$D$7:D212,"Gelir",$I$7:I212,"Hayır"),"000"),"") -> ÖMER KARTAL|003 | R212: =OR(COUNTIF(LST_MUSTERI_ADI,L212)>0,L212=SISTEM!$C$9,L212=SISTEM!$C$10) -> TRUE
B213: GG00207 | C213: 46081 | D213: Gelir | E213: Beyanname / Bildirim Ücreti | F213: PARİS GAZİNOSU SGK'LAR — NAKİT YOK / ÖMER CARİ BORÇLANDI | G213: 12000 | I213: Hayır | J213: MİG-V00007 | L213: ÖMER KARTAL | M213: =IF(C213="","",IF(D213="Gider",IF(H213<>"",H213,"CARİ MAHSUP"),IF(L213<>"",L213,H213))) -> ÖMER KARTAL | N213: =IF(C213="","",IF(D213="Gider",E213,IF(H213<>"",H213,E213))) -> Beyanname / Bildirim Ücreti | O213: =IF(C213="","",DATE(YEAR(C213),MONTH(C213),1)) -> 46054 | P213: =IF(C213="","",IF(OR(D213="",E213="",G213=""),"EKSİK",IF(AND(D213="Gelir",I213="Hayır",L213<>""),IF(R213,"TAHAKKUK","TANIMSIZ BORÇLU"),IF(AND(D213="Gelir",I213="Evet",L213<>""),"TAHAKKUK NAKİT OLAMAZ",IF(AND(D213="Gelir",I213="Hayır",H213<>""),"NAKİTSİZDE KASA OLMAZ","UYGUN"))))) -> TAHAKKUK | Q213: =IF(AND(L213<>"",D213="Gelir",I213="Hayır"),L213&"|"&TEXT(COUNTIFS($L$7:L213,L213,$D$7:D213,"Gelir",$I$7:I213,"Hayır"),"000"),"") -> ÖMER KARTAL|004 | R213: =OR(COUNTIF(LST_MUSTERI_ADI,L213)>0,L213=SISTEM!$C$9,L213=SISTEM!$C$10) -> TRUE
B214: GG00208 | C214: 46081 | D214: Gelir | E214: Muhasebe Hizmet Geliri (sözleşme dışı) | F214: HÜSEYİN ŞİMŞEK MUHASEBE ÜCRETİ — NAKİT YOK / ÖMER CARİ BORÇLANDI | G214: 3000 | I214: Hayır | J214: MİG-V00008 | L214: ÖMER KARTAL | M214: =IF(C214="","",IF(D214="Gider",IF(H214<>"",H214,"CARİ MAHSUP"),IF(L214<>"",L214,H214))) -> ÖMER KARTAL | N214: =IF(C214="","",IF(D214="Gider",E214,IF(H214<>"",H214,E214))) -> Muhasebe Hizmet Geliri (sözleşme dışı) | O214: =IF(C214="","",DATE(YEAR(C214),MONTH(C214),1)) -> 46054 | P214: =IF(C214="","",IF(OR(D214="",E214="",G214=""),"EKSİK",IF(AND(D214="Gelir",I214="Hayır",L214<>""),IF(R214,"TAHAKKUK","TANIMSIZ BORÇLU"),IF(AND(D214="Gelir",I214="Evet",L214<>""),"TAHAKKUK NAKİT OLAMAZ",IF(AND(D214="Gelir",I214="Hayır",H214<>""),"NAKİTSİZDE KASA OLMAZ","UYGUN"))))) -> TAHAKKUK | Q214: =IF(AND(L214<>"",D214="Gelir",I214="Hayır"),L214&"|"&TEXT(COUNTIFS($L$7:L214,L214,$D$7:D214,"Gelir",$I$7:I214,"Hayır"),"000"),"") -> ÖMER KARTAL|005 | R214: =OR(COUNTIF(LST_MUSTERI_ADI,L214)>0,L214=SISTEM!$C$9,L214=SISTEM!$C$10) -> TRUE
B215: GG00209 | C215: 46081 | D215: Gelir | E215: Muhasebe Hizmet Geliri (sözleşme dışı) | F215: FADİME HORUZCU MUHASEBE ÜCRETİ — NAKİT YOK / ÖMER CARİ BORÇLANDI | G215: 2000 | I215: Hayır | J215: MİG-V00009 | L215: ÖMER KARTAL | M215: =IF(C215="","",IF(D215="Gider",IF(H215<>"",H215,"CARİ MAHSUP"),IF(L215<>"",L215,H215))) -> ÖMER KARTAL | N215: =IF(C215="","",IF(D215="Gider",E215,IF(H215<>"",H215,E215))) -> Muhasebe Hizmet Geliri (sözleşme dışı) | O215: =IF(C215="","",DATE(YEAR(C215),MONTH(C215),1)) -> 46054 | P215: =IF(C215="","",IF(OR(D215="",E215="",G215=""),"EKSİK",IF(AND(D215="Gelir",I215="Hayır",L215<>""),IF(R215,"TAHAKKUK","TANIMSIZ BORÇLU"),IF(AND(D215="Gelir",I215="Evet",L215<>""),"TAHAKKUK NAKİT OLAMAZ",IF(AND(D215="Gelir",I215="Hayır",H215<>""),"NAKİTSİZDE KASA OLMAZ","UYGUN"))))) -> TAHAKKUK | Q215: =IF(AND(L215<>"",D215="Gelir",I215="Hayır"),L215&"|"&TEXT(COUNTIFS($L$7:L215,L215,$D$7:D215,"Gelir",$I$7:I215,"Hayır"),"000"),"") -> ÖMER KARTAL|006 | R215: =OR(COUNTIF(LST_MUSTERI_ADI,L215)>0,L215=SISTEM!$C$9,L215=SISTEM!$C$10) -> TRUE
B216: GG00210 | C216: 46112 | D216: Gelir | E216: Beyanname / Bildirim Ücreti | F216: PARİS GAZİNOSU SGK'LAR — NAKİT YOK / ÖMER CARİ BORÇLANDI | G216: 12000 | I216: Hayır | J216: MİG-V00011 | L216: ÖMER KARTAL | M216: =IF(C216="","",IF(D216="Gider",IF(H216<>"",H216,"CARİ MAHSUP"),IF(L216<>"",L216,H216))) -> ÖMER KARTAL | N216: =IF(C216="","",IF(D216="Gider",E216,IF(H216<>"",H216,E216))) -> Beyanname / Bildirim Ücreti | O216: =IF(C216="","",DATE(YEAR(C216),MONTH(C216),1)) -> 46082 | P216: =IF(C216="","",IF(OR(D216="",E216="",G216=""),"EKSİK",IF(AND(D216="Gelir",I216="Hayır",L216<>""),IF(R216,"TAHAKKUK","TANIMSIZ BORÇLU"),IF(AND(D216="Gelir",I216="Evet",L216<>""),"TAHAKKUK NAKİT OLAMAZ",IF(AND(D216="Gelir",I216="Hayır",H216<>""),"NAKİTSİZDE KASA OLMAZ","UYGUN"))))) -> TAHAKKUK | Q216: =IF(AND(L216<>"",D216="Gelir",I216="Hayır"),L216&"|"&TEXT(COUNTIFS($L$7:L216,L216,$D$7:D216,"Gelir",$I$7:I216,"Hayır"),"000"),"") -> ÖMER KARTAL|007 | R216: =OR(COUNTIF(LST_MUSTERI_ADI,L216)>0,L216=SISTEM!$C$9,L216=SISTEM!$C$10) -> TRUE
B217: GG00211 | C217: 46112 | D217: Gelir | E217: Muhasebe Hizmet Geliri (sözleşme dışı) | F217: FADİME HORUZCU MUHASEBE ÜCRETİ — NAKİT YOK / ÖMER CARİ BORÇLANDI | G217: 2000 | I217: Hayır | J217: MİG-V00012 | L217: ÖMER KARTAL | M217: =IF(C217="","",IF(D217="Gider",IF(H217<>"",H217,"CARİ MAHSUP"),IF(L217<>"",L217,H217))) -> ÖMER KARTAL | N217: =IF(C217="","",IF(D217="Gider",E217,IF(H217<>"",H217,E217))) -> Muhasebe Hizmet Geliri (sözleşme dışı) | O217: =IF(C217="","",DATE(YEAR(C217),MONTH(C217),1)) -> 46082 | P217: =IF(C217="","",IF(OR(D217="",E217="",G217=""),"EKSİK",IF(AND(D217="Gelir",I217="Hayır",L217<>""),IF(R217,"TAHAKKUK","TANIMSIZ BORÇLU"),IF(AND(D217="Gelir",I217="Evet",L217<>""),"TAHAKKUK NAKİT OLAMAZ",IF(AND(D217="Gelir",I217="Hayır",H217<>""),"NAKİTSİZDE KASA OLMAZ","UYGUN"))))) -> TAHAKKUK | Q217: =IF(AND(L217<>"",D217="Gelir",I217="Hayır"),L217&"|"&TEXT(COUNTIFS($L$7:L217,L217,$D$7:D217,"Gelir",$I$7:I217,"Hayır"),"000"),"") -> ÖMER KARTAL|008 | R217: =OR(COUNTIF(LST_MUSTERI_ADI,L217)>0,L217=SISTEM!$C$9,L217=SISTEM!$C$10) -> TRUE
B218: GG00212 | C218: 46142 | D218: Gelir | E218: Beyanname / Bildirim Ücreti | F218: PARİS GAZİNOSU SGK'LAR — NAKİT YOK / ÖMER CARİ BORÇLANDI | G218: 12000 | I218: Hayır | J218: MİG-V00014 | L218: ÖMER KARTAL | M218: =IF(C218="","",IF(D218="Gider",IF(H218<>"",H218,"CARİ MAHSUP"),IF(L218<>"",L218,H218))) -> ÖMER KARTAL | N218: =IF(C218="","",IF(D218="Gider",E218,IF(H218<>"",H218,E218))) -> Beyanname / Bildirim Ücreti | O218: =IF(C218="","",DATE(YEAR(C218),MONTH(C218),1)) -> 46113 | P218: =IF(C218="","",IF(OR(D218="",E218="",G218=""),"EKSİK",IF(AND(D218="Gelir",I218="Hayır",L218<>""),IF(R218,"TAHAKKUK","TANIMSIZ BORÇLU"),IF(AND(D218="Gelir",I218="Evet",L218<>""),"TAHAKKUK NAKİT OLAMAZ",IF(AND(D218="Gelir",I218="Hayır",H218<>""),"NAKİTSİZDE KASA OLMAZ","UYGUN"))))) -> TAHAKKUK | Q218: =IF(AND(L218<>"",D218="Gelir",I218="Hayır"),L218&"|"&TEXT(COUNTIFS($L$7:L218,L218,$D$7:D218,"Gelir",$I$7:I218,"Hayır"),"000"),"") -> ÖMER KARTAL|009 | R218: =OR(COUNTIF(LST_MUSTERI_ADI,L218)>0,L218=SISTEM!$C$9,L218=SISTEM!$C$10) -> TRUE
B219: GG00213 | C219: 46142 | D219: Gelir | E219: Muhasebe Hizmet Geliri (sözleşme dışı) | F219: FADİME HORUZCU MUHASEBE ÜCRETİ — NAKİT YOK / ÖMER CARİ BORÇLANDI | G219: 2000 | I219: Hayır | J219: MİG-V00015 | L219: ÖMER KARTAL | M219: =IF(C219="","",IF(D219="Gider",IF(H219<>"",H219,"CARİ MAHSUP"),IF(L219<>"",L219,H219))) -> ÖMER KARTAL | N219: =IF(C219="","",IF(D219="Gider",E219,IF(H219<>"",H219,E219))) -> Muhasebe Hizmet Geliri (sözleşme dışı) | O219: =IF(C219="","",DATE(YEAR(C219),MONTH(C219),1)) -> 46113 | P219: =IF(C219="","",IF(OR(D219="",E219="",G219=""),"EKSİK",IF(AND(D219="Gelir",I219="Hayır",L219<>""),IF(R219,"TAHAKKUK","TANIMSIZ BORÇLU"),IF(AND(D219="Gelir",I219="Evet",L219<>""),"TAHAKKUK NAKİT OLAMAZ",IF(AND(D219="Gelir",I219="Hayır",H219<>""),"NAKİTSİZDE KASA OLMAZ","UYGUN"))))) -> TAHAKKUK | Q219: =IF(AND(L219<>"",D219="Gelir",I219="Hayır"),L219&"|"&TEXT(COUNTIFS($L$7:L219,L219,$D$7:D219,"Gelir",$I$7:I219,"Hayır"),"000"),"") -> ÖMER KARTAL|010 | R219: =OR(COUNTIF(LST_MUSTERI_ADI,L219)>0,L219=SISTEM!$C$9,L219=SISTEM!$C$10) -> TRUE
B220: GG00214 | C220: 46173 | D220: Gelir | E220: Beyanname / Bildirim Ücreti | F220: PARİS GAZİNOSU SGK'LAR — NAKİT YOK / ÖMER CARİ BORÇLANDI | G220: 12000 | I220: Hayır | J220: MİG-V00019 | L220: ÖMER KARTAL | M220: =IF(C220="","",IF(D220="Gider",IF(H220<>"",H220,"CARİ MAHSUP"),IF(L220<>"",L220,H220))) -> ÖMER KARTAL | N220: =IF(C220="","",IF(D220="Gider",E220,IF(H220<>"",H220,E220))) -> Beyanname / Bildirim Ücreti | O220: =IF(C220="","",DATE(YEAR(C220),MONTH(C220),1)) -> 46143 | P220: =IF(C220="","",IF(OR(D220="",E220="",G220=""),"EKSİK",IF(AND(D220="Gelir",I220="Hayır",L220<>""),IF(R220,"TAHAKKUK","TANIMSIZ BORÇLU"),IF(AND(D220="Gelir",I220="Evet",L220<>""),"TAHAKKUK NAKİT OLAMAZ",IF(AND(D220="Gelir",I220="Hayır",H220<>""),"NAKİTSİZDE KASA OLMAZ","UYGUN"))))) -> TAHAKKUK | Q220: =IF(AND(L220<>"",D220="Gelir",I220="Hayır"),L220&"|"&TEXT(COUNTIFS($L$7:L220,L220,$D$7:D220,"Gelir",$I$7:I220,"Hayır"),"000"),"") -> ÖMER KARTAL|011 | R220: =OR(COUNTIF(LST_MUSTERI_ADI,L220)>0,L220=SISTEM!$C$9,L220=SISTEM!$C$10) -> TRUE
B221: GG00215 | C221: 46173 | D221: Gelir | E221: Muhasebe Hizmet Geliri (sözleşme dışı) | F221: FADİME HORUZCU MUHASEBE ÜCRETİ — NAKİT YOK / ÖMER CARİ BORÇLANDI | G221: 2000 | I221: Hayır | J221: MİG-V00020 | L221: ÖMER KARTAL | M221: =IF(C221="","",IF(D221="Gider",IF(H221<>"",H221,"CARİ MAHSUP"),IF(L221<>"",L221,H221))) -> ÖMER KARTAL | N221: =IF(C221="","",IF(D221="Gider",E221,IF(H221<>"",H221,E221))) -> Muhasebe Hizmet Geliri (sözleşme dışı) | O221: =IF(C221="","",DATE(YEAR(C221),MONTH(C221),1)) -> 46143 | P221: =IF(C221="","",IF(OR(D221="",E221="",G221=""),"EKSİK",IF(AND(D221="Gelir",I221="Hayır",L221<>""),IF(R221,"TAHAKKUK","TANIMSIZ BORÇLU"),IF(AND(D221="Gelir",I221="Evet",L221<>""),"TAHAKKUK NAKİT OLAMAZ",IF(AND(D221="Gelir",I221="Hayır",H221<>""),"NAKİTSİZDE KASA OLMAZ","UYGUN"))))) -> TAHAKKUK | Q221: =IF(AND(L221<>"",D221="Gelir",I221="Hayır"),L221&"|"&TEXT(COUNTIFS($L$7:L221,L221,$D$7:D221,"Gelir",$I$7:I221,"Hayır"),"000"),"") -> ÖMER KARTAL|012 | R221: =OR(COUNTIF(LST_MUSTERI_ADI,L221)>0,L221=SISTEM!$C$9,L221=SISTEM!$C$10) -> TRUE
... B225: GG00219 | C225: 46265 | D225: Gelir | E225: Beyanname / Bildirim Ücreti | F225: PARİS GAZİNOSU SGK'LAR — NAKİT YOK / ÖMER CARİ BORÇLANDI | G225: 12000 | I225: Hayır | J225: MİG-V00030 | L225: ÖMER KARTAL | M225: =IF(C225="","",IF(D225="Gider",IF(H225<>"",H225,"CARİ MAHSUP"),IF(L225<>"",L225,H225))) -> ÖMER KARTAL | N225: =IF(C225="","",IF(D225="Gider",E225,IF(H225<>"",H225,E225))) -> Beyanname / Bildirim Ücreti | O225: =IF(C225="","",DATE(YEAR(C225),MONTH(C225),1)) -> 46235 | P225: =IF(C225="","",IF(OR(D225="",E225="",G225=""),"EKSİK",IF(AND(D225="Gelir",I225="Hayır",L225<>""),IF(R225,"TAHAKKUK","TANIMSIZ BORÇLU"),IF(AND(D225="Gelir",I225="Evet",L225<>""),"TAHAKKUK NAKİT OLAMAZ",IF(AND(D225="Gelir",I225="Hayır",H225<>""),"NAKİTSİZDE KASA OLMAZ","UYGUN"))))) -> TAHAKKUK | Q225: =IF(AND(L225<>"",D225="Gelir",I225="Hayır"),L225&"|"&TEXT(COUNTIFS($L$7:L225,L225,$D$7:D225,"Gelir",$I$7:I225,"Hayır"),"000"),"") -> ÖMER KARTAL|016 | R225: =OR(COUNTIF(LST_MUSTERI_ADI,L225)>0,L225=SISTEM!$C$9,L225=SISTEM!$C$10) -> TRUE
B226: =IF(C226="","","GG"&TEXT(ROW()-6,"00000")) | M226: =IF(C226="","",IF(D226="Gider",IF(H226<>"",H226,"CARİ MAHSUP"),IF(L226<>"",L226,H226))) | N226: =IF(C226="","",IF(D226="Gider",E226,IF(H226<>"",H226,E226))) | O226: =IF(C226="","",DATE(YEAR(C226),MONTH(C226),1)) | P226: =IF(C226="","",IF(OR(D226="",E226="",G226=""),"EKSİK",IF(AND(D226="Gelir",I226="Hayır",L226<>""),IF(R226,"TAHAKKUK","TANIMSIZ BORÇLU"),IF(AND(D226="Gelir",I226="Evet",L226<>""),"TAHAKKUK NAKİT OLAMAZ",IF(AND(D226="Gelir",I226="Hayır",H226<>""),"NAKİTSİZDE KASA OLMAZ","UYGUN"))))) | Q226: =IF(AND(L226<>"",D226="Gelir",I226="Hayır"),L226&"|"&TEXT(COUNTIFS($L$7:L226,L226,$D$7:D226,"Gelir",$I$7:I226,"Hayır"),"000"),"") | R226: =OR(COUNTIF(LST_MUSTERI_ADI,L226)>0,L226=SISTEM!$C$9,L226=SISTEM!$C$10) -> FALSE
B227: =IF(C227="","","GG"&TEXT(ROW()-6,"00000")) | M227: =IF(C227="","",IF(D227="Gider",IF(H227<>"",H227,"CARİ MAHSUP"),IF(L227<>"",L227,H227))) | N227: =IF(C227="","",IF(D227="Gider",E227,IF(H227<>"",H227,E227))) | O227: =IF(C227="","",DATE(YEAR(C227),MONTH(C227),1)) | P227: =IF(C227="","",IF(OR(D227="",E227="",G227=""),"EKSİK",IF(AND(D227="Gelir",I227="Hayır",L227<>""),IF(R227,"TAHAKKUK","TANIMSIZ BORÇLU"),IF(AND(D227="Gelir",I227="Evet",L227<>""),"TAHAKKUK NAKİT OLAMAZ",IF(AND(D227="Gelir",I227="Hayır",H227<>""),"NAKİTSİZDE KASA OLMAZ","UYGUN"))))) | Q227: =IF(AND(L227<>"",D227="Gelir",I227="Hayır"),L227&"|"&TEXT(COUNTIFS($L$7:L227,L227,$D$7:D227,"Gelir",$I$7:I227,"Hayır"),"000"),"") | R227: =OR(COUNTIF(LST_MUSTERI_ADI,L227)>0,L227=SISTEM!$C$9,L227=SISTEM!$C$10) -> FALSE
B228: =IF(C228="","","GG"&TEXT(ROW()-6,"00000")) | M228: =IF(C228="","",IF(D228="Gider",IF(H228<>"",H228,"CARİ MAHSUP"),IF(L228<>"",L228,H228))) | N228: =IF(C228="","",IF(D228="Gider",E228,IF(H228<>"",H228,E228))) | O228: =IF(C228="","",DATE(YEAR(C228),MONTH(C228),1)) | P228: =IF(C228="","",IF(OR(D228="",E228="",G228=""),"EKSİK",IF(AND(D228="Gelir",I228="Hayır",L228<>""),IF(R228,"TAHAKKUK","TANIMSIZ BORÇLU"),IF(AND(D228="Gelir",I228="Evet",L228<>""),"TAHAKKUK NAKİT OLAMAZ",IF(AND(D228="Gelir",I228="Hayır",H228<>""),"NAKİTSİZDE KASA OLMAZ","UYGUN"))))) | Q228: =IF(AND(L228<>"",D228="Gelir",I228="Hayır"),L228&"|"&TEXT(COUNTIFS($L$7:L228,L228,$D$7:D228,"Gelir",$I$7:I228,"Hayır"),"000"),"") | R228: =OR(COUNTIF(LST_MUSTERI_ADI,L228)>0,L228=SISTEM!$C$9,L228=SISTEM!$C$10) -> FALSE
...

Sheet VIRMAN
A1: =IFERROR(HYPERLINK("#MENU!A1","☰ MENÜ"),"☰ MENÜ") -> ☰ MENÜ | B1: =IFERROR(HYPERLINK("#MENU!A1","↗"),"↗") -> ↗ | C1: KILIÇ MUHASEBE │ VİRMAN / GERÇEK PARA TRANSFERİ
A2: ✎ VERİ GİRİŞ ALANI — YALNIZ SARI HÜCRELER | C2: Yalnız gerçek para/hesap transferi.
A3: SAKIN: Gerçek para hareketi yoksa VIRMAN kullanmayın.
A4: =IFERROR(HYPERLINK("#MENU!A1","← MENÜ │ VİRMAN"),"← MENÜ │ VİRMAN") -> ← MENÜ │ VİRMAN | H4: =IFERROR(HYPERLINK("#TAHSILAT!A1","TAHSİLAT"),"TAHSİLAT") -> TAHSİLAT | J4: =IFERROR(HYPERLINK("#GELIR_GIDER!A1","GELİR / GİDER"),"GELİR / GİDER") -> GELİR / GİDER | L4: =IFERROR(HYPERLINK("#VIRMAN!A1","VİRMAN"),"VİRMAN") -> VİRMAN | N4: =IFERROR(HYPERLINK("#RAPOR!A1","RAPOR"),"RAPOR") -> RAPOR
B5: TOPLAM TRANSFER | C5: =SUM($F$7:$F$500) -> 1389462 | E5: KAYIT | F5: =COUNTIF($B$7:$B$500,"<>") -> 422 | G5: TRANSFER KURALI │ Yalnız gerçek para hareketi.
B6: İşlem No | C6: Tarih | D6: Para Çıkan Hesap | E6: Para Giren Hesap | F6: Tutar | G6: Açıklama | H6: Belge No | I6: İşlemi Giren | J6: Sistem Kontrolü | K6: Teknik Yasak Açıklama | L6: İşlem Sınıfı
B7: V00001 | C7: 46034 | D7: MERKEZ KASA | E7: ÖMER KARTAL | F7: 15000 | G7: GAZİNO TAHSİLATLARINDAN KALAN BAKİYE | J7: =IF(C7="","",IF(OR(D7="",E7="",F7=""),"EKSİK",IF(D7=E7,"AYNI HESAP OLAMAZ",IF(AND(D7="MERKEZ KASA",E7="ÖMER KARTAL",K7),"YANLIŞ VIRMAN","UYGUN")))) -> UYGUN | K7: =OR(ISNUMBER(SEARCH("MUHASEBE ÜCRETİ",G7&"")),ISNUMBER(SEARCH("SGK",G7&"")),ISNUMBER(SEARCH("MENDERES MAHSUP",G7&"")),ISNUMBER(SEARCH("GRAND 06 ÖMER BAKİYE",G7&""))) -> FALSE | L7: NORMAL CARİ TRANSFER
B8: V00005 | C8: 46053 | D8: MERKEZ KASA | E8: ÖMER KARTAL | F8: 15000 | G8: Onur'un Ömerden Alacağı Bakiye | J8: =IF(C8="","",IF(OR(D8="",E8="",F8=""),"EKSİK",IF(D8=E8,"AYNI HESAP OLAMAZ",IF(AND(D8="MERKEZ KASA",E8="ÖMER KARTAL",K8),"YANLIŞ VIRMAN","UYGUN")))) -> UYGUN | K8: =OR(ISNUMBER(SEARCH("MUHASEBE ÜCRETİ",G8&"")),ISNUMBER(SEARCH("SGK",G8&"")),ISNUMBER(SEARCH("MENDERES MAHSUP",G8&"")),ISNUMBER(SEARCH("GRAND 06 ÖMER BAKİYE",G8&""))) -> FALSE | L8: NORMAL CARİ TRANSFER
B9: V00006 | C9: 46053 | D9: MERKEZ KASA | E9: ÖMER KARTAL | F9: 5000 | G9: ALİ KILIÇ TARAFINDAN HAVALE | J9: =IF(C9="","",IF(OR(D9="",E9="",F9=""),"EKSİK",IF(D9=E9,"AYNI HESAP OLAMAZ",IF(AND(D9="MERKEZ KASA",E9="ÖMER KARTAL",K9),"YANLIŞ VIRMAN","UYGUN")))) -> UYGUN | K9: =OR(ISNUMBER(SEARCH("MUHASEBE ÜCRETİ",G9&"")),ISNUMBER(SEARCH("SGK",G9&"")),ISNUMBER(SEARCH("MENDERES MAHSUP",G9&"")),ISNUMBER(SEARCH("GRAND 06 ÖMER BAKİYE",G9&""))) -> FALSE | L9: NORMAL CARİ TRANSFER
B10: V00010 | C10: 46087 | D10: ÖMER KARTAL | E10: MERKEZ KASA | F10: 15000 | G10: KASAYA NAKİT ÖDENEN | J10: =IF(C10="","",IF(OR(D10="",E10="",F10=""),"EKSİK",IF(D10=E10,"AYNI HESAP OLAMAZ",IF(AND(D10="MERKEZ KASA",E10="ÖMER KARTAL",K10),"YANLIŞ VIRMAN","UYGUN")))) -> UYGUN | K10: =OR(ISNUMBER(SEARCH("MUHASEBE ÜCRETİ",G10&"")),ISNUMBER(SEARCH("SGK",G10&"")),ISNUMBER(SEARCH("MENDERES MAHSUP",G10&"")),ISNUMBER(SEARCH("GRAND 06 ÖMER BAKİYE",G10&""))) -> FALSE | L10: OFİSE GERİ ÖDEME
B11: V00013 | C11: 46137 | D11: MERKEZ KASA | E11: ÖMER KARTAL | F11: 20000 | G11: DAMLA SABANCI HAVALE | J11: =IF(C11="","",IF(OR(D11="",E11="",F11=""),"EKSİK",IF(D11=E11,"AYNI HESAP OLAMAZ",IF(AND(D11="MERKEZ KASA",E11="ÖMER KARTAL",K11),"YANLIŞ VIRMAN","UYGUN")))) -> UYGUN | K11: =OR(ISNUMBER(SEARCH("MUHASEBE ÜCRETİ",G11&"")),ISNUMBER(SEARCH("SGK",G11&"")),ISNUMBER(SEARCH("MENDERES MAHSUP",G11&"")),ISNUMBER(SEARCH("GRAND 06 ÖMER BAKİYE",G11&""))) -> FALSE | L11: NORMAL CARİ TRANSFER
B12: V00016 | C12: 46144 | D12: MERKEZ KASA | E12: ÖMER KARTAL | F12: 1000 | G12: ÖMER NAKİT ÖDENEN ATO | J12: =IF(C12="","",IF(OR(D12="",E12="",F12=""),"EKSİK",IF(D12=E12,"AYNI HESAP OLAMAZ",IF(AND(D12="MERKEZ KASA",E12="ÖMER KARTAL",K12),"YANLIŞ VIRMAN","UYGUN")))) -> UYGUN | K12: =OR(ISNUMBER(SEARCH("MUHASEBE ÜCRETİ",G12&"")),ISNUMBER(SEARCH("SGK",G12&"")),ISNUMBER(SEARCH("MENDERES MAHSUP",G12&"")),ISNUMBER(SEARCH("GRAND 06 ÖMER BAKİYE",G12&""))) -> FALSE | L12: NORMAL CARİ TRANSFER
B13: V00018 | C13: 46173 | D13: MERKEZ KASA | E13: ÖMER KARTAL | F13: 17000 | G13: ÖMER TATİLDEYKEN HAVALE | J13: =IF(C13="","",IF(OR(D13="",E13="",F13=""),"EKSİK",IF(D13=E13,"AYNI HESAP OLAMAZ",IF(AND(D13="MERKEZ KASA",E13="ÖMER KARTAL",K13),"YANLIŞ VIRMAN","UYGUN")))) -> UYGUN | K13: =OR(ISNUMBER(SEARCH("MUHASEBE ÜCRETİ",G13&"")),ISNUMBER(SEARCH("SGK",G13&"")),ISNUMBER(SEARCH("MENDERES MAHSUP",G13&"")),ISNUMBER(SEARCH("GRAND 06 ÖMER BAKİYE",G13&""))) -> FALSE | L13: NORMAL CARİ TRANSFER
B14: V00031 | C14: 46054 | D14: ÖMER KARTAL | E14: MERKEZ KASA | F14: 32000 | G14: ÖMER KARTAL CARİ HESAP KASAYA ÖDEDİĞİ | J14: =IF(C14="","",IF(OR(D14="",E14="",F14=""),"EKSİK",IF(D14=E14,"AYNI HESAP OLAMAZ",IF(AND(D14="MERKEZ KASA",E14="ÖMER KARTAL",K14),"YANLIŞ VIRMAN","UYGUN")))) -> UYGUN | K14: =OR(ISNUMBER(SEARCH("MUHASEBE ÜCRETİ",G14&"")),ISNUMBER(SEARCH("SGK",G14&"")),ISNUMBER(SEARCH("MENDERES MAHSUP",G14&"")),ISNUMBER(SEARCH("GRAND 06 ÖMER BAKİYE",G14&""))) -> FALSE | L14: OFİSE GERİ ÖDEME
B15: V00032 | C15: 46053 | D15: MERKEZ KASA | E15: ÖMER KARTAL | F15: 127783.09 | G15: KÂR PAYI / AVANS ÇEKİŞİ — Ocak Ayı Kâr Payı Ödemesi — eski GELIR_GIDER satır 26 | J15: =IF(C15="","",IF(OR(D15="",E15="",F15=""),"EKSİK",IF(D15=E15,"AYNI HESAP OLAMAZ",IF(AND(D15="MERKEZ KASA",E15="ÖMER KARTAL",K15),"YANLIŞ VIRMAN","UYGUN")))) -> UYGUN | K15: =OR(ISNUMBER(SEARCH("MUHASEBE ÜCRETİ",G15&"")),ISNUMBER(SEARCH("SGK",G15&"")),ISNUMBER(SEARCH("MENDERES MAHSUP",G15&"")),ISNUMBER(SEARCH("GRAND 06 ÖMER BAKİYE",G15&""))) -> FALSE | L15: KÂR PAYI / AVANS
B16: V00033 | C16: 46053 | D16: MERKEZ KASA | E16: ALİ KILIÇ | F16: 127783.09 | G16: KÂR PAYI / AVANS ÇEKİŞİ — Ocak Ayı Kâr Payı Ödemesi — eski GELIR_GIDER satır 27 | J16: =IF(C16="","",IF(OR(D16="",E16="",F16=""),"EKSİK",IF(D16=E16,"AYNI HESAP OLAMAZ",IF(AND(D16="MERKEZ KASA",E16="ÖMER KARTAL",K16),"YANLIŞ VIRMAN","UYGUN")))) -> UYGUN | K16: =OR(ISNUMBER(SEARCH("MUHASEBE ÜCRETİ",G16&"")),ISNUMBER(SEARCH("SGK",G16&"")),ISNUMBER(SEARCH("MENDERES MAHSUP",G16&"")),ISNUMBER(SEARCH("GRAND 06 ÖMER BAKİYE",G16&""))) -> FALSE | L16: KÂR PAYI / AVANS
B17: V00034 | C17: 46081 | D17: MERKEZ KASA | E17: ÖMER KARTAL | F17: 10310.91 | G17: KÂR PAYI / AVANS ÇEKİŞİ — Şubat Ayı Kâr Payı Ödemesi — eski GELIR_GIDER satır 66 | J17: =IF(C17="","",IF(OR(D17="",E17="",F17=""),"EKSİK",IF(D17=E17,"AYNI HESAP OLAMAZ",IF(AND(D17="MERKEZ KASA",E17="ÖMER KARTAL",K17),"YANLIŞ VIRMAN","UYGUN")))) -> UYGUN | K17: =OR(ISNUMBER(SEARCH("MUHASEBE ÜCRETİ",G17&"")),ISNUMBER(SEARCH("SGK",G17&"")),ISNUMBER(SEARCH("MENDERES MAHSUP",G17&"")),ISNUMBER(SEARCH("GRAND 06 ÖMER BAKİYE",G17&""))) -> FALSE | L17: KÂR PAYI / AVANS
B18: V00035 | C18: 46081 | D18: MERKEZ KASA | E18: ALİ KILIÇ | F18: 10310.91 | G18: KÂR PAYI / AVANS ÇEKİŞİ — Şubat Ayı Kâr Payı Ödemesi — eski GELIR_GIDER satır 67 | J18: =IF(C18="","",IF(OR(D18="",E18="",F18=""),"EKSİK",IF(D18=E18,"AYNI HESAP OLAMAZ",IF(AND(D18="MERKEZ KASA",E18="ÖMER KARTAL",K18),"YANLIŞ VIRMAN","UYGUN")))) -> UYGUN | K18: =OR(ISNUMBER(SEARCH("MUHASEBE ÜCRETİ",G18&"")),ISNUMBER(SEARCH("SGK",G18&"")),ISNUMBER(SEARCH("MENDERES MAHSUP",G18&"")),ISNUMBER(SEARCH("GRAND 06 ÖMER BAKİYE",G18&""))) -> FALSE | L18: KÂR PAYI / AVANS
