Workbook
Name LST_MUSTERI_ADI: MUSTERILER!$C$7:$C$106
Name LST_HESAP: HESAPLAR!$B$7:$B$16
Name LST_KATEGORI: SISTEM!$K$8:$K$37
Name CARI_BAKIYE: MUSTERI_360!$I$7:$I$106
Name GECIKMIS_29: MUSTERI_360!$M$7:$M$106
Name NAKIT_POZISYON: HESAPLAR!$K$18
Name SISTEM_SONUC: SISTEM!$F$23:$F$50

Sheet PANO
A1: NECATİBEY OFİS YÖNETİM SİSTEMİ │ YÖNETİM PANOSU
A2: ="Bu ekran karar, alarm ve seçim ekranıdır │ SİSTEM DURUMU: "&IF(COUNTIF(SISTEM!$F$23:$F$50,"KALDI")=0,"KULLANIMA UYGUN","KONTROL GEREKİR")&" │ "&COUNTIF(SISTEM!$F$23:$F$50,"GEÇTİ")&" / "&COUNTIF(SISTEM!$F$23:$F$50,"<>BİLGİ")&" kontrol geçti"
B4: =TEXT(TODAY(),"dd.mm.yyyy")&" │ "&SISTEM!$C$7
B5: MENÜ | D5: AKTİF MÜŞTERİ | G5: TOPLAM CARİ ALACAK | J5: 29+ GÜN GECİKMİŞ | M5: KASA + BANKA
B6: =HYPERLINK("#PANO!A1"," PANO") | D6: =COUNTIF(MUSTERILER!$D$7:$D$106,"Aktif") | G6: =SUM(MUSTERI_360!$I$7:$I$106) | J6: =SUM(MUSTERI_360!$M$7:$M$106) | M6: =HESAPLAR!$K$18
B7: =HYPERLINK("#MUSTERILER!A1"," Müşteriler") | D7: =COUNTA(MUSTERILER!$B$7:$B$106)&" kayıtlı müşteri" | G7: =COUNTIF(MUSTERI_360!$I$7:$I$106,">0")&" müşteride açık bakiye" | J7: =TEXT(IFERROR(SUM(MUSTERI_360!$M$7:$M$106)/SUM(MUSTERI_360!$I$7:$I$106),0),"0,0%")&" toplam alacağın payı" | M7: =COUNTIF(HESAPLAR!$D$7:$D$16,"Aktif")&" aktif hesap"
B8: =HYPERLINK("#UCRETLER!A1"," Haftalık Ücretler")
B9: =HYPERLINK("#TAHSILAT!A1"," Tahsilat") | D9: BU AY NAKİT KÂR | G9: BU AY TAHSİLAT | J9: HAFTALIK TAHAKKUK | M9: GECİKMİŞ İŞ
B10: =HYPERLINK("#GELIR_GIDER!A1"," Gelir / Gider") | D10: =SUMIFS(AY_SONU!$I$7:$I$42,AY_SONU!$B$7:$B$42,">="&EOMONTH(TODAY(),-1)+1,AY_SONU!$B$7:$B$42,"<="&EOMONTH(TODAY(),0)) | G10: =SUMIFS(AY_SONU!$D$7:$D$42,AY_SONU!$B$7:$B$42,">="&EOMONTH(TODAY(),-1)+1,AY_SONU!$B$7:$B$42,"<="&EOMONTH(TODAY(),0)) | J10: =SUMIFS(UCRETLER!$F$7:$F$406,UCRETLER!$G$7:$G$406,"Aktif") | M10: =COUNTIF(AKTIVITE!$Q$7:$Q$1006,"GECİKMİŞ")
B11: =HYPERLINK("#VIRMAN!A1"," Virman") | D11: =TEXT(TODAY(),"mmmm yyyy")&" dönemi" | G11: ="Ay tahakkuku "&TEXT(SUMIFS(AY_SONU!$C$7:$C$42,AY_SONU!$B$7:$B$42,">="&EOMONTH(TODAY(),-1)+1,AY_SONU!$B$7:$B$42,"<="&EOMONTH(TODAY(),0)),"#,##0")&" ₺" | J11: =COUNTIFS(UCRETLER!$G$7:$G$406,"Aktif")&" aktif ücret dönemi" | M11: =COUNTIF(AKTIVITE!$Q$7:$Q$1006,"BUGÜN")&" iş bugün teslim"
B12: =HYPERLINK("#AKTIVITE!A1"," Aktivite")
B13: =HYPERLINK("#MUSTERI_360!A1"," Müşteri 360") | D13: AYLIK NAKİT KÂR EĞRİSİ | H13: TAHAKKUK ↔ TAHSİLAT | L13: ALACAK YAŞLANDIRMASI
B14: =HYPERLINK("#HESAPLAR!A1"," Hesaplar")
B15: =HYPERLINK("#AY_SONU!A1"," Ay Sonu")
B16: =HYPERLINK("#SISTEM!A1"," Sistem & Kontrol")
B17: =HYPERLINK("#BASLANGIC!A1"," Başlangıç")
D23: MÜŞTERİ HIZLI KARTI | J23: BUGÜNÜN UYARILARI
D24: Müşteri seçin | F24: ANKARA HAVANA LTD.ŞTİ. | J24: Gecikmiş müşteri işi | O24: =COUNTIF(AKTIVITE!$Q$7:$Q$1006,"GECİKMİŞ")
D25: Müşteri No | F25: =IF($F$24="","",IFERROR(INDEX(MUSTERI_360!$C$7:$C$106,MATCH($F$24,MUSTERI_360!$C$7:$C$106,0)),"")) | J25: Bugün teslim edilecek iş | O25: =COUNTIF(AKTIVITE!$Q$7:$Q$1006,"BUGÜN")
D26: Borç Durumu | F26: =IF($F$24="","",IFERROR(INDEX(MUSTERI_360!$P$7:$P$106,MATCH($F$24,MUSTERI_360!$C$7:$C$106,0)),"")) | J26: 7 gün içindeki işler | O26: =COUNTIF(AKTIVITE!$Q$7:$Q$1006,"7 GÜN İÇİNDE")
D27: Haftalık Ücret | F27: =IF($F$24="","",IFERROR(INDEX(MUSTERI_360!$D$7:$D$106,MATCH($F$24,MUSTERI_360!$C$7:$C$106,0)),"")) | J27: Gecikmiş müşteri teması | O27: =COUNTIFS(AKTIVITE!$C$7:$C$1006,"Görüşme",AKTIVITE!$Q$7:$Q$1006,"GECİKMİŞ")
D28: Devir Alacağı | F28: =IF($F$24="","",IFERROR(INDEX(MUSTERI_360!$E$7:$E$106,MATCH($F$24,MUSTERI_360!$C$7:$C$106,0)),"")) | J28: Kritik borç durumundaki müşteri | O28: =COUNTIF(MUSTERI_360!$P$7:$P$106,"KRİTİK")
D29: Yeni Tahakkuk | F29: =IF($F$24="","",IFERROR(INDEX(MUSTERI_360!$F$7:$F$106,MATCH($F$24,MUSTERI_360!$C$7:$C$106,0)),"")) | J29: Bilgisi eksik müşteri kaydı | O29: =COUNTIF(MUSTERILER!$P$7:$P$106,"EKSİK")
D30: Toplam Borç | F30: =IF($F$24="","",IFERROR(INDEX(MUSTERI_360!$G$7:$G$106,MATCH($F$24,MUSTERI_360!$C$7:$C$106,0)),"")) | J30: Aktif ama ücretsiz müşteri | O30: =COUNTIFS(MUSTERILER!$D$7:$D$106,"Aktif",MUSTERILER!$O$7:$O$106,"HAYIR")
D31: Toplam Tahsilat | F31: =IF($F$24="","",IFERROR(INDEX(MUSTERI_360!$H$7:$H$106,MATCH($F$24,MUSTERI_360!$C$7:$C$106,0)),"")) | J31: Eksik tahsilat kaydı | O31: =COUNTIF(TAHSILAT!$M$7:$M$1506,"EKSİK")
D32: Cari Bakiye | F32: =IF($F$24="","",IFERROR(INDEX(MUSTERI_360!$I$7:$I$106,MATCH($F$24,MUSTERI_360!$C$7:$C$106,0)),"")) | J32: Eksik gelir/gider kaydı | O32: =COUNTIF(GELIR_GIDER!$M$7:$M$1206,"EKSİK")
D33: 0–7 Gün | F33: =IF($F$24="","",IFERROR(INDEX(MUSTERI_360!$J$7:$J$106,MATCH($F$24,MUSTERI_360!$C$7:$C$106,0)),"")) | J33: Sistem kontrolünde KALDI satırı | O33: =COUNTIF(SISTEM!$F$23:$F$50,"KALDI")
D34: 8–14 Gün | F34: =IF($F$24="","",IFERROR(INDEX(MUSTERI_360!$K$7:$K$106,MATCH($F$24,MUSTERI_360!$C$7:$C$106,0)),""))
D35: 15–28 Gün | F35: =IF($F$24="","",IFERROR(INDEX(MUSTERI_360!$L$7:$L$106,MATCH($F$24,MUSTERI_360!$C$7:$C$106,0)),""))
D36: 29+ Gün | F36: =IF($F$24="","",IFERROR(INDEX(MUSTERI_360!$M$7:$M$106,MATCH($F$24,MUSTERI_360!$C$7:$C$106,0)),""))
D37: Tahsilat Oranı | F37: =IF($F$24="","",IFERROR(INDEX(MUSTERI_360!$N$7:$N$106,MATCH($F$24,MUSTERI_360!$C$7:$C$106,0)),""))
D38: Son Tahsilat | F38: =IF($F$24="","",IFERROR(INDEX(MUSTERI_360!$O$7:$O$106,MATCH($F$24,MUSTERI_360!$C$7:$C$106,0)),""))
D39: Önerilen İşlem | F39: =IF($F$24="","",IFERROR(INDEX(MUSTERI_360!$Q$7:$Q$106,MATCH($F$24,MUSTERI_360!$C$7:$C$106,0)),""))

Sheet BASLANGIC
A1: NECATİBEY OFİS YÖNETİM SİSTEMİ │ BAŞLANGIÇ │ AMAÇ, RENK KİLAVUZU VE KULLANIM
A2: Bu ekran sistemin kimlik kartıdır │ İlk kez açıyorsanız baştan sona okuyun
B4: =HYPERLINK("#PANO!A1","← PANO")
B5: NECATİBEY MUHASEBE OFİSİ │ OFİS YÖNETİM SİSTEMİ
B6: Enterprise Exclusive sürüm │ Haftalık ücretle çalışan muhasebe ofisleri için müşteri, tahakkuk, tahsilat, cari, kasa ve ortak payı yönetimi
B8: 1. BU EXCEL NE İÇİN ÜRETİLDİ?
B9: Başlık | D9: Açıklama
B10: Amaç | D10: Haftalık ücretle çalışan bir muhasebe ofisinin tüm ticari işleyişini tek dosyada, tek veri girişiyle ve kendi kendini denetleyen bir yapıyla yönetmek.
B11: Kimin için? | D11: Müşterilerinden haftalık / dönemsel ücret tahsil eden, ortaklı veya tek kişilik muhasebe ve mali müşavirlik ofisleri için.
B12: Neyi çözer? | D12: “Kim ne kadar borçlu, bu borç kaç günlük, kasada ne kadar param var, bu ay gerçekten ne kazandım ve ortaklara ne dağıtabilirim” sorularını tahmine dayanmadan cevaplar.
B13: Nasıl çalışır? | D13: Siz yalnızca sarı hücrelere gerçek işlemi girersiniz. Cari hesap, yaşlandırma, kasa bakiyesi, aylık kapanış ve ortak payları otomatik olarak hesaplanır.
B14: Neden güvenilir? | D14: Sistem her açılışta 28 otomatik kontrol çalıştırır. Bir tanesi bile KALDI verirse ay kapatılamaz; hata sessizce geçmez.
B15: Tahakkuk esası | D15: Haftalık ücret her Cumartesi otomatik tahakkuk eder. Ücret değiştiğinde eski dönem kapatılır, yeni dönem açılır; geçmiş hesaplar asla bozulmaz.
B16: Kâr esası | D16: Dağıtım yalnız tahsil edilmiş nakit kârdan yapılır. Tahsil edilmemiş müşteri alacağı kâr sayılmaz ve ortaklara dağıtılmaz.
B18: 2. RENK KİLAVUZU │ EKRANDAKİ RENKLER NE ANLAMA GELİR?
B19: Renk | C19: Ne görünür | E19: Anlamı | G19: Ne yapmanız gerekir
B20: ■ | C20: SARI ZEMİN / MAVİ YAZI | E20: Veri giriş alanı | G20: Bu hücrelere siz yazarsınız. Sistemin tek besleme kaynağı bu alanlardır.
B21: ■ | C21: BEYAZ ZEMİN / SİYAH YAZI | E21: Otomatik hesaplanan alan | G21: Sistem hesaplar, kilitlidir. Elle değiştirilemez; değiştirmeye çalışırsanız uyarı alırsınız.
B22: ■ | C22: LACİVERT BANT | E22: Başlık ve tablo başlığı | G22: Ekran adı ve sütun başlıkları. Altındaki altın çizgi tablonun başladığı yeri gösterir.
B23: ■ | C23: AÇIK MAVİ SATIR | E23: TOPLAM satırı | G23: Tablo başlığının hemen üstünde durur ve aşağı kaydırsanız da ekranda kalır.
B24: ■ | C24: YEŞİL ROZET | E24: UYGUN / GEÇTİ / TEMİZ | G24: Kayıt eksiksiz, kontrol başarılı. Herhangi bir işlem gerekmiyor.
B25: ■ | C25: TURUNCU ROZET | E25: EKSİK / BUGÜN / ORTA | G25: Dikkat gerektirir. Kayıt tamamlanmalı veya iş bugün teslim edilmeli.
B26: ■ | C26: KIRMIZI ROZET | E26: HATA / KALDI / KRİTİK / GECİKMİŞ | G26: Acil müdahale. Kırmızı satır varken ay sonu kapatılmamalıdır.
B27: ■ | C27: GRİ ROZET | E27: PASİF / PLANLI / İZLE | G27: Bilgi amaçlıdır, işlem gerektirmez.
B29: 3. SEKME RENK HARİTASI │ ALTTAKİ SEKME RENKLERİ NE İŞE YARAR?
B30: Renk | C30: Sekme | D30: Ne için? | F30: Açıklama
B31: ■ | C31: =HYPERLINK("#PANO!A1","PANO") | D31: Yönetim panosu | F31: Günüe buradan başlayın: özet rakamlar, grafikler ve uyarılar.
B32: ■ | C32: =HYPERLINK("#BASLANGIC!A1","BASLANGIC") | D32: Kullanım kılavuzu | F32: Şu an okuduğunuz ekran. Amaç, renk kuralı ve adımlar.
B33: ■ | C33: =HYPERLINK("#MUSTERILER!A1","MUSTERILER") | D33: Ana müşteri kartı | F33: Her müşteri için tek kayıt. Devir alacağı burada tanımlanır.
B34: ■ | C34: =HYPERLINK("#UCRETLER!A1","UCRETLER") | D34: Haftalık ücret dönemleri | F34: Fiyat geçmişi. Tahakkuk motorunun kaynağı.
B35: ■ | C35: =HYPERLINK("#TAHSILAT!A1","TAHSILAT") | D35: Müşteri tahsilatı | F35: Müşteriden gelen her ödeme yalnız buraya girilir.
B36: ■ | C36: =HYPERLINK("#GELIR_GIDER!A1","GELIR_GIDER") | D36: Ofis gelir ve giderleri | F36: Kira, personel, fatura gibi müşteri dışı hareketler.
B37: ■ | C37: =HYPERLINK("#VIRMAN!A1","VIRMAN") | D37: Hesaplar arası transfer | F37: Kasadan bankaya para geçişi. Kârı etkilemez.
B38: ■ | C38: =HYPERLINK("#AKTIVITE!A1","AKTIVITE") | D38: İşler ve görüşmeler | F38: Beyanname, bildirim, telefon, toplantı ve son tarihler.
B39: ■ | C39: =HYPERLINK("#MUSTERI_360!A1","MUSTERI_360") | D39: Cari ve yaşlandırma | F39: Salt okunur karar ekranı. Kimden ne kadar alacaksınız?
B40: ■ | C40: =HYPERLINK("#HESAPLAR!A1","HESAPLAR") | D40: Kasa ve banka | F40: Her hesabın güncel bakiyesi ve toplam nakit pozisyonu.
B41: ■ | C41: =HYPERLINK("#AY_SONU!A1","AY_SONU") | D41: Aylık kapanış | F41: Nakit kâr, dağıtılabilir kâr ve ortak payları.
B42: ■ | C42: =HYPERLINK("#SISTEM!A1","SISTEM") | D42: Ayarlar ve kontrol | F42: Ortak payları, kategoriler ve 28 otomatik denetim.
B44: 4. 11 ADIMDA KULLANIM │ HANGİ EKRANA NE GİRİLİR?
B45: Adım | C45: Ne yapılacak? | D45: Hangi ekran? | E45: Kullanıcı ne girer? | G45: Sistem ne yapar? | H45: Kontrol noktası | I45: Sıklık
B46: 1 | C46: Müşteri kartı aç | D46: =HYPERLINK("#MUSTERILER!A1","MUSTERILER") | E46: Müşteri no, unvan, durum ve varsa devir alacağı | G46: Müşteri tüm ekranlara tanıtılır | H46: Kayıt Kontrolü = UYGUN | I46: Yeni müşteride
B47: 2 | C47: Haftalık ücreti tanımla | D47: =HYPERLINK("#UCRETLER!A1","UCRETLER") | E47: Başlangıç Cumartesi tarihi ve haftalık ücret | G47: Her Cumartesi otomatik tahakkuk oluşur | H47: Sistem Kontrolü = UYGUN | I47: Yeni müşteride
B48: 3 | C48: Ücret değişikliğini işle | D48: =HYPERLINK("#UCRETLER!A1","UCRETLER") | E48: Eski satıra bitiş Cumartesi, yeni satıra yeni ücret | G48: Geçmiş haftalar bozulmadan yeni fiyat uygulanır | H48: İki aktif dönem çakışmamalı | I48: Ücret değişinde
B49: 4 | C49: Tahsilat gir | D49: =HYPERLINK("#TAHSILAT!A1","TAHSILAT") | E49: Müşteri no, tarih, tutar, kasa/banka | G49: Cari, kasa, aylık kapanış ve nakit kâr güncellenir | H49: Kayıt Kontrolü = UYGUN | I49: Ödeme geldikçe
B50: 5 | C50: Gelir / gider gir | D50: =HYPERLINK("#GELIR_GIDER!A1","GELIR_GIDER") | E50: Tarih, tür, kategori, tutar, hesap, gerçekleşti | G50: Kasa bakiyesi ve nakit kâr güncellenir | H50: Gerçekleşti = Evet olmalı | I50: Harcama oldukça
B51: 6 | C51: Hesaplar arası transfer | D51: =HYPERLINK("#VIRMAN!A1","VIRMAN") | E51: Çıkan hesap, giren hesap, tutar | G51: Yalnız paranın yeri değişir, kâr etkilenmez | H51: Sistem Kontrolü = UYGUN | I51: Para taşınınca
B52: 7 | C52: İş ve görüşme kaydet | D52: =HYPERLINK("#AKTIVITE!A1","AKTIVITE") | E52: Tür, müşteri, konu, son tarih, sorumlu | G52: Gecikme uyarısı ve sonraki adım üretir | H52: Uyarı = GECİKMİŞ olmamalı | I52: Her gün
B53: 8 | C53: Alacağı izle | D53: =HYPERLINK("#MUSTERI_360!A1","MUSTERI_360") | E53: Veri girilmez, yalnız okunur | G53: Cari, yaşlandırma ve önerilen işlem | H53: Kontrol = UYGUN | I53: Haftada bir
B54: 9 | C54: Nakit pozisyonunu gör | D54: =HYPERLINK("#HESAPLAR!A1","HESAPLAR") | E54: Yeni hesap adı ve açılış bakiyesi | G54: Her hesabın güncel bakiyesi hesaplanır | H54: Toplam nakit pozisyonu | I54: Her gün
B55: 10 | C55: Ayı kapat | D55: =HYPERLINK("#AY_SONU!A1","AY_SONU") | E55: Dağıtıldı mı ve ortak ödemeleri | G55: Nakit kâr, dağıtılabilir kâr ve ortak payları | H55: Dönem Durumu = KAPANABİLİR | I55: Ay sonunda
B56: 11 | C56: Sistemi denetle | D56: =HYPERLINK("#SISTEM!A1","SISTEM") | E56: Ortak payı, kasa tamponu, kategoriler | G56: 28 otomatik kontrol çalışır | H56: Tüm satırlar GEÇTİ olmalı | I56: Ay kapatmadan önce
B58: 5. DEĞİŞMEZ KURALLAR │ BU KURALLAR BOZULURSA SİSTEM YANLIŞ SONUÇ VERİR
B59: Kural | D59: Uygulama | G59: Yasak
B60: Tek veri girişi | D60: Bir gerçek işlem yalnız bir ekrana girilir. | G60: ✖ Aynı tahsilatı cariye veya kasaya tekrar yazmak
B61: Ücret geçmişi | D61: Eski dönemi kapat, yeni dönem aç. | G61: ✖ Eski ücreti geriye dönük değiştirmek
B62: Kâr dağıtımı | D62: Dağıtım yalnız tahsil edilmiş nakit kârdan yapılır. | G62: ✖ Tahsil edilmemiş cari alacağı kâr sayarak dağıtmak
B63: Formül disiplini | D63: Her fark ayrı bir işlem satırı olarak girilir. | G63: ✖ Formülün içine elle rakam eklemek
B64: Virman | D64: Hesaplar arası transfer VIRMAN ekranına girilir. | G64: ✖ Transferi gelir veya gider olarak yazmak
B65: Devir bakiyesi | D65: Eski alacak tek satırda devir olarak taşınır. | G65: ✖ Geçmiş haftalık tahakkukları uydurarak yeniden üretmek
B67: 6. KORUMA VE GÜVENLİK
B68: Konu | D68: Değer | E68: Açıklama
B69: Sayfa şifresi | D69: 1234 | E69: Otomatik hücreler kilitlidir. Yapıyı değiştirmek gerekirse: Gözden Geçir ▸ Sayfa Korumasını Kaldır ▸ Şifre: 1234
B70: Yedekleme | D70: Haftada bir | E70: Dosyayı hafta sonu tarih ekleyerek kopyalayın (örnek: Ofis_Yonetim_2026-08-29.xlsx).
B71: Uyumluluk | D71: Windows Excel | E71: Windows üzerinde Microsoft Excel 2016 ve üzeri için optimize edilmiştir. Makro içermez, güvenlik uyarısı vermez.
B72: Kapasite | D72: Hazır satır | E72: 100 müşteri │ 400 ücret dönemi │ 1.500 tahsilat │ 1.200 gelir-gider │ 400 virman │ 1.000 aktivite │ 36 ay kapanış.

Sheet MUSTERILER
A1: NECATİBEY OFİS YÖNETİM SİSTEMİ │ MÜŞTERİLER
A2: Ana müşteri kartı │ Her müşteri için tek kayıt │ Devir alacağı bu ekranda tanımlanır
B4: =HYPERLINK("#PANO!A1","← PANO") | D4: =HYPERLINK("#UCRETLER!A1","Haftalık Ücretler") | F4: =HYPERLINK("#MUSTERI_360!A1","Müşteri 360") | H4: Sarı hücreler veri girişidir. Beyaz hücreler sistem tarafından hesaplanır ve kilitlidir. Devir Alacak Tarihi yaşlandırmayı belirler — boş bırakılırsa tutar 29+ gün kabul edilir.
C5: TOPLAM │ Aktif müşteri ve devir alacağı | D5: =COUNTIF($D$7:$D$106,"Aktif") | J5: =SUM($J$7:$J$106)
B6: Müşteri No | C6: Müşteri / Mükellef Unvanı | D6: Durum | E6: Sorumlu Kişi | F6: Telefon | G6: Vergi No | H6: Ödeme Şekli | I6: Başlangıç Tarihi | J6: Devir Alacağı | K6: Devir Alacak Tarihi | L6: Devir Kaynağı | M6: Özel Not | N6: Bilgi Durumu | O6: Aktif Ücret Tanımı | P6: Kayıt Kontrolü
B7: M001 | C7: ANKARA HAVANA LTD.ŞTİ. | D7: Aktif | J7: 16200 | K7: 46200 | L7: Eski dosya │ 27.06.2026 dahil alacaklar | N7: Doğrulandı | O7: =IF($B7="","",IF(COUNTIFS(UCRETLER!$B$7:$B$406,$B7,UCRETLER!$G$7:$G$406,"Aktif")>0,"EVET","HAYIR")) | P7: =IF($B7="","",IF($C7="","EKSİK",IF(COUNTIF($B$7:$B$106,$B7)>1,"NO TEKRARI",IF(AND($J7>0,$K7=""),"DEVİR TARİHİ EKSİK","UYGUN"))))
B8: M002 | C8: ESERLİ LTD.ŞTİ. | D8: Aktif | J8: 109700 | K8: 46200 | L8: Eski dosya │ 27.06.2026 dahil alacaklar | N8: Doğrulandı | O8: =IF($B8="","",IF(COUNTIFS(UCRETLER!$B$7:$B$406,$B8,UCRETLER!$G$7:$G$406,"Aktif")>0,"EVET","HAYIR")) | P8: =IF($B8="","",IF($C8="","EKSİK",IF(COUNTIF($B$7:$B$106,$B8)>1,"NO TEKRARI",IF(AND($J8>0,$K8=""),"DEVİR TARİHİ EKSİK","UYGUN"))))
B9: M003 | C9: TYANA LTD.ŞTİ. | D9: Aktif | J9: 87950 | K9: 46200 | L9: Eski dosya │ 27.06.2026 dahil alacaklar | N9: Doğrulandı | O9: =IF($B9="","",IF(COUNTIFS(UCRETLER!$B$7:$B$406,$B9,UCRETLER!$G$7:$G$406,"Aktif")>0,"EVET","HAYIR")) | P9: =IF($B9="","",IF($C9="","EKSİK",IF(COUNTIF($B$7:$B$106,$B9)>1,"NO TEKRARI",IF(AND($J9>0,$K9=""),"DEVİR TARİHİ EKSİK","UYGUN"))))
B10: M004 | C10: ZÜMRÜT EĞLENCE LTD.ŞTİ. | D10: Aktif | J10: 31900 | K10: 46200 | L10: Eski dosya │ 27.06.2026 dahil alacaklar | N10: Doğrulandı | O10: =IF($B10="","",IF(COUNTIFS(UCRETLER!$B$7:$B$406,$B10,UCRETLER!$G$7:$G$406,"Aktif")>0,"EVET","HAYIR")) | P10: =IF($B10="","",IF($C10="","EKSİK",IF(COUNTIF($B$7:$B$106,$B10)>1,"NO TEKRARI",IF(AND($J10>0,$K10=""),"DEVİR TARİHİ EKSİK","UYGUN"))))
B11: M005 | C11: ZÜMRÜT GRUP LTD.ŞTİ. | D11: Aktif | J11: 34700 | K11: 46200 | L11: Eski dosya │ 27.06.2026 dahil alacaklar | N11: Doğrulandı | O11: =IF($B11="","",IF(COUNTIFS(UCRETLER!$B$7:$B$406,$B11,UCRETLER!$G$7:$G$406,"Aktif")>0,"EVET","HAYIR")) | P11: =IF($B11="","",IF($C11="","EKSİK",IF(COUNTIF($B$7:$B$106,$B11)>1,"NO TEKRARI",IF(AND($J11>0,$K11=""),"DEVİR TARİHİ EKSİK","UYGUN"))))
B12: M006 | C12: VOLKAN AÇIK | D12: Aktif | J12: 25000 | K12: 46200 | L12: Eski dosya │ 27.06.2026 dahil alacaklar | N12: Doğrulandı | O12: =IF($B12="","",IF(COUNTIFS(UCRETLER!$B$7:$B$406,$B12,UCRETLER!$G$7:$G$406,"Aktif")>0,"EVET","HAYIR")) | P12: =IF($B12="","",IF($C12="","EKSİK",IF(COUNTIF($B$7:$B$106,$B12)>1,"NO TEKRARI",IF(AND($J12>0,$K12=""),"DEVİR TARİHİ EKSİK","UYGUN"))))
B13: M007 | C13: MONAMOUR LTD.ŞTİ. | D13: Aktif | J13: 30900 | K13: 46200 | L13: Eski dosya │ 27.06.2026 dahil alacaklar | N13: Doğrulandı | O13: =IF($B13="","",IF(COUNTIFS(UCRETLER!$B$7:$B$406,$B13,UCRETLER!$G$7:$G$406,"Aktif")>0,"EVET","HAYIR")) | P13: =IF($B13="","",IF($C13="","EKSİK",IF(COUNTIF($B$7:$B$106,$B13)>1,"NO TEKRARI",IF(AND($J13>0,$K13=""),"DEVİR TARİHİ EKSİK","UYGUN"))))
B14: M008 | C14: KÖŞK YÜKSELEN LTD.ŞTİ. | D14: Aktif | J14: 132650 | K14: 46200 | L14: Eski dosya │ 27.06.2026 dahil alacaklar | N14: Doğrulandı | O14: =IF($B14="","",IF(COUNTIFS(UCRETLER!$B$7:$B$406,$B14,UCRETLER!$G$7:$G$406,"Aktif")>0,"EVET","HAYIR")) | P14: =IF($B14="","",IF($C14="","EKSİK",IF(COUNTIF($B$7:$B$106,$B14)>1,"NO TEKRARI",IF(AND($J14>0,$K14=""),"DEVİR TARİHİ EKSİK","UYGUN"))))
B15: M009 | C15: PakYıldız Ltd.Şti. | D15: Beklemede | N15: Ücret doğrulanmalı | O15: =IF($B15="","",IF(COUNTIFS(UCRETLER!$B$7:$B$406,$B15,UCRETLER!$G$7:$G$406,"Aktif")>0,"EVET","HAYIR")) | P15: =IF($B15="","",IF($C15="","EKSİK",IF(COUNTIF($B$7:$B$106,$B15)>1,"NO TEKRARI",IF(AND($J15>0,$K15=""),"DEVİR TARİHİ EKSİK","UYGUN"))))
B16: M010 | C16: Özfidanlar Ltd.Şti. | D16: Beklemede | N16: Ücret doğrulanmalı | O16: =IF($B16="","",IF(COUNTIFS(UCRETLER!$B$7:$B$406,$B16,UCRETLER!$G$7:$G$406,"Aktif")>0,"EVET","HAYIR")) | P16: =IF($B16="","",IF($C16="","EKSİK",IF(COUNTIF($B$7:$B$106,$B16)>1,"NO TEKRARI",IF(AND($J16>0,$K16=""),"DEVİR TARİHİ EKSİK","UYGUN"))))
B17: M011 | C17: Eğlengör Ltd.Şti. | D17: Beklemede | N17: Ücret doğrulanmalı | O17: =IF($B17="","",IF(COUNTIFS(UCRETLER!$B$7:$B$406,$B17,UCRETLER!$G$7:$G$406,"Aktif")>0,"EVET","HAYIR")) | P17: =IF($B17="","",IF($C17="","EKSİK",IF(COUNTIF($B$7:$B$106,$B17)>1,"NO TEKRARI",IF(AND($J17>0,$K17=""),"DEVİR TARİHİ EKSİK","UYGUN"))))
B18: M012 | C18: İldeş Ltd.Şti. | D18: Beklemede | N18: Ücret doğrulanmalı | O18: =IF($B18="","",IF(COUNTIFS(UCRETLER!$B$7:$B$406,$B18,UCRETLER!$G$7:$G$406,"Aktif")>0,"EVET","HAYIR")) | P18: =IF($B18="","",IF($C18="","EKSİK",IF(COUNTIF($B$7:$B$106,$B18)>1,"NO TEKRARI",IF(AND($J18>0,$K18=""),"DEVİR TARİHİ EKSİK","UYGUN"))))
B19: M013 | C19: Naz 1 Gıda Ltd.Şti. | D19: Beklemede | N19: Ücret doğrulanmalı | O19: =IF($B19="","",IF(COUNTIFS(UCRETLER!$B$7:$B$406,$B19,UCRETLER!$G$7:$G$406,"Aktif")>0,"EVET","HAYIR")) | P19: =IF($B19="","",IF($C19="","EKSİK",IF(COUNTIF($B$7:$B$106,$B19)>1,"NO TEKRARI",IF(AND($J19>0,$K19=""),"DEVİR TARİHİ EKSİK","UYGUN"))))
B20: M014 | C20: Final Siyah Beyaz Ltd.Şti. | D20: Beklemede | N20: Ücret doğrulanmalı | O20: =IF($B20="","",IF(COUNTIFS(UCRETLER!$B$7:$B$406,$B20,UCRETLER!$G$7:$G$406,"Aktif")>0,"EVET","HAYIR")) | P20: =IF($B20="","",IF($C20="","EKSİK",IF(COUNTIF($B$7:$B$106,$B20)>1,"NO TEKRARI",IF(AND($J20>0,$K20=""),"DEVİR TARİHİ EKSİK","UYGUN"))))
B21: M015 | C21: Çayıralan Ltd.Şti. | D21: Beklemede | N21: Ücret doğrulanmalı | O21: =IF($B21="","",IF(COUNTIFS(UCRETLER!$B$7:$B$406,$B21,UCRETLER!$G$7:$G$406,"Aktif")>0,"EVET","HAYIR")) | P21: =IF($B21="","",IF($C21="","EKSİK",IF(COUNTIF($B$7:$B$106,$B21)>1,"NO TEKRARI",IF(AND($J21>0,$K21=""),"DEVİR TARİHİ EKSİK","UYGUN"))))
B22: M016 | C22: Rix Şow Ltd.Şti. | D22: Beklemede | N22: Ücret doğrulanmalı | O22: =IF($B22="","",IF(COUNTIFS(UCRETLER!$B$7:$B$406,$B22,UCRETLER!$G$7:$G$406,"Aktif")>0,"EVET","HAYIR")) | P22: =IF($B22="","",IF($C22="","EKSİK",IF(COUNTIF($B$7:$B$106,$B22)>1,"NO TEKRARI",IF(AND($J22>0,$K22=""),"DEVİR TARİHİ EKSİK","UYGUN"))))
B23: M017 | C23: ASM Eğlence Ltd.Şti. | D23: Beklemede | N23: Ücret doğrulanmalı | O23: =IF($B23="","",IF(COUNTIFS(UCRETLER!$B$7:$B$406,$B23,UCRETLER!$G$7:$G$406,"Aktif")>0,"EVET","HAYIR")) | P23: =IF($B23="","",IF($C23="","EKSİK",IF(COUNTIF($B$7:$B$106,$B23)>1,"NO TEKRARI",IF(AND($J23>0,$K23=""),"DEVİR TARİHİ EKSİK","UYGUN"))))
B24: M018 | C24: Çınarhan Ltd.Şti. | D24: Beklemede | N24: Ücret doğrulanmalı | O24: =IF($B24="","",IF(COUNTIFS(UCRETLER!$B$7:$B$406,$B24,UCRETLER!$G$7:$G$406,"Aktif")>0,"EVET","HAYIR")) | P24: =IF($B24="","",IF($C24="","EKSİK",IF(COUNTIF($B$7:$B$106,$B24)>1,"NO TEKRARI",IF(AND($J24>0,$K24=""),"DEVİR TARİHİ EKSİK","UYGUN"))))
B25: M019 | C25: AC Otel Ltd.Şti. | D25: Beklemede | N25: Ücret doğrulanmalı | O25: =IF($B25="","",IF(COUNTIFS(UCRETLER!$B$7:$B$406,$B25,UCRETLER!$G$7:$G$406,"Aktif")>0,"EVET","HAYIR")) | P25: =IF($B25="","",IF($C25="","EKSİK",IF(COUNTIF($B$7:$B$106,$B25)>1,"NO TEKRARI",IF(AND($J25>0,$K25=""),"DEVİR TARİHİ EKSİK","UYGUN"))))
B26: M020 | C26: Kristal Ltd.Şti. | D26: Beklemede | N26: Ücret doğrulanmalı | O26: =IF($B26="","",IF(COUNTIFS(UCRETLER!$B$7:$B$406,$B26,UCRETLER!$G$7:$G$406,"Aktif")>0,"EVET","HAYIR")) | P26: =IF($B26="","",IF($C26="","EKSİK",IF(COUNTIF($B$7:$B$106,$B26)>1,"NO TEKRARI",IF(AND($J26>0,$K26=""),"DEVİR TARİHİ EKSİK","UYGUN"))))
B27: M021 | C27: Aron Toptan Ltd.Şti. | D27: Beklemede | N27: Ücret doğrulanmalı | O27: =IF($B27="","",IF(COUNTIFS(UCRETLER!$B$7:$B$406,$B27,UCRETLER!$G$7:$G$406,"Aktif")>0,"EVET","HAYIR")) | P27: =IF($B27="","",IF($C27="","EKSİK",IF(COUNTIF($B$7:$B$106,$B27)>1,"NO TEKRARI",IF(AND($J27>0,$K27=""),"DEVİR TARİHİ EKSİK","UYGUN"))))
O28: =IF($B28="","",IF(COUNTIFS(UCRETLER!$B$7:$B$406,$B28,UCRETLER!$G$7:$G$406,"Aktif")>0,"EVET","HAYIR")) | P28: =IF($B28="","",IF($C28="","EKSİK",IF(COUNTIF($B$7:$B$106,$B28)>1,"NO TEKRARI",IF(AND($J28>0,$K28=""),"DEVİR TARİHİ EKSİK","UYGUN"))))
O29: =IF($B29="","",IF(COUNTIFS(UCRETLER!$B$7:$B$406,$B29,UCRETLER!$G$7:$G$406,"Aktif")>0,"EVET","HAYIR")) | P29: =IF($B29="","",IF($C29="","EKSİK",IF(COUNTIF($B$7:$B$106,$B29)>1,"NO TEKRARI",IF(AND($J29>0,$K29=""),"DEVİR TARİHİ EKSİK","UYGUN"))))
O30: =IF($B30="","",IF(COUNTIFS(UCRETLER!$B$7:$B$406,$B30,UCRETLER!$G$7:$G$406,"Aktif")>0,"EVET","HAYIR")) | P30: =IF($B30="","",IF($C30="","EKSİK",IF(COUNTIF($B$7:$B$106,$B30)>1,"NO TEKRARI",IF(AND($J30>0,$K30=""),"DEVİR TARİHİ EKSİK","UYGUN"))))
O31: =IF($B31="","",IF(COUNTIFS(UCRETLER!$B$7:$B$406,$B31,UCRETLER!$G$7:$G$406,"Aktif")>0,"EVET","HAYIR")) | P31: =IF($B31="","",IF($C31="","EKSİK",IF(COUNTIF($B$7:$B$106,$B31)>1,"NO TEKRARI",IF(AND($J31>0,$K31=""),"DEVİR TARİHİ EKSİK","UYGUN"))))
O32: =IF($B32="","",IF(COUNTIFS(UCRETLER!$B$7:$B$406,$B32,UCRETLER!$G$7:$G$406,"Aktif")>0,"EVET","HAYIR")) | P32: =IF($B32="","",IF($C32="","EKSİK",IF(COUNTIF($B$7:$B$106,$B32)>1,"NO TEKRARI",IF(AND($J32>0,$K32=""),"DEVİR TARİHİ EKSİK","UYGUN"))))
O33: =IF($B33="","",IF(COUNTIFS(UCRETLER!$B$7:$B$406,$B33,UCRETLER!$G$7:$G$406,"Aktif")>0,"EVET","HAYIR")) | P33: =IF($B33="","",IF($C33="","EKSİK",IF(COUNTIF($B$7:$B$106,$B33)>1,"NO TEKRARI",IF(AND($J33>0,$K33=""),"DEVİR TARİHİ EKSİK","UYGUN"))))
O34: =IF($B34="","",IF(COUNTIFS(UCRETLER!$B$7:$B$406,$B34,UCRETLER!$G$7:$G$406,"Aktif")>0,"EVET","HAYIR")) | P34: =IF($B34="","",IF($C34="","EKSİK",IF(COUNTIF($B$7:$B$106,$B34)>1,"NO TEKRARI",IF(AND($J34>0,$K34=""),"DEVİR TARİHİ EKSİK","UYGUN"))))
O35: =IF($B35="","",IF(COUNTIFS(UCRETLER!$B$7:$B$406,$B35,UCRETLER!$G$7:$G$406,"Aktif")>0,"EVET","HAYIR")) | P35: =IF($B35="","",IF($C35="","EKSİK",IF(COUNTIF($B$7:$B$106,$B35)>1,"NO TEKRARI",IF(AND($J35>0,$K35=""),"DEVİR TARİHİ EKSİK","UYGUN"))))
O36: =IF($B36="","",IF(COUNTIFS(UCRETLER!$B$7:$B$406,$B36,UCRETLER!$G$7:$G$406,"Aktif")>0,"EVET","HAYIR")) | P36: =IF($B36="","",IF($C36="","EKSİK",IF(COUNTIF($B$7:$B$106,$B36)>1,"NO TEKRARI",IF(AND($J36>0,$K36=""),"DEVİR TARİHİ EKSİK","UYGUN"))))
O37: =IF($B37="","",IF(COUNTIFS(UCRETLER!$B$7:$B$406,$B37,UCRETLER!$G$7:$G$406,"Aktif")>0,"EVET","HAYIR")) | P37: =IF($B37="","",IF($C37="","EKSİK",IF(COUNTIF($B$7:$B$106,$B37)>1,"NO TEKRARI",IF(AND($J37>0,$K37=""),"DEVİR TARİHİ EKSİK","UYGUN"))))
O38: =IF($B38="","",IF(COUNTIFS(UCRETLER!$B$7:$B$406,$B38,UCRETLER!$G$7:$G$406,"Aktif")>0,"EVET","HAYIR")) | P38: =IF($B38="","",IF($C38="","EKSİK",IF(COUNTIF($B$7:$B$106,$B38)>1,"NO TEKRARI",IF(AND($J38>0,$K38=""),"DEVİR TARİHİ EKSİK","UYGUN"))))
O39: =IF($B39="","",IF(COUNTIFS(UCRETLER!$B$7:$B$406,$B39,UCRETLER!$G$7:$G$406,"Aktif")>0,"EVET","HAYIR")) | P39: =IF($B39="","",IF($C39="","EKSİK",IF(COUNTIF($B$7:$B$106,$B39)>1,"NO TEKRARI",IF(AND($J39>0,$K39=""),"DEVİR TARİHİ EKSİK","UYGUN"))))
... O106: =IF($B106="","",IF(COUNTIFS(UCRETLER!$B$7:$B$406,$B106,UCRETLER!$G$7:$G$406,"Aktif")>0,"EVET","HAYIR")) | P106: =IF($B106="","",IF($C106="","EKSİK",IF(COUNTIF($B$7:$B$106,$B106)>1,"NO TEKRARI",IF(AND($J106>0,$K106=""),"DEVİR TARİHİ EKSİK","UYGUN"))))

Sheet UCRETLER
A1: NECATİBEY OFİS YÖNETİM SİSTEMİ │ HAFTALIK ÜCRET DÖNEMLERİ
A2: Ücret değişince eski dönemi kapat, yeni satır aç │ Geçmiş tahakkuk asla bozulmaz
B4: =HYPERLINK("#PANO!A1","← PANO") | D4: =HYPERLINK("#MUSTERILER!A1","Müşteriler") | F4: =HYPERLINK("#MUSTERI_360!A1","Müşteri 360") | H4: Sarı hücreler veri girişidir. Beyaz hücreler sistem tarafından hesaplanır ve kilitlidir. Başlangıç ve bitiş mutlaka Cumartesi olmalıdır.
C5: TOPLAM │ Aktif haftalık tahakkuk ve oluşan ücret | F5: =SUMIFS($F$7:$F$406,$G$7:$G$406,"Aktif") | H5: =SUM($H$7:$H$406)
B6: Müşteri No | C6: Müşteri | D6: Ücret Başlangıç (Cumartesi) | E6: Ücret Bitiş (Cumartesi) | F6: Haftalık Ücret | G6: Dönem Durumu | H6: Bugüne Kadar Oluşan | I6: 8 Gün Öncesine Kadar | J6: 15 Gün Öncesine Kadar | K6: 29 Gün Öncesine Kadar | L6: Oluşan Hafta | M6: Sistem Kontrolü | N6: Not
B7: M001 | C7: =IF($B7="","",IFERROR(INDEX(MUSTERILER!$C$7:$C$106,MATCH($B7,MUSTERILER!$B$7:$B$106,0)),"TANIMSIZ MÜŞTERİ")) | D7: 46263 | F7: 4000 | G7: Aktif | H7: =IF(OR($B7="",$D7="",$F7=""),0,$F7*MAX(0,INT((MIN(IF($E7="",TODAY(),$E7),TODAY())-$D7)/7)+1)) | I7: =IF(OR($B7="",$D7="",$F7=""),0,$F7*MAX(0,INT((MIN(IF($E7="",TODAY()-8,$E7),TODAY()-8)-$D7)/7)+1)) | J7: =IF(OR($B7="",$D7="",$F7=""),0,$F7*MAX(0,INT((MIN(IF($E7="",TODAY()-15,$E7),TODAY()-15)-$D7)/7)+1)) | K7: =IF(OR($B7="",$D7="",$F7=""),0,$F7*MAX(0,INT((MIN(IF($E7="",TODAY()-29,$E7),TODAY()-29)-$D7)/7)+1)) | L7: =IF($F7>0,$H7/$F7,0) | M7: =IF($B7="","",IF($C7="TANIMSIZ MÜŞTERİ","HATA",IF($G7="Pasif","PASİF",IF(AND(WEEKDAY($D7,2)=6,OR($E7="",WEEKDAY($E7,2)=6),$F7>0),"UYGUN","HATA")))) | N7: Mevcut dosyadan aktarıldı
B8: M002 | C8: =IF($B8="","",IFERROR(INDEX(MUSTERILER!$C$7:$C$106,MATCH($B8,MUSTERILER!$B$7:$B$106,0)),"TANIMSIZ MÜŞTERİ")) | D8: 46263 | F8: 3500 | G8: Aktif | H8: =IF(OR($B8="",$D8="",$F8=""),0,$F8*MAX(0,INT((MIN(IF($E8="",TODAY(),$E8),TODAY())-$D8)/7)+1)) | I8: =IF(OR($B8="",$D8="",$F8=""),0,$F8*MAX(0,INT((MIN(IF($E8="",TODAY()-8,$E8),TODAY()-8)-$D8)/7)+1)) | J8: =IF(OR($B8="",$D8="",$F8=""),0,$F8*MAX(0,INT((MIN(IF($E8="",TODAY()-15,$E8),TODAY()-15)-$D8)/7)+1)) | K8: =IF(OR($B8="",$D8="",$F8=""),0,$F8*MAX(0,INT((MIN(IF($E8="",TODAY()-29,$E8),TODAY()-29)-$D8)/7)+1)) | L8: =IF($F8>0,$H8/$F8,0) | M8: =IF($B8="","",IF($C8="TANIMSIZ MÜŞTERİ","HATA",IF($G8="Pasif","PASİF",IF(AND(WEEKDAY($D8,2)=6,OR($E8="",WEEKDAY($E8,2)=6),$F8>0),"UYGUN","HATA")))) | N8: Mevcut dosyadan aktarıldı
B9: M003 | C9: =IF($B9="","",IFERROR(INDEX(MUSTERILER!$C$7:$C$106,MATCH($B9,MUSTERILER!$B$7:$B$106,0)),"TANIMSIZ MÜŞTERİ")) | D9: 46263 | F9: 4000 | G9: Aktif | H9: =IF(OR($B9="",$D9="",$F9=""),0,$F9*MAX(0,INT((MIN(IF($E9="",TODAY(),$E9),TODAY())-$D9)/7)+1)) | I9: =IF(OR($B9="",$D9="",$F9=""),0,$F9*MAX(0,INT((MIN(IF($E9="",TODAY()-8,$E9),TODAY()-8)-$D9)/7)+1)) | J9: =IF(OR($B9="",$D9="",$F9=""),0,$F9*MAX(0,INT((MIN(IF($E9="",TODAY()-15,$E9),TODAY()-15)-$D9)/7)+1)) | K9: =IF(OR($B9="",$D9="",$F9=""),0,$F9*MAX(0,INT((MIN(IF($E9="",TODAY()-29,$E9),TODAY()-29)-$D9)/7)+1)) | L9: =IF($F9>0,$H9/$F9,0) | M9: =IF($B9="","",IF($C9="TANIMSIZ MÜŞTERİ","HATA",IF($G9="Pasif","PASİF",IF(AND(WEEKDAY($D9,2)=6,OR($E9="",WEEKDAY($E9,2)=6),$F9>0),"UYGUN","HATA")))) | N9: Mevcut dosyadan aktarıldı
B10: M004 | C10: =IF($B10="","",IFERROR(INDEX(MUSTERILER!$C$7:$C$106,MATCH($B10,MUSTERILER!$B$7:$B$106,0)),"TANIMSIZ MÜŞTERİ")) | D10: 46263 | F10: 1750 | G10: Aktif | H10: =IF(OR($B10="",$D10="",$F10=""),0,$F10*MAX(0,INT((MIN(IF($E10="",TODAY(),$E10),TODAY())-$D10)/7)+1)) | I10: =IF(OR($B10="",$D10="",$F10=""),0,$F10*MAX(0,INT((MIN(IF($E10="",TODAY()-8,$E10),TODAY()-8)-$D10)/7)+1)) | J10: =IF(OR($B10="",$D10="",$F10=""),0,$F10*MAX(0,INT((MIN(IF($E10="",TODAY()-15,$E10),TODAY()-15)-$D10)/7)+1)) | K10: =IF(OR($B10="",$D10="",$F10=""),0,$F10*MAX(0,INT((MIN(IF($E10="",TODAY()-29,$E10),TODAY()-29)-$D10)/7)+1)) | L10: =IF($F10>0,$H10/$F10,0) | M10: =IF($B10="","",IF($C10="TANIMSIZ MÜŞTERİ","HATA",IF($G10="Pasif","PASİF",IF(AND(WEEKDAY($D10,2)=6,OR($E10="",WEEKDAY($E10,2)=6),$F10>0),"UYGUN","HATA")))) | N10: Mevcut dosyadan aktarıldı
B11: M005 | C11: =IF($B11="","",IFERROR(INDEX(MUSTERILER!$C$7:$C$106,MATCH($B11,MUSTERILER!$B$7:$B$106,0)),"TANIMSIZ MÜŞTERİ")) | D11: 46263 | F11: 1750 | G11: Aktif | H11: =IF(OR($B11="",$D11="",$F11=""),0,$F11*MAX(0,INT((MIN(IF($E11="",TODAY(),$E11),TODAY())-$D11)/7)+1)) | I11: =IF(OR($B11="",$D11="",$F11=""),0,$F11*MAX(0,INT((MIN(IF($E11="",TODAY()-8,$E11),TODAY()-8)-$D11)/7)+1)) | J11: =IF(OR($B11="",$D11="",$F11=""),0,$F11*MAX(0,INT((MIN(IF($E11="",TODAY()-15,$E11),TODAY()-15)-$D11)/7)+1)) | K11: =IF(OR($B11="",$D11="",$F11=""),0,$F11*MAX(0,INT((MIN(IF($E11="",TODAY()-29,$E11),TODAY()-29)-$D11)/7)+1)) | L11: =IF($F11>0,$H11/$F11,0) | M11: =IF($B11="","",IF($C11="TANIMSIZ MÜŞTERİ","HATA",IF($G11="Pasif","PASİF",IF(AND(WEEKDAY($D11,2)=6,OR($E11="",WEEKDAY($E11,2)=6),$F11>0),"UYGUN","HATA")))) | N11: Mevcut dosyadan aktarıldı
B12: M006 | C12: =IF($B12="","",IFERROR(INDEX(MUSTERILER!$C$7:$C$106,MATCH($B12,MUSTERILER!$B$7:$B$106,0)),"TANIMSIZ MÜŞTERİ")) | D12: 46263 | F12: 1000 | G12: Aktif | H12: =IF(OR($B12="",$D12="",$F12=""),0,$F12*MAX(0,INT((MIN(IF($E12="",TODAY(),$E12),TODAY())-$D12)/7)+1)) | I12: =IF(OR($B12="",$D12="",$F12=""),0,$F12*MAX(0,INT((MIN(IF($E12="",TODAY()-8,$E12),TODAY()-8)-$D12)/7)+1)) | J12: =IF(OR($B12="",$D12="",$F12=""),0,$F12*MAX(0,INT((MIN(IF($E12="",TODAY()-15,$E12),TODAY()-15)-$D12)/7)+1)) | K12: =IF(OR($B12="",$D12="",$F12=""),0,$F12*MAX(0,INT((MIN(IF($E12="",TODAY()-29,$E12),TODAY()-29)-$D12)/7)+1)) | L12: =IF($F12>0,$H12/$F12,0) | M12: =IF($B12="","",IF($C12="TANIMSIZ MÜŞTERİ","HATA",IF($G12="Pasif","PASİF",IF(AND(WEEKDAY($D12,2)=6,OR($E12="",WEEKDAY($E12,2)=6),$F12>0),"UYGUN","HATA")))) | N12: Mevcut dosyadan aktarıldı
B13: M007 | C13: =IF($B13="","",IFERROR(INDEX(MUSTERILER!$C$7:$C$106,MATCH($B13,MUSTERILER!$B$7:$B$106,0)),"TANIMSIZ MÜŞTERİ")) | D13: 46263 | F13: 3500 | G13: Aktif | H13: =IF(OR($B13="",$D13="",$F13=""),0,$F13*MAX(0,INT((MIN(IF($E13="",TODAY(),$E13),TODAY())-$D13)/7)+1)) | I13: =IF(OR($B13="",$D13="",$F13=""),0,$F13*MAX(0,INT((MIN(IF($E13="",TODAY()-8,$E13),TODAY()-8)-$D13)/7)+1)) | J13: =IF(OR($B13="",$D13="",$F13=""),0,$F13*MAX(0,INT((MIN(IF($E13="",TODAY()-15,$E13),TODAY()-15)-$D13)/7)+1)) | K13: =IF(OR($B13="",$D13="",$F13=""),0,$F13*MAX(0,INT((MIN(IF($E13="",TODAY()-29,$E13),TODAY()-29)-$D13)/7)+1)) | L13: =IF($F13>0,$H13/$F13,0) | M13: =IF($B13="","",IF($C13="TANIMSIZ MÜŞTERİ","HATA",IF($G13="Pasif","PASİF",IF(AND(WEEKDAY($D13,2)=6,OR($E13="",WEEKDAY($E13,2)=6),$F13>0),"UYGUN","HATA")))) | N13: Mevcut dosyadan aktarıldı
B14: M008 | C14: =IF($B14="","",IFERROR(INDEX(MUSTERILER!$C$7:$C$106,MATCH($B14,MUSTERILER!$B$7:$B$106,0)),"TANIMSIZ MÜŞTERİ")) | D14: 46263 | F14: 3500 | G14: Aktif | H14: =IF(OR($B14="",$D14="",$F14=""),0,$F14*MAX(0,INT((MIN(IF($E14="",TODAY(),$E14),TODAY())-$D14)/7)+1)) | I14: =IF(OR($B14="",$D14="",$F14=""),0,$F14*MAX(0,INT((MIN(IF($E14="",TODAY()-8,$E14),TODAY()-8)-$D14)/7)+1)) | J14: =IF(OR($B14="",$D14="",$F14=""),0,$F14*MAX(0,INT((MIN(IF($E14="",TODAY()-15,$E14),TODAY()-15)-$D14)/7)+1)) | K14: =IF(OR($B14="",$D14="",$F14=""),0,$F14*MAX(0,INT((MIN(IF($E14="",TODAY()-29,$E14),TODAY()-29)-$D14)/7)+1)) | L14: =IF($F14>0,$H14/$F14,0) | M14: =IF($B14="","",IF($C14="TANIMSIZ MÜŞTERİ","HATA",IF($G14="Pasif","PASİF",IF(AND(WEEKDAY($D14,2)=6,OR($E14="",WEEKDAY($E14,2)=6),$F14>0),"UYGUN","HATA")))) | N14: Mevcut dosyadan aktarıldı
B15: M009 | C15: =IF($B15="","",IFERROR(INDEX(MUSTERILER!$C$7:$C$106,MATCH($B15,MUSTERILER!$B$7:$B$106,0)),"TANIMSIZ MÜŞTERİ")) | G15: Pasif | H15: =IF(OR($B15="",$D15="",$F15=""),0,$F15*MAX(0,INT((MIN(IF($E15="",TODAY(),$E15),TODAY())-$D15)/7)+1)) | I15: =IF(OR($B15="",$D15="",$F15=""),0,$F15*MAX(0,INT((MIN(IF($E15="",TODAY()-8,$E15),TODAY()-8)-$D15)/7)+1)) | J15: =IF(OR($B15="",$D15="",$F15=""),0,$F15*MAX(0,INT((MIN(IF($E15="",TODAY()-15,$E15),TODAY()-15)-$D15)/7)+1)) | K15: =IF(OR($B15="",$D15="",$F15=""),0,$F15*MAX(0,INT((MIN(IF($E15="",TODAY()-29,$E15),TODAY()-29)-$D15)/7)+1)) | L15: =IF($F15>0,$H15/$F15,0) | M15: =IF($B15="","",IF($C15="TANIMSIZ MÜŞTERİ","HATA",IF($G15="Pasif","PASİF",IF(AND(WEEKDAY($D15,2)=6,OR($E15="",WEEKDAY($E15,2)=6),$F15>0),"UYGUN","HATA")))) | N15: Haftalık ücret girilmeli
B16: M010 | C16: =IF($B16="","",IFERROR(INDEX(MUSTERILER!$C$7:$C$106,MATCH($B16,MUSTERILER!$B$7:$B$106,0)),"TANIMSIZ MÜŞTERİ")) | G16: Pasif | H16: =IF(OR($B16="",$D16="",$F16=""),0,$F16*MAX(0,INT((MIN(IF($E16="",TODAY(),$E16),TODAY())-$D16)/7)+1)) | I16: =IF(OR($B16="",$D16="",$F16=""),0,$F16*MAX(0,INT((MIN(IF($E16="",TODAY()-8,$E16),TODAY()-8)-$D16)/7)+1)) | J16: =IF(OR($B16="",$D16="",$F16=""),0,$F16*MAX(0,INT((MIN(IF($E16="",TODAY()-15,$E16),TODAY()-15)-$D16)/7)+1)) | K16: =IF(OR($B16="",$D16="",$F16=""),0,$F16*MAX(0,INT((MIN(IF($E16="",TODAY()-29,$E16),TODAY()-29)-$D16)/7)+1)) | L16: =IF($F16>0,$H16/$F16,0) | M16: =IF($B16="","",IF($C16="TANIMSIZ MÜŞTERİ","HATA",IF($G16="Pasif","PASİF",IF(AND(WEEKDAY($D16,2)=6,OR($E16="",WEEKDAY($E16,2)=6),$F16>0),"UYGUN","HATA")))) | N16: Haftalık ücret girilmeli
B17: M011 | C17: =IF($B17="","",IFERROR(INDEX(MUSTERILER!$C$7:$C$106,MATCH($B17,MUSTERILER!$B$7:$B$106,0)),"TANIMSIZ MÜŞTERİ")) | G17: Pasif | H17: =IF(OR($B17="",$D17="",$F17=""),0,$F17*MAX(0,INT((MIN(IF($E17="",TODAY(),$E17),TODAY())-$D17)/7)+1)) | I17: =IF(OR($B17="",$D17="",$F17=""),0,$F17*MAX(0,INT((MIN(IF($E17="",TODAY()-8,$E17),TODAY()-8)-$D17)/7)+1)) | J17: =IF(OR($B17="",$D17="",$F17=""),0,$F17*MAX(0,INT((MIN(IF($E17="",TODAY()-15,$E17),TODAY()-15)-$D17)/7)+1)) | K17: =IF(OR($B17="",$D17="",$F17=""),0,$F17*MAX(0,INT((MIN(IF($E17="",TODAY()-29,$E17),TODAY()-29)-$D17)/7)+1)) | L17: =IF($F17>0,$H17/$F17,0) | M17: =IF($B17="","",IF($C17="TANIMSIZ MÜŞTERİ","HATA",IF($G17="Pasif","PASİF",IF(AND(WEEKDAY($D17,2)=6,OR($E17="",WEEKDAY($E17,2)=6),$F17>0),"UYGUN","HATA")))) | N17: Haftalık ücret girilmeli
B18: M012 | C18: =IF($B18="","",IFERROR(INDEX(MUSTERILER!$C$7:$C$106,MATCH($B18,MUSTERILER!$B$7:$B$106,0)),"TANIMSIZ MÜŞTERİ")) | G18: Pasif | H18: =IF(OR($B18="",$D18="",$F18=""),0,$F18*MAX(0,INT((MIN(IF($E18="",TODAY(),$E18),TODAY())-$D18)/7)+1)) | I18: =IF(OR($B18="",$D18="",$F18=""),0,$F18*MAX(0,INT((MIN(IF($E18="",TODAY()-8,$E18),TODAY()-8)-$D18)/7)+1)) | J18: =IF(OR($B18="",$D18="",$F18=""),0,$F18*MAX(0,INT((MIN(IF($E18="",TODAY()-15,$E18),TODAY()-15)-$D18)/7)+1)) | K18: =IF(OR($B18="",$D18="",$F18=""),0,$F18*MAX(0,INT((MIN(IF($E18="",TODAY()-29,$E18),TODAY()-29)-$D18)/7)+1)) | L18: =IF($F18>0,$H18/$F18,0) | M18: =IF($B18="","",IF($C18="TANIMSIZ MÜŞTERİ","HATA",IF($G18="Pasif","PASİF",IF(AND(WEEKDAY($D18,2)=6,OR($E18="",WEEKDAY($E18,2)=6),$F18>0),"UYGUN","HATA")))) | N18: Haftalık ücret girilmeli
B19: M013 | C19: =IF($B19="","",IFERROR(INDEX(MUSTERILER!$C$7:$C$106,MATCH($B19,MUSTERILER!$B$7:$B$106,0)),"TANIMSIZ MÜŞTERİ")) | G19: Pasif | H19: =IF(OR($B19="",$D19="",$F19=""),0,$F19*MAX(0,INT((MIN(IF($E19="",TODAY(),$E19),TODAY())-$D19)/7)+1)) | I19: =IF(OR($B19="",$D19="",$F19=""),0,$F19*MAX(0,INT((MIN(IF($E19="",TODAY()-8,$E19),TODAY()-8)-$D19)/7)+1)) | J19: =IF(OR($B19="",$D19="",$F19=""),0,$F19*MAX(0,INT((MIN(IF($E19="",TODAY()-15,$E19),TODAY()-15)-$D19)/7)+1)) | K19: =IF(OR($B19="",$D19="",$F19=""),0,$F19*MAX(0,INT((MIN(IF($E19="",TODAY()-29,$E19),TODAY()-29)-$D19)/7)+1)) | L19: =IF($F19>0,$H19/$F19,0) | M19: =IF($B19="","",IF($C19="TANIMSIZ MÜŞTERİ","HATA",IF($G19="Pasif","PASİF",IF(AND(WEEKDAY($D19,2)=6,OR($E19="",WEEKDAY($E19,2)=6),$F19>0),"UYGUN","HATA")))) | N19: Haftalık ücret girilmeli
B20: M014 | C20: =IF($B20="","",IFERROR(INDEX(MUSTERILER!$C$7:$C$106,MATCH($B20,MUSTERILER!$B$7:$B$106,0)),"TANIMSIZ MÜŞTERİ")) | G20: Pasif | H20: =IF(OR($B20="",$D20="",$F20=""),0,$F20*MAX(0,INT((MIN(IF($E20="",TODAY(),$E20),TODAY())-$D20)/7)+1)) | I20: =IF(OR($B20="",$D20="",$F20=""),0,$F20*MAX(0,INT((MIN(IF($E20="",TODAY()-8,$E20),TODAY()-8)-$D20)/7)+1)) | J20: =IF(OR($B20="",$D20="",$F20=""),0,$F20*MAX(0,INT((MIN(IF($E20="",TODAY()-15,$E20),TODAY()-15)-$D20)/7)+1)) | K20: =IF(OR($B20="",$D20="",$F20=""),0,$F20*MAX(0,INT((MIN(IF($E20="",TODAY()-29,$E20),TODAY()-29)-$D20)/7)+1)) | L20: =IF($F20>0,$H20/$F20,0) | M20: =IF($B20="","",IF($C20="TANIMSIZ MÜŞTERİ","HATA",IF($G20="Pasif","PASİF",IF(AND(WEEKDAY($D20,2)=6,OR($E20="",WEEKDAY($E20,2)=6),$F20>0),"UYGUN","HATA")))) | N20: Haftalık ücret girilmeli
B21: M015 | C21: =IF($B21="","",IFERROR(INDEX(MUSTERILER!$C$7:$C$106,MATCH($B21,MUSTERILER!$B$7:$B$106,0)),"TANIMSIZ MÜŞTERİ")) | G21: Pasif | H21: =IF(OR($B21="",$D21="",$F21=""),0,$F21*MAX(0,INT((MIN(IF($E21="",TODAY(),$E21),TODAY())-$D21)/7)+1)) | I21: =IF(OR($B21="",$D21="",$F21=""),0,$F21*MAX(0,INT((MIN(IF($E21="",TODAY()-8,$E21),TODAY()-8)-$D21)/7)+1)) | J21: =IF(OR($B21="",$D21="",$F21=""),0,$F21*MAX(0,INT((MIN(IF($E21="",TODAY()-15,$E21),TODAY()-15)-$D21)/7)+1)) | K21: =IF(OR($B21="",$D21="",$F21=""),0,$F21*MAX(0,INT((MIN(IF($E21="",TODAY()-29,$E21),TODAY()-29)-$D21)/7)+1)) | L21: =IF($F21>0,$H21/$F21,0) | M21: =IF($B21="","",IF($C21="TANIMSIZ MÜŞTERİ","HATA",IF($G21="Pasif","PASİF",IF(AND(WEEKDAY($D21,2)=6,OR($E21="",WEEKDAY($E21,2)=6),$F21>0),"UYGUN","HATA")))) | N21: Haftalık ücret girilmeli
B22: M016 | C22: =IF($B22="","",IFERROR(INDEX(MUSTERILER!$C$7:$C$106,MATCH($B22,MUSTERILER!$B$7:$B$106,0)),"TANIMSIZ MÜŞTERİ")) | G22: Pasif | H22: =IF(OR($B22="",$D22="",$F22=""),0,$F22*MAX(0,INT((MIN(IF($E22="",TODAY(),$E22),TODAY())-$D22)/7)+1)) | I22: =IF(OR($B22="",$D22="",$F22=""),0,$F22*MAX(0,INT((MIN(IF($E22="",TODAY()-8,$E22),TODAY()-8)-$D22)/7)+1)) | J22: =IF(OR($B22="",$D22="",$F22=""),0,$F22*MAX(0,INT((MIN(IF($E22="",TODAY()-15,$E22),TODAY()-15)-$D22)/7)+1)) | K22: =IF(OR($B22="",$D22="",$F22=""),0,$F22*MAX(0,INT((MIN(IF($E22="",TODAY()-29,$E22),TODAY()-29)-$D22)/7)+1)) | L22: =IF($F22>0,$H22/$F22,0) | M22: =IF($B22="","",IF($C22="TANIMSIZ MÜŞTERİ","HATA",IF($G22="Pasif","PASİF",IF(AND(WEEKDAY($D22,2)=6,OR($E22="",WEEKDAY($E22,2)=6),$F22>0),"UYGUN","HATA")))) | N22: Haftalık ücret girilmeli
B23: M017 | C23: =IF($B23="","",IFERROR(INDEX(MUSTERILER!$C$7:$C$106,MATCH($B23,MUSTERILER!$B$7:$B$106,0)),"TANIMSIZ MÜŞTERİ")) | G23: Pasif | H23: =IF(OR($B23="",$D23="",$F23=""),0,$F23*MAX(0,INT((MIN(IF($E23="",TODAY(),$E23),TODAY())-$D23)/7)+1)) | I23: =IF(OR($B23="",$D23="",$F23=""),0,$F23*MAX(0,INT((MIN(IF($E23="",TODAY()-8,$E23),TODAY()-8)-$D23)/7)+1)) | J23: =IF(OR($B23="",$D23="",$F23=""),0,$F23*MAX(0,INT((MIN(IF($E23="",TODAY()-15,$E23),TODAY()-15)-$D23)/7)+1)) | K23: =IF(OR($B23="",$D23="",$F23=""),0,$F23*MAX(0,INT((MIN(IF($E23="",TODAY()-29,$E23),TODAY()-29)-$D23)/7)+1)) | L23: =IF($F23>0,$H23/$F23,0) | M23: =IF($B23="","",IF($C23="TANIMSIZ MÜŞTERİ","HATA",IF($G23="Pasif","PASİF",IF(AND(WEEKDAY($D23,2)=6,OR($E23="",WEEKDAY($E23,2)=6),$F23>0),"UYGUN","HATA")))) | N23: Haftalık ücret girilmeli
B24: M018 | C24: =IF($B24="","",IFERROR(INDEX(MUSTERILER!$C$7:$C$106,MATCH($B24,MUSTERILER!$B$7:$B$106,0)),"TANIMSIZ MÜŞTERİ")) | G24: Pasif | H24: =IF(OR($B24="",$D24="",$F24=""),0,$F24*MAX(0,INT((MIN(IF($E24="",TODAY(),$E24),TODAY())-$D24)/7)+1)) | I24: =IF(OR($B24="",$D24="",$F24=""),0,$F24*MAX(0,INT((MIN(IF($E24="",TODAY()-8,$E24),TODAY()-8)-$D24)/7)+1)) | J24: =IF(OR($B24="",$D24="",$F24=""),0,$F24*MAX(0,INT((MIN(IF($E24="",TODAY()-15,$E24),TODAY()-15)-$D24)/7)+1)) | K24: =IF(OR($B24="",$D24="",$F24=""),0,$F24*MAX(0,INT((MIN(IF($E24="",TODAY()-29,$E24),TODAY()-29)-$D24)/7)+1)) | L24: =IF($F24>0,$H24/$F24,0) | M24: =IF($B24="","",IF($C24="TANIMSIZ MÜŞTERİ","HATA",IF($G24="Pasif","PASİF",IF(AND(WEEKDAY($D24,2)=6,OR($E24="",WEEKDAY($E24,2)=6),$F24>0),"UYGUN","HATA")))) | N24: Haftalık ücret girilmeli
B25: M019 | C25: =IF($B25="","",IFERROR(INDEX(MUSTERILER!$C$7:$C$106,MATCH($B25,MUSTERILER!$B$7:$B$106,0)),"TANIMSIZ MÜŞTERİ")) | G25: Pasif | H25: =IF(OR($B25="",$D25="",$F25=""),0,$F25*MAX(0,INT((MIN(IF($E25="",TODAY(),$E25),TODAY())-$D25)/7)+1)) | I25: =IF(OR($B25="",$D25="",$F25=""),0,$F25*MAX(0,INT((MIN(IF($E25="",TODAY()-8,$E25),TODAY()-8)-$D25)/7)+1)) | J25: =IF(OR($B25="",$D25="",$F25=""),0,$F25*MAX(0,INT((MIN(IF($E25="",TODAY()-15,$E25),TODAY()-15)-$D25)/7)+1)) | K25: =IF(OR($B25="",$D25="",$F25=""),0,$F25*MAX(0,INT((MIN(IF($E25="",TODAY()-29,$E25),TODAY()-29)-$D25)/7)+1)) | L25: =IF($F25>0,$H25/$F25,0) | M25: =IF($B25="","",IF($C25="TANIMSIZ MÜŞTERİ","HATA",IF($G25="Pasif","PASİF",IF(AND(WEEKDAY($D25,2)=6,OR($E25="",WEEKDAY($E25,2)=6),$F25>0),"UYGUN","HATA")))) | N25: Haftalık ücret girilmeli
B26: M020 | C26: =IF($B26="","",IFERROR(INDEX(MUSTERILER!$C$7:$C$106,MATCH($B26,MUSTERILER!$B$7:$B$106,0)),"TANIMSIZ MÜŞTERİ")) | G26: Pasif | H26: =IF(OR($B26="",$D26="",$F26=""),0,$F26*MAX(0,INT((MIN(IF($E26="",TODAY(),$E26),TODAY())-$D26)/7)+1)) | I26: =IF(OR($B26="",$D26="",$F26=""),0,$F26*MAX(0,INT((MIN(IF($E26="",TODAY()-8,$E26),TODAY()-8)-$D26)/7)+1)) | J26: =IF(OR($B26="",$D26="",$F26=""),0,$F26*MAX(0,INT((MIN(IF($E26="",TODAY()-15,$E26),TODAY()-15)-$D26)/7)+1)) | K26: =IF(OR($B26="",$D26="",$F26=""),0,$F26*MAX(0,INT((MIN(IF($E26="",TODAY()-29,$E26),TODAY()-29)-$D26)/7)+1)) | L26: =IF($F26>0,$H26/$F26,0) | M26: =IF($B26="","",IF($C26="TANIMSIZ MÜŞTERİ","HATA",IF($G26="Pasif","PASİF",IF(AND(WEEKDAY($D26,2)=6,OR($E26="",WEEKDAY($E26,2)=6),$F26>0),"UYGUN","HATA")))) | N26: Haftalık ücret girilmeli
B27: M021 | C27: =IF($B27="","",IFERROR(INDEX(MUSTERILER!$C$7:$C$106,MATCH($B27,MUSTERILER!$B$7:$B$106,0)),"TANIMSIZ MÜŞTERİ")) | G27: Pasif | H27: =IF(OR($B27="",$D27="",$F27=""),0,$F27*MAX(0,INT((MIN(IF($E27="",TODAY(),$E27),TODAY())-$D27)/7)+1)) | I27: =IF(OR($B27="",$D27="",$F27=""),0,$F27*MAX(0,INT((MIN(IF($E27="",TODAY()-8,$E27),TODAY()-8)-$D27)/7)+1)) | J27: =IF(OR($B27="",$D27="",$F27=""),0,$F27*MAX(0,INT((MIN(IF($E27="",TODAY()-15,$E27),TODAY()-15)-$D27)/7)+1)) | K27: =IF(OR($B27="",$D27="",$F27=""),0,$F27*MAX(0,INT((MIN(IF($E27="",TODAY()-29,$E27),TODAY()-29)-$D27)/7)+1)) | L27: =IF($F27>0,$H27/$F27,0) | M27: =IF($B27="","",IF($C27="TANIMSIZ MÜŞTERİ","HATA",IF($G27="Pasif","PASİF",IF(AND(WEEKDAY($D27,2)=6,OR($E27="",WEEKDAY($E27,2)=6),$F27>0),"UYGUN","HATA")))) | N27: Haftalık ücret girilmeli
C28: =IF($B28="","",IFERROR(INDEX(MUSTERILER!$C$7:$C$106,MATCH($B28,MUSTERILER!$B$7:$B$106,0)),"TANIMSIZ MÜŞTERİ")) | H28: =IF(OR($B28="",$D28="",$F28=""),0,$F28*MAX(0,INT((MIN(IF($E28="",TODAY(),$E28),TODAY())-$D28)/7)+1)) | I28: =IF(OR($B28="",$D28="",$F28=""),0,$F28*MAX(0,INT((MIN(IF($E28="",TODAY()-8,$E28),TODAY()-8)-$D28)/7)+1)) | J28: =IF(OR($B28="",$D28="",$F28=""),0,$F28*MAX(0,INT((MIN(IF($E28="",TODAY()-15,$E28),TODAY()-15)-$D28)/7)+1)) | K28: =IF(OR($B28="",$D28="",$F28=""),0,$F28*MAX(0,INT((MIN(IF($E28="",TODAY()-29,$E28),TODAY()-29)-$D28)/7)+1)) | L28: =IF($F28>0,$H28/$F28,0) | M28: =IF($B28="","",IF($C28="TANIMSIZ MÜŞTERİ","HATA",IF($G28="Pasif","PASİF",IF(AND(WEEKDAY($D28,2)=6,OR($E28="",WEEKDAY($E28,2)=6),$F28>0),"UYGUN","HATA"))))
C29: =IF($B29="","",IFERROR(INDEX(MUSTERILER!$C$7:$C$106,MATCH($B29,MUSTERILER!$B$7:$B$106,0)),"TANIMSIZ MÜŞTERİ")) | H29: =IF(OR($B29="",$D29="",$F29=""),0,$F29*MAX(0,INT((MIN(IF($E29="",TODAY(),$E29),TODAY())-$D29)/7)+1)) | I29: =IF(OR($B29="",$D29="",$F29=""),0,$F29*MAX(0,INT((MIN(IF($E29="",TODAY()-8,$E29),TODAY()-8)-$D29)/7)+1)) | J29: =IF(OR($B29="",$D29="",$F29=""),0,$F29*MAX(0,INT((MIN(IF($E29="",TODAY()-15,$E29),TODAY()-15)-$D29)/7)+1)) | K29: =IF(OR($B29="",$D29="",$F29=""),0,$F29*MAX(0,INT((MIN(IF($E29="",TODAY()-29,$E29),TODAY()-29)-$D29)/7)+1)) | L29: =IF($F29>0,$H29/$F29,0) | M29: =IF($B29="","",IF($C29="TANIMSIZ MÜŞTERİ","HATA",IF($G29="Pasif","PASİF",IF(AND(WEEKDAY($D29,2)=6,OR($E29="",WEEKDAY($E29,2)=6),$F29>0),"UYGUN","HATA"))))
C30: =IF($B30="","",IFERROR(INDEX(MUSTERILER!$C$7:$C$106,MATCH($B30,MUSTERILER!$B$7:$B$106,0)),"TANIMSIZ MÜŞTERİ")) | H30: =IF(OR($B30="",$D30="",$F30=""),0,$F30*MAX(0,INT((MIN(IF($E30="",TODAY(),$E30),TODAY())-$D30)/7)+1)) | I30: =IF(OR($B30="",$D30="",$F30=""),0,$F30*MAX(0,INT((MIN(IF($E30="",TODAY()-8,$E30),TODAY()-8)-$D30)/7)+1)) | J30: =IF(OR($B30="",$D30="",$F30=""),0,$F30*MAX(0,INT((MIN(IF($E30="",TODAY()-15,$E30),TODAY()-15)-$D30)/7)+1)) | K30: =IF(OR($B30="",$D30="",$F30=""),0,$F30*MAX(0,INT((MIN(IF($E30="",TODAY()-29,$E30),TODAY()-29)-$D30)/7)+1)) | L30: =IF($F30>0,$H30/$F30,0) | M30: =IF($B30="","",IF($C30="TANIMSIZ MÜŞTERİ","HATA",IF($G30="Pasif","PASİF",IF(AND(WEEKDAY($D30,2)=6,OR($E30="",WEEKDAY($E30,2)=6),$F30>0),"UYGUN","HATA"))))
C31: =IF($B31="","",IFERROR(INDEX(MUSTERILER!$C$7:$C$106,MATCH($B31,MUSTERILER!$B$7:$B$106,0)),"TANIMSIZ MÜŞTERİ")) | H31: =IF(OR($B31="",$D31="",$F31=""),0,$F31*MAX(0,INT((MIN(IF($E31="",TODAY(),$E31),TODAY())-$D31)/7)+1)) | I31: =IF(OR($B31="",$D31="",$F31=""),0,$F31*MAX(0,INT((MIN(IF($E31="",TODAY()-8,$E31),TODAY()-8)-$D31)/7)+1)) | J31: =IF(OR($B31="",$D31="",$F31=""),0,$F31*MAX(0,INT((MIN(IF($E31="",TODAY()-15,$E31),TODAY()-15)-$D31)/7)+1)) | K31: =IF(OR($B31="",$D31="",$F31=""),0,$F31*MAX(0,INT((MIN(IF($E31="",TODAY()-29,$E31),TODAY()-29)-$D31)/7)+1)) | L31: =IF($F31>0,$H31/$F31,0) | M31: =IF($B31="","",IF($C31="TANIMSIZ MÜŞTERİ","HATA",IF($G31="Pasif","PASİF",IF(AND(WEEKDAY($D31,2)=6,OR($E31="",WEEKDAY($E31,2)=6),$F31>0),"UYGUN","HATA"))))
C32: =IF($B32="","",IFERROR(INDEX(MUSTERILER!$C$7:$C$106,MATCH($B32,MUSTERILER!$B$7:$B$106,0)),"TANIMSIZ MÜŞTERİ")) | H32: =IF(OR($B32="",$D32="",$F32=""),0,$F32*MAX(0,INT((MIN(IF($E32="",TODAY(),$E32),TODAY())-$D32)/7)+1)) | I32: =IF(OR($B32="",$D32="",$F32=""),0,$F32*MAX(0,INT((MIN(IF($E32="",TODAY()-8,$E32),TODAY()-8)-$D32)/7)+1)) | J32: =IF(OR($B32="",$D32="",$F32=""),0,$F32*MAX(0,INT((MIN(IF($E32="",TODAY()-15,$E32),TODAY()-15)-$D32)/7)+1)) | K32: =IF(OR($B32="",$D32="",$F32=""),0,$F32*MAX(0,INT((MIN(IF($E32="",TODAY()-29,$E32),TODAY()-29)-$D32)/7)+1)) | L32: =IF($F32>0,$H32/$F32,0) | M32: =IF($B32="","",IF($C32="TANIMSIZ MÜŞTERİ","HATA",IF($G32="Pasif","PASİF",IF(AND(WEEKDAY($D32,2)=6,OR($E32="",WEEKDAY($E32,2)=6),$F32>0),"UYGUN","HATA"))))
C33: =IF($B33="","",IFERROR(INDEX(MUSTERILER!$C$7:$C$106,MATCH($B33,MUSTERILER!$B$7:$B$106,0)),"TANIMSIZ MÜŞTERİ")) | H33: =IF(OR($B33="",$D33="",$F33=""),0,$F33*MAX(0,INT((MIN(IF($E33="",TODAY(),$E33),TODAY())-$D33)/7)+1)) | I33: =IF(OR($B33="",$D33="",$F33=""),0,$F33*MAX(0,INT((MIN(IF($E33="",TODAY()-8,$E33),TODAY()-8)-$D33)/7)+1)) | J33: =IF(OR($B33="",$D33="",$F33=""),0,$F33*MAX(0,INT((MIN(IF($E33="",TODAY()-15,$E33),TODAY()-15)-$D33)/7)+1)) | K33: =IF(OR($B33="",$D33="",$F33=""),0,$F33*MAX(0,INT((MIN(IF($E33="",TODAY()-29,$E33),TODAY()-29)-$D33)/7)+1)) | L33: =IF($F33>0,$H33/$F33,0) | M33: =IF($B33="","",IF($C33="TANIMSIZ MÜŞTERİ","HATA",IF($G33="Pasif","PASİF",IF(AND(WEEKDAY($D33,2)=6,OR($E33="",WEEKDAY($E33,2)=6),$F33>0),"UYGUN","HATA"))))
C34: =IF($B34="","",IFERROR(INDEX(MUSTERILER!$C$7:$C$106,MATCH($B34,MUSTERILER!$B$7:$B$106,0)),"TANIMSIZ MÜŞTERİ")) | H34: =IF(OR($B34="",$D34="",$F34=""),0,$F34*MAX(0,INT((MIN(IF($E34="",TODAY(),$E34),TODAY())-$D34)/7)+1)) | I34: =IF(OR($B34="",$D34="",$F34=""),0,$F34*MAX(0,INT((MIN(IF($E34="",TODAY()-8,$E34),TODAY()-8)-$D34)/7)+1)) | J34: =IF(OR($B34="",$D34="",$F34=""),0,$F34*MAX(0,INT((MIN(IF($E34="",TODAY()-15,$E34),TODAY()-15)-$D34)/7)+1)) | K34: =IF(OR($B34="",$D34="",$F34=""),0,$F34*MAX(0,INT((MIN(IF($E34="",TODAY()-29,$E34),TODAY()-29)-$D34)/7)+1)) | L34: =IF($F34>0,$H34/$F34,0) | M34: =IF($B34="","",IF($C34="TANIMSIZ MÜŞTERİ","HATA",IF($G34="Pasif","PASİF",IF(AND(WEEKDAY($D34,2)=6,OR($E34="",WEEKDAY($E34,2)=6),$F34>0),"UYGUN","HATA"))))
C35: =IF($B35="","",IFERROR(INDEX(MUSTERILER!$C$7:$C$106,MATCH($B35,MUSTERILER!$B$7:$B$106,0)),"TANIMSIZ MÜŞTERİ")) | H35: =IF(OR($B35="",$D35="",$F35=""),0,$F35*MAX(0,INT((MIN(IF($E35="",TODAY(),$E35),TODAY())-$D35)/7)+1)) | I35: =IF(OR($B35="",$D35="",$F35=""),0,$F35*MAX(0,INT((MIN(IF($E35="",TODAY()-8,$E35),TODAY()-8)-$D35)/7)+1)) | J35: =IF(OR($B35="",$D35="",$F35=""),0,$F35*MAX(0,INT((MIN(IF($E35="",TODAY()-15,$E35),TODAY()-15)-$D35)/7)+1)) | K35: =IF(OR($B35="",$D35="",$F35=""),0,$F35*MAX(0,INT((MIN(IF($E35="",TODAY()-29,$E35),TODAY()-29)-$D35)/7)+1)) | L35: =IF($F35>0,$H35/$F35,0) | M35: =IF($B35="","",IF($C35="TANIMSIZ MÜŞTERİ","HATA",IF($G35="Pasif","PASİF",IF(AND(WEEKDAY($D35,2)=6,OR($E35="",WEEKDAY($E35,2)=6),$F35>0),"UYGUN","HATA"))))
C36: =IF($B36="","",IFERROR(INDEX(MUSTERILER!$C$7:$C$106,MATCH($B36,MUSTERILER!$B$7:$B$106,0)),"TANIMSIZ MÜŞTERİ")) | H36: =IF(OR($B36="",$D36="",$F36=""),0,$F36*MAX(0,INT((MIN(IF($E36="",TODAY(),$E36),TODAY())-$D36)/7)+1)) | I36: =IF(OR($B36="",$D36="",$F36=""),0,$F36*MAX(0,INT((MIN(IF($E36="",TODAY()-8,$E36),TODAY()-8)-$D36)/7)+1)) | J36: =IF(OR($B36="",$D36="",$F36=""),0,$F36*MAX(0,INT((MIN(IF($E36="",TODAY()-15,$E36),TODAY()-15)-$D36)/7)+1)) | K36: =IF(OR($B36="",$D36="",$F36=""),0,$F36*MAX(0,INT((MIN(IF($E36="",TODAY()-29,$E36),TODAY()-29)-$D36)/7)+1)) | L36: =IF($F36>0,$H36/$F36,0) | M36: =IF($B36="","",IF($C36="TANIMSIZ MÜŞTERİ","HATA",IF($G36="Pasif","PASİF",IF(AND(WEEKDAY($D36,2)=6,OR($E36="",WEEKDAY($E36,2)=6),$F36>0),"UYGUN","HATA"))))
C37: =IF($B37="","",IFERROR(INDEX(MUSTERILER!$C$7:$C$106,MATCH($B37,MUSTERILER!$B$7:$B$106,0)),"TANIMSIZ MÜŞTERİ")) | H37: =IF(OR($B37="",$D37="",$F37=""),0,$F37*MAX(0,INT((MIN(IF($E37="",TODAY(),$E37),TODAY())-$D37)/7)+1)) | I37: =IF(OR($B37="",$D37="",$F37=""),0,$F37*MAX(0,INT((MIN(IF($E37="",TODAY()-8,$E37),TODAY()-8)-$D37)/7)+1)) | J37: =IF(OR($B37="",$D37="",$F37=""),0,$F37*MAX(0,INT((MIN(IF($E37="",TODAY()-15,$E37),TODAY()-15)-$D37)/7)+1)) | K37: =IF(OR($B37="",$D37="",$F37=""),0,$F37*MAX(0,INT((MIN(IF($E37="",TODAY()-29,$E37),TODAY()-29)-$D37)/7)+1)) | L37: =IF($F37>0,$H37/$F37,0) | M37: =IF($B37="","",IF($C37="TANIMSIZ MÜŞTERİ","HATA",IF($G37="Pasif","PASİF",IF(AND(WEEKDAY($D37,2)=6,OR($E37="",WEEKDAY($E37,2)=6),$F37>0),"UYGUN","HATA"))))
C38: =IF($B38="","",IFERROR(INDEX(MUSTERILER!$C$7:$C$106,MATCH($B38,MUSTERILER!$B$7:$B$106,0)),"TANIMSIZ MÜŞTERİ")) | H38: =IF(OR($B38="",$D38="",$F38=""),0,$F38*MAX(0,INT((MIN(IF($E38="",TODAY(),$E38),TODAY())-$D38)/7)+1)) | I38: =IF(OR($B38="",$D38="",$F38=""),0,$F38*MAX(0,INT((MIN(IF($E38="",TODAY()-8,$E38),TODAY()-8)-$D38)/7)+1)) | J38: =IF(OR($B38="",$D38="",$F38=""),0,$F38*MAX(0,INT((MIN(IF($E38="",TODAY()-15,$E38),TODAY()-15)-$D38)/7)+1)) | K38: =IF(OR($B38="",$D38="",$F38=""),0,$F38*MAX(0,INT((MIN(IF($E38="",TODAY()-29,$E38),TODAY()-29)-$D38)/7)+1)) | L38: =IF($F38>0,$H38/$F38,0) | M38: =IF($B38="","",IF($C38="TANIMSIZ MÜŞTERİ","HATA",IF($G38="Pasif","PASİF",IF(AND(WEEKDAY($D38,2)=6,OR($E38="",WEEKDAY($E38,2)=6),$F38>0),"UYGUN","HATA"))))
C39: =IF($B39="","",IFERROR(INDEX(MUSTERILER!$C$7:$C$106,MATCH($B39,MUSTERILER!$B$7:$B$106,0)),"TANIMSIZ MÜŞTERİ")) | H39: =IF(OR($B39="",$D39="",$F39=""),0,$F39*MAX(0,INT((MIN(IF($E39="",TODAY(),$E39),TODAY())-$D39)/7)+1)) | I39: =IF(OR($B39="",$D39="",$F39=""),0,$F39*MAX(0,INT((MIN(IF($E39="",TODAY()-8,$E39),TODAY()-8)-$D39)/7)+1)) | J39: =IF(OR($B39="",$D39="",$F39=""),0,$F39*MAX(0,INT((MIN(IF($E39="",TODAY()-15,$E39),TODAY()-15)-$D39)/7)+1)) | K39: =IF(OR($B39="",$D39="",$F39=""),0,$F39*MAX(0,INT((MIN(IF($E39="",TODAY()-29,$E39),TODAY()-29)-$D39)/7)+1)) | L39: =IF($F39>0,$H39/$F39,0) | M39: =IF($B39="","",IF($C39="TANIMSIZ MÜŞTERİ","HATA",IF($G39="Pasif","PASİF",IF(AND(WEEKDAY($D39,2)=6,OR($E39="",WEEKDAY($E39,2)=6),$F39>0),"UYGUN","HATA"))))
... C406: =IF($B406="","",IFERROR(INDEX(MUSTERILER!$C$7:$C$106,MATCH($B406,MUSTERILER!$B$7:$B$106,0)),"TANIMSIZ MÜŞTERİ")) | H406: =IF(OR($B406="",$D406="",$F406=""),0,$F406*MAX(0,INT((MIN(IF($E406="",TODAY(),$E406),TODAY())-$D406)/7)+1)) | I406: =IF(OR($B406="",$D406="",$F406=""),0,$F406*MAX(0,INT((MIN(IF($E406="",TODAY()-8,$E406),TODAY()-8)-$D406)/7)+1)) | J406: =IF(OR($B406="",$D406="",$F406=""),0,$F406*MAX(0,INT((MIN(IF($E406="",TODAY()-15,$E406),TODAY()-15)-$D406)/7)+1)) | K406: =IF(OR($B406="",$D406="",$F406=""),0,$F406*MAX(0,INT((MIN(IF($E406="",TODAY()-29,$E406),TODAY()-29)-$D406)/7)+1)) | L406: =IF($F406>0,$H406/$F406,0) | M406: =IF($B406="","",IF($C406="TANIMSIZ MÜŞTERİ","HATA",IF($G406="Pasif","PASİF",IF(AND(WEEKDAY($D406,2)=6,OR($E406="",WEEKDAY($E406,2)=6),$F406>0),"UYGUN","HATA"))))

Sheet TAHSILAT
A1: NECATİBEY OFİS YÖNETİM SİSTEMİ │ MÜŞTERİ TAHSİLATI
A2: Bir ödeme yalnız buraya girilir │ Cari, kasa, aylık kapanış ve nakit kâr otomatik güncellenir
B4: =HYPERLINK("#PANO!A1","← PANO") | D4: =HYPERLINK("#MUSTERI_360!A1","Müşteri 360") | F4: =HYPERLINK("#HESAPLAR!A1","Hesaplar") | H4: Sarı hücreler veri girişidir. Beyaz hücreler sistem tarafından hesaplanır ve kilitlidir. Aynı ödemeyi başka bir ekrana tekrar girmeyin.
B5: =COUNTIF($C$7:$C$1506,"<>") | C5: TOPLAM │ Kayıtlı tahsilat | F5: =SUM($F$7:$F$1506)
B6: Tahsilat No | C6: Müşteri No | D6: Müşteri | E6: Tarih | F6: Tutar | G6: Kasa / Banka | H6: Ödeme Türü | I6: Belge No | J6: Açıklama | K6: İşlemi Giren | L6: Ay | M6: Kayıt Kontrolü
B7: =IF($C7="","","T"&TEXT(ROW()-6,"00000")) | D7: =IF($C7="","",IFERROR(INDEX(MUSTERILER!$C$7:$C$106,MATCH($C7,MUSTERILER!$B$7:$B$106,0)),"TANIMSIZ MÜŞTERİ")) | L7: =IF($E7="","",DATE(YEAR($E7),MONTH($E7),1)) | M7: =IF($C7="","",IF($D7="TANIMSIZ MÜŞTERİ","HATA",IF(OR($E7="",$F7<=0,$G7=""),"EKSİK",IF($E7>TODAY(),"İLERİ TARİH","UYGUN"))))
B8: =IF($C8="","","T"&TEXT(ROW()-6,"00000")) | D8: =IF($C8="","",IFERROR(INDEX(MUSTERILER!$C$7:$C$106,MATCH($C8,MUSTERILER!$B$7:$B$106,0)),"TANIMSIZ MÜŞTERİ")) | L8: =IF($E8="","",DATE(YEAR($E8),MONTH($E8),1)) | M8: =IF($C8="","",IF($D8="TANIMSIZ MÜŞTERİ","HATA",IF(OR($E8="",$F8<=0,$G8=""),"EKSİK",IF($E8>TODAY(),"İLERİ TARİH","UYGUN"))))
B9: =IF($C9="","","T"&TEXT(ROW()-6,"00000")) | D9: =IF($C9="","",IFERROR(INDEX(MUSTERILER!$C$7:$C$106,MATCH($C9,MUSTERILER!$B$7:$B$106,0)),"TANIMSIZ MÜŞTERİ")) | L9: =IF($E9="","",DATE(YEAR($E9),MONTH($E9),1)) | M9: =IF($C9="","",IF($D9="TANIMSIZ MÜŞTERİ","HATA",IF(OR($E9="",$F9<=0,$G9=""),"EKSİK",IF($E9>TODAY(),"İLERİ TARİH","UYGUN"))))
B10: =IF($C10="","","T"&TEXT(ROW()-6,"00000")) | D10: =IF($C10="","",IFERROR(INDEX(MUSTERILER!$C$7:$C$106,MATCH($C10,MUSTERILER!$B$7:$B$106,0)),"TANIMSIZ MÜŞTERİ")) | L10: =IF($E10="","",DATE(YEAR($E10),MONTH($E10),1)) | M10: =IF($C10="","",IF($D10="TANIMSIZ MÜŞTERİ","HATA",IF(OR($E10="",$F10<=0,$G10=""),"EKSİK",IF($E10>TODAY(),"İLERİ TARİH","UYGUN"))))
B11: =IF($C11="","","T"&TEXT(ROW()-6,"00000")) | D11: =IF($C11="","",IFERROR(INDEX(MUSTERILER!$C$7:$C$106,MATCH($C11,MUSTERILER!$B$7:$B$106,0)),"TANIMSIZ MÜŞTERİ")) | L11: =IF($E11="","",DATE(YEAR($E11),MONTH($E11),1)) | M11: =IF($C11="","",IF($D11="TANIMSIZ MÜŞTERİ","HATA",IF(OR($E11="",$F11<=0,$G11=""),"EKSİK",IF($E11>TODAY(),"İLERİ TARİH","UYGUN"))))
B12: =IF($C12="","","T"&TEXT(ROW()-6,"00000")) | D12: =IF($C12="","",IFERROR(INDEX(MUSTERILER!$C$7:$C$106,MATCH($C12,MUSTERILER!$B$7:$B$106,0)),"TANIMSIZ MÜŞTERİ")) | L12: =IF($E12="","",DATE(YEAR($E12),MONTH($E12),1)) | M12: =IF($C12="","",IF($D12="TANIMSIZ MÜŞTERİ","HATA",IF(OR($E12="",$F12<=0,$G12=""),"EKSİK",IF($E12>TODAY(),"İLERİ TARİH","UYGUN"))))
B13: =IF($C13="","","T"&TEXT(ROW()-6,"00000")) | D13: =IF($C13="","",IFERROR(INDEX(MUSTERILER!$C$7:$C$106,MATCH($C13,MUSTERILER!$B$7:$B$106,0)),"TANIMSIZ MÜŞTERİ")) | L13: =IF($E13="","",DATE(YEAR($E13),MONTH($E13),1)) | M13: =IF($C13="","",IF($D13="TANIMSIZ MÜŞTERİ","HATA",IF(OR($E13="",$F13<=0,$G13=""),"EKSİK",IF($E13>TODAY(),"İLERİ TARİH","UYGUN"))))
B14: =IF($C14="","","T"&TEXT(ROW()-6,"00000")) | D14: =IF($C14="","",IFERROR(INDEX(MUSTERILER!$C$7:$C$106,MATCH($C14,MUSTERILER!$B$7:$B$106,0)),"TANIMSIZ MÜŞTERİ")) | L14: =IF($E14="","",DATE(YEAR($E14),MONTH($E14),1)) | M14: =IF($C14="","",IF($D14="TANIMSIZ MÜŞTERİ","HATA",IF(OR($E14="",$F14<=0,$G14=""),"EKSİK",IF($E14>TODAY(),"İLERİ TARİH","UYGUN"))))
B15: =IF($C15="","","T"&TEXT(ROW()-6,"00000")) | D15: =IF($C15="","",IFERROR(INDEX(MUSTERILER!$C$7:$C$106,MATCH($C15,MUSTERILER!$B$7:$B$106,0)),"TANIMSIZ MÜŞTERİ")) | L15: =IF($E15="","",DATE(YEAR($E15),MONTH($E15),1)) | M15: =IF($C15="","",IF($D15="TANIMSIZ MÜŞTERİ","HATA",IF(OR($E15="",$F15<=0,$G15=""),"EKSİK",IF($E15>TODAY(),"İLERİ TARİH","UYGUN"))))
B16: =IF($C16="","","T"&TEXT(ROW()-6,"00000")) | D16: =IF($C16="","",IFERROR(INDEX(MUSTERILER!$C$7:$C$106,MATCH($C16,MUSTERILER!$B$7:$B$106,0)),"TANIMSIZ MÜŞTERİ")) | L16: =IF($E16="","",DATE(YEAR($E16),MONTH($E16),1)) | M16: =IF($C16="","",IF($D16="TANIMSIZ MÜŞTERİ","HATA",IF(OR($E16="",$F16<=0,$G16=""),"EKSİK",IF($E16>TODAY(),"İLERİ TARİH","UYGUN"))))
B17: =IF($C17="","","T"&TEXT(ROW()-6,"00000")) | D17: =IF($C17="","",IFERROR(INDEX(MUSTERILER!$C$7:$C$106,MATCH($C17,MUSTERILER!$B$7:$B$106,0)),"TANIMSIZ MÜŞTERİ")) | L17: =IF($E17="","",DATE(YEAR($E17),MONTH($E17),1)) | M17: =IF($C17="","",IF($D17="TANIMSIZ MÜŞTERİ","HATA",IF(OR($E17="",$F17<=0,$G17=""),"EKSİK",IF($E17>TODAY(),"İLERİ TARİH","UYGUN"))))
B18: =IF($C18="","","T"&TEXT(ROW()-6,"00000")) | D18: =IF($C18="","",IFERROR(INDEX(MUSTERILER!$C$7:$C$106,MATCH($C18,MUSTERILER!$B$7:$B$106,0)),"TANIMSIZ MÜŞTERİ")) | L18: =IF($E18="","",DATE(YEAR($E18),MONTH($E18),1)) | M18: =IF($C18="","",IF($D18="TANIMSIZ MÜŞTERİ","HATA",IF(OR($E18="",$F18<=0,$G18=""),"EKSİK",IF($E18>TODAY(),"İLERİ TARİH","UYGUN"))))
... B1506: =IF($C1506="","","T"&TEXT(ROW()-6,"00000")) | D1506: =IF($C1506="","",IFERROR(INDEX(MUSTERILER!$C$7:$C$106,MATCH($C1506,MUSTERILER!$B$7:$B$106,0)),"TANIMSIZ MÜŞTERİ")) | L1506: =IF($E1506="","",DATE(YEAR($E1506),MONTH($E1506),1)) | M1506: =IF($C1506="","",IF($D1506="TANIMSIZ MÜŞTERİ","HATA",IF(OR($E1506="",$F1506<=0,$G1506=""),"EKSİK",IF($E1506>TODAY(),"İLERİ TARİH","UYGUN"))))

Sheet GELIR_GIDER
A1: NECATİBEY OFİS YÖNETİM SİSTEMİ │ OFİS GELİR VE GİDERLERİ
A2: Müşteri tahsilatı dışındaki tüm nakit hareketleri │ Hesaplar arası transfer buraya gİRMEZ
B4: =HYPERLINK("#PANO!A1","← PANO") | D4: =HYPERLINK("#VIRMAN!A1","Virman") | F4: =HYPERLINK("#AY_SONU!A1","Ay Sonu") | H4: Sarı hücreler veri girişidir. Beyaz hücreler sistem tarafından hesaplanır ve kilitlidir. Ödemenin gerçekleştiğini işaretlemezseniz nakit kâra yansımaz.
C5: TOPLAM │ Gerçekleşmiş gelir ve gider | G5: =SUMIFS($G$7:$G$1206,$D$7:$D$1206,"Gelir",$I$7:$I$1206,"Evet")-SUMIFS($G$7:$G$1206,$D$7:$D$1206,"Gider",$I$7:$I$1206,"Evet")
B6: Kayıt No | C6: Tarih | D6: Tür | E6: Kategori | F6: Açıklama | G6: Tutar | H6: Kasa / Banka | I6: Gerçekleşti | J6: Belge No | K6: Sorumlu | L6: Ay | M6: Kayıt Kontrolü
B7: =IF($C7="","","GG"&TEXT(ROW()-6,"00000")) | L7: =IF($C7="","",DATE(YEAR($C7),MONTH($C7),1)) | M7: =IF($C7="","",IF(AND($D7<>"",$E7<>"",$G7>0,$H7<>"",$I7<>""),IF($C7>TODAY(),"İLERİ TARİH","UYGUN"),"EKSİK"))
B8: =IF($C8="","","GG"&TEXT(ROW()-6,"00000")) | L8: =IF($C8="","",DATE(YEAR($C8),MONTH($C8),1)) | M8: =IF($C8="","",IF(AND($D8<>"",$E8<>"",$G8>0,$H8<>"",$I8<>""),IF($C8>TODAY(),"İLERİ TARİH","UYGUN"),"EKSİK"))
B9: =IF($C9="","","GG"&TEXT(ROW()-6,"00000")) | L9: =IF($C9="","",DATE(YEAR($C9),MONTH($C9),1)) | M9: =IF($C9="","",IF(AND($D9<>"",$E9<>"",$G9>0,$H9<>"",$I9<>""),IF($C9>TODAY(),"İLERİ TARİH","UYGUN"),"EKSİK"))
B10: =IF($C10="","","GG"&TEXT(ROW()-6,"00000")) | L10: =IF($C10="","",DATE(YEAR($C10),MONTH($C10),1)) | M10: =IF($C10="","",IF(AND($D10<>"",$E10<>"",$G10>0,$H10<>"",$I10<>""),IF($C10>TODAY(),"İLERİ TARİH","UYGUN"),"EKSİK"))
B11: =IF($C11="","","GG"&TEXT(ROW()-6,"00000")) | L11: =IF($C11="","",DATE(YEAR($C11),MONTH($C11),1)) | M11: =IF($C11="","",IF(AND($D11<>"",$E11<>"",$G11>0,$H11<>"",$I11<>""),IF($C11>TODAY(),"İLERİ TARİH","UYGUN"),"EKSİK"))
B12: =IF($C12="","","GG"&TEXT(ROW()-6,"00000")) | L12: =IF($C12="","",DATE(YEAR($C12),MONTH($C12),1)) | M12: =IF($C12="","",IF(AND($D12<>"",$E12<>"",$G12>0,$H12<>"",$I12<>""),IF($C12>TODAY(),"İLERİ TARİH","UYGUN"),"EKSİK"))
B13: =IF($C13="","","GG"&TEXT(ROW()-6,"00000")) | L13: =IF($C13="","",DATE(YEAR($C13),MONTH($C13),1)) | M13: =IF($C13="","",IF(AND($D13<>"",$E13<>"",$G13>0,$H13<>"",$I13<>""),IF($C13>TODAY(),"İLERİ TARİH","UYGUN"),"EKSİK"))
B14: =IF($C14="","","GG"&TEXT(ROW()-6,"00000")) | L14: =IF($C14="","",DATE(YEAR($C14),MONTH($C14),1)) | M14: =IF($C14="","",IF(AND($D14<>"",$E14<>"",$G14>0,$H14<>"",$I14<>""),IF($C14>TODAY(),"İLERİ TARİH","UYGUN"),"EKSİK"))
B15: =IF($C15="","","GG"&TEXT(ROW()-6,"00000")) | L15: =IF($C15="","",DATE(YEAR($C15),MONTH($C15),1)) | M15: =IF($C15="","",IF(AND($D15<>"",$E15<>"",$G15>0,$H15<>"",$I15<>""),IF($C15>TODAY(),"İLERİ TARİH","UYGUN"),"EKSİK"))
B16: =IF($C16="","","GG"&TEXT(ROW()-6,"00000")) | L16: =IF($C16="","",DATE(YEAR($C16),MONTH($C16),1)) | M16: =IF($C16="","",IF(AND($D16<>"",$E16<>"",$G16>0,$H16<>"",$I16<>""),IF($C16>TODAY(),"İLERİ TARİH","UYGUN"),"EKSİK"))
B17: =IF($C17="","","GG"&TEXT(ROW()-6,"00000")) | L17: =IF($C17="","",DATE(YEAR($C17),MONTH($C17),1)) | M17: =IF($C17="","",IF(AND($D17<>"",$E17<>"",$G17>0,$H17<>"",$I17<>""),IF($C17>TODAY(),"İLERİ TARİH","UYGUN"),"EKSİK"))
B18: =IF($C18="","","GG"&TEXT(ROW()-6,"00000")) | L18: =IF($C18="","",DATE(YEAR($C18),MONTH($C18),1)) | M18: =IF($C18="","",IF(AND($D18<>"",$E18<>"",$G18>0,$H18<>"",$I18<>""),IF($C18>TODAY(),"İLERİ TARİH","UYGUN"),"EKSİK"))
... B1206: =IF($C1206="","","GG"&TEXT(ROW()-6,"00000")) | L1206: =IF($C1206="","",DATE(YEAR($C1206),MONTH($C1206),1)) | M1206: =IF($C1206="","",IF(AND($D1206<>"",$E1206<>"",$G1206>0,$H1206<>"",$I1206<>""),IF($C1206>TODAY(),"İLERİ TARİH","UYGUN"),"EKSİK"))

Sheet VIRMAN
A1: NECATİBEY OFİS YÖNETİM SİSTEMİ │ KASA / BANKA ARASI VİRMAN
A2: Hesaplar arası para geçişi gelir veya gider değildir │ Toplam nakit değişmez
B4: =HYPERLINK("#PANO!A1","← PANO") | D4: =HYPERLINK("#HESAPLAR!A1","Hesaplar") | F4: Sarı hücreler veri girişidir. Beyaz hücreler sistem tarafından hesaplanır ve kilitlidir. Çıkan ve giren hesap aynı olamaz.
C5: TOPLAM │ Virman hacmi | F5: =SUM($F$7:$F$406)
B6: İşlem No | C6: Tarih | D6: Para Çıkan Hesap | E6: Para Giren Hesap | F6: Tutar | G6: Açıklama | H6: Belge No | I6: İşlemi Giren | J6: Sistem Kontrolü
B7: =IF($C7="","","V"&TEXT(ROW()-6,"00000")) | J7: =IF($C7="","",IF(AND($D7<>"",$E7<>"",$D7<>$E7,$F7>0),"UYGUN","HATA"))
B8: =IF($C8="","","V"&TEXT(ROW()-6,"00000")) | J8: =IF($C8="","",IF(AND($D8<>"",$E8<>"",$D8<>$E8,$F8>0),"UYGUN","HATA"))
B9: =IF($C9="","","V"&TEXT(ROW()-6,"00000")) | J9: =IF($C9="","",IF(AND($D9<>"",$E9<>"",$D9<>$E9,$F9>0),"UYGUN","HATA"))
B10: =IF($C10="","","V"&TEXT(ROW()-6,"00000")) | J10: =IF($C10="","",IF(AND($D10<>"",$E10<>"",$D10<>$E10,$F10>0),"UYGUN","HATA"))
B11: =IF($C11="","","V"&TEXT(ROW()-6,"00000")) | J11: =IF($C11="","",IF(AND($D11<>"",$E11<>"",$D11<>$E11,$F11>0),"UYGUN","HATA"))
B12: =IF($C12="","","V"&TEXT(ROW()-6,"00000")) | J12: =IF($C12="","",IF(AND($D12<>"",$E12<>"",$D12<>$E12,$F12>0),"UYGUN","HATA"))
B13: =IF($C13="","","V"&TEXT(ROW()-6,"00000")) | J13: =IF($C13="","",IF(AND($D13<>"",$E13<>"",$D13<>$E13,$F13>0),"UYGUN","HATA"))
B14: =IF($C14="","","V"&TEXT(ROW()-6,"00000")) | J14: =IF($C14="","",IF(AND($D14<>"",$E14<>"",$D14<>$E14,$F14>0),"UYGUN","HATA"))
B15: =IF($C15="","","V"&TEXT(ROW()-6,"00000")) | J15: =IF($C15="","",IF(AND($D15<>"",$E15<>"",$D15<>$E15,$F15>0),"UYGUN","HATA"))
B16: =IF($C16="","","V"&TEXT(ROW()-6,"00000")) | J16: =IF($C16="","",IF(AND($D16<>"",$E16<>"",$D16<>$E16,$F16>0),"UYGUN","HATA"))
B17: =IF($C17="","","V"&TEXT(ROW()-6,"00000")) | J17: =IF($C17="","",IF(AND($D17<>"",$E17<>"",$D17<>$E17,$F17>0),"UYGUN","HATA"))
B18: =IF($C18="","","V"&TEXT(ROW()-6,"00000")) | J18: =IF($C18="","",IF(AND($D18<>"",$E18<>"",$D18<>$E18,$F18>0),"UYGUN","HATA"))
... B406: =IF($C406="","","V"&TEXT(ROW()-6,"00000")) | J406: =IF($C406="","",IF(AND($D406<>"",$E406<>"",$D406<>$E406,$F406>0),"UYGUN","HATA"))

Sheet AKTIVITE
A1: NECATİBEY OFİS YÖNETİM SİSTEMİ │ MÜŞTERİ AKTİVİTESİ │ İşLER VE GÖRÜŞMELER
A2: Beyanname, bildirim, telefon, toplantı │ Her kayıt son tarih ve sonraki adım üretir
B4: =HYPERLINK("#PANO!A1","← PANO") | D4: =HYPERLINK("#MUSTERILER!A1","Müşteriler") | F4: Sarı hücreler veri girişidir. Beyaz hücreler sistem tarafından hesaplanır ve kilitlidir. Tür = Görüşme seçildiğinde Sonraki İşlem zorunludur.
C5: TOPLAM │ Açık iş ve gecikmiş uyarı | Q5: =COUNTIF($Q$7:$Q$1006,"GECİKMİŞ")
B6: Kayıt No | C6: Tür | D6: Müşteri No | E6: Müşteri | F6: Konu / İş Türü | G6: Dönem | H6: Kayıt Tarihi | I6: Son Tarih / Sonraki Temas | J6: Durum | K6: Öncelik | L6: Sorumlu Kişi | M6: Sonuç / Not | N6: Sonraki İşlem | O6: Tamamlanma | P6: Kalan Gün | Q6: Uyarı
B7: =IF($D7="","","A"&TEXT(ROW()-6,"00000")) | E7: =IF($D7="","",IFERROR(INDEX(MUSTERILER!$C$7:$C$106,MATCH($D7,MUSTERILER!$B$7:$B$106,0)),"TANIMSIZ MÜŞTERİ")) | P7: =IF(OR($D7="",$I7=""),"",IF(OR($J7="Tamamlandı",$J7="İptal"),"",$I7-TODAY())) | Q7: =IF($D7="","",IF($E7="TANIMSIZ MÜŞTERİ","HATA",IF(OR($J7="Tamamlandı",$J7="İptal"),"KAPALI",IF(AND($C7="Görüşme",$N7=""),"SONRAKİ İŞLEM EKSİK",IF($I7="","TARİH EKSİK",IF($I7<TODAY(),"GECİKMİŞ",IF($I7=TODAY(),"BUGÜN",IF($I7<=TODAY()+7,"7 GÜN İÇİNDE","PLANLI"))))))))
B8: =IF($D8="","","A"&TEXT(ROW()-6,"00000")) | E8: =IF($D8="","",IFERROR(INDEX(MUSTERILER!$C$7:$C$106,MATCH($D8,MUSTERILER!$B$7:$B$106,0)),"TANIMSIZ MÜŞTERİ")) | P8: =IF(OR($D8="",$I8=""),"",IF(OR($J8="Tamamlandı",$J8="İptal"),"",$I8-TODAY())) | Q8: =IF($D8="","",IF($E8="TANIMSIZ MÜŞTERİ","HATA",IF(OR($J8="Tamamlandı",$J8="İptal"),"KAPALI",IF(AND($C8="Görüşme",$N8=""),"SONRAKİ İŞLEM EKSİK",IF($I8="","TARİH EKSİK",IF($I8<TODAY(),"GECİKMİŞ",IF($I8=TODAY(),"BUGÜN",IF($I8<=TODAY()+7,"7 GÜN İÇİNDE","PLANLI"))))))))
B9: =IF($D9="","","A"&TEXT(ROW()-6,"00000")) | E9: =IF($D9="","",IFERROR(INDEX(MUSTERILER!$C$7:$C$106,MATCH($D9,MUSTERILER!$B$7:$B$106,0)),"TANIMSIZ MÜŞTERİ")) | P9: =IF(OR($D9="",$I9=""),"",IF(OR($J9="Tamamlandı",$J9="İptal"),"",$I9-TODAY())) | Q9: =IF($D9="","",IF($E9="TANIMSIZ MÜŞTERİ","HATA",IF(OR($J9="Tamamlandı",$J9="İptal"),"KAPALI",IF(AND($C9="Görüşme",$N9=""),"SONRAKİ İŞLEM EKSİK",IF($I9="","TARİH EKSİK",IF($I9<TODAY(),"GECİKMİŞ",IF($I9=TODAY(),"BUGÜN",IF($I9<=TODAY()+7,"7 GÜN İÇİNDE","PLANLI"))))))))
B10: =IF($D10="","","A"&TEXT(ROW()-6,"00000")) | E10: =IF($D10="","",IFERROR(INDEX(MUSTERILER!$C$7:$C$106,MATCH($D10,MUSTERILER!$B$7:$B$106,0)),"TANIMSIZ MÜŞTERİ")) | P10: =IF(OR($D10="",$I10=""),"",IF(OR($J10="Tamamlandı",$J10="İptal"),"",$I10-TODAY())) | Q10: =IF($D10="","",IF($E10="TANIMSIZ MÜŞTERİ","HATA",IF(OR($J10="Tamamlandı",$J10="İptal"),"KAPALI",IF(AND($C10="Görüşme",$N10=""),"SONRAKİ İŞLEM EKSİK",IF($I10="","TARİH EKSİK",IF($I10<TODAY(),"GECİKMİŞ",IF($I10=TODAY(),"BUGÜN",IF($I10<=TODAY()+7,"7 GÜN İÇİNDE","PLANLI"))))))))
B11: =IF($D11="","","A"&TEXT(ROW()-6,"00000")) | E11: =IF($D11="","",IFERROR(INDEX(MUSTERILER!$C$7:$C$106,MATCH($D11,MUSTERILER!$B$7:$B$106,0)),"TANIMSIZ MÜŞTERİ")) | P11: =IF(OR($D11="",$I11=""),"",IF(OR($J11="Tamamlandı",$J11="İptal"),"",$I11-TODAY())) | Q11: =IF($D11="","",IF($E11="TANIMSIZ MÜŞTERİ","HATA",IF(OR($J11="Tamamlandı",$J11="İptal"),"KAPALI",IF(AND($C11="Görüşme",$N11=""),"SONRAKİ İŞLEM EKSİK",IF($I11="","TARİH EKSİK",IF($I11<TODAY(),"GECİKMİŞ",IF($I11=TODAY(),"BUGÜN",IF($I11<=TODAY()+7,"7 GÜN İÇİNDE","PLANLI"))))))))
B12: =IF($D12="","","A"&TEXT(ROW()-6,"00000")) | E12: =IF($D12="","",IFERROR(INDEX(MUSTERILER!$C$7:$C$106,MATCH($D12,MUSTERILER!$B$7:$B$106,0)),"TANIMSIZ MÜŞTERİ")) | P12: =IF(OR($D12="",$I12=""),"",IF(OR($J12="Tamamlandı",$J12="İptal"),"",$I12-TODAY())) | Q12: =IF($D12="","",IF($E12="TANIMSIZ MÜŞTERİ","HATA",IF(OR($J12="Tamamlandı",$J12="İptal"),"KAPALI",IF(AND($C12="Görüşme",$N12=""),"SONRAKİ İŞLEM EKSİK",IF($I12="","TARİH EKSİK",IF($I12<TODAY(),"GECİKMİŞ",IF($I12=TODAY(),"BUGÜN",IF($I12<=TODAY()+7,"7 GÜN İÇİNDE","PLANLI"))))))))
B13: =IF($D13="","","A"&TEXT(ROW()-6,"00000")) | E13: =IF($D13="","",IFERROR(INDEX(MUSTERILER!$C$7:$C$106,MATCH($D13,MUSTERILER!$B$7:$B$106,0)),"TANIMSIZ MÜŞTERİ")) | P13: =IF(OR($D13="",$I13=""),"",IF(OR($J13="Tamamlandı",$J13="İptal"),"",$I13-TODAY())) | Q13: =IF($D13="","",IF($E13="TANIMSIZ MÜŞTERİ","HATA",IF(OR($J13="Tamamlandı",$J13="İptal"),"KAPALI",IF(AND($C13="Görüşme",$N13=""),"SONRAKİ İŞLEM EKSİK",IF($I13="","TARİH EKSİK",IF($I13<TODAY(),"GECİKMİŞ",IF($I13=TODAY(),"BUGÜN",IF($I13<=TODAY()+7,"7 GÜN İÇİNDE","PLANLI"))))))))
B14: =IF($D14="","","A"&TEXT(ROW()-6,"00000")) | E14: =IF($D14="","",IFERROR(INDEX(MUSTERILER!$C$7:$C$106,MATCH($D14,MUSTERILER!$B$7:$B$106,0)),"TANIMSIZ MÜŞTERİ")) | P14: =IF(OR($D14="",$I14=""),"",IF(OR($J14="Tamamlandı",$J14="İptal"),"",$I14-TODAY())) | Q14: =IF($D14="","",IF($E14="TANIMSIZ MÜŞTERİ","HATA",IF(OR($J14="Tamamlandı",$J14="İptal"),"KAPALI",IF(AND($C14="Görüşme",$N14=""),"SONRAKİ İŞLEM EKSİK",IF($I14="","TARİH EKSİK",IF($I14<TODAY(),"GECİKMİŞ",IF($I14=TODAY(),"BUGÜN",IF($I14<=TODAY()+7,"7 GÜN İÇİNDE","PLANLI"))))))))
B15: =IF($D15="","","A"&TEXT(ROW()-6,"00000")) | E15: =IF($D15="","",IFERROR(INDEX(MUSTERILER!$C$7:$C$106,MATCH($D15,MUSTERILER!$B$7:$B$106,0)),"TANIMSIZ MÜŞTERİ")) | P15: =IF(OR($D15="",$I15=""),"",IF(OR($J15="Tamamlandı",$J15="İptal"),"",$I15-TODAY())) | Q15: =IF($D15="","",IF($E15="TANIMSIZ MÜŞTERİ","HATA",IF(OR($J15="Tamamlandı",$J15="İptal"),"KAPALI",IF(AND($C15="Görüşme",$N15=""),"SONRAKİ İŞLEM EKSİK",IF($I15="","TARİH EKSİK",IF($I15<TODAY(),"GECİKMİŞ",IF($I15=TODAY(),"BUGÜN",IF($I15<=TODAY()+7,"7 GÜN İÇİNDE","PLANLI"))))))))
B16: =IF($D16="","","A"&TEXT(ROW()-6,"00000")) | E16: =IF($D16="","",IFERROR(INDEX(MUSTERILER!$C$7:$C$106,MATCH($D16,MUSTERILER!$B$7:$B$106,0)),"TANIMSIZ MÜŞTERİ")) | P16: =IF(OR($D16="",$I16=""),"",IF(OR($J16="Tamamlandı",$J16="İptal"),"",$I16-TODAY())) | Q16: =IF($D16="","",IF($E16="TANIMSIZ MÜŞTERİ","HATA",IF(OR($J16="Tamamlandı",$J16="İptal"),"KAPALI",IF(AND($C16="Görüşme",$N16=""),"SONRAKİ İŞLEM EKSİK",IF($I16="","TARİH EKSİK",IF($I16<TODAY(),"GECİKMİŞ",IF($I16=TODAY(),"BUGÜN",IF($I16<=TODAY()+7,"7 GÜN İÇİNDE","PLANLI"))))))))
B17: =IF($D17="","","A"&TEXT(ROW()-6,"00000")) | E17: =IF($D17="","",IFERROR(INDEX(MUSTERILER!$C$7:$C$106,MATCH($D17,MUSTERILER!$B$7:$B$106,0)),"TANIMSIZ MÜŞTERİ")) | P17: =IF(OR($D17="",$I17=""),"",IF(OR($J17="Tamamlandı",$J17="İptal"),"",$I17-TODAY())) | Q17: =IF($D17="","",IF($E17="TANIMSIZ MÜŞTERİ","HATA",IF(OR($J17="Tamamlandı",$J17="İptal"),"KAPALI",IF(AND($C17="Görüşme",$N17=""),"SONRAKİ İŞLEM EKSİK",IF($I17="","TARİH EKSİK",IF($I17<TODAY(),"GECİKMİŞ",IF($I17=TODAY(),"BUGÜN",IF($I17<=TODAY()+7,"7 GÜN İÇİNDE","PLANLI"))))))))
B18: =IF($D18="","","A"&TEXT(ROW()-6,"00000")) | E18: =IF($D18="","",IFERROR(INDEX(MUSTERILER!$C$7:$C$106,MATCH($D18,MUSTERILER!$B$7:$B$106,0)),"TANIMSIZ MÜŞTERİ")) | P18: =IF(OR($D18="",$I18=""),"",IF(OR($J18="Tamamlandı",$J18="İptal"),"",$I18-TODAY())) | Q18: =IF($D18="","",IF($E18="TANIMSIZ MÜŞTERİ","HATA",IF(OR($J18="Tamamlandı",$J18="İptal"),"KAPALI",IF(AND($C18="Görüşme",$N18=""),"SONRAKİ İŞLEM EKSİK",IF($I18="","TARİH EKSİK",IF($I18<TODAY(),"GECİKMİŞ",IF($I18=TODAY(),"BUGÜN",IF($I18<=TODAY()+7,"7 GÜN İÇİNDE","PLANLI"))))))))
... B1006: =IF($D1006="","","A"&TEXT(ROW()-6,"00000")) | E1006: =IF($D1006="","",IFERROR(INDEX(MUSTERILER!$C$7:$C$106,MATCH($D1006,MUSTERILER!$B$7:$B$106,0)),"TANIMSIZ MÜŞTERİ")) | P1006: =IF(OR($D1006="",$I1006=""),"",IF(OR($J1006="Tamamlandı",$J1006="İptal"),"",$I1006-TODAY())) | Q1006: =IF($D1006="","",IF($E1006="TANIMSIZ MÜŞTERİ","HATA",IF(OR($J1006="Tamamlandı",$J1006="İptal"),"KAPALI",IF(AND($C1006="Görüşme",$N1006=""),"SONRAKİ İŞLEM EKSİK",IF($I1006="","TARİH EKSİK",IF($I1006<TODAY(),"GECİKMİŞ",IF($I1006=TODAY(),"BUGÜN",IF($I1006<=TODAY()+7,"7 GÜN İÇİNDE","PLANLI"))))))))

Sheet MUSTERI_360
A1: NECATİBEY OFİS YÖNETİM SİSTEMİ │ MÜŞTERİ 360 │ CARİ, YAŞLANDIRMA VE TAHAKKUK
A2: Bu ekrana veri girilmez │ Tüm değerler müşteri, ücret ve tahsilat kayıtlarından hesaplanır
B4: =HYPERLINK("#PANO!A1","← PANO") | D4: =HYPERLINK("#TAHSILAT!A1","Tahsilat") | F4: =HYPERLINK("#MUSTERILER!A1","Müşteriler") | H4: Sarı hücreler veri girişidir. Beyaz hücreler sistem tarafından hesaplanır ve kilitlidir. Yaşlandırma en eski borçtan kapatma esasına göre hesaplanır.
C5: TOPLAM │ Portföy | E5: =SUM(E7:E106) | F5: =SUM(F7:F106) | G5: =SUM(G7:G106) | H5: =SUM(H7:H106) | I5: =SUM(I7:I106) | J5: =SUM(J7:J106) | K5: =SUM(K7:K106) | L5: =SUM(L7:L106) | M5: =SUM(M7:M106) | N5: =IFERROR($H$5/$G$5,0)
B6: Müşteri No | C6: Müşteri | D6: Haftalık Ücret | E6: Devir Alacağı | F6: Yeni Tahakkuk | G6: Toplam Borç | H6: Toplam Tahsilat | I6: Cari Bakiye | J6: 0–7 Gün | K6: 8–14 Gün | L6: 15–28 Gün | M6: 29+ Gün | N6: Tahsilat Oranı | O6: Son Tahsilat | P6: Borç Durumu | Q6: Önerilen İşlem | R6: Açık İş | S6: Devir Tarihi | T6: Devir Yaşı (gün) | U6: Kontrol
B7: =IF(MUSTERILER!$B7="","",MUSTERILER!$B7) | C7: =IF(MUSTERILER!$B7="","",MUSTERILER!$C7) | D7: =IF($B7="","",SUMIFS(UCRETLER!$F$7:$F$406,UCRETLER!$B$7:$B$406,$B7,UCRETLER!$G$7:$G$406,"Aktif")) | E7: =IF($B7="","",SUMIFS(MUSTERILER!$J$7:$J$106,MUSTERILER!$B$7:$B$106,$B7)) | F7: =IF($B7="","",SUMIFS(UCRETLER!$H$7:$H$406,UCRETLER!$B$7:$B$406,$B7)) | G7: =IF($B7="","",$E7+$F7) | H7: =IF($B7="","",SUMIFS(TAHSILAT!$F$7:$F$1506,TAHSILAT!$C$7:$C$1506,$B7)) | I7: =IF($B7="","",MAX(0,$G7-$H7)) | J7: =IF($B7="","",MAX(0,$I7-$K7-$L7-$M7)) | K7: =IF($B7="","",($AB7-$AC7)+IF(AND($AA7>0,$S7<>"",$T7>=8,$T7<15),$AA7,0)) | L7: =IF($B7="","",($AC7-$AD7)+IF(AND($AA7>0,$S7<>"",$T7>=15,$T7<29),$AA7,0)) | M7: =IF($B7="","",$AD7+IF(AND($AA7>0,OR($S7="",$T7>=29)),$AA7,0)) | N7: =IF($B7="","",IFERROR($H7/$G7,0)) | O7: =IF($B7="","",IFERROR(LOOKUP(2,1/(TAHSILAT!$C$7:$C$1506=$B7),TAHSILAT!$E$7:$E$1506),"")) | P7: =IF($B7="","",IF($M7>0,"KRİTİK",IF($L7>0,"YÜKSEK",IF($K7>0,"ORTA",IF($I7>0,"İZLE","TEMİZ"))))) | Q7: =IF($B7="","",IF($P7="KRİTİK","Acil tahsilat görüşmesi ve cari mutabakat",IF($P7="YÜKSEK","Bu hafta tahsilat takibi",IF($P7="ORTA","Hatırlatma mesajı gönder",IF($P7="İZLE","Normal takip","Aksiyon gerekmiyor"))))) | R7: =IF($B7="","",COUNTIFS(AKTIVITE!$D$7:$D$1006,$B7,AKTIVITE!$J$7:$J$1006,"<>Tamamlandı")) | S7: =IF($B7="","",IF(MUSTERILER!$K7="","",MUSTERILER!$K7)) | T7: =IF(OR($B7="",$S7=""),"",TODAY()-$S7) | U7: =IF($B7="","",IF(ABS($I7-($J7+$K7+$L7+$M7))<0.01,"UYGUN","İNCELE")) | W7: =IF($B7="",0,SUMIFS(UCRETLER!$I$7:$I$406,UCRETLER!$B$7:$B$406,$B7)) | X7: =IF($B7="",0,SUMIFS(UCRETLER!$J$7:$J$406,UCRETLER!$B$7:$B$406,$B7)) | Y7: =IF($B7="",0,SUMIFS(UCRETLER!$K$7:$K$406,UCRETLER!$B$7:$B$406,$B7)) | Z7: =IF($B7="",0,MAX(0,$H7-$E7)) | AA7: =IF($B7="",0,MAX(0,$E7-$H7)) | AB7: =IF($B7="",0,MAX(0,$W7-$Z7)) | AC7: =IF($B7="",0,MAX(0,$X7-$Z7)) | AD7: =IF($B7="",0,MAX(0,$Y7-$Z7))
B8: =IF(MUSTERILER!$B8="","",MUSTERILER!$B8) | C8: =IF(MUSTERILER!$B8="","",MUSTERILER!$C8) | D8: =IF($B8="","",SUMIFS(UCRETLER!$F$7:$F$406,UCRETLER!$B$7:$B$406,$B8,UCRETLER!$G$7:$G$406,"Aktif")) | E8: =IF($B8="","",SUMIFS(MUSTERILER!$J$7:$J$106,MUSTERILER!$B$7:$B$106,$B8)) | F8: =IF($B8="","",SUMIFS(UCRETLER!$H$7:$H$406,UCRETLER!$B$7:$B$406,$B8)) | G8: =IF($B8="","",$E8+$F8) | H8: =IF($B8="","",SUMIFS(TAHSILAT!$F$7:$F$1506,TAHSILAT!$C$7:$C$1506,$B8)) | I8: =IF($B8="","",MAX(0,$G8-$H8)) | J8: =IF($B8="","",MAX(0,$I8-$K8-$L8-$M8)) | K8: =IF($B8="","",($AB8-$AC8)+IF(AND($AA8>0,$S8<>"",$T8>=8,$T8<15),$AA8,0)) | L8: =IF($B8="","",($AC8-$AD8)+IF(AND($AA8>0,$S8<>"",$T8>=15,$T8<29),$AA8,0)) | M8: =IF($B8="","",$AD8+IF(AND($AA8>0,OR($S8="",$T8>=29)),$AA8,0)) | N8: =IF($B8="","",IFERROR($H8/$G8,0)) | O8: =IF($B8="","",IFERROR(LOOKUP(2,1/(TAHSILAT!$C$7:$C$1506=$B8),TAHSILAT!$E$7:$E$1506),"")) | P8: =IF($B8="","",IF($M8>0,"KRİTİK",IF($L8>0,"YÜKSEK",IF($K8>0,"ORTA",IF($I8>0,"İZLE","TEMİZ"))))) | Q8: =IF($B8="","",IF($P8="KRİTİK","Acil tahsilat görüşmesi ve cari mutabakat",IF($P8="YÜKSEK","Bu hafta tahsilat takibi",IF($P8="ORTA","Hatırlatma mesajı gönder",IF($P8="İZLE","Normal takip","Aksiyon gerekmiyor"))))) | R8: =IF($B8="","",COUNTIFS(AKTIVITE!$D$7:$D$1006,$B8,AKTIVITE!$J$7:$J$1006,"<>Tamamlandı")) | S8: =IF($B8="","",IF(MUSTERILER!$K8="","",MUSTERILER!$K8)) | T8: =IF(OR($B8="",$S8=""),"",TODAY()-$S8) | U8: =IF($B8="","",IF(ABS($I8-($J8+$K8+$L8+$M8))<0.01,"UYGUN","İNCELE")) | W8: =IF($B8="",0,SUMIFS(UCRETLER!$I$7:$I$406,UCRETLER!$B$7:$B$406,$B8)) | X8: =IF($B8="",0,SUMIFS(UCRETLER!$J$7:$J$406,UCRETLER!$B$7:$B$406,$B8)) | Y8: =IF($B8="",0,SUMIFS(UCRETLER!$K$7:$K$406,UCRETLER!$B$7:$B$406,$B8)) | Z8: =IF($B8="",0,MAX(0,$H8-$E8)) | AA8: =IF($B8="",0,MAX(0,$E8-$H8)) | AB8: =IF($B8="",0,MAX(0,$W8-$Z8)) | AC8: =IF($B8="",0,MAX(0,$X8-$Z8)) | AD8: =IF($B8="",0,MAX(0,$Y8-$Z8))
B9: =IF(MUSTERILER!$B9="","",MUSTERILER!$B9) | C9: =IF(MUSTERILER!$B9="","",MUSTERILER!$C9) | D9: =IF($B9="","",SUMIFS(UCRETLER!$F$7:$F$406,UCRETLER!$B$7:$B$406,$B9,UCRETLER!$G$7:$G$406,"Aktif")) | E9: =IF($B9="","",SUMIFS(MUSTERILER!$J$7:$J$106,MUSTERILER!$B$7:$B$106,$B9)) | F9: =IF($B9="","",SUMIFS(UCRETLER!$H$7:$H$406,UCRETLER!$B$7:$B$406,$B9)) | G9: =IF($B9="","",$E9+$F9) | H9: =IF($B9="","",SUMIFS(TAHSILAT!$F$7:$F$1506,TAHSILAT!$C$7:$C$1506,$B9)) | I9: =IF($B9="","",MAX(0,$G9-$H9)) | J9: =IF($B9="","",MAX(0,$I9-$K9-$L9-$M9)) | K9: =IF($B9="","",($AB9-$AC9)+IF(AND($AA9>0,$S9<>"",$T9>=8,$T9<15),$AA9,0)) | L9: =IF($B9="","",($AC9-$AD9)+IF(AND($AA9>0,$S9<>"",$T9>=15,$T9<29),$AA9,0)) | M9: =IF($B9="","",$AD9+IF(AND($AA9>0,OR($S9="",$T9>=29)),$AA9,0)) | N9: =IF($B9="","",IFERROR($H9/$G9,0)) | O9: =IF($B9="","",IFERROR(LOOKUP(2,1/(TAHSILAT!$C$7:$C$1506=$B9),TAHSILAT!$E$7:$E$1506),"")) | P9: =IF($B9="","",IF($M9>0,"KRİTİK",IF($L9>0,"YÜKSEK",IF($K9>0,"ORTA",IF($I9>0,"İZLE","TEMİZ"))))) | Q9: =IF($B9="","",IF($P9="KRİTİK","Acil tahsilat görüşmesi ve cari mutabakat",IF($P9="YÜKSEK","Bu hafta tahsilat takibi",IF($P9="ORTA","Hatırlatma mesajı gönder",IF($P9="İZLE","Normal takip","Aksiyon gerekmiyor"))))) | R9: =IF($B9="","",COUNTIFS(AKTIVITE!$D$7:$D$1006,$B9,AKTIVITE!$J$7:$J$1006,"<>Tamamlandı")) | S9: =IF($B9="","",IF(MUSTERILER!$K9="","",MUSTERILER!$K9)) | T9: =IF(OR($B9="",$S9=""),"",TODAY()-$S9) | U9: =IF($B9="","",IF(ABS($I9-($J9+$K9+$L9+$M9))<0.01,"UYGUN","İNCELE")) | W9: =IF($B9="",0,SUMIFS(UCRETLER!$I$7:$I$406,UCRETLER!$B$7:$B$406,$B9)) | X9: =IF($B9="",0,SUMIFS(UCRETLER!$J$7:$J$406,UCRETLER!$B$7:$B$406,$B9)) | Y9: =IF($B9="",0,SUMIFS(UCRETLER!$K$7:$K$406,UCRETLER!$B$7:$B$406,$B9)) | Z9: =IF($B9="",0,MAX(0,$H9-$E9)) | AA9: =IF($B9="",0,MAX(0,$E9-$H9)) | AB9: =IF($B9="",0,MAX(0,$W9-$Z9)) | AC9: =IF($B9="",0,MAX(0,$X9-$Z9)) | AD9: =IF($B9="",0,MAX(0,$Y9-$Z9))
B10: =IF(MUSTERILER!$B10="","",MUSTERILER!$B10) | C10: =IF(MUSTERILER!$B10="","",MUSTERILER!$C10) | D10: =IF($B10="","",SUMIFS(UCRETLER!$F$7:$F$406,UCRETLER!$B$7:$B$406,$B10,UCRETLER!$G$7:$G$406,"Aktif")) | E10: =IF($B10="","",SUMIFS(MUSTERILER!$J$7:$J$106,MUSTERILER!$B$7:$B$106,$B10)) | F10: =IF($B10="","",SUMIFS(UCRETLER!$H$7:$H$406,UCRETLER!$B$7:$B$406,$B10)) | G10: =IF($B10="","",$E10+$F10) | H10: =IF($B10="","",SUMIFS(TAHSILAT!$F$7:$F$1506,TAHSILAT!$C$7:$C$1506,$B10)) | I10: =IF($B10="","",MAX(0,$G10-$H10)) | J10: =IF($B10="","",MAX(0,$I10-$K10-$L10-$M10)) | K10: =IF($B10="","",($AB10-$AC10)+IF(AND($AA10>0,$S10<>"",$T10>=8,$T10<15),$AA10,0)) | L10: =IF($B10="","",($AC10-$AD10)+IF(AND($AA10>0,$S10<>"",$T10>=15,$T10<29),$AA10,0)) | M10: =IF($B10="","",$AD10+IF(AND($AA10>0,OR($S10="",$T10>=29)),$AA10,0)) | N10: =IF($B10="","",IFERROR($H10/$G10,0)) | O10: =IF($B10="","",IFERROR(LOOKUP(2,1/(TAHSILAT!$C$7:$C$1506=$B10),TAHSILAT!$E$7:$E$1506),"")) | P10: =IF($B10="","",IF($M10>0,"KRİTİK",IF($L10>0,"YÜKSEK",IF($K10>0,"ORTA",IF($I10>0,"İZLE","TEMİZ"))))) | Q10: =IF($B10="","",IF($P10="KRİTİK","Acil tahsilat görüşmesi ve cari mutabakat",IF($P10="YÜKSEK","Bu hafta tahsilat takibi",IF($P10="ORTA","Hatırlatma mesajı gönder",IF($P10="İZLE","Normal takip","Aksiyon gerekmiyor"))))) | R10: =IF($B10="","",COUNTIFS(AKTIVITE!$D$7:$D$1006,$B10,AKTIVITE!$J$7:$J$1006,"<>Tamamlandı")) | S10: =IF($B10="","",IF(MUSTERILER!$K10="","",MUSTERILER!$K10)) | T10: =IF(OR($B10="",$S10=""),"",TODAY()-$S10) | U10: =IF($B10="","",IF(ABS($I10-($J10+$K10+$L10+$M10))<0.01,"UYGUN","İNCELE")) | W10: =IF($B10="",0,SUMIFS(UCRETLER!$I$7:$I$406,UCRETLER!$B$7:$B$406,$B10)) | X10: =IF($B10="",0,SUMIFS(UCRETLER!$J$7:$J$406,UCRETLER!$B$7:$B$406,$B10)) | Y10: =IF($B10="",0,SUMIFS(UCRETLER!$K$7:$K$406,UCRETLER!$B$7:$B$406,$B10)) | Z10: =IF($B10="",0,MAX(0,$H10-$E10)) | AA10: =IF($B10="",0,MAX(0,$E10-$H10)) | AB10: =IF($B10="",0,MAX(0,$W10-$Z10)) | AC10: =IF($B10="",0,MAX(0,$X10-$Z10)) | AD10: =IF($B10="",0,MAX(0,$Y10-$Z10))
B11: =IF(MUSTERILER!$B11="","",MUSTERILER!$B11) | C11: =IF(MUSTERILER!$B11="","",MUSTERILER!$C11) | D11: =IF($B11="","",SUMIFS(UCRETLER!$F$7:$F$406,UCRETLER!$B$7:$B$406,$B11,UCRETLER!$G$7:$G$406,"Aktif")) | E11: =IF($B11="","",SUMIFS(MUSTERILER!$J$7:$J$106,MUSTERILER!$B$7:$B$106,$B11)) | F11: =IF($B11="","",SUMIFS(UCRETLER!$H$7:$H$406,UCRETLER!$B$7:$B$406,$B11)) | G11: =IF($B11="","",$E11+$F11) | H11: =IF($B11="","",SUMIFS(TAHSILAT!$F$7:$F$1506,TAHSILAT!$C$7:$C$1506,$B11)) | I11: =IF($B11="","",MAX(0,$G11-$H11)) | J11: =IF($B11="","",MAX(0,$I11-$K11-$L11-$M11)) | K11: =IF($B11="","",($AB11-$AC11)+IF(AND($AA11>0,$S11<>"",$T11>=8,$T11<15),$AA11,0)) | L11: =IF($B11="","",($AC11-$AD11)+IF(AND($AA11>0,$S11<>"",$T11>=15,$T11<29),$AA11,0)) | M11: =IF($B11="","",$AD11+IF(AND($AA11>0,OR($S11="",$T11>=29)),$AA11,0)) | N11: =IF($B11="","",IFERROR($H11/$G11,0)) | O11: =IF($B11="","",IFERROR(LOOKUP(2,1/(TAHSILAT!$C$7:$C$1506=$B11),TAHSILAT!$E$7:$E$1506),"")) | P11: =IF($B11="","",IF($M11>0,"KRİTİK",IF($L11>0,"YÜKSEK",IF($K11>0,"ORTA",IF($I11>0,"İZLE","TEMİZ"))))) | Q11: =IF($B11="","",IF($P11="KRİTİK","Acil tahsilat görüşmesi ve cari mutabakat",IF($P11="YÜKSEK","Bu hafta tahsilat takibi",IF($P11="ORTA","Hatırlatma mesajı gönder",IF($P11="İZLE","Normal takip","Aksiyon gerekmiyor"))))) | R11: =IF($B11="","",COUNTIFS(AKTIVITE!$D$7:$D$1006,$B11,AKTIVITE!$J$7:$J$1006,"<>Tamamlandı")) | S11: =IF($B11="","",IF(MUSTERILER!$K11="","",MUSTERILER!$K11)) | T11: =IF(OR($B11="",$S11=""),"",TODAY()-$S11) | U11: =IF($B11="","",IF(ABS($I11-($J11+$K11+$L11+$M11))<0.01,"UYGUN","İNCELE")) | W11: =IF($B11="",0,SUMIFS(UCRETLER!$I$7:$I$406,UCRETLER!$B$7:$B$406,$B11)) | X11: =IF($B11="",0,SUMIFS(UCRETLER!$J$7:$J$406,UCRETLER!$B$7:$B$406,$B11)) | Y11: =IF($B11="",0,SUMIFS(UCRETLER!$K$7:$K$406,UCRETLER!$B$7:$B$406,$B11)) | Z11: =IF($B11="",0,MAX(0,$H11-$E11)) | AA11: =IF($B11="",0,MAX(0,$E11-$H11)) | AB11: =IF($B11="",0,MAX(0,$W11-$Z11)) | AC11: =IF($B11="",0,MAX(0,$X11-$Z11)) | AD11: =IF($B11="",0,MAX(0,$Y11-$Z11))
B12: =IF(MUSTERILER!$B12="","",MUSTERILER!$B12) | C12: =IF(MUSTERILER!$B12="","",MUSTERILER!$C12) | D12: =IF($B12="","",SUMIFS(UCRETLER!$F$7:$F$406,UCRETLER!$B$7:$B$406,$B12,UCRETLER!$G$7:$G$406,"Aktif")) | E12: =IF($B12="","",SUMIFS(MUSTERILER!$J$7:$J$106,MUSTERILER!$B$7:$B$106,$B12)) | F12: =IF($B12="","",SUMIFS(UCRETLER!$H$7:$H$406,UCRETLER!$B$7:$B$406,$B12)) | G12: =IF($B12="","",$E12+$F12) | H12: =IF($B12="","",SUMIFS(TAHSILAT!$F$7:$F$1506,TAHSILAT!$C$7:$C$1506,$B12)) | I12: =IF($B12="","",MAX(0,$G12-$H12)) | J12: =IF($B12="","",MAX(0,$I12-$K12-$L12-$M12)) | K12: =IF($B12="","",($AB12-$AC12)+IF(AND($AA12>0,$S12<>"",$T12>=8,$T12<15),$AA12,0)) | L12: =IF($B12="","",($AC12-$AD12)+IF(AND($AA12>0,$S12<>"",$T12>=15,$T12<29),$AA12,0)) | M12: =IF($B12="","",$AD12+IF(AND($AA12>0,OR($S12="",$T12>=29)),$AA12,0)) | N12: =IF($B12="","",IFERROR($H12/$G12,0)) | O12: =IF($B12="","",IFERROR(LOOKUP(2,1/(TAHSILAT!$C$7:$C$1506=$B12),TAHSILAT!$E$7:$E$1506),"")) | P12: =IF($B12="","",IF($M12>0,"KRİTİK",IF($L12>0,"YÜKSEK",IF($K12>0,"ORTA",IF($I12>0,"İZLE","TEMİZ"))))) | Q12: =IF($B12="","",IF($P12="KRİTİK","Acil tahsilat görüşmesi ve cari mutabakat",IF($P12="YÜKSEK","Bu hafta tahsilat takibi",IF($P12="ORTA","Hatırlatma mesajı gönder",IF($P12="İZLE","Normal takip","Aksiyon gerekmiyor"))))) | R12: =IF($B12="","",COUNTIFS(AKTIVITE!$D$7:$D$1006,$B12,AKTIVITE!$J$7:$J$1006,"<>Tamamlandı")) | S12: =IF($B12="","",IF(MUSTERILER!$K12="","",MUSTERILER!$K12)) | T12: =IF(OR($B12="",$S12=""),"",TODAY()-$S12) | U12: =IF($B12="","",IF(ABS($I12-($J12+$K12+$L12+$M12))<0.01,"UYGUN","İNCELE")) | W12: =IF($B12="",0,SUMIFS(UCRETLER!$I$7:$I$406,UCRETLER!$B$7:$B$406,$B12)) | X12: =IF($B12="",0,SUMIFS(UCRETLER!$J$7:$J$406,UCRETLER!$B$7:$B$406,$B12)) | Y12: =IF($B12="",0,SUMIFS(UCRETLER!$K$7:$K$406,UCRETLER!$B$7:$B$406,$B12)) | Z12: =IF($B12="",0,MAX(0,$H12-$E12)) | AA12: =IF($B12="",0,MAX(0,$E12-$H12)) | AB12: =IF($B12="",0,MAX(0,$W12-$Z12)) | AC12: =IF($B12="",0,MAX(0,$X12-$Z12)) | AD12: =IF($B12="",0,MAX(0,$Y12-$Z12))
B13: =IF(MUSTERILER!$B13="","",MUSTERILER!$B13) | C13: =IF(MUSTERILER!$B13="","",MUSTERILER!$C13) | D13: =IF($B13="","",SUMIFS(UCRETLER!$F$7:$F$406,UCRETLER!$B$7:$B$406,$B13,UCRETLER!$G$7:$G$406,"Aktif")) | E13: =IF($B13="","",SUMIFS(MUSTERILER!$J$7:$J$106,MUSTERILER!$B$7:$B$106,$B13)) | F13: =IF($B13="","",SUMIFS(UCRETLER!$H$7:$H$406,UCRETLER!$B$7:$B$406,$B13)) | G13: =IF($B13="","",$E13+$F13) | H13: =IF($B13="","",SUMIFS(TAHSILAT!$F$7:$F$1506,TAHSILAT!$C$7:$C$1506,$B13)) | I13: =IF($B13="","",MAX(0,$G13-$H13)) | J13: =IF($B13="","",MAX(0,$I13-$K13-$L13-$M13)) | K13: =IF($B13="","",($AB13-$AC13)+IF(AND($AA13>0,$S13<>"",$T13>=8,$T13<15),$AA13,0)) | L13: =IF($B13="","",($AC13-$AD13)+IF(AND($AA13>0,$S13<>"",$T13>=15,$T13<29),$AA13,0)) | M13: =IF($B13="","",$AD13+IF(AND($AA13>0,OR($S13="",$T13>=29)),$AA13,0)) | N13: =IF($B13="","",IFERROR($H13/$G13,0)) | O13: =IF($B13="","",IFERROR(LOOKUP(2,1/(TAHSILAT!$C$7:$C$1506=$B13),TAHSILAT!$E$7:$E$1506),"")) | P13: =IF($B13="","",IF($M13>0,"KRİTİK",IF($L13>0,"YÜKSEK",IF($K13>0,"ORTA",IF($I13>0,"İZLE","TEMİZ"))))) | Q13: =IF($B13="","",IF($P13="KRİTİK","Acil tahsilat görüşmesi ve cari mutabakat",IF($P13="YÜKSEK","Bu hafta tahsilat takibi",IF($P13="ORTA","Hatırlatma mesajı gönder",IF($P13="İZLE","Normal takip","Aksiyon gerekmiyor"))))) | R13: =IF($B13="","",COUNTIFS(AKTIVITE!$D$7:$D$1006,$B13,AKTIVITE!$J$7:$J$1006,"<>Tamamlandı")) | S13: =IF($B13="","",IF(MUSTERILER!$K13="","",MUSTERILER!$K13)) | T13: =IF(OR($B13="",$S13=""),"",TODAY()-$S13) | U13: =IF($B13="","",IF(ABS($I13-($J13+$K13+$L13+$M13))<0.01,"UYGUN","İNCELE")) | W13: =IF($B13="",0,SUMIFS(UCRETLER!$I$7:$I$406,UCRETLER!$B$7:$B$406,$B13)) | X13: =IF($B13="",0,SUMIFS(UCRETLER!$J$7:$J$406,UCRETLER!$B$7:$B$406,$B13)) | Y13: =IF($B13="",0,SUMIFS(UCRETLER!$K$7:$K$406,UCRETLER!$B$7:$B$406,$B13)) | Z13: =IF($B13="",0,MAX(0,$H13-$E13)) | AA13: =IF($B13="",0,MAX(0,$E13-$H13)) | AB13: =IF($B13="",0,MAX(0,$W13-$Z13)) | AC13: =IF($B13="",0,MAX(0,$X13-$Z13)) | AD13: =IF($B13="",0,MAX(0,$Y13-$Z13))
B14: =IF(MUSTERILER!$B14="","",MUSTERILER!$B14) | C14: =IF(MUSTERILER!$B14="","",MUSTERILER!$C14) | D14: =IF($B14="","",SUMIFS(UCRETLER!$F$7:$F$406,UCRETLER!$B$7:$B$406,$B14,UCRETLER!$G$7:$G$406,"Aktif")) | E14: =IF($B14="","",SUMIFS(MUSTERILER!$J$7:$J$106,MUSTERILER!$B$7:$B$106,$B14)) | F14: =IF($B14="","",SUMIFS(UCRETLER!$H$7:$H$406,UCRETLER!$B$7:$B$406,$B14)) | G14: =IF($B14="","",$E14+$F14) | H14: =IF($B14="","",SUMIFS(TAHSILAT!$F$7:$F$1506,TAHSILAT!$C$7:$C$1506,$B14)) | I14: =IF($B14="","",MAX(0,$G14-$H14)) | J14: =IF($B14="","",MAX(0,$I14-$K14-$L14-$M14)) | K14: =IF($B14="","",($AB14-$AC14)+IF(AND($AA14>0,$S14<>"",$T14>=8,$T14<15),$AA14,0)) | L14: =IF($B14="","",($AC14-$AD14)+IF(AND($AA14>0,$S14<>"",$T14>=15,$T14<29),$AA14,0)) | M14: =IF($B14="","",$AD14+IF(AND($AA14>0,OR($S14="",$T14>=29)),$AA14,0)) | N14: =IF($B14="","",IFERROR($H14/$G14,0)) | O14: =IF($B14="","",IFERROR(LOOKUP(2,1/(TAHSILAT!$C$7:$C$1506=$B14),TAHSILAT!$E$7:$E$1506),"")) | P14: =IF($B14="","",IF($M14>0,"KRİTİK",IF($L14>0,"YÜKSEK",IF($K14>0,"ORTA",IF($I14>0,"İZLE","TEMİZ"))))) | Q14: =IF($B14="","",IF($P14="KRİTİK","Acil tahsilat görüşmesi ve cari mutabakat",IF($P14="YÜKSEK","Bu hafta tahsilat takibi",IF($P14="ORTA","Hatırlatma mesajı gönder",IF($P14="İZLE","Normal takip","Aksiyon gerekmiyor"))))) | R14: =IF($B14="","",COUNTIFS(AKTIVITE!$D$7:$D$1006,$B14,AKTIVITE!$J$7:$J$1006,"<>Tamamlandı")) | S14: =IF($B14="","",IF(MUSTERILER!$K14="","",MUSTERILER!$K14)) | T14: =IF(OR($B14="",$S14=""),"",TODAY()-$S14) | U14: =IF($B14="","",IF(ABS($I14-($J14+$K14+$L14+$M14))<0.01,"UYGUN","İNCELE")) | W14: =IF($B14="",0,SUMIFS(UCRETLER!$I$7:$I$406,UCRETLER!$B$7:$B$406,$B14)) | X14: =IF($B14="",0,SUMIFS(UCRETLER!$J$7:$J$406,UCRETLER!$B$7:$B$406,$B14)) | Y14: =IF($B14="",0,SUMIFS(UCRETLER!$K$7:$K$406,UCRETLER!$B$7:$B$406,$B14)) | Z14: =IF($B14="",0,MAX(0,$H14-$E14)) | AA14: =IF($B14="",0,MAX(0,$E14-$H14)) | AB14: =IF($B14="",0,MAX(0,$W14-$Z14)) | AC14: =IF($B14="",0,MAX(0,$X14-$Z14)) | AD14: =IF($B14="",0,MAX(0,$Y14-$Z14))
B15: =IF(MUSTERILER!$B15="","",MUSTERILER!$B15) | C15: =IF(MUSTERILER!$B15="","",MUSTERILER!$C15) | D15: =IF($B15="","",SUMIFS(UCRETLER!$F$7:$F$406,UCRETLER!$B$7:$B$406,$B15,UCRETLER!$G$7:$G$406,"Aktif")) | E15: =IF($B15="","",SUMIFS(MUSTERILER!$J$7:$J$106,MUSTERILER!$B$7:$B$106,$B15)) | F15: =IF($B15="","",SUMIFS(UCRETLER!$H$7:$H$406,UCRETLER!$B$7:$B$406,$B15)) | G15: =IF($B15="","",$E15+$F15) | H15: =IF($B15="","",SUMIFS(TAHSILAT!$F$7:$F$1506,TAHSILAT!$C$7:$C$1506,$B15)) | I15: =IF($B15="","",MAX(0,$G15-$H15)) | J15: =IF($B15="","",MAX(0,$I15-$K15-$L15-$M15)) | K15: =IF($B15="","",($AB15-$AC15)+IF(AND($AA15>0,$S15<>"",$T15>=8,$T15<15),$AA15,0)) | L15: =IF($B15="","",($AC15-$AD15)+IF(AND($AA15>0,$S15<>"",$T15>=15,$T15<29),$AA15,0)) | M15: =IF($B15="","",$AD15+IF(AND($AA15>0,OR($S15="",$T15>=29)),$AA15,0)) | N15: =IF($B15="","",IFERROR($H15/$G15,0)) | O15: =IF($B15="","",IFERROR(LOOKUP(2,1/(TAHSILAT!$C$7:$C$1506=$B15),TAHSILAT!$E$7:$E$1506),"")) | P15: =IF($B15="","",IF($M15>0,"KRİTİK",IF($L15>0,"YÜKSEK",IF($K15>0,"ORTA",IF($I15>0,"İZLE","TEMİZ"))))) | Q15: =IF($B15="","",IF($P15="KRİTİK","Acil tahsilat görüşmesi ve cari mutabakat",IF($P15="YÜKSEK","Bu hafta tahsilat takibi",IF($P15="ORTA","Hatırlatma mesajı gönder",IF($P15="İZLE","Normal takip","Aksiyon gerekmiyor"))))) | R15: =IF($B15="","",COUNTIFS(AKTIVITE!$D$7:$D$1006,$B15,AKTIVITE!$J$7:$J$1006,"<>Tamamlandı")) | S15: =IF($B15="","",IF(MUSTERILER!$K15="","",MUSTERILER!$K15)) | T15: =IF(OR($B15="",$S15=""),"",TODAY()-$S15) | U15: =IF($B15="","",IF(ABS($I15-($J15+$K15+$L15+$M15))<0.01,"UYGUN","İNCELE")) | W15: =IF($B15="",0,SUMIFS(UCRETLER!$I$7:$I$406,UCRETLER!$B$7:$B$406,$B15)) | X15: =IF($B15="",0,SUMIFS(UCRETLER!$J$7:$J$406,UCRETLER!$B$7:$B$406,$B15)) | Y15: =IF($B15="",0,SUMIFS(UCRETLER!$K$7:$K$406,UCRETLER!$B$7:$B$406,$B15)) | Z15: =IF($B15="",0,MAX(0,$H15-$E15)) | AA15: =IF($B15="",0,MAX(0,$E15-$H15)) | AB15: =IF($B15="",0,MAX(0,$W15-$Z15)) | AC15: =IF($B15="",0,MAX(0,$X15-$Z15)) | AD15: =IF($B15="",0,MAX(0,$Y15-$Z15))
B16: =IF(MUSTERILER!$B16="","",MUSTERILER!$B16) | C16: =IF(MUSTERILER!$B16="","",MUSTERILER!$C16) | D16: =IF($B16="","",SUMIFS(UCRETLER!$F$7:$F$406,UCRETLER!$B$7:$B$406,$B16,UCRETLER!$G$7:$G$406,"Aktif")) | E16: =IF($B16="","",SUMIFS(MUSTERILER!$J$7:$J$106,MUSTERILER!$B$7:$B$106,$B16)) | F16: =IF($B16="","",SUMIFS(UCRETLER!$H$7:$H$406,UCRETLER!$B$7:$B$406,$B16)) | G16: =IF($B16="","",$E16+$F16) | H16: =IF($B16="","",SUMIFS(TAHSILAT!$F$7:$F$1506,TAHSILAT!$C$7:$C$1506,$B16)) | I16: =IF($B16="","",MAX(0,$G16-$H16)) | J16: =IF($B16="","",MAX(0,$I16-$K16-$L16-$M16)) | K16: =IF($B16="","",($AB16-$AC16)+IF(AND($AA16>0,$S16<>"",$T16>=8,$T16<15),$AA16,0)) | L16: =IF($B16="","",($AC16-$AD16)+IF(AND($AA16>0,$S16<>"",$T16>=15,$T16<29),$AA16,0)) | M16: =IF($B16="","",$AD16+IF(AND($AA16>0,OR($S16="",$T16>=29)),$AA16,0)) | N16: =IF($B16="","",IFERROR($H16/$G16,0)) | O16: =IF($B16="","",IFERROR(LOOKUP(2,1/(TAHSILAT!$C$7:$C$1506=$B16),TAHSILAT!$E$7:$E$1506),"")) | P16: =IF($B16="","",IF($M16>0,"KRİTİK",IF($L16>0,"YÜKSEK",IF($K16>0,"ORTA",IF($I16>0,"İZLE","TEMİZ"))))) | Q16: =IF($B16="","",IF($P16="KRİTİK","Acil tahsilat görüşmesi ve cari mutabakat",IF($P16="YÜKSEK","Bu hafta tahsilat takibi",IF($P16="ORTA","Hatırlatma mesajı gönder",IF($P16="İZLE","Normal takip","Aksiyon gerekmiyor"))))) | R16: =IF($B16="","",COUNTIFS(AKTIVITE!$D$7:$D$1006,$B16,AKTIVITE!$J$7:$J$1006,"<>Tamamlandı")) | S16: =IF($B16="","",IF(MUSTERILER!$K16="","",MUSTERILER!$K16)) | T16: =IF(OR($B16="",$S16=""),"",TODAY()-$S16) | U16: =IF($B16="","",IF(ABS($I16-($J16+$K16+$L16+$M16))<0.01,"UYGUN","İNCELE")) | W16: =IF($B16="",0,SUMIFS(UCRETLER!$I$7:$I$406,UCRETLER!$B$7:$B$406,$B16)) | X16: =IF($B16="",0,SUMIFS(UCRETLER!$J$7:$J$406,UCRETLER!$B$7:$B$406,$B16)) | Y16: =IF($B16="",0,SUMIFS(UCRETLER!$K$7:$K$406,UCRETLER!$B$7:$B$406,$B16)) | Z16: =IF($B16="",0,MAX(0,$H16-$E16)) | AA16: =IF($B16="",0,MAX(0,$E16-$H16)) | AB16: =IF($B16="",0,MAX(0,$W16-$Z16)) | AC16: =IF($B16="",0,MAX(0,$X16-$Z16)) | AD16: =IF($B16="",0,MAX(0,$Y16-$Z16))
B17: =IF(MUSTERILER!$B17="","",MUSTERILER!$B17) | C17: =IF(MUSTERILER!$B17="","",MUSTERILER!$C17) | D17: =IF($B17="","",SUMIFS(UCRETLER!$F$7:$F$406,UCRETLER!$B$7:$B$406,$B17,UCRETLER!$G$7:$G$406,"Aktif")) | E17: =IF($B17="","",SUMIFS(MUSTERILER!$J$7:$J$106,MUSTERILER!$B$7:$B$106,$B17)) | F17: =IF($B17="","",SUMIFS(UCRETLER!$H$7:$H$406,UCRETLER!$B$7:$B$406,$B17)) | G17: =IF($B17="","",$E17+$F17) | H17: =IF($B17="","",SUMIFS(TAHSILAT!$F$7:$F$1506,TAHSILAT!$C$7:$C$1506,$B17)) | I17: =IF($B17="","",MAX(0,$G17-$H17)) | J17: =IF($B17="","",MAX(0,$I17-$K17-$L17-$M17)) | K17: =IF($B17="","",($AB17-$AC17)+IF(AND($AA17>0,$S17<>"",$T17>=8,$T17<15),$AA17,0)) | L17: =IF($B17="","",($AC17-$AD17)+IF(AND($AA17>0,$S17<>"",$T17>=15,$T17<29),$AA17,0)) | M17: =IF($B17="","",$AD17+IF(AND($AA17>0,OR($S17="",$T17>=29)),$AA17,0)) | N17: =IF($B17="","",IFERROR($H17/$G17,0)) | O17: =IF($B17="","",IFERROR(LOOKUP(2,1/(TAHSILAT!$C$7:$C$1506=$B17),TAHSILAT!$E$7:$E$1506),"")) | P17: =IF($B17="","",IF($M17>0,"KRİTİK",IF($L17>0,"YÜKSEK",IF($K17>0,"ORTA",IF($I17>0,"İZLE","TEMİZ"))))) | Q17: =IF($B17="","",IF($P17="KRİTİK","Acil tahsilat görüşmesi ve cari mutabakat",IF($P17="YÜKSEK","Bu hafta tahsilat takibi",IF($P17="ORTA","Hatırlatma mesajı gönder",IF($P17="İZLE","Normal takip","Aksiyon gerekmiyor"))))) | R17: =IF($B17="","",COUNTIFS(AKTIVITE!$D$7:$D$1006,$B17,AKTIVITE!$J$7:$J$1006,"<>Tamamlandı")) | S17: =IF($B17="","",IF(MUSTERILER!$K17="","",MUSTERILER!$K17)) | T17: =IF(OR($B17="",$S17=""),"",TODAY()-$S17) | U17: =IF($B17="","",IF(ABS($I17-($J17+$K17+$L17+$M17))<0.01,"UYGUN","İNCELE")) | W17: =IF($B17="",0,SUMIFS(UCRETLER!$I$7:$I$406,UCRETLER!$B$7:$B$406,$B17)) | X17: =IF($B17="",0,SUMIFS(UCRETLER!$J$7:$J$406,UCRETLER!$B$7:$B$406,$B17)) | Y17: =IF($B17="",0,SUMIFS(UCRETLER!$K$7:$K$406,UCRETLER!$B$7:$B$406,$B17)) | Z17: =IF($B17="",0,MAX(0,$H17-$E17)) | AA17: =IF($B17="",0,MAX(0,$E17-$H17)) | AB17: =IF($B17="",0,MAX(0,$W17-$Z17)) | AC17: =IF($B17="",0,MAX(0,$X17-$Z17)) | AD17: =IF($B17="",0,MAX(0,$Y17-$Z17))
B18: =IF(MUSTERILER!$B18="","",MUSTERILER!$B18) | C18: =IF(MUSTERILER!$B18="","",MUSTERILER!$C18) | D18: =IF($B18="","",SUMIFS(UCRETLER!$F$7:$F$406,UCRETLER!$B$7:$B$406,$B18,UCRETLER!$G$7:$G$406,"Aktif")) | E18: =IF($B18="","",SUMIFS(MUSTERILER!$J$7:$J$106,MUSTERILER!$B$7:$B$106,$B18)) | F18: =IF($B18="","",SUMIFS(UCRETLER!$H$7:$H$406,UCRETLER!$B$7:$B$406,$B18)) | G18: =IF($B18="","",$E18+$F18) | H18: =IF($B18="","",SUMIFS(TAHSILAT!$F$7:$F$1506,TAHSILAT!$C$7:$C$1506,$B18)) | I18: =IF($B18="","",MAX(0,$G18-$H18)) | J18: =IF($B18="","",MAX(0,$I18-$K18-$L18-$M18)) | K18: =IF($B18="","",($AB18-$AC18)+IF(AND($AA18>0,$S18<>"",$T18>=8,$T18<15),$AA18,0)) | L18: =IF($B18="","",($AC18-$AD18)+IF(AND($AA18>0,$S18<>"",$T18>=15,$T18<29),$AA18,0)) | M18: =IF($B18="","",$AD18+IF(AND($AA18>0,OR($S18="",$T18>=29)),$AA18,0)) | N18: =IF($B18="","",IFERROR($H18/$G18,0)) | O18: =IF($B18="","",IFERROR(LOOKUP(2,1/(TAHSILAT!$C$7:$C$1506=$B18),TAHSILAT!$E$7:$E$1506),"")) | P18: =IF($B18="","",IF($M18>0,"KRİTİK",IF($L18>0,"YÜKSEK",IF($K18>0,"ORTA",IF($I18>0,"İZLE","TEMİZ"))))) | Q18: =IF($B18="","",IF($P18="KRİTİK","Acil tahsilat görüşmesi ve cari mutabakat",IF($P18="YÜKSEK","Bu hafta tahsilat takibi",IF($P18="ORTA","Hatırlatma mesajı gönder",IF($P18="İZLE","Normal takip","Aksiyon gerekmiyor"))))) | R18: =IF($B18="","",COUNTIFS(AKTIVITE!$D$7:$D$1006,$B18,AKTIVITE!$J$7:$J$1006,"<>Tamamlandı")) | S18: =IF($B18="","",IF(MUSTERILER!$K18="","",MUSTERILER!$K18)) | T18: =IF(OR($B18="",$S18=""),"",TODAY()-$S18) | U18: =IF($B18="","",IF(ABS($I18-($J18+$K18+$L18+$M18))<0.01,"UYGUN","İNCELE")) | W18: =IF($B18="",0,SUMIFS(UCRETLER!$I$7:$I$406,UCRETLER!$B$7:$B$406,$B18)) | X18: =IF($B18="",0,SUMIFS(UCRETLER!$J$7:$J$406,UCRETLER!$B$7:$B$406,$B18)) | Y18: =IF($B18="",0,SUMIFS(UCRETLER!$K$7:$K$406,UCRETLER!$B$7:$B$406,$B18)) | Z18: =IF($B18="",0,MAX(0,$H18-$E18)) | AA18: =IF($B18="",0,MAX(0,$E18-$H18)) | AB18: =IF($B18="",0,MAX(0,$W18-$Z18)) | AC18: =IF($B18="",0,MAX(0,$X18-$Z18)) | AD18: =IF($B18="",0,MAX(0,$Y18-$Z18))
... B106: =IF(MUSTERILER!$B106="","",MUSTERILER!$B106) | C106: =IF(MUSTERILER!$B106="","",MUSTERILER!$C106) | D106: =IF($B106="","",SUMIFS(UCRETLER!$F$7:$F$406,UCRETLER!$B$7:$B$406,$B106,UCRETLER!$G$7:$G$406,"Aktif")) | E106: =IF($B106="","",SUMIFS(MUSTERILER!$J$7:$J$106,MUSTERILER!$B$7:$B$106,$B106)) | F106: =IF($B106="","",SUMIFS(UCRETLER!$H$7:$H$406,UCRETLER!$B$7:$B$406,$B106)) | G106: =IF($B106="","",$E106+$F106) | H106: =IF($B106="","",SUMIFS(TAHSILAT!$F$7:$F$1506,TAHSILAT!$C$7:$C$1506,$B106)) | I106: =IF($B106="","",MAX(0,$G106-$H106)) | J106: =IF($B106="","",MAX(0,$I106-$K106-$L106-$M106)) | K106: =IF($B106="","",($AB106-$AC106)+IF(AND($AA106>0,$S106<>"",$T106>=8,$T106<15),$AA106,0)) | L106: =IF($B106="","",($AC106-$AD106)+IF(AND($AA106>0,$S106<>"",$T106>=15,$T106<29),$AA106,0)) | M106: =IF($B106="","",$AD106+IF(AND($AA106>0,OR($S106="",$T106>=29)),$AA106,0)) | N106: =IF($B106="","",IFERROR($H106/$G106,0)) | O106: =IF($B106="","",IFERROR(LOOKUP(2,1/(TAHSILAT!$C$7:$C$1506=$B106),TAHSILAT!$E$7:$E$1506),"")) | P106: =IF($B106="","",IF($M106>0,"KRİTİK",IF($L106>0,"YÜKSEK",IF($K106>0,"ORTA",IF($I106>0,"İZLE","TEMİZ"))))) | Q106: =IF($B106="","",IF($P106="KRİTİK","Acil tahsilat görüşmesi ve cari mutabakat",IF($P106="YÜKSEK","Bu hafta tahsilat takibi",IF($P106="ORTA","Hatırlatma mesajı gönder",IF($P106="İZLE","Normal takip","Aksiyon gerekmiyor"))))) | R106: =IF($B106="","",COUNTIFS(AKTIVITE!$D$7:$D$1006,$B106,AKTIVITE!$J$7:$J$1006,"<>Tamamlandı")) | S106: =IF($B106="","",IF(MUSTERILER!$K106="","",MUSTERILER!$K106)) | T106: =IF(OR($B106="",$S106=""),"",TODAY()-$S106) | U106: =IF($B106="","",IF(ABS($I106-($J106+$K106+$L106+$M106))<0.01,"UYGUN","İNCELE")) | W106: =IF($B106="",0,SUMIFS(UCRETLER!$I$7:$I$406,UCRETLER!$B$7:$B$406,$B106)) | X106: =IF($B106="",0,SUMIFS(UCRETLER!$J$7:$J$406,UCRETLER!$B$7:$B$406,$B106)) | Y106: =IF($B106="",0,SUMIFS(UCRETLER!$K$7:$K$406,UCRETLER!$B$7:$B$406,$B106)) | Z106: =IF($B106="",0,MAX(0,$H106-$E106)) | AA106: =IF($B106="",0,MAX(0,$E106-$H106)) | AB106: =IF($B106="",0,MAX(0,$W106-$Z106)) | AC106: =IF($B106="",0,MAX(0,$X106-$Z106)) | AD106: =IF($B106="",0,MAX(0,$Y106-$Z106))

Sheet HESAPLAR
A1: NECATİBEY OFİS YÖNETİM SİSTEMİ │ KASA VE BANKA HESAPLARI
A2: Hesap tanımı ve güncel bakiye aynı ekranda │ Bakiyeler işlem kayıtlarından hesaplanır
B4: =HYPERLINK("#PANO!A1","← PANO") | D4: =HYPERLINK("#TAHSILAT!A1","Tahsilat") | F4: =HYPERLINK("#VIRMAN!A1","Virman") | H4: Sarı hücreler veri girişidir. Beyaz hücreler sistem tarafından hesaplanır ve kilitlidir. Yeni hesap eklemek için ilk boş satıra hesap adını yazın.
B6: Hesap Adı | C6: Tür | D6: Durum | E6: Açılış Bakiyesi | F6: Müşteri Tahsilatı | G6: Diğer Gelir | H6: Ödenen Gider | I6: Gelen Virman | J6: Giden Virman | K6: Güncel Bakiye
B7: Merkez Kasa | C7: Kasa | D7: Aktif | E7: 0 | F7: =IF($B7="","",SUMIFS(TAHSILAT!$F$7:$F$1506,TAHSILAT!$G$7:$G$1506,$B7)) | G7: =IF($B7="","",SUMIFS(GELIR_GIDER!$G$7:$G$1206,GELIR_GIDER!$D$7:$D$1206,"Gelir",GELIR_GIDER!$H$7:$H$1206,$B7,GELIR_GIDER!$I$7:$I$1206,"Evet")) | H7: =IF($B7="","",SUMIFS(GELIR_GIDER!$G$7:$G$1206,GELIR_GIDER!$D$7:$D$1206,"Gider",GELIR_GIDER!$H$7:$H$1206,$B7,GELIR_GIDER!$I$7:$I$1206,"Evet")) | I7: =IF($B7="","",SUMIFS(VIRMAN!$F$7:$F$406,VIRMAN!$E$7:$E$406,$B7)) | J7: =IF($B7="","",SUMIFS(VIRMAN!$F$7:$F$406,VIRMAN!$D$7:$D$406,$B7)) | K7: =IF($B7="","",$E7+$F7+$G7-$H7+$I7-$J7)
B8: Ortak 1 Nakit | C8: Kasa | D8: Aktif | E8: 0 | F8: =IF($B8="","",SUMIFS(TAHSILAT!$F$7:$F$1506,TAHSILAT!$G$7:$G$1506,$B8)) | G8: =IF($B8="","",SUMIFS(GELIR_GIDER!$G$7:$G$1206,GELIR_GIDER!$D$7:$D$1206,"Gelir",GELIR_GIDER!$H$7:$H$1206,$B8,GELIR_GIDER!$I$7:$I$1206,"Evet")) | H8: =IF($B8="","",SUMIFS(GELIR_GIDER!$G$7:$G$1206,GELIR_GIDER!$D$7:$D$1206,"Gider",GELIR_GIDER!$H$7:$H$1206,$B8,GELIR_GIDER!$I$7:$I$1206,"Evet")) | I8: =IF($B8="","",SUMIFS(VIRMAN!$F$7:$F$406,VIRMAN!$E$7:$E$406,$B8)) | J8: =IF($B8="","",SUMIFS(VIRMAN!$F$7:$F$406,VIRMAN!$D$7:$D$406,$B8)) | K8: =IF($B8="","",$E8+$F8+$G8-$H8+$I8-$J8)
B9: Ortak 2 Nakit | C9: Kasa | D9: Aktif | E9: 0 | F9: =IF($B9="","",SUMIFS(TAHSILAT!$F$7:$F$1506,TAHSILAT!$G$7:$G$1506,$B9)) | G9: =IF($B9="","",SUMIFS(GELIR_GIDER!$G$7:$G$1206,GELIR_GIDER!$D$7:$D$1206,"Gelir",GELIR_GIDER!$H$7:$H$1206,$B9,GELIR_GIDER!$I$7:$I$1206,"Evet")) | H9: =IF($B9="","",SUMIFS(GELIR_GIDER!$G$7:$G$1206,GELIR_GIDER!$D$7:$D$1206,"Gider",GELIR_GIDER!$H$7:$H$1206,$B9,GELIR_GIDER!$I$7:$I$1206,"Evet")) | I9: =IF($B9="","",SUMIFS(VIRMAN!$F$7:$F$406,VIRMAN!$E$7:$E$406,$B9)) | J9: =IF($B9="","",SUMIFS(VIRMAN!$F$7:$F$406,VIRMAN!$D$7:$D$406,$B9)) | K9: =IF($B9="","",$E9+$F9+$G9-$H9+$I9-$J9)
B10: Banka Ortak 1 | C10: Banka | D10: Aktif | E10: 0 | F10: =IF($B10="","",SUMIFS(TAHSILAT!$F$7:$F$1506,TAHSILAT!$G$7:$G$1506,$B10)) | G10: =IF($B10="","",SUMIFS(GELIR_GIDER!$G$7:$G$1206,GELIR_GIDER!$D$7:$D$1206,"Gelir",GELIR_GIDER!$H$7:$H$1206,$B10,GELIR_GIDER!$I$7:$I$1206,"Evet")) | H10: =IF($B10="","",SUMIFS(GELIR_GIDER!$G$7:$G$1206,GELIR_GIDER!$D$7:$D$1206,"Gider",GELIR_GIDER!$H$7:$H$1206,$B10,GELIR_GIDER!$I$7:$I$1206,"Evet")) | I10: =IF($B10="","",SUMIFS(VIRMAN!$F$7:$F$406,VIRMAN!$E$7:$E$406,$B10)) | J10: =IF($B10="","",SUMIFS(VIRMAN!$F$7:$F$406,VIRMAN!$D$7:$D$406,$B10)) | K10: =IF($B10="","",$E10+$F10+$G10-$H10+$I10-$J10)
B11: Banka Ortak 2 | C11: Banka | D11: Aktif | E11: 0 | F11: =IF($B11="","",SUMIFS(TAHSILAT!$F$7:$F$1506,TAHSILAT!$G$7:$G$1506,$B11)) | G11: =IF($B11="","",SUMIFS(GELIR_GIDER!$G$7:$G$1206,GELIR_GIDER!$D$7:$D$1206,"Gelir",GELIR_GIDER!$H$7:$H$1206,$B11,GELIR_GIDER!$I$7:$I$1206,"Evet")) | H11: =IF($B11="","",SUMIFS(GELIR_GIDER!$G$7:$G$1206,GELIR_GIDER!$D$7:$D$1206,"Gider",GELIR_GIDER!$H$7:$H$1206,$B11,GELIR_GIDER!$I$7:$I$1206,"Evet")) | I11: =IF($B11="","",SUMIFS(VIRMAN!$F$7:$F$406,VIRMAN!$E$7:$E$406,$B11)) | J11: =IF($B11="","",SUMIFS(VIRMAN!$F$7:$F$406,VIRMAN!$D$7:$D$406,$B11)) | K11: =IF($B11="","",$E11+$F11+$G11-$H11+$I11-$J11)
F12: =IF($B12="","",SUMIFS(TAHSILAT!$F$7:$F$1506,TAHSILAT!$G$7:$G$1506,$B12)) | G12: =IF($B12="","",SUMIFS(GELIR_GIDER!$G$7:$G$1206,GELIR_GIDER!$D$7:$D$1206,"Gelir",GELIR_GIDER!$H$7:$H$1206,$B12,GELIR_GIDER!$I$7:$I$1206,"Evet")) | H12: =IF($B12="","",SUMIFS(GELIR_GIDER!$G$7:$G$1206,GELIR_GIDER!$D$7:$D$1206,"Gider",GELIR_GIDER!$H$7:$H$1206,$B12,GELIR_GIDER!$I$7:$I$1206,"Evet")) | I12: =IF($B12="","",SUMIFS(VIRMAN!$F$7:$F$406,VIRMAN!$E$7:$E$406,$B12)) | J12: =IF($B12="","",SUMIFS(VIRMAN!$F$7:$F$406,VIRMAN!$D$7:$D$406,$B12)) | K12: =IF($B12="","",$E12+$F12+$G12-$H12+$I12-$J12)
F13: =IF($B13="","",SUMIFS(TAHSILAT!$F$7:$F$1506,TAHSILAT!$G$7:$G$1506,$B13)) | G13: =IF($B13="","",SUMIFS(GELIR_GIDER!$G$7:$G$1206,GELIR_GIDER!$D$7:$D$1206,"Gelir",GELIR_GIDER!$H$7:$H$1206,$B13,GELIR_GIDER!$I$7:$I$1206,"Evet")) | H13: =IF($B13="","",SUMIFS(GELIR_GIDER!$G$7:$G$1206,GELIR_GIDER!$D$7:$D$1206,"Gider",GELIR_GIDER!$H$7:$H$1206,$B13,GELIR_GIDER!$I$7:$I$1206,"Evet")) | I13: =IF($B13="","",SUMIFS(VIRMAN!$F$7:$F$406,VIRMAN!$E$7:$E$406,$B13)) | J13: =IF($B13="","",SUMIFS(VIRMAN!$F$7:$F$406,VIRMAN!$D$7:$D$406,$B13)) | K13: =IF($B13="","",$E13+$F13+$G13-$H13+$I13-$J13)
F14: =IF($B14="","",SUMIFS(TAHSILAT!$F$7:$F$1506,TAHSILAT!$G$7:$G$1506,$B14)) | G14: =IF($B14="","",SUMIFS(GELIR_GIDER!$G$7:$G$1206,GELIR_GIDER!$D$7:$D$1206,"Gelir",GELIR_GIDER!$H$7:$H$1206,$B14,GELIR_GIDER!$I$7:$I$1206,"Evet")) | H14: =IF($B14="","",SUMIFS(GELIR_GIDER!$G$7:$G$1206,GELIR_GIDER!$D$7:$D$1206,"Gider",GELIR_GIDER!$H$7:$H$1206,$B14,GELIR_GIDER!$I$7:$I$1206,"Evet")) | I14: =IF($B14="","",SUMIFS(VIRMAN!$F$7:$F$406,VIRMAN!$E$7:$E$406,$B14)) | J14: =IF($B14="","",SUMIFS(VIRMAN!$F$7:$F$406,VIRMAN!$D$7:$D$406,$B14)) | K14: =IF($B14="","",$E14+$F14+$G14-$H14+$I14-$J14)
F15: =IF($B15="","",SUMIFS(TAHSILAT!$F$7:$F$1506,TAHSILAT!$G$7:$G$1506,$B15)) | G15: =IF($B15="","",SUMIFS(GELIR_GIDER!$G$7:$G$1206,GELIR_GIDER!$D$7:$D$1206,"Gelir",GELIR_GIDER!$H$7:$H$1206,$B15,GELIR_GIDER!$I$7:$I$1206,"Evet")) | H15: =IF($B15="","",SUMIFS(GELIR_GIDER!$G$7:$G$1206,GELIR_GIDER!$D$7:$D$1206,"Gider",GELIR_GIDER!$H$7:$H$1206,$B15,GELIR_GIDER!$I$7:$I$1206,"Evet")) | I15: =IF($B15="","",SUMIFS(VIRMAN!$F$7:$F$406,VIRMAN!$E$7:$E$406,$B15)) | J15: =IF($B15="","",SUMIFS(VIRMAN!$F$7:$F$406,VIRMAN!$D$7:$D$406,$B15)) | K15: =IF($B15="","",$E15+$F15+$G15-$H15+$I15-$J15)
F16: =IF($B16="","",SUMIFS(TAHSILAT!$F$7:$F$1506,TAHSILAT!$G$7:$G$1506,$B16)) | G16: =IF($B16="","",SUMIFS(GELIR_GIDER!$G$7:$G$1206,GELIR_GIDER!$D$7:$D$1206,"Gelir",GELIR_GIDER!$H$7:$H$1206,$B16,GELIR_GIDER!$I$7:$I$1206,"Evet")) | H16: =IF($B16="","",SUMIFS(GELIR_GIDER!$G$7:$G$1206,GELIR_GIDER!$D$7:$D$1206,"Gider",GELIR_GIDER!$H$7:$H$1206,$B16,GELIR_GIDER!$I$7:$I$1206,"Evet")) | I16: =IF($B16="","",SUMIFS(VIRMAN!$F$7:$F$406,VIRMAN!$E$7:$E$406,$B16)) | J16: =IF($B16="","",SUMIFS(VIRMAN!$F$7:$F$406,VIRMAN!$D$7:$D$406,$B16)) | K16: =IF($B16="","",$E16+$F16+$G16-$H16+$I16-$J16)
B18: TOPLAM NAKİT POZİSYONU | K18: =SUM($K$7:$K$16)

Sheet AY_SONU
A1: NECATİBEY OFİS YÖNETİM SİSTEMİ │ AY SONU KAPANIŞI VE ORTAK PAY DAĞITIMI
A2: Tahakkuk kârı ile nakit kâr ayrı hesaplanır │ Dağıtım yalnız nakit kârdan yapılır
B4: =HYPERLINK("#PANO!A1","← PANO") | D4: =HYPERLINK("#SISTEM!A1","Sistem") | F4: =HYPERLINK("#HESAPLAR!A1","Hesaplar") | H4: Sarı hücreler veri girişidir. Beyaz hücreler sistem tarafından hesaplanır ve kilitlidir. Yalnız sarı sütunlar (dağıtım bilgisi) elle girilir.
B5: 36 AYLIK TOPLAM | C5: =SUM(C7:C42) | D5: =SUM(D7:D42) | E5: =SUM(E7:E42) | F5: =SUM(F7:F42) | G5: =SUM(G7:G42) | H5: =SUM(H7:H42) | I5: =SUM(I7:I42) | L5: =SUM(L7:L42) | M5: =SUM(M7:M42) | N5: =SUM(N7:N42)
B6: Ay | C6: Tahakkuk Geliri | D6: Müşteri Tahsilatı | E6: Diğer Gelir | F6: Toplam Nakit Giriş | G6: Gerçekleşmiş Gider | H6: Tahakkuk Sonucu | I6: Nakit Kâr | J6: Tahsilat Oranı | K6: Kasa Tamponu | L6: Dağıtılabilir Kâr | M6: Ortak 1 Payı | N6: Ortak 2 Payı | O6: Dağıtıldı mı? | P6: Ortak 1 Ödeme | Q6: Ortak 2 Ödeme | R6: Kalan | S6: Dönem Durumu | T6: Kontrol
B7: 46023 | C7: =SUMPRODUCT(IF(UCRETLER!$F$7:$F$406="",0,UCRETLER!$F$7:$F$406)*IF(UCRETLER!$B$7:$B$406="",0,IF(IF(IF(UCRETLER!$E$7:$E$406="",999999,UCRETLER!$E$7:$E$406)>EOMONTH($B7,0),EOMONTH($B7,0),IF(UCRETLER!$E$7:$E$406="",999999,UCRETLER!$E$7:$E$406))<IF(UCRETLER!$D$7:$D$406="",999999,UCRETLER!$D$7:$D$406),0,INT((IF(IF(UCRETLER!$E$7:$E$406="",999999,UCRETLER!$E$7:$E$406)>EOMONTH($B7,0),EOMONTH($B7,0),IF(UCRETLER!$E$7:$E$406="",999999,UCRETLER!$E$7:$E$406))-IF(UCRETLER!$D$7:$D$406="",999999,UCRETLER!$D$7:$D$406))/7)+1)-IF(IF(IF(UCRETLER!$E$7:$E$406="",999999,UCRETLER!$E$7:$E$406)>$B7-1,$B7-1,IF(UCRETLER!$E$7:$E$406="",999999,UCRETLER!$E$7:$E$406))<IF(UCRETLER!$D$7:$D$406="",999999,UCRETLER!$D$7:$D$406),0,INT((IF(IF(UCRETLER!$E$7:$E$406="",999999,UCRETLER!$E$7:$E$406)>$B7-1,$B7-1,IF(UCRETLER!$E$7:$E$406="",999999,UCRETLER!$E$7:$E$406))-IF(UCRETLER!$D$7:$D$406="",999999,UCRETLER!$D$7:$D$406))/7)+1))) | D7: =SUMIFS(TAHSILAT!$F$7:$F$1506,TAHSILAT!$E$7:$E$1506,">="&$B7,TAHSILAT!$E$7:$E$1506,"<"&EDATE($B7,1)) | E7: =SUMIFS(GELIR_GIDER!$G$7:$G$1206,GELIR_GIDER!$D$7:$D$1206,"Gelir",GELIR_GIDER!$C$7:$C$1206,">="&$B7,GELIR_GIDER!$C$7:$C$1206,"<"&EDATE($B7,1),GELIR_GIDER!$I$7:$I$1206,"Evet") | F7: =$D7+$E7 | G7: =SUMIFS(GELIR_GIDER!$G$7:$G$1206,GELIR_GIDER!$D$7:$D$1206,"Gider",GELIR_GIDER!$C$7:$C$1206,">="&$B7,GELIR_GIDER!$C$7:$C$1206,"<"&EDATE($B7,1),GELIR_GIDER!$I$7:$I$1206,"Evet") | H7: =$C7+$E7-$G7 | I7: =$F7-$G7 | J7: =IFERROR($D7/$C7,0) | K7: =SISTEM!$C$13 | L7: =MAX(0,$I7-$K7) | M7: =$L7*SISTEM!$C$11 | N7: =$L7*SISTEM!$C$12 | R7: =MAX(0,$L7-$P7-$Q7) | S7: =IF($B7>=DATE(YEAR(TODAY()),MONTH(TODAY()),1),"AÇIK",IF(COUNTIF(SISTEM!$F$23:$F$50,"KALDI")=0,"KAPANABİLİR","KONTROL GEREKİR")) | T7: =IF(ABS($L7-$M7-$N7)<0.01,IF(AND($O7="Evet",ABS($R7)<0.01),"KAPANDI","AÇIK"),"PAY HATASI")
B8: 46054 | C8: =SUMPRODUCT(IF(UCRETLER!$F$7:$F$406="",0,UCRETLER!$F$7:$F$406)*IF(UCRETLER!$B$7:$B$406="",0,IF(IF(IF(UCRETLER!$E$7:$E$406="",999999,UCRETLER!$E$7:$E$406)>EOMONTH($B8,0),EOMONTH($B8,0),IF(UCRETLER!$E$7:$E$406="",999999,UCRETLER!$E$7:$E$406))<IF(UCRETLER!$D$7:$D$406="",999999,UCRETLER!$D$7:$D$406),0,INT((IF(IF(UCRETLER!$E$7:$E$406="",999999,UCRETLER!$E$7:$E$406)>EOMONTH($B8,0),EOMONTH($B8,0),IF(UCRETLER!$E$7:$E$406="",999999,UCRETLER!$E$7:$E$406))-IF(UCRETLER!$D$7:$D$406="",999999,UCRETLER!$D$7:$D$406))/7)+1)-IF(IF(IF(UCRETLER!$E$7:$E$406="",999999,UCRETLER!$E$7:$E$406)>$B8-1,$B8-1,IF(UCRETLER!$E$7:$E$406="",999999,UCRETLER!$E$7:$E$406))<IF(UCRETLER!$D$7:$D$406="",999999,UCRETLER!$D$7:$D$406),0,INT((IF(IF(UCRETLER!$E$7:$E$406="",999999,UCRETLER!$E$7:$E$406)>$B8-1,$B8-1,IF(UCRETLER!$E$7:$E$406="",999999,UCRETLER!$E$7:$E$406))-IF(UCRETLER!$D$7:$D$406="",999999,UCRETLER!$D$7:$D$406))/7)+1))) | D8: =SUMIFS(TAHSILAT!$F$7:$F$1506,TAHSILAT!$E$7:$E$1506,">="&$B8,TAHSILAT!$E$7:$E$1506,"<"&EDATE($B8,1)) | E8: =SUMIFS(GELIR_GIDER!$G$7:$G$1206,GELIR_GIDER!$D$7:$D$1206,"Gelir",GELIR_GIDER!$C$7:$C$1206,">="&$B8,GELIR_GIDER!$C$7:$C$1206,"<"&EDATE($B8,1),GELIR_GIDER!$I$7:$I$1206,"Evet") | F8: =$D8+$E8 | G8: =SUMIFS(GELIR_GIDER!$G$7:$G$1206,GELIR_GIDER!$D$7:$D$1206,"Gider",GELIR_GIDER!$C$7:$C$1206,">="&$B8,GELIR_GIDER!$C$7:$C$1206,"<"&EDATE($B8,1),GELIR_GIDER!$I$7:$I$1206,"Evet") | H8: =$C8+$E8-$G8 | I8: =$F8-$G8 | J8: =IFERROR($D8/$C8,0) | K8: =SISTEM!$C$13 | L8: =MAX(0,$I8-$K8) | M8: =$L8*SISTEM!$C$11 | N8: =$L8*SISTEM!$C$12 | R8: =MAX(0,$L8-$P8-$Q8) | S8: =IF($B8>=DATE(YEAR(TODAY()),MONTH(TODAY()),1),"AÇIK",IF(COUNTIF(SISTEM!$F$23:$F$50,"KALDI")=0,"KAPANABİLİR","KONTROL GEREKİR")) | T8: =IF(ABS($L8-$M8-$N8)<0.01,IF(AND($O8="Evet",ABS($R8)<0.01),"KAPANDI","AÇIK"),"PAY HATASI")
B9: 46082 | C9: =SUMPRODUCT(IF(UCRETLER!$F$7:$F$406="",0,UCRETLER!$F$7:$F$406)*IF(UCRETLER!$B$7:$B$406="",0,IF(IF(IF(UCRETLER!$E$7:$E$406="",999999,UCRETLER!$E$7:$E$406)>EOMONTH($B9,0),EOMONTH($B9,0),IF(UCRETLER!$E$7:$E$406="",999999,UCRETLER!$E$7:$E$406))<IF(UCRETLER!$D$7:$D$406="",999999,UCRETLER!$D$7:$D$406),0,INT((IF(IF(UCRETLER!$E$7:$E$406="",999999,UCRETLER!$E$7:$E$406)>EOMONTH($B9,0),EOMONTH($B9,0),IF(UCRETLER!$E$7:$E$406="",999999,UCRETLER!$E$7:$E$406))-IF(UCRETLER!$D$7:$D$406="",999999,UCRETLER!$D$7:$D$406))/7)+1)-IF(IF(IF(UCRETLER!$E$7:$E$406="",999999,UCRETLER!$E$7:$E$406)>$B9-1,$B9-1,IF(UCRETLER!$E$7:$E$406="",999999,UCRETLER!$E$7:$E$406))<IF(UCRETLER!$D$7:$D$406="",999999,UCRETLER!$D$7:$D$406),0,INT((IF(IF(UCRETLER!$E$7:$E$406="",999999,UCRETLER!$E$7:$E$406)>$B9-1,$B9-1,IF(UCRETLER!$E$7:$E$406="",999999,UCRETLER!$E$7:$E$406))-IF(UCRETLER!$D$7:$D$406="",999999,UCRETLER!$D$7:$D$406))/7)+1))) | D9: =SUMIFS(TAHSILAT!$F$7:$F$1506,TAHSILAT!$E$7:$E$1506,">="&$B9,TAHSILAT!$E$7:$E$1506,"<"&EDATE($B9,1)) | E9: =SUMIFS(GELIR_GIDER!$G$7:$G$1206,GELIR_GIDER!$D$7:$D$1206,"Gelir",GELIR_GIDER!$C$7:$C$1206,">="&$B9,GELIR_GIDER!$C$7:$C$1206,"<"&EDATE($B9,1),GELIR_GIDER!$I$7:$I$1206,"Evet") | F9: =$D9+$E9 | G9: =SUMIFS(GELIR_GIDER!$G$7:$G$1206,GELIR_GIDER!$D$7:$D$1206,"Gider",GELIR_GIDER!$C$7:$C$1206,">="&$B9,GELIR_GIDER!$C$7:$C$1206,"<"&EDATE($B9,1),GELIR_GIDER!$I$7:$I$1206,"Evet") | H9: =$C9+$E9-$G9 | I9: =$F9-$G9 | J9: =IFERROR($D9/$C9,0) | K9: =SISTEM!$C$13 | L9: =MAX(0,$I9-$K9) | M9: =$L9*SISTEM!$C$11 | N9: =$L9*SISTEM!$C$12 | R9: =MAX(0,$L9-$P9-$Q9) | S9: =IF($B9>=DATE(YEAR(TODAY()),MONTH(TODAY()),1),"AÇIK",IF(COUNTIF(SISTEM!$F$23:$F$50,"KALDI")=0,"KAPANABİLİR","KONTROL GEREKİR")) | T9: =IF(ABS($L9-$M9-$N9)<0.01,IF(AND($O9="Evet",ABS($R9)<0.01),"KAPANDI","AÇIK"),"PAY HATASI")
B10: 46113 | C10: =SUMPRODUCT(IF(UCRETLER!$F$7:$F$406="",0,UCRETLER!$F$7:$F$406)*IF(UCRETLER!$B$7:$B$406="",0,IF(IF(IF(UCRETLER!$E$7:$E$406="",999999,UCRETLER!$E$7:$E$406)>EOMONTH($B10,0),EOMONTH($B10,0),IF(UCRETLER!$E$7:$E$406="",999999,UCRETLER!$E$7:$E$406))<IF(UCRETLER!$D$7:$D$406="",999999,UCRETLER!$D$7:$D$406),0,INT((IF(IF(UCRETLER!$E$7:$E$406="",999999,UCRETLER!$E$7:$E$406)>EOMONTH($B10,0),EOMONTH($B10,0),IF(UCRETLER!$E$7:$E$406="",999999,UCRETLER!$E$7:$E$406))-IF(UCRETLER!$D$7:$D$406="",999999,UCRETLER!$D$7:$D$406))/7)+1)-IF(IF(IF(UCRETLER!$E$7:$E$406="",999999,UCRETLER!$E$7:$E$406)>$B10-1,$B10-1,IF(UCRETLER!$E$7:$E$406="",999999,UCRETLER!$E$7:$E$406))<IF(UCRETLER!$D$7:$D$406="",999999,UCRETLER!$D$7:$D$406),0,INT((IF(IF(UCRETLER!$E$7:$E$406="",999999,UCRETLER!$E$7:$E$406)>$B10-1,$B10-1,IF(UCRETLER!$E$7:$E$406="",999999,UCRETLER!$E$7:$E$406))-IF(UCRETLER!$D$7:$D$406="",999999,UCRETLER!$D$7:$D$406))/7)+1))) | D10: =SUMIFS(TAHSILAT!$F$7:$F$1506,TAHSILAT!$E$7:$E$1506,">="&$B10,TAHSILAT!$E$7:$E$1506,"<"&EDATE($B10,1)) | E10: =SUMIFS(GELIR_GIDER!$G$7:$G$1206,GELIR_GIDER!$D$7:$D$1206,"Gelir",GELIR_GIDER!$C$7:$C$1206,">="&$B10,GELIR_GIDER!$C$7:$C$1206,"<"&EDATE($B10,1),GELIR_GIDER!$I$7:$I$1206,"Evet") | F10: =$D10+$E10 | G10: =SUMIFS(GELIR_GIDER!$G$7:$G$1206,GELIR_GIDER!$D$7:$D$1206,"Gider",GELIR_GIDER!$C$7:$C$1206,">="&$B10,GELIR_GIDER!$C$7:$C$1206,"<"&EDATE($B10,1),GELIR_GIDER!$I$7:$I$1206,"Evet") | H10: =$C10+$E10-$G10 | I10: =$F10-$G10 | J10: =IFERROR($D10/$C10,0) | K10: =SISTEM!$C$13 | L10: =MAX(0,$I10-$K10) | M10: =$L10*SISTEM!$C$11 | N10: =$L10*SISTEM!$C$12 | R10: =MAX(0,$L10-$P10-$Q10) | S10: =IF($B10>=DATE(YEAR(TODAY()),MONTH(TODAY()),1),"AÇIK",IF(COUNTIF(SISTEM!$F$23:$F$50,"KALDI")=0,"KAPANABİLİR","KONTROL GEREKİR")) | T10: =IF(ABS($L10-$M10-$N10)<0.01,IF(AND($O10="Evet",ABS($R10)<0.01),"KAPANDI","AÇIK"),"PAY HATASI")
B11: 46143 | C11: =SUMPRODUCT(IF(UCRETLER!$F$7:$F$406="",0,UCRETLER!$F$7:$F$406)*IF(UCRETLER!$B$7:$B$406="",0,IF(IF(IF(UCRETLER!$E$7:$E$406="",999999,UCRETLER!$E$7:$E$406)>EOMONTH($B11,0),EOMONTH($B11,0),IF(UCRETLER!$E$7:$E$406="",999999,UCRETLER!$E$7:$E$406))<IF(UCRETLER!$D$7:$D$406="",999999,UCRETLER!$D$7:$D$406),0,INT((IF(IF(UCRETLER!$E$7:$E$406="",999999,UCRETLER!$E$7:$E$406)>EOMONTH($B11,0),EOMONTH($B11,0),IF(UCRETLER!$E$7:$E$406="",999999,UCRETLER!$E$7:$E$406))-IF(UCRETLER!$D$7:$D$406="",999999,UCRETLER!$D$7:$D$406))/7)+1)-IF(IF(IF(UCRETLER!$E$7:$E$406="",999999,UCRETLER!$E$7:$E$406)>$B11-1,$B11-1,IF(UCRETLER!$E$7:$E$406="",999999,UCRETLER!$E$7:$E$406))<IF(UCRETLER!$D$7:$D$406="",999999,UCRETLER!$D$7:$D$406),0,INT((IF(IF(UCRETLER!$E$7:$E$406="",999999,UCRETLER!$E$7:$E$406)>$B11-1,$B11-1,IF(UCRETLER!$E$7:$E$406="",999999,UCRETLER!$E$7:$E$406))-IF(UCRETLER!$D$7:$D$406="",999999,UCRETLER!$D$7:$D$406))/7)+1))) | D11: =SUMIFS(TAHSILAT!$F$7:$F$1506,TAHSILAT!$E$7:$E$1506,">="&$B11,TAHSILAT!$E$7:$E$1506,"<"&EDATE($B11,1)) | E11: =SUMIFS(GELIR_GIDER!$G$7:$G$1206,GELIR_GIDER!$D$7:$D$1206,"Gelir",GELIR_GIDER!$C$7:$C$1206,">="&$B11,GELIR_GIDER!$C$7:$C$1206,"<"&EDATE($B11,1),GELIR_GIDER!$I$7:$I$1206,"Evet") | F11: =$D11+$E11 | G11: =SUMIFS(GELIR_GIDER!$G$7:$G$1206,GELIR_GIDER!$D$7:$D$1206,"Gider",GELIR_GIDER!$C$7:$C$1206,">="&$B11,GELIR_GIDER!$C$7:$C$1206,"<"&EDATE($B11,1),GELIR_GIDER!$I$7:$I$1206,"Evet") | H11: =$C11+$E11-$G11 | I11: =$F11-$G11 | J11: =IFERROR($D11/$C11,0) | K11: =SISTEM!$C$13 | L11: =MAX(0,$I11-$K11) | M11: =$L11*SISTEM!$C$11 | N11: =$L11*SISTEM!$C$12 | R11: =MAX(0,$L11-$P11-$Q11) | S11: =IF($B11>=DATE(YEAR(TODAY()),MONTH(TODAY()),1),"AÇIK",IF(COUNTIF(SISTEM!$F$23:$F$50,"KALDI")=0,"KAPANABİLİR","KONTROL GEREKİR")) | T11: =IF(ABS($L11-$M11-$N11)<0.01,IF(AND($O11="Evet",ABS($R11)<0.01),"KAPANDI","AÇIK"),"PAY HATASI")
B12: 46174 | C12: =SUMPRODUCT(IF(UCRETLER!$F$7:$F$406="",0,UCRETLER!$F$7:$F$406)*IF(UCRETLER!$B$7:$B$406="",0,IF(IF(IF(UCRETLER!$E$7:$E$406="",999999,UCRETLER!$E$7:$E$406)>EOMONTH($B12,0),EOMONTH($B12,0),IF(UCRETLER!$E$7:$E$406="",999999,UCRETLER!$E$7:$E$406))<IF(UCRETLER!$D$7:$D$406="",999999,UCRETLER!$D$7:$D$406),0,INT((IF(IF(UCRETLER!$E$7:$E$406="",999999,UCRETLER!$E$7:$E$406)>EOMONTH($B12,0),EOMONTH($B12,0),IF(UCRETLER!$E$7:$E$406="",999999,UCRETLER!$E$7:$E$406))-IF(UCRETLER!$D$7:$D$406="",999999,UCRETLER!$D$7:$D$406))/7)+1)-IF(IF(IF(UCRETLER!$E$7:$E$406="",999999,UCRETLER!$E$7:$E$406)>$B12-1,$B12-1,IF(UCRETLER!$E$7:$E$406="",999999,UCRETLER!$E$7:$E$406))<IF(UCRETLER!$D$7:$D$406="",999999,UCRETLER!$D$7:$D$406),0,INT((IF(IF(UCRETLER!$E$7:$E$406="",999999,UCRETLER!$E$7:$E$406)>$B12-1,$B12-1,IF(UCRETLER!$E$7:$E$406="",999999,UCRETLER!$E$7:$E$406))-IF(UCRETLER!$D$7:$D$406="",999999,UCRETLER!$D$7:$D$406))/7)+1))) | D12: =SUMIFS(TAHSILAT!$F$7:$F$1506,TAHSILAT!$E$7:$E$1506,">="&$B12,TAHSILAT!$E$7:$E$1506,"<"&EDATE($B12,1)) | E12: =SUMIFS(GELIR_GIDER!$G$7:$G$1206,GELIR_GIDER!$D$7:$D$1206,"Gelir",GELIR_GIDER!$C$7:$C$1206,">="&$B12,GELIR_GIDER!$C$7:$C$1206,"<"&EDATE($B12,1),GELIR_GIDER!$I$7:$I$1206,"Evet") | F12: =$D12+$E12 | G12: =SUMIFS(GELIR_GIDER!$G$7:$G$1206,GELIR_GIDER!$D$7:$D$1206,"Gider",GELIR_GIDER!$C$7:$C$1206,">="&$B12,GELIR_GIDER!$C$7:$C$1206,"<"&EDATE($B12,1),GELIR_GIDER!$I$7:$I$1206,"Evet") | H12: =$C12+$E12-$G12 | I12: =$F12-$G12 | J12: =IFERROR($D12/$C12,0) | K12: =SISTEM!$C$13 | L12: =MAX(0,$I12-$K12) | M12: =$L12*SISTEM!$C$11 | N12: =$L12*SISTEM!$C$12 | R12: =MAX(0,$L12-$P12-$Q12) | S12: =IF($B12>=DATE(YEAR(TODAY()),MONTH(TODAY()),1),"AÇIK",IF(COUNTIF(SISTEM!$F$23:$F$50,"KALDI")=0,"KAPANABİLİR","KONTROL GEREKİR")) | T12: =IF(ABS($L12-$M12-$N12)<0.01,IF(AND($O12="Evet",ABS($R12)<0.01),"KAPANDI","AÇIK"),"PAY HATASI")
B13: 46204 | C13: =SUMPRODUCT(IF(UCRETLER!$F$7:$F$406="",0,UCRETLER!$F$7:$F$406)*IF(UCRETLER!$B$7:$B$406="",0,IF(IF(IF(UCRETLER!$E$7:$E$406="",999999,UCRETLER!$E$7:$E$406)>EOMONTH($B13,0),EOMONTH($B13,0),IF(UCRETLER!$E$7:$E$406="",999999,UCRETLER!$E$7:$E$406))<IF(UCRETLER!$D$7:$D$406="",999999,UCRETLER!$D$7:$D$406),0,INT((IF(IF(UCRETLER!$E$7:$E$406="",999999,UCRETLER!$E$7:$E$406)>EOMONTH($B13,0),EOMONTH($B13,0),IF(UCRETLER!$E$7:$E$406="",999999,UCRETLER!$E$7:$E$406))-IF(UCRETLER!$D$7:$D$406="",999999,UCRETLER!$D$7:$D$406))/7)+1)-IF(IF(IF(UCRETLER!$E$7:$E$406="",999999,UCRETLER!$E$7:$E$406)>$B13-1,$B13-1,IF(UCRETLER!$E$7:$E$406="",999999,UCRETLER!$E$7:$E$406))<IF(UCRETLER!$D$7:$D$406="",999999,UCRETLER!$D$7:$D$406),0,INT((IF(IF(UCRETLER!$E$7:$E$406="",999999,UCRETLER!$E$7:$E$406)>$B13-1,$B13-1,IF(UCRETLER!$E$7:$E$406="",999999,UCRETLER!$E$7:$E$406))-IF(UCRETLER!$D$7:$D$406="",999999,UCRETLER!$D$7:$D$406))/7)+1))) | D13: =SUMIFS(TAHSILAT!$F$7:$F$1506,TAHSILAT!$E$7:$E$1506,">="&$B13,TAHSILAT!$E$7:$E$1506,"<"&EDATE($B13,1)) | E13: =SUMIFS(GELIR_GIDER!$G$7:$G$1206,GELIR_GIDER!$D$7:$D$1206,"Gelir",GELIR_GIDER!$C$7:$C$1206,">="&$B13,GELIR_GIDER!$C$7:$C$1206,"<"&EDATE($B13,1),GELIR_GIDER!$I$7:$I$1206,"Evet") | F13: =$D13+$E13 | G13: =SUMIFS(GELIR_GIDER!$G$7:$G$1206,GELIR_GIDER!$D$7:$D$1206,"Gider",GELIR_GIDER!$C$7:$C$1206,">="&$B13,GELIR_GIDER!$C$7:$C$1206,"<"&EDATE($B13,1),GELIR_GIDER!$I$7:$I$1206,"Evet") | H13: =$C13+$E13-$G13 | I13: =$F13-$G13 | J13: =IFERROR($D13/$C13,0) | K13: =SISTEM!$C$13 | L13: =MAX(0,$I13-$K13) | M13: =$L13*SISTEM!$C$11 | N13: =$L13*SISTEM!$C$12 | R13: =MAX(0,$L13-$P13-$Q13) | S13: =IF($B13>=DATE(YEAR(TODAY()),MONTH(TODAY()),1),"AÇIK",IF(COUNTIF(SISTEM!$F$23:$F$50,"KALDI")=0,"KAPANABİLİR","KONTROL GEREKİR")) | T13: =IF(ABS($L13-$M13-$N13)<0.01,IF(AND($O13="Evet",ABS($R13)<0.01),"KAPANDI","AÇIK"),"PAY HATASI")
B14: 46235 | C14: =SUMPRODUCT(IF(UCRETLER!$F$7:$F$406="",0,UCRETLER!$F$7:$F$406)*IF(UCRETLER!$B$7:$B$406="",0,IF(IF(IF(UCRETLER!$E$7:$E$406="",999999,UCRETLER!$E$7:$E$406)>EOMONTH($B14,0),EOMONTH($B14,0),IF(UCRETLER!$E$7:$E$406="",999999,UCRETLER!$E$7:$E$406))<IF(UCRETLER!$D$7:$D$406="",999999,UCRETLER!$D$7:$D$406),0,INT((IF(IF(UCRETLER!$E$7:$E$406="",999999,UCRETLER!$E$7:$E$406)>EOMONTH($B14,0),EOMONTH($B14,0),IF(UCRETLER!$E$7:$E$406="",999999,UCRETLER!$E$7:$E$406))-IF(UCRETLER!$D$7:$D$406="",999999,UCRETLER!$D$7:$D$406))/7)+1)-IF(IF(IF(UCRETLER!$E$7:$E$406="",999999,UCRETLER!$E$7:$E$406)>$B14-1,$B14-1,IF(UCRETLER!$E$7:$E$406="",999999,UCRETLER!$E$7:$E$406))<IF(UCRETLER!$D$7:$D$406="",999999,UCRETLER!$D$7:$D$406),0,INT((IF(IF(UCRETLER!$E$7:$E$406="",999999,UCRETLER!$E$7:$E$406)>$B14-1,$B14-1,IF(UCRETLER!$E$7:$E$406="",999999,UCRETLER!$E$7:$E$406))-IF(UCRETLER!$D$7:$D$406="",999999,UCRETLER!$D$7:$D$406))/7)+1))) | D14: =SUMIFS(TAHSILAT!$F$7:$F$1506,TAHSILAT!$E$7:$E$1506,">="&$B14,TAHSILAT!$E$7:$E$1506,"<"&EDATE($B14,1)) | E14: =SUMIFS(GELIR_GIDER!$G$7:$G$1206,GELIR_GIDER!$D$7:$D$1206,"Gelir",GELIR_GIDER!$C$7:$C$1206,">="&$B14,GELIR_GIDER!$C$7:$C$1206,"<"&EDATE($B14,1),GELIR_GIDER!$I$7:$I$1206,"Evet") | F14: =$D14+$E14 | G14: =SUMIFS(GELIR_GIDER!$G$7:$G$1206,GELIR_GIDER!$D$7:$D$1206,"Gider",GELIR_GIDER!$C$7:$C$1206,">="&$B14,GELIR_GIDER!$C$7:$C$1206,"<"&EDATE($B14,1),GELIR_GIDER!$I$7:$I$1206,"Evet") | H14: =$C14+$E14-$G14 | I14: =$F14-$G14 | J14: =IFERROR($D14/$C14,0) | K14: =SISTEM!$C$13 | L14: =MAX(0,$I14-$K14) | M14: =$L14*SISTEM!$C$11 | N14: =$L14*SISTEM!$C$12 | R14: =MAX(0,$L14-$P14-$Q14) | S14: =IF($B14>=DATE(YEAR(TODAY()),MONTH(TODAY()),1),"AÇIK",IF(COUNTIF(SISTEM!$F$23:$F$50,"KALDI")=0,"KAPANABİLİR","KONTROL GEREKİR")) | T14: =IF(ABS($L14-$M14-$N14)<0.01,IF(AND($O14="Evet",ABS($R14)<0.01),"KAPANDI","AÇIK"),"PAY HATASI")
B15: 46266 | C15: =SUMPRODUCT(IF(UCRETLER!$F$7:$F$406="",0,UCRETLER!$F$7:$F$406)*IF(UCRETLER!$B$7:$B$406="",0,IF(IF(IF(UCRETLER!$E$7:$E$406="",999999,UCRETLER!$E$7:$E$406)>EOMONTH($B15,0),EOMONTH($B15,0),IF(UCRETLER!$E$7:$E$406="",999999,UCRETLER!$E$7:$E$406))<IF(UCRETLER!$D$7:$D$406="",999999,UCRETLER!$D$7:$D$406),0,INT((IF(IF(UCRETLER!$E$7:$E$406="",999999,UCRETLER!$E$7:$E$406)>EOMONTH($B15,0),EOMONTH($B15,0),IF(UCRETLER!$E$7:$E$406="",999999,UCRETLER!$E$7:$E$406))-IF(UCRETLER!$D$7:$D$406="",999999,UCRETLER!$D$7:$D$406))/7)+1)-IF(IF(IF(UCRETLER!$E$7:$E$406="",999999,UCRETLER!$E$7:$E$406)>$B15-1,$B15-1,IF(UCRETLER!$E$7:$E$406="",999999,UCRETLER!$E$7:$E$406))<IF(UCRETLER!$D$7:$D$406="",999999,UCRETLER!$D$7:$D$406),0,INT((IF(IF(UCRETLER!$E$7:$E$406="",999999,UCRETLER!$E$7:$E$406)>$B15-1,$B15-1,IF(UCRETLER!$E$7:$E$406="",999999,UCRETLER!$E$7:$E$406))-IF(UCRETLER!$D$7:$D$406="",999999,UCRETLER!$D$7:$D$406))/7)+1))) | D15: =SUMIFS(TAHSILAT!$F$7:$F$1506,TAHSILAT!$E$7:$E$1506,">="&$B15,TAHSILAT!$E$7:$E$1506,"<"&EDATE($B15,1)) | E15: =SUMIFS(GELIR_GIDER!$G$7:$G$1206,GELIR_GIDER!$D$7:$D$1206,"Gelir",GELIR_GIDER!$C$7:$C$1206,">="&$B15,GELIR_GIDER!$C$7:$C$1206,"<"&EDATE($B15,1),GELIR_GIDER!$I$7:$I$1206,"Evet") | F15: =$D15+$E15 | G15: =SUMIFS(GELIR_GIDER!$G$7:$G$1206,GELIR_GIDER!$D$7:$D$1206,"Gider",GELIR_GIDER!$C$7:$C$1206,">="&$B15,GELIR_GIDER!$C$7:$C$1206,"<"&EDATE($B15,1),GELIR_GIDER!$I$7:$I$1206,"Evet") | H15: =$C15+$E15-$G15 | I15: =$F15-$G15 | J15: =IFERROR($D15/$C15,0) | K15: =SISTEM!$C$13 | L15: =MAX(0,$I15-$K15) | M15: =$L15*SISTEM!$C$11 | N15: =$L15*SISTEM!$C$12 | R15: =MAX(0,$L15-$P15-$Q15) | S15: =IF($B15>=DATE(YEAR(TODAY()),MONTH(TODAY()),1),"AÇIK",IF(COUNTIF(SISTEM!$F$23:$F$50,"KALDI")=0,"KAPANABİLİR","KONTROL GEREKİR")) | T15: =IF(ABS($L15-$M15-$N15)<0.01,IF(AND($O15="Evet",ABS($R15)<0.01),"KAPANDI","AÇIK"),"PAY HATASI")
B16: 46296 | C16: =SUMPRODUCT(IF(UCRETLER!$F$7:$F$406="",0,UCRETLER!$F$7:$F$406)*IF(UCRETLER!$B$7:$B$406="",0,IF(IF(IF(UCRETLER!$E$7:$E$406="",999999,UCRETLER!$E$7:$E$406)>EOMONTH($B16,0),EOMONTH($B16,0),IF(UCRETLER!$E$7:$E$406="",999999,UCRETLER!$E$7:$E$406))<IF(UCRETLER!$D$7:$D$406="",999999,UCRETLER!$D$7:$D$406),0,INT((IF(IF(UCRETLER!$E$7:$E$406="",999999,UCRETLER!$E$7:$E$406)>EOMONTH($B16,0),EOMONTH($B16,0),IF(UCRETLER!$E$7:$E$406="",999999,UCRETLER!$E$7:$E$406))-IF(UCRETLER!$D$7:$D$406="",999999,UCRETLER!$D$7:$D$406))/7)+1)-IF(IF(IF(UCRETLER!$E$7:$E$406="",999999,UCRETLER!$E$7:$E$406)>$B16-1,$B16-1,IF(UCRETLER!$E$7:$E$406="",999999,UCRETLER!$E$7:$E$406))<IF(UCRETLER!$D$7:$D$406="",999999,UCRETLER!$D$7:$D$406),0,INT((IF(IF(UCRETLER!$E$7:$E$406="",999999,UCRETLER!$E$7:$E$406)>$B16-1,$B16-1,IF(UCRETLER!$E$7:$E$406="",999999,UCRETLER!$E$7:$E$406))-IF(UCRETLER!$D$7:$D$406="",999999,UCRETLER!$D$7:$D$406))/7)+1))) | D16: =SUMIFS(TAHSILAT!$F$7:$F$1506,TAHSILAT!$E$7:$E$1506,">="&$B16,TAHSILAT!$E$7:$E$1506,"<"&EDATE($B16,1)) | E16: =SUMIFS(GELIR_GIDER!$G$7:$G$1206,GELIR_GIDER!$D$7:$D$1206,"Gelir",GELIR_GIDER!$C$7:$C$1206,">="&$B16,GELIR_GIDER!$C$7:$C$1206,"<"&EDATE($B16,1),GELIR_GIDER!$I$7:$I$1206,"Evet") | F16: =$D16+$E16 | G16: =SUMIFS(GELIR_GIDER!$G$7:$G$1206,GELIR_GIDER!$D$7:$D$1206,"Gider",GELIR_GIDER!$C$7:$C$1206,">="&$B16,GELIR_GIDER!$C$7:$C$1206,"<"&EDATE($B16,1),GELIR_GIDER!$I$7:$I$1206,"Evet") | H16: =$C16+$E16-$G16 | I16: =$F16-$G16 | J16: =IFERROR($D16/$C16,0) | K16: =SISTEM!$C$13 | L16: =MAX(0,$I16-$K16) | M16: =$L16*SISTEM!$C$11 | N16: =$L16*SISTEM!$C$12 | R16: =MAX(0,$L16-$P16-$Q16) | S16: =IF($B16>=DATE(YEAR(TODAY()),MONTH(TODAY()),1),"AÇIK",IF(COUNTIF(SISTEM!$F$23:$F$50,"KALDI")=0,"KAPANABİLİR","KONTROL GEREKİR")) | T16: =IF(ABS($L16-$M16-$N16)<0.01,IF(AND($O16="Evet",ABS($R16)<0.01),"KAPANDI","AÇIK"),"PAY HATASI")
B17: 46327 | C17: =SUMPRODUCT(IF(UCRETLER!$F$7:$F$406="",0,UCRETLER!$F$7:$F$406)*IF(UCRETLER!$B$7:$B$406="",0,IF(IF(IF(UCRETLER!$E$7:$E$406="",999999,UCRETLER!$E$7:$E$406)>EOMONTH($B17,0),EOMONTH($B17,0),IF(UCRETLER!$E$7:$E$406="",999999,UCRETLER!$E$7:$E$406))<IF(UCRETLER!$D$7:$D$406="",999999,UCRETLER!$D$7:$D$406),0,INT((IF(IF(UCRETLER!$E$7:$E$406="",999999,UCRETLER!$E$7:$E$406)>EOMONTH($B17,0),EOMONTH($B17,0),IF(UCRETLER!$E$7:$E$406="",999999,UCRETLER!$E$7:$E$406))-IF(UCRETLER!$D$7:$D$406="",999999,UCRETLER!$D$7:$D$406))/7)+1)-IF(IF(IF(UCRETLER!$E$7:$E$406="",999999,UCRETLER!$E$7:$E$406)>$B17-1,$B17-1,IF(UCRETLER!$E$7:$E$406="",999999,UCRETLER!$E$7:$E$406))<IF(UCRETLER!$D$7:$D$406="",999999,UCRETLER!$D$7:$D$406),0,INT((IF(IF(UCRETLER!$E$7:$E$406="",999999,UCRETLER!$E$7:$E$406)>$B17-1,$B17-1,IF(UCRETLER!$E$7:$E$406="",999999,UCRETLER!$E$7:$E$406))-IF(UCRETLER!$D$7:$D$406="",999999,UCRETLER!$D$7:$D$406))/7)+1))) | D17: =SUMIFS(TAHSILAT!$F$7:$F$1506,TAHSILAT!$E$7:$E$1506,">="&$B17,TAHSILAT!$E$7:$E$1506,"<"&EDATE($B17,1)) | E17: =SUMIFS(GELIR_GIDER!$G$7:$G$1206,GELIR_GIDER!$D$7:$D$1206,"Gelir",GELIR_GIDER!$C$7:$C$1206,">="&$B17,GELIR_GIDER!$C$7:$C$1206,"<"&EDATE($B17,1),GELIR_GIDER!$I$7:$I$1206,"Evet") | F17: =$D17+$E17 | G17: =SUMIFS(GELIR_GIDER!$G$7:$G$1206,GELIR_GIDER!$D$7:$D$1206,"Gider",GELIR_GIDER!$C$7:$C$1206,">="&$B17,GELIR_GIDER!$C$7:$C$1206,"<"&EDATE($B17,1),GELIR_GIDER!$I$7:$I$1206,"Evet") | H17: =$C17+$E17-$G17 | I17: =$F17-$G17 | J17: =IFERROR($D17/$C17,0) | K17: =SISTEM!$C$13 | L17: =MAX(0,$I17-$K17) | M17: =$L17*SISTEM!$C$11 | N17: =$L17*SISTEM!$C$12 | R17: =MAX(0,$L17-$P17-$Q17) | S17: =IF($B17>=DATE(YEAR(TODAY()),MONTH(TODAY()),1),"AÇIK",IF(COUNTIF(SISTEM!$F$23:$F$50,"KALDI")=0,"KAPANABİLİR","KONTROL GEREKİR")) | T17: =IF(ABS($L17-$M17-$N17)<0.01,IF(AND($O17="Evet",ABS($R17)<0.01),"KAPANDI","AÇIK"),"PAY HATASI")
B18: 46357 | C18: =SUMPRODUCT(IF(UCRETLER!$F$7:$F$406="",0,UCRETLER!$F$7:$F$406)*IF(UCRETLER!$B$7:$B$406="",0,IF(IF(IF(UCRETLER!$E$7:$E$406="",999999,UCRETLER!$E$7:$E$406)>EOMONTH($B18,0),EOMONTH($B18,0),IF(UCRETLER!$E$7:$E$406="",999999,UCRETLER!$E$7:$E$406))<IF(UCRETLER!$D$7:$D$406="",999999,UCRETLER!$D$7:$D$406),0,INT((IF(IF(UCRETLER!$E$7:$E$406="",999999,UCRETLER!$E$7:$E$406)>EOMONTH($B18,0),EOMONTH($B18,0),IF(UCRETLER!$E$7:$E$406="",999999,UCRETLER!$E$7:$E$406))-IF(UCRETLER!$D$7:$D$406="",999999,UCRETLER!$D$7:$D$406))/7)+1)-IF(IF(IF(UCRETLER!$E$7:$E$406="",999999,UCRETLER!$E$7:$E$406)>$B18-1,$B18-1,IF(UCRETLER!$E$7:$E$406="",999999,UCRETLER!$E$7:$E$406))<IF(UCRETLER!$D$7:$D$406="",999999,UCRETLER!$D$7:$D$406),0,INT((IF(IF(UCRETLER!$E$7:$E$406="",999999,UCRETLER!$E$7:$E$406)>$B18-1,$B18-1,IF(UCRETLER!$E$7:$E$406="",999999,UCRETLER!$E$7:$E$406))-IF(UCRETLER!$D$7:$D$406="",999999,UCRETLER!$D$7:$D$406))/7)+1))) | D18: =SUMIFS(TAHSILAT!$F$7:$F$1506,TAHSILAT!$E$7:$E$1506,">="&$B18,TAHSILAT!$E$7:$E$1506,"<"&EDATE($B18,1)) | E18: =SUMIFS(GELIR_GIDER!$G$7:$G$1206,GELIR_GIDER!$D$7:$D$1206,"Gelir",GELIR_GIDER!$C$7:$C$1206,">="&$B18,GELIR_GIDER!$C$7:$C$1206,"<"&EDATE($B18,1),GELIR_GIDER!$I$7:$I$1206,"Evet") | F18: =$D18+$E18 | G18: =SUMIFS(GELIR_GIDER!$G$7:$G$1206,GELIR_GIDER!$D$7:$D$1206,"Gider",GELIR_GIDER!$C$7:$C$1206,">="&$B18,GELIR_GIDER!$C$7:$C$1206,"<"&EDATE($B18,1),GELIR_GIDER!$I$7:$I$1206,"Evet") | H18: =$C18+$E18-$G18 | I18: =$F18-$G18 | J18: =IFERROR($D18/$C18,0) | K18: =SISTEM!$C$13 | L18: =MAX(0,$I18-$K18) | M18: =$L18*SISTEM!$C$11 | N18: =$L18*SISTEM!$C$12 | R18: =MAX(0,$L18-$P18-$Q18) | S18: =IF($B18>=DATE(YEAR(TODAY()),MONTH(TODAY()),1),"AÇIK",IF(COUNTIF(SISTEM!$F$23:$F$50,"KALDI")=0,"KAPANABİLİR","KONTROL GEREKİR")) | T18: =IF(ABS($L18-$M18-$N18)<0.01,IF(AND($O18="Evet",ABS($R18)<0.01),"KAPANDI","AÇIK"),"PAY HATASI")
... B42: 47088 | C42: =SUMPRODUCT(IF(UCRETLER!$F$7:$F$406="",0,UCRETLER!$F$7:$F$406)*IF(UCRETLER!$B$7:$B$406="",0,IF(IF(IF(UCRETLER!$E$7:$E$406="",999999,UCRETLER!$E$7:$E$406)>EOMONTH($B42,0),EOMONTH($B42,0),IF(UCRETLER!$E$7:$E$406="",999999,UCRETLER!$E$7:$E$406))<IF(UCRETLER!$D$7:$D$406="",999999,UCRETLER!$D$7:$D$406),0,INT((IF(IF(UCRETLER!$E$7:$E$406="",999999,UCRETLER!$E$7:$E$406)>EOMONTH($B42,0),EOMONTH($B42,0),IF(UCRETLER!$E$7:$E$406="",999999,UCRETLER!$E$7:$E$406))-IF(UCRETLER!$D$7:$D$406="",999999,UCRETLER!$D$7:$D$406))/7)+1)-IF(IF(IF(UCRETLER!$E$7:$E$406="",999999,UCRETLER!$E$7:$E$406)>$B42-1,$B42-1,IF(UCRETLER!$E$7:$E$406="",999999,UCRETLER!$E$7:$E$406))<IF(UCRETLER!$D$7:$D$406="",999999,UCRETLER!$D$7:$D$406),0,INT((IF(IF(UCRETLER!$E$7:$E$406="",999999,UCRETLER!$E$7:$E$406)>$B42-1,$B42-1,IF(UCRETLER!$E$7:$E$406="",999999,UCRETLER!$E$7:$E$406))-IF(UCRETLER!$D$7:$D$406="",999999,UCRETLER!$D$7:$D$406))/7)+1))) | D42: =SUMIFS(TAHSILAT!$F$7:$F$1506,TAHSILAT!$E$7:$E$1506,">="&$B42,TAHSILAT!$E$7:$E$1506,"<"&EDATE($B42,1)) | E42: =SUMIFS(GELIR_GIDER!$G$7:$G$1206,GELIR_GIDER!$D$7:$D$1206,"Gelir",GELIR_GIDER!$C$7:$C$1206,">="&$B42,GELIR_GIDER!$C$7:$C$1206,"<"&EDATE($B42,1),GELIR_GIDER!$I$7:$I$1206,"Evet") | F42: =$D42+$E42 | G42: =SUMIFS(GELIR_GIDER!$G$7:$G$1206,GELIR_GIDER!$D$7:$D$1206,"Gider",GELIR_GIDER!$C$7:$C$1206,">="&$B42,GELIR_GIDER!$C$7:$C$1206,"<"&EDATE($B42,1),GELIR_GIDER!$I$7:$I$1206,"Evet") | H42: =$C42+$E42-$G42 | I42: =$F42-$G42 | J42: =IFERROR($D42/$C42,0) | K42: =SISTEM!$C$13 | L42: =MAX(0,$I42-$K42) | M42: =$L42*SISTEM!$C$11 | N42: =$L42*SISTEM!$C$12 | R42: =MAX(0,$L42-$P42-$Q42) | S42: =IF($B42>=DATE(YEAR(TODAY()),MONTH(TODAY()),1),"AÇIK",IF(COUNTIF(SISTEM!$F$23:$F$50,"KALDI")=0,"KAPANABİLİR","KONTROL GEREKİR")) | T42: =IF(ABS($L42-$M42-$N42)<0.01,IF(AND($O42="Evet",ABS($R42)<0.01),"KAPANDI","AÇIK"),"PAY HATASI")

Sheet SISTEM
A1: NECATİBEY OFİS YÖNETİM SİSTEMİ │ SİSTEM AYARLARI VE KONTROL MERKEZİ
A2: Sistem kendi kendini denetler │ KALDI görülen bir satır varken ay kapatılmaz
B4: =HYPERLINK("#PANO!A1","← PANO")
B6: SİSTEM PARAMETRELERİ | K6: GİDER / GELİR KATEGORİLERİ
B7: Ofis Adı | C7: Necatibey Muhasebe Ofisi | D7: Rapor başlıklarında kullanılır | E7: Değiştirilebilir | K7: Kategori | L7: Tür | M7: Durum
B8: Tahakkuk Günü | C8: Cumartesi | D8: Haftalık ücret Cumartesi tahakkuk eder | E8: Sabit | K8: Ofis Kirası | L8: Gider | M8: Aktif
B9: Ortak 1 Adı | C9: Ortak 1 | D9: Birinci ortağın adı | E9: Değiştirilebilir | K9: Personel | L9: Gider | M9: Aktif
B10: Ortak 2 Adı | C10: Ortak 2 | D10: İkinci ortağın adı | E10: Değiştirilebilir | K10: Elektrik / Su / Doğalgaz | L10: Gider | M10: Aktif
B11: Ortak 1 Payı | C11: 0.5 | D11: Aylık dağıtılabilir kâr payı | E11: Toplam %100 olmalı | K11: Telefon / İnternet | L11: Gider | M11: Aktif
B12: Ortak 2 Payı | C12: 0.5 | D12: Aylık dağıtılabilir kâr payı | E12: Toplam %100 olmalı | K12: Kırtasiye | L12: Gider | M12: Aktif
B13: Kasa Tamponu | C13: 0 | D13: Dağıtım öncesi ofiste kalacak nakit | E13: TL | K13: Vergi / Harç | L13: Gider | M13: Aktif
B14: Kâr Paylaşım Esası | C14: Nakit | D14: Yalnız tahsil edilmiş gelirden ödenmiş gider düşer | E14: Sabit | K14: Yazılım / Abonelik | L14: Gider | M14: Aktif
B15: Borç Kapatma Sırası | C15: En Eski Borçtan Başla | D15: Ödeme önce en eski açık borç kapatır | E15: Otomatik | K15: Ulaşım | L15: Gider | M15: Aktif
B16: Para Birimi | C16: TL | D16: Temel raporlama para birimi | E16: Sabit | K16: Temsil / Ağırlama | L16: Gider | M16: Aktif
B17: Rapor Tarihi | C17: =TODAY() | D17: Bugünün tarihi | E17: Otomatik | K17: Demirbaş | L17: Gider | M17: Aktif
K18: Diğer Gider | L18: Gider | M18: Aktif
K19: Diğer Hizmet Geliri | L19: Gelir | M19: Aktif
K20: Danışmanlık Geliri | L20: Gelir | M20: Aktif
B21: SİSTEM KONTROL MERKEZİ | K21: Diğer Gelir | L21: Gelir | M21: Aktif
B22: Kontrol | C22: Önem | D22: Beklenen | E22: Gerçek | F22: Sonuç | G22: Açıklama | H22: İlgili Ekran
B23: Ortak pay toplamı | C23: KRİTİK | D23: %100 | E23: =SISTEM!$C$11+SISTEM!$C$12 | F23: =IF(ABS($E23-1)<0.000001,"GEÇTİ","KALDI") | G23: İki ortağın payı %100 etmeli | H23: =HYPERLINK("#SISTEM!A1","SISTEM")
B24: Ücret dönemi hatası | C24: KRİTİK | D24: 0 | E24: =COUNTIFS(UCRETLER!$G$7:$G$406,"Aktif",UCRETLER!$M$7:$M$406,"HATA") | F24: =IF($E24=0,"GEÇTİ","KALDI") | G24: Cumartesi / ücret / dönem kontrolü | H24: =HYPERLINK("#UCRETLER!A1","UCRETLER")
B25: Aktif müşteri ücretsiz | C25: KRİTİK | D25: 0 | E25: =COUNTIFS(MUSTERILER!$D$7:$D$106,"Aktif",MUSTERILER!$O$7:$O$106,"HAYIR") | F25: =IF($E25=0,"GEÇTİ","KALDI") | G25: Aktif müşterinin aktif ücret tanımı olmalı | H25: =HYPERLINK("#MUSTERILER!A1","MUSTERILER")
B26: Müşteri no tekrarı | C26: KRİTİK | D26: 0 | E26: =SUMPRODUCT((MUSTERILER!$B$7:$B$106<>"")*(COUNTIF(MUSTERILER!$B$7:$B$106,MUSTERILER!$B$7:$B$106&"")>1)) | F26: =IF($E26=0,"GEÇTİ","KALDI") | G26: Müşteri numarası tekil olmalı | H26: =HYPERLINK("#MUSTERILER!A1","MUSTERILER")
B27: Müşteri adı tekrarı | C27: YÜKSEK | D27: 0 | E27: =SUMPRODUCT((MUSTERILER!$C$7:$C$106<>"")*(COUNTIF(MUSTERILER!$C$7:$C$106,MUSTERILER!$C$7:$C$106&"")>1)) | F27: =IF($E27=0,"GEÇTİ","KALDI") | G27: Hızlı kart seçimi için adlar tekil olmalı | H27: =HYPERLINK("#MUSTERILER!A1","MUSTERILER")
B28: Devir tarihi eksik | C28: YÜKSEK | D28: 0 | E28: =COUNTIFS(MUSTERILER!$J$7:$J$106,">0",MUSTERILER!$K$7:$K$106,"") | F28: =IF($E28=0,"GEÇTİ","KALDI") | G28: Tarihi olmayan devir 29+ gün sayılır | H28: =HYPERLINK("#MUSTERILER!A1","MUSTERILER")
B29: Müşteri kaydı eksik | C29: ORTA | D29: 0 | E29: =COUNTIF(MUSTERILER!$P$7:$P$106,"EKSİK") | F29: =IF($E29=0,"GEÇTİ","KALDI") | G29: Unvan ve durum zorunlu | H29: =HYPERLINK("#MUSTERILER!A1","MUSTERILER")
B30: Eksik tahsilat kaydı | C30: YÜKSEK | D30: 0 | E30: =COUNTIF(TAHSILAT!$M$7:$M$1506,"EKSİK") | F30: =IF($E30=0,"GEÇTİ","KALDI") | G30: Tarih, tutar ve hesap zorunlu | H30: =HYPERLINK("#TAHSILAT!A1","TAHSILAT")
B31: Tanımsız müşteriye tahsilat | C31: KRİTİK | D31: 0 | E31: =COUNTIF(TAHSILAT!$M$7:$M$1506,"HATA") | F31: =IF($E31=0,"GEÇTİ","KALDI") | G31: Tahsilat müşteri numarası ana listede olmalı | H31: =HYPERLINK("#TAHSILAT!A1","TAHSILAT")
B32: İleri tarihli tahsilat | C32: YÜKSEK | D32: 0 | E32: =COUNTIF(TAHSILAT!$M$7:$M$1506,"İLERİ TARİH") | F32: =IF($E32=0,"GEÇTİ","KALDI") | G32: Yanlışlıkla ileri tarih girilmesini yakalar | H32: =HYPERLINK("#TAHSILAT!A1","TAHSILAT")
B33: Sıfır / negatif tahsilat | C33: KRİTİK | D33: 0 | E33: =COUNTIFS(TAHSILAT!$C$7:$C$1506,"<>",TAHSILAT!$F$7:$F$1506,"<=0") | F33: =IF($E33=0,"GEÇTİ","KALDI") | G33: Tahsilat tutarı sıfırdan büyük olmalı | H33: =HYPERLINK("#TAHSILAT!A1","TAHSILAT")
B34: Tanımsız hesaba tahsilat | C34: KRİTİK | D34: 0 | E34: =SUMPRODUCT((TAHSILAT!$G$7:$G$1506<>"")*(COUNTIF(HESAPLAR!$B$7:$B$16,TAHSILAT!$G$7:$G$1506&"")=0)) | F34: =IF($E34=0,"GEÇTİ","KALDI") | G34: Kasa/banka adı hesap listesinde olmalı | H34: =HYPERLINK("#HESAPLAR!A1","HESAPLAR")
B35: Eksik gelir/gider kaydı | C35: YÜKSEK | D35: 0 | E35: =COUNTIF(GELIR_GIDER!$M$7:$M$1206,"EKSİK") | F35: =IF($E35=0,"GEÇTİ","KALDI") | G35: Faaliyet kaydı tam olmalı | H35: =HYPERLINK("#GELIR_GIDER!A1","GELIR_GIDER")
B36: Sıfır / negatif gelir-gider | C36: YÜKSEK | D36: 0 | E36: =COUNTIFS(GELIR_GIDER!$D$7:$D$1206,"<>",GELIR_GIDER!$G$7:$G$1206,"<=0") | F36: =IF($E36=0,"GEÇTİ","KALDI") | G36: Tutar sıfırdan büyük olmalı | H36: =HYPERLINK("#GELIR_GIDER!A1","GELIR_GIDER")
B37: Hatalı virman | C37: KRİTİK | D37: 0 | E37: =COUNTIF(VIRMAN!$J$7:$J$406,"HATA") | F37: =IF($E37=0,"GEÇTİ","KALDI") | G37: Çıkan ve giren hesap aynı olamaz | H37: =HYPERLINK("#VIRMAN!A1","VIRMAN")
B38: Cari matematik kontrolü | C38: KRİTİK | D38: 0 | E38: =COUNTIF(MUSTERI_360!$U$7:$U$106,"İNCELE") | F38: =IF($E38=0,"GEÇTİ","KALDI") | G38: Bakiye = yaş kovaları toplamı | H38: =HYPERLINK("#MUSTERI_360!A1","MUSTERI_360")
B39: Tahsilat mutabakatı | C39: KRİTİK | D39: 0,00 TL | E39: =ABS(SUM(TAHSILAT!$F$7:$F$1506)-SUM(MUSTERI_360!$H$7:$H$106)) | F39: =IF($E39<0.01,"GEÇTİ","KALDI") | G39: Defter toplamı = cari tahsilat toplamı | H39: =HYPERLINK("#TAHSILAT!A1","TAHSILAT")
B40: Yaşlandırma mutabakatı | C40: KRİTİK | D40: 0,00 TL | E40: =ABS(SUM(MUSTERI_360!$I$7:$I$106)-SUM(MUSTERI_360!$J$7:$J$106)-SUM(MUSTERI_360!$K$7:$K$106)-SUM(MUSTERI_360!$L$7:$L$106)-SUM(MUSTERI_360!$M$7:$M$106)) | F40: =IF($E40<0.01,"GEÇTİ","KALDI") | G40: Toplam alacak = yaş kovaları toplamı | H40: =HYPERLINK("#MUSTERI_360!A1","MUSTERI_360")
B41: Kasa toplam denklemi | C41: KRİTİK | D41: 0,00 TL | E41: =ABS(SUM(HESAPLAR!$K$7:$K$16)-HESAPLAR!$K$18) | F41: =IF($E41<0.01,"GEÇTİ","KALDI") | G41: Hesap satırları toplamı = genel toplam | H41: =HYPERLINK("#HESAPLAR!A1","HESAPLAR")
B42: Negatif hesap bakiyesi | C42: ORTA | D42: 0 | E42: =COUNTIF(HESAPLAR!$K$7:$K$16,"<0") | F42: =IF($E42=0,"GEÇTİ","KALDI") | G42: Bakiyesi eksiye düşen hesap incelenmeli | H42: =HYPERLINK("#HESAPLAR!A1","HESAPLAR")
B43: Ortak pay dağıtım hatası | C43: KRİTİK | D43: 0 | E43: =COUNTIF(AY_SONU!$T$7:$T$42,"PAY HATASI") | F43: =IF($E43=0,"GEÇTİ","KALDI") | G43: Dağıtılan pay toplamı tutmalı | H43: =HYPERLINK("#AY_SONU!A1","AY_SONU")
B44: Aktivitede tanımsız müşteri | C44: KRİTİK | D44: 0 | E44: =COUNTIF(AKTIVITE!$Q$7:$Q$1006,"HATA") | F44: =IF($E44=0,"GEÇTİ","KALDI") | G44: İş/görüşme ana müşteri kartıyla eşleşmeli | H44: =HYPERLINK("#AKTIVITE!A1","AKTIVITE")
B45: Aktivitede eksik son tarih | C45: YÜKSEK | D45: 0 | E45: =COUNTIF(AKTIVITE!$Q$7:$Q$1006,"TARİH EKSİK") | F45: =IF($E45=0,"GEÇTİ","KALDI") | G45: Açık işin son tarihi olmalı | H45: =HYPERLINK("#AKTIVITE!A1","AKTIVITE")
B46: Sonraki işlem eksik | C46: YÜKSEK | D46: 0 | E46: =COUNTIF(AKTIVITE!$Q$7:$Q$1006,"SONRAKİ İŞLEM EKSİK") | F46: =IF($E46=0,"GEÇTİ","KALDI") | G46: Görüşmeden sonra adım tanımlanmalı | H46: =HYPERLINK("#AKTIVITE!A1","AKTIVITE")
B47: Gecikmiş müşteri işi | C47: BİLGİ | D47: İzle | E47: =COUNTIF(AKTIVITE!$Q$7:$Q$1006,"GECİKMİŞ") | F47: ="BİLGİ" | G47: Son tarihi geçmiş açık işler | H47: =HYPERLINK("#AKTIVITE!A1","AKTIVITE")
B48: Bugün yapılacak iş | C48: BİLGİ | D48: İzle | E48: =COUNTIF(AKTIVITE!$Q$7:$Q$1006,"BUGÜN") | F48: ="BİLGİ" | G48: Bugün tamamlanması gereken işler | H48: =HYPERLINK("#AKTIVITE!A1","AKTIVITE")
B49: 29+ gün alacaklı müşteri | C49: BİLGİ | D49: İzle | E49: =COUNTIF(MUSTERI_360!$P$7:$P$106,"KRİTİK") | F49: ="BİLGİ" | G49: Kritik borç durumundaki müşteri sayısı | H49: =HYPERLINK("#MUSTERI_360!A1","MUSTERI_360")
B50: Toplam devir alacağı | C50: BİLGİ | D50: 469.000 TL | E50: =SUM(MUSTERILER!$J$7:$J$106) | F50: ="BİLGİ" | G50: Eski dosyadan taşınan açılış alacağı | H50: =HYPERLINK("#MUSTERILER!A1","MUSTERILER")
